location,week_start,pandemic_period,new_deaths_per_million_7d_avg,cases_lag_1w,lag_weeks,fitted,ci_low,ci_high,cases_lag_2w,cases_lag_3w,cases_lag_4w
Europe,2020-01-06,2020-2022,0.000707713135218,0.0020045054118893,1,1.9489718745002858,1.1909444136673164,2.706999335333255,,,
Europe,2020-01-13,2020-2022,0.0,0.0005690795409717,1,1.948969388972881,1.1909413046494963,2.7069974732962656,,,
Europe,2020-01-20,2020-2022,8.181654742405416e-05,0.0001090887298987,1,1.948968592470749,1.1909403083457815,2.706996876595716,,,
Europe,2020-01-27,2020-2022,0.0006272601969177,0.0004636271020696,1,1.9489692063755544,1.1909410762478694,2.7069973365032394,,,
Europe,2020-02-03,2020-2022,0.0007908932917658,0.0017181474959051,1,1.9489713786540968,1.190943793439067,2.7069989638691263,,,
Europe,2020-02-10,2020-2022,5.454436494936944e-05,0.0069544065310446,1,1.948980445555839,1.1909551347452974,2.7070057563663807,,,
Europe,2020-02-17,2020-2022,0.0002454496422721,0.0082907434723041,1,1.948982759504721,1.190958029137656,2.707007489871786,,,
Europe,2020-02-24,2020-2022,0.00302721225469,0.0053998921299875,1,1.9489777538193842,1.1909517677972923,2.7070037398414764,,,
Europe,2020-03-02,2020-2022,0.0226359114539883,0.1204339578082077,1,1.9491769423170342,1.191200916744338,2.7071529678897304,,,
Europe,2020-03-09,2020-2022,0.1735874414513682,0.8126837655631299,1,1.9503756150614266,1.1927000175856985,2.7080512125371548,,,
Europe,2020-03-16,2020-2022,0.7193856293172335,3.95741185453655,1,1.9558209034624496,1.1995052556013108,2.7121365513235887,,,
Europe,2020-03-23,2020-2022,2.162629525877549,12.955186657496906,1,1.971401099073438,1.2189325673007736,2.7238696308461026,,,
Europe,2020-03-30,2020-2022,4.250042372489917,28.061466707684566,1,1.9975585439184527,1.251399961388569,2.7437171264483364,,,
Europe,2020-04-06,2020-2022,5.4973356379696225,39.811986520909706,1,2.017905285332853,1.2765232513919667,2.7592873192737395,,,
Europe,2020-04-13,2020-2022,5.433218736971639,38.48781297303386,1,2.01561239810789,1.2736979342934953,2.757526861922285,,,
Europe,2020-04-20,2020-2022,4.584535690541925,35.59071630093057,1,2.010595898601761,1.2675113602641805,2.7536804369393413,,,
Europe,2020-04-27,2020-2022,3.50763902116405,33.55389335280874,1,2.0070690154943676,1.2631575929236152,2.75098043806512,,,
Europe,2020-05-04,2020-2022,2.5902028027156554,30.781812365169426,1,2.0022689882673346,1.2572265691218876,2.7473114074127816,,,
Europe,2020-05-11,2020-2022,1.9807240687714016,29.88933019368536,1,2.000723600978194,1.2553156782732997,2.7461315236830885,,,
Europe,2020-05-18,2020-2022,1.5013609174138682,28.03405816429751,1,1.9975110843546455,1.251341224512025,2.743680944197266,,,
Europe,2020-05-25,2020-2022,1.187403552765298,24.39393088067144,1,1.9912079820466027,1.2435348130600925,2.738881151033113,,,
Europe,2020-06-01,2020-2022,1.0042163030828406,22.36354416761364,1,1.987692243672601,1.239175772053771,2.736208715291431,,,
Europe,2020-06-08,2020-2022,0.8156291612703958,21.01228934254043,1,1.9853524635651898,1.2362728675514019,2.7344320595789777,,,
Europe,2020-06-15,2020-2022,0.6916225475580043,20.786475671650045,1,1.9849614534275555,1.2357876041766467,2.7341353026784643,,,
Europe,2020-06-22,2020-2022,0.5635251064744103,20.423373834182097,1,1.9843327204598669,1.235007226421942,2.7336582144977917,,,
Europe,2020-06-29,2020-2022,0.5048353697888889,19.464156632182483,1,1.9826717773969595,1.2329451553090651,2.732398399484854,,,
Europe,2020-07-06,2020-2022,0.4986445843671354,18.10106567991527,1,1.980311502313735,1.2300135548915487,2.7306094497359212,,,
Europe,2020-07-13,2020-2022,0.4534818501890574,17.328935649691992,1,1.9789745120943267,1.2283522563204772,2.729596767868176,,,
Europe,2020-07-20,2020-2022,0.4072282287119922,17.975613640531716,1,1.9800942744594938,1.22974366828918,2.7304448806298076,,,
Europe,2020-07-27,2020-2022,0.4077736723614859,19.567845469951234,1,1.9828513209408345,1.2331680963121594,2.73253454556951,,,
Europe,2020-08-03,2020-2022,0.4136917359584924,22.110676491708357,1,1.9872543878759652,1.2386326506388468,2.7358761251130836,,,
Europe,2020-08-10,2020-2022,0.4370639963392973,24.71266087725308,1,1.991759882466715,1.2442187842628603,2.7393009806705697,,,
Europe,2020-08-17,2020-2022,0.4568636008159184,28.355133568571972,1,1.9980670459911634,1.2520292539911195,2.744104837991207,,,
Europe,2020-08-24,2020-2022,0.4447547517971584,32.70761025843681,1,2.005603624723724,1.2613476086245454,2.749859640822903,,,
Europe,2020-08-31,2020-2022,0.4818176477802549,38.29197143068315,1,2.015273286538041,1.2732799511700579,2.757266621906024,,,
Europe,2020-09-07,2020-2022,0.5159351480560855,43.87897800462953,1,2.0249475290266754,1.2851914115712408,2.76470364648211,,,
Europe,2020-09-14,2020-2022,0.6080605804555704,51.98909781240385,1,2.0389906958985673,1.3024344115782123,2.7755469802189223,,,
Europe,2020-09-21,2020-2022,0.7672483095603051,61.41572768477863,1,2.0553134802069346,1.322404557425814,2.788222402988055,,,
Europe,2020-09-28,2020-2022,0.8758461401744996,73.0109596909929,1,2.075391331316542,1.346861196796025,2.803921465837059,,,
Europe,2020-10-05,2020-2022,1.0663968791251217,82.58922289792692,1,2.091976677987862,1.3669726554574524,2.816980700518272,,,
Europe,2020-10-12,2020-2022,1.404271947803991,107.82790963075172,1,2.1356790027151376,1.4195626742131986,2.8517953312170765,,,
Europe,2020-10-19,2020-2022,1.964169854009268,154.42436971370626,1,2.2163636140518417,1.5150573144390709,2.9176699136646125,,,
Europe,2020-10-26,2020-2022,2.989931181247109,217.03033725822752,1,2.324769663560651,1.6398984106301515,3.0096409164911506,,,
Europe,2020-11-02,2020-2022,4.424475251598,300.7584192241148,1,2.4697499418770423,1.8001989726948824,3.1393009110592023,,,
Europe,2020-11-09,2020-2022,5.728712834084847,355.819101132095,1,2.565090869315958,1.9012278703965921,3.228953868235324,,,
Europe,2020-11-16,2020-2022,6.556969015841021,363.7668696375975,1,2.5788529150103936,1.9155155216782853,3.2421903083425017,,,
Europe,2020-11-23,2020-2022,7.257836833257945,332.8753958266974,1,2.5253624448413468,1.8595621480964108,3.1911627415862824,,,
Europe,2020-11-30,2020-2022,7.2235011555223165,297.244589417529,1,2.463665531350084,1.793631378308509,3.1336996843916594,,,
Europe,2020-12-07,2020-2022,7.109367071865761,265.895161118514,1,2.409382085066164,1.7344099599649714,3.0843542101673562,,,
Europe,2020-12-14,2020-2022,7.289090754373933,261.9343402411681,1,2.402523682249855,1.7268481483804727,3.078199216119237,,,
Europe,2020-12-21,2020-2022,7.113976070703982,278.5457720421336,1,2.431287389111299,1.7584429613264505,3.1041318168961474,,,
Europe,2020-12-28,2020-2022,6.644267271942488,290.06835095423537,1,2.4512394369592325,1.7801742288122586,3.1223046451062064,,,
Europe,2021-01-04,2020-2022,6.775855552382842,275.79496335682455,1,2.4265241961725934,1.7532325798544588,3.099815812490728,,,
Europe,2021-01-11,2020-2022,7.239728104094754,307.25885300568586,1,2.481005839261786,1.8123110520992816,3.1497006264242904,,,
Europe,2021-01-18,2020-2022,7.595002825192472,313.779631835383,1,2.492296965337674,1.8244117237212918,3.160182206954056,,,
Europe,2021-01-25,2020-2022,7.4369605277516735,282.16901784480785,1,2.4375612601059125,1.7652926796327593,3.1098298405790654,,,
Europe,2021-02-01,2020-2022,6.707020563816736,251.85053258770083,1,2.3850629545493893,1.7075170177487742,3.0626088913500045,,,
Europe,2021-02-08,2020-2022,5.817729237682218,222.8620298533368,1,2.3348675948119495,1.651315787384071,3.018419402239828,,,
Europe,2021-02-15,2020-2022,4.908256496516432,189.0734866425159,1,2.27636067236022,1.5846572461112634,2.9680640986091764,,,
Europe,2021-02-22,2020-2022,4.26228758242105,167.28388555508198,1,2.2386306496977353,1.5410321689673594,2.936229130428111,,,
Europe,2021-03-01,2020-2022,3.9396576637455296,175.68581771533542,1,2.253179107447971,1.5579119586377423,2.9484462562581992,,,
Europe,2021-03-08,2020-2022,3.884867849153888,190.62639198480687,1,2.2790496226316006,1.5877474502350193,2.970351795028182,,,
Europe,2021-03-15,2020-2022,4.028974061350122,202.83061182568085,1,2.3001819733032094,1.6119446316586377,2.988419314947781,,,
Europe,2021-03-22,2020-2022,4.249578745387846,226.6809808374494,1,2.3414803412591794,1.6587725604746275,3.024188122043731,,,
Europe,2021-03-29,2020-2022,4.481801379159787,255.1841750846764,1,2.3908353597648313,1.7139203776738308,3.067750341855832,,,
Europe,2021-04-05,2020-2022,4.674070265606315,270.4575517968865,1,2.417282142667006,1.743098295126189,3.0914659902078228,,,
Europe,2021-04-12,2020-2022,4.824449079771726,244.32150117191463,1,2.3720259776536534,1.693009418954372,3.0510425363529348,,,
Europe,2021-04-19,2020-2022,4.511582602422143,230.95769540439957,1,2.348885733257157,1.6671042500981117,3.030667216416202,,,
Europe,2021-04-26,2020-2022,4.108663378541151,212.2410420216657,1,2.3164767068843117,1.6304943456557717,3.002459068112852,,,
Europe,2021-05-03,2020-2022,3.435558642883457,187.8513383292778,1,2.274244448048891,1.5822234519797613,2.9662654441180205,,,
Europe,2021-05-10,2020-2022,2.9277778773873027,155.29369780226935,1,2.217868908634841,1.5168185430984098,2.918919274171272,,,
Europe,2021-05-17,2020-2022,2.342325936203246,126.76961306326668,1,2.1684777169691127,1.4586370778255557,2.8783183561126697,,,
Europe,2021-05-24,2020-2022,1.904334685659809,101.0505541083328,1,2.1239435984538795,1.4054989182687319,2.842388278639027,,,
Europe,2021-05-31,2020-2022,1.5851683341585738,84.11131067402157,1,2.094612265764614,1.370160911189859,2.819063620339369,,,
Europe,2021-06-07,2020-2022,1.3627091417125703,68.17298360871375,1,2.0670140807880677,1.336671507303375,2.79735665427276,,,
Europe,2021-06-14,2020-2022,1.1903489484725631,59.28827927429344,1,2.0516296735865756,1.3179044051931466,2.7853549419800046,,,
Europe,2021-06-21,2020-2022,1.1625585945308592,55.98106352213584,1,2.045903027890864,1.3109008153714332,2.7809052404102945,,,
Europe,2021-06-28,2020-2022,1.3281280143346703,59.46121218336542,1,2.051929117461303,1.318270355761666,2.7855878791609396,,,
Europe,2021-07-05,2020-2022,1.2659201661099144,76.73568528465546,1,2.081840920755858,1.3546918542439965,2.8089899872677195,,,
Europe,2021-07-12,2020-2022,1.2784926422307443,107.41389062860355,1,2.1349621035726947,1.4187047810130209,2.8512194261323685,,,
Europe,2021-07-19,2020-2022,1.302110352253821,146.6643429123595,1,2.202926654563623,1.4993021495909875,2.9065511595362583,,,
Europe,2021-07-26,2020-2022,1.398053890199762,177.99258072559172,1,2.2571734082295554,1.5625335960530031,2.9518132204061076,,,
Europe,2021-08-02,2020-2022,1.5023972603479057,167.13271584762484,1,2.2383688901333745,1.5407277998352917,2.9360099804314572,,,
Europe,2021-08-09,2020-2022,1.591195486485479,161.1709349421113,1,2.2280457030419174,1.5287055940753467,2.927385812008488,,,
Europe,2021-08-16,2020-2022,1.7258382513629975,161.49806477089516,1,2.228612148283575,1.5293662048013759,2.9278580917657737,,,
Europe,2021-08-23,2020-2022,1.8972711903988655,168.3944906419986,1,2.240553730112576,1.5432675737849064,2.9378398864402455,,,
Europe,2021-08-30,2020-2022,1.9875966587550216,172.90271876597637,1,2.2483600019485217,1.5523286558237817,2.9443913480732617,,,
Europe,2021-09-06,2020-2022,2.124557559142888,170.5543384052637,1,2.244293638187465,1.547611254325021,2.940976022049909,,,
Europe,2021-09-13,2020-2022,2.176456522392213,168.75573797105827,1,2.2411792518858977,1.5439944132547248,2.9383640905170707,,,
Europe,2021-09-20,2020-2022,2.2927723806467433,157.13260652217238,1,2.221053091190445,1.5205415972769658,2.921564585103924,,,
Europe,2021-09-27,2020-2022,2.4040974295084068,159.10452167600445,1,2.2244675824949915,1.5245301394945074,2.9244050254954757,,,
Europe,2021-10-04,2020-2022,2.675946544416064,166.39489422295472,1,2.2370913070097567,1.539241914631838,2.9349406993876754,,,
Europe,2021-10-11,2020-2022,3.0431392092552185,180.4572224001939,1,2.2614410855433578,1.5674654523404716,2.955416718746244,,,
Europe,2021-10-18,2020-2022,3.4053683368839813,204.153994480265,1,2.3024734910482216,1.614558988918703,2.99038799317774,,,
Europe,2021-10-25,2020-2022,4.069582341054927,242.19776177824605,1,2.3683485934220285,1.688905821449916,3.047791365394141,,,
Europe,2021-11-01,2020-2022,4.558790750285821,283.71368698799154,1,2.4402359488964276,1.7682083039941912,3.112263593798664,,,
Europe,2021-11-08,2020-2022,4.997000178289056,311.4242697959568,1,2.4882185123742944,1.820046565810315,3.1563904589382736,,,
Europe,2021-11-15,2020-2022,5.364383748405534,347.3862695890977,1,2.5504889074007537,1.8859862345772669,3.2149915802242406,,,
Europe,2021-11-22,2020-2022,5.52002609378856,402.9369235274181,1,2.646678251280821,1.9848305687135077,3.3085259338481343,,,
Europe,2021-11-29,2020-2022,5.494472058809779,459.0332665648744,1,2.7438124891033913,2.0808993426029367,3.406725635603846,,,
Europe,2021-12-06,2020-2022,5.3141756604696395,486.858774349788,1,2.7919940521851214,2.1271586354669,3.4568294689033428,,,
Europe,2021-12-13,2020-2022,5.062262510950977,492.5919598217987,1,2.8019214123473937,2.136575931542759,3.4672668931520283,,,
Europe,2021-12-20,2020-2022,4.598499047968963,495.5409009127864,1,2.8070276836254604,2.1414047422485547,3.472650625002366,,,
Europe,2021-12-27,2020-2022,4.16408045332971,565.7256170617452,1,2.9285567983731102,2.2533426230920583,3.603770973654162,,,
Europe,2022-01-03,2020-2022,3.8161419493176822,764.2190518919296,1,3.2722602817203246,2.5411072542329642,4.003413309207685,,,
Europe,2022-01-10,2020-2022,3.7880243291862823,1202.9128338559142,1,4.031885309685512,3.067433766994585,4.996336852376438,,,
Europe,2022-01-17,2020-2022,3.9261579334205607,1453.4346929856308,1,4.4656791815642904,3.3285696029490386,5.602788760179543,,,
Europe,2022-01-24,2020-2022,3.9380213327970486,1638.173593489985,1,4.785565850195939,3.5110588630328166,6.06007283735906,,,
Europe,2022-01-31,2020-2022,4.198443403247813,2001.2979032362969,1,5.414337730004636,3.854381186450876,6.974294273558396,,,
Europe,2022-02-07,2020-2022,4.488973963150629,2074.2788362543847,1,5.540708664729537,3.9216592136202246,7.159758115838849,,,
Europe,2022-02-14,2020-2022,4.5448001206763085,1831.44950527439,1,5.120234874308706,3.6958125780689626,6.54465717054845,,,
Europe,2022-02-21,2020-2022,4.320186425814805,1450.7770733478376,1,4.461077351142529,3.325891696657007,5.5962630056280505,,,
Europe,2022-02-28,2020-2022,3.7566067749754457,1122.870096452196,1,3.8932864301515835,2.9793823672893063,4.807190493013861,,,
Europe,2022-03-07,2020-2022,3.1806455532925795,896.0162372500394,1,3.5004751430415326,2.7122187210974493,4.288731564985616,,,
Europe,2022-03-14,2020-2022,2.7574630978328964,885.6288356612639,1,3.482488723933803,2.699220072829833,4.265757375037773,,,
Europe,2022-03-21,2020-2022,2.5294403801620575,977.9768908862898,1,3.64239501145579,2.8122145500478237,4.472575472863756,,,
Europe,2022-03-28,2020-2022,2.265418381624635,1014.9741154539872,1,3.706457961290759,2.8559765414368137,4.556939381144704,,,
Europe,2022-04-04,2020-2022,2.0776766774689053,965.877014415564,1,3.621443337690774,2.7977248093507754,4.445161866030773,,,
Europe,2022-04-11,2020-2022,1.8775261302871944,794.1744080393862,1,3.3241298070857126,2.581240191459411,4.067019422712014,,,
Europe,2022-04-18,2020-2022,1.6250402649365632,641.7543255601094,1,3.060205142146463,2.368350867825031,3.752059416467895,,,
Europe,2022-04-25,2020-2022,1.4115263483422564,520.376722966095,1,2.850032423599942,2.1816677222629206,3.518397124936963,,,
Europe,2022-05-02,2020-2022,1.227548205368033,440.4192111326103,1,2.7115811173365585,2.0494390675489083,3.3737231671242087,,,
Europe,2022-05-09,2020-2022,1.0339157097977718,354.3750390700604,1,2.5625903878198546,1.8986238335023995,3.22655694213731,,,
Europe,2022-05-16,2020-2022,0.904400115225494,293.29743190360296,1,2.4568307874805093,1.7862368629775798,3.127424711983439,,,
Europe,2022-05-23,2020-2022,0.7624484054447601,262.7230244861535,1,2.403889337101334,1.7283552772866386,3.079423396916029,,,
Europe,2022-05-30,2020-2022,0.617224033767064,208.85119155660985,1,2.31060697414548,1.6238232494892086,2.997390698801752,,,
Europe,2022-06-06,2020-2022,0.5814156581778029,168.43114445524455,1,2.2406171984247716,1.543341328351643,2.9378930684979,,,
Europe,2022-06-13,2020-2022,0.5544980140752891,190.20070048855953,1,2.278312511854024,1.5869005974646666,2.9697244262433817,,,
Europe,2022-06-20,2020-2022,0.6000698309904874,231.06487508152503,1,2.3490713214021937,1.6673127952363496,3.0308298475680377,,,
Europe,2022-06-27,2020-2022,0.6752046937082438,310.449643810859,1,2.4865308880640726,1.8182384158080027,3.1548233603201425,,,
Europe,2022-07-04,2020-2022,0.7738209055367037,428.4159054600273,1,2.6907966617958614,2.0289320896374177,3.352661233954305,,,
Europe,2022-07-11,2020-2022,0.9641534670275282,551.7040607973056,1,2.904277618892137,2.23143265945524,3.577122578329034,,,
Europe,2022-07-18,2020-2022,1.175921963943455,606.2933975755758,1,2.9988023835039113,2.315493341919287,3.6821114250885354,,,
Europe,2022-07-25,2020-2022,1.2991376843640805,536.4328113153285,1,2.8778345194187955,2.207314833992154,3.5483542048454373,,,
Europe,2022-08-01,2020-2022,1.24511149088173,449.0666202073184,1,2.726554633329408,2.0641058420101297,3.3890034246486866,,,
Europe,2022-08-08,2020-2022,1.1136050269888005,355.2148041128209,1,2.564044492186767,1.9001384595788966,3.227950524794637,,,
Europe,2022-08-15,2020-2022,0.9970709912744729,283.0626999923208,1,2.439108725226702,1.7669798729197952,3.1112375775336085,,,
Europe,2022-08-22,2020-2022,0.8915821894623922,242.67445225572095,1,2.3691740120446987,1.689827342145124,3.0485206819442734,,,
Europe,2022-08-29,2020-2022,0.7763572185068492,229.87779879494943,1,2.3470158264431586,1.6650023361386062,3.029029316747711,,,
Europe,2022-09-05,2020-2022,0.6953588365570357,218.01393579135953,1,2.326472824384796,1.6418266987445524,3.0111189500250393,,,
Europe,2022-09-12,2020-2022,0.6338055207116723,206.8750219423117,1,2.307185115983268,1.6199285352561734,2.9944416967103624,,,
Europe,2022-09-19,2020-2022,0.6261420374362858,217.80254910499823,1,2.3261067954503996,1.6414123756569272,3.010801215243872,,,
Europe,2022-09-26,2020-2022,0.6923588964848203,250.46524207889925,1,2.382664239580653,1.704852458403432,3.0604760207578745,,,
Europe,2022-10-03,2020-2022,0.8454376567152257,282.9775835108173,1,2.4389613408499438,1.7668192198445234,3.111103461855364,,,
Europe,2022-10-10,2020-2022,1.0254613332306195,335.04347978906986,1,2.5291166143971013,1.863525980470809,3.1947072483233936,,,
Europe,2022-10-17,2020-2022,1.1167140557909143,361.642393895002,1,2.575174255745711,1.911703719574946,3.238644791916476,,,
Europe,2022-10-24,2020-2022,1.0962326467524262,342.01883135625496,1,2.5411948608804877,1.8762411825968495,3.206148539164126,,,
Europe,2022-10-31,2020-2022,0.9247451633516088,281.21359147617216,1,2.4359068811020785,1.7634879088473725,3.1083258533567846,,,
Europe,2022-11-07,2020-2022,0.7905387533936855,202.34093978934789,1,2.29933407631997,1.6109768059597886,2.987691346680151,,,
Europe,2022-11-14,2020-2022,0.7300763248473094,160.26410760264554,1,2.2264754762198793,1.5268737657335043,2.9260771867062543,,,
Europe,2022-11-21,2020-2022,0.7085040285098338,155.11768313657765,1,2.217564128510651,1.5164620049544562,2.9186662520668456,,,
Europe,2022-11-28,2020-2022,0.7237764506956571,168.22586673775754,1,2.2402617475424074,1.5429282521208034,2.9375952429640115,,,
Europe,2022-12-05,2020-2022,0.7989385855958883,184.21418371354144,1,2.2679464930965243,1.5749711449513084,2.96092184124174,,,
Europe,2022-12-12,2020-2022,0.894991212271728,204.80738142799345,1,2.303604870381246,1.6158490732672084,2.991360667495284,,,
Europe,2022-12-19,2020-2022,1.058024319105393,211.3520234173559,1,2.3149373169728866,1.6287459854086195,3.0011286485371538,,,
Europe,2022-12-26,2020-2022,1.1380136303036434,200.73379007611473,1,2.296551198613353,1.607798517299142,2.9853038799275637,,,
Europe,2023-01-02,2023-2026,1.0996962139267117,169.16435708107642,1,1.2735035851025325,1.168857738652455,1.37814943155261,,,
Europe,2023-01-09,2023-2026,0.9883438928825736,123.9312334000314,1,0.9326232876257328,0.8564266328610022,1.0088199423904634,,,
Europe,2023-01-16,2023-2026,0.7863115651101094,90.51738270423014,1,0.6808139400037123,0.6255394189131567,0.736088461094268,,,
Europe,2023-01-23,2023-2026,0.6198694354671085,64.75411554150479,1,0.4866599780458677,0.4473726960965547,0.5259472599951807,,,
Europe,2023-01-30,2023-2026,0.543534596720466,52.66863878312557,1,0.3955828960916182,0.36369158020985015,0.4274742119733862,,,
Europe,2023-02-06,2023-2026,0.4881993384793307,55.59363489790046,1,0.4176258916794019,0.38395450291001937,0.4512972804487844,,,
Europe,2023-02-13,2023-2026,0.4686724558274565,61.42330935150658,1,0.46155876653347455,0.4243196251279285,0.4987979079390206,,,
Europe,2023-02-20,2023-2026,0.5075898602188317,67.84822645980518,1,0.5099774357941692,0.46878239890976214,0.5511724726785763,,,
Europe,2023-02-27,2023-2026,0.5090898302549393,76.70944944511477,1,0.5767562934414993,0.5300756968492869,0.6234368900337116,,,
Europe,2023-03-06,2023-2026,0.5196714370551169,79.20880860800727,1,0.5955916562379271,0.5473590359569953,0.6438242765188589,,,
Europe,2023-03-13,2023-2026,0.5412982777575418,74.62710922444272,1,0.5610636174530834,0.5156746284179005,0.6064526064882664,,,
Europe,2023-03-20,2023-2026,0.572688559785904,68.85615177970458,1,0.5175732384918654,0.4757557832329939,0.5593906937507369,,,
Europe,2023-03-27,2023-2026,0.5524253282072132,67.64521233346363,1,0.5084475057308094,0.4673777806459201,0.5495172308156987,,,
Europe,2023-04-03,2023-2026,0.4998991047609705,62.26836519766716,1,0.4679271723560521,0.4301689939160835,0.5056853507960206,,,
Europe,2023-04-10,2023-2026,0.4426002493816579,52.77055492903347,1,0.3963509440022542,0.3643977359119727,0.42830415209253564,,,
Europe,2023-04-17,2023-2026,0.4385366941929299,44.79595059597585,1,0.3362537126794572,0.3091078408587323,0.3633995845001821,,,
Europe,2023-04-24,2023-2026,0.433245890792841,43.14729262101622,1,0.3238292994352035,0.29766634342007803,0.34999225545032897,,,
Europe,2023-05-01,2023-2026,0.3755379526764081,38.66933661958536,1,0.2900830787536669,0.2665641337581019,0.3136020237492319,,,
Europe,2023-05-08,2023-2026,0.3448022030274385,31.98353381373393,1,0.23969835481993393,0.22003029073493932,0.2593664189049285,,,
Europe,2023-05-15,2023-2026,0.2687946304704922,26.144886812093624,1,0.19569786215408697,0.17924152119512618,0.21215420311304775,,,
Europe,2023-05-22,2023-2026,0.256958503276479,19.928956438098535,1,0.14885413298951364,0.13554147041628672,0.16216679556274055,,,
Europe,2023-05-29,2023-2026,0.224695511408927,19.3670676625726,1,0.1446196959804592,0.131570217576098,0.15766917438482042,,,
Europe,2023-06-05,2023-2026,0.2032595759838248,17.484687083804914,1,0.13043393122586255,0.11823214003649266,0.14263572241523245,,,
Europe,2023-06-12,2023-2026,0.1626512962790192,14.04511943009768,1,0.10451308496163189,0.09369254330638165,0.11533362661688214,,,
Europe,2023-06-19,2023-2026,0.135079119797113,10.082389499978566,1,0.07464964756287262,0.06504931579194832,0.08424997933379692,,,
Europe,2023-06-26,2023-2026,0.1100432562853524,8.312124863364307,1,0.06130879716755475,0.05208440730320367,0.07053318703190584,,,
Europe,2023-07-03,2023-2026,0.074616691250737,6.47847967467888,1,0.047490306059280424,0.03852375782120386,0.05645685429735699,,,
Europe,2023-07-10,2023-2026,0.0575170328391096,3.7493251022547054,1,0.0269231873904903,0.018069221400551363,0.035777153380429236,,,
Europe,2023-07-17,2023-2026,0.0526898565410904,3.062038831710176,1,0.02174374521871037,0.012865371422202284,0.030622119015218458,,,
Europe,2023-07-24,2023-2026,0.0481354020678181,3.0833656784053796,1,0.021904465974963455,0.013027168129435093,0.030781763820491817,,,
Europe,2023-07-31,2023-2026,0.0575988493865337,3.3976503092436454,1,0.024272939114425816,0.01540913495591967,0.033136743272931965,,,
Europe,2023-08-07,2023-2026,0.0685895389238316,4.379039795595175,1,0.03166876573049243,0.022818484469075286,0.04051904699190958,,,
Europe,2023-08-14,2023-2026,0.0780802584250219,5.219295737640211,1,0.03800099910664978,0.029127788173008907,0.04687421004029065,,,
Europe,2023-08-21,2023-2026,0.0929708700561998,6.133132028001946,1,0.044887739644406184,0.03595374670853112,0.05382173258028125,,,
Europe,2023-08-28,2023-2026,0.0977435019892696,7.873697257901275,1,0.058004773027499575,0.048854717456383194,0.06715482859861596,,,
Europe,2023-09-04,2023-2026,0.1074523989502574,9.864457489823362,1,0.07300729518024121,0.06345952108244121,0.08255506927804121,,,
Europe,2023-09-11,2023-2026,0.1261883883103658,12.667246954929183,1,0.09412933206115814,0.08378538841766658,0.1044732757046497,,,
Europe,2023-09-18,2023-2026,0.1341791377754484,16.058679206568602,1,0.11968742623486907,0.10808773477810465,0.13128711769163348,,,
Europe,2023-09-25,2023-2026,0.1454425491374932,19.17539876414052,1,0.14317526442681966,0.1302145585981674,0.1561359702554719,,,
Europe,2023-10-02,2023-2026,0.1616967698924053,22.24531925658588,1,0.16631042126617418,0.1518711524594055,0.18074969007294286,,,
Europe,2023-10-09,2023-2026,0.1783328012019629,23.87551396401016,1,0.17859569390686877,0.16332917682200374,0.1938622109917338,,,
Europe,2023-10-16,2023-2026,0.1985960327806537,22.623229889137583,1,0.16915838484596685,0.15452964044400594,0.18378712924792776,,,
Europe,2023-10-23,2023-2026,0.1525878609458606,20.654641941567416,1,0.15432295473265428,0.14066422511404925,0.16798168435125932,,,
Europe,2023-10-30,2023-2026,0.2014323397580209,19.609980991874625,1,0.14645030950468615,0.13328758255209736,0.15961303645727495,,,
Europe,2023-11-06,2023-2026,0.1826418060329631,28.916204178623666,1,0.2165827228806358,0.19862485755817272,0.23454058820309887,,,
Europe,2023-11-13,2023-2026,0.185505385192805,23.63740053882369,1,0.1768012528290619,0.16165712110983838,0.1919453845482854,,,
Europe,2023-11-20,2023-2026,0.1844963144412417,29.423439500470323,1,0.22040528726113387,0.20216776655994684,0.2386428079623209,,,
Europe,2023-11-27,2023-2026,0.2107866983468378,35.77930344274302,1,0.26830356655401155,0.24646622887255454,0.29014090423546857,,,
Europe,2023-12-04,2023-2026,0.229277238064674,42.063932444391845,1,0.31566501385797296,0.2901453931447228,0.3411846345712231,,,
Europe,2023-12-11,2023-2026,0.2663128618652958,48.11843877031928,1,0.3612922389864065,0.3321530402980326,0.3904314376747804,,,
Europe,2023-12-18,2023-2026,0.2554312610578967,50.70730523609366,1,0.38080213569846305,0.35009988604428083,0.4115043853526453,,,
Europe,2023-12-25,2023-2026,0.2361498280482945,44.82055010456802,1,0.3364390964673603,0.30927852524857635,0.36359966768614427,,,
Europe,2024-01-01,2023-2026,0.2302317644512879,31.577069206131227,1,0.23663520628899437,0.21719623326814202,0.2560741793098467,,,
Europe,2024-01-08,2023-2026,0.1838417820618492,22.573212706479016,1,0.16878145151224813,0.15417786773259887,0.1833850352918974,,,
Europe,2024-01-15,2023-2026,0.1429880527147715,16.327173843031876,1,0.12171082245649403,0.11000070042085028,0.1334209444921378,,,
Europe,2024-01-22,2023-2026,0.1036615655862762,12.794089875618942,1,0.09508523006286247,0.08469954994813378,0.10547091017759117,,,
Europe,2024-01-29,2023-2026,0.0815165534168322,10.819556592269294,1,0.08020499544205228,0.07041460325190645,0.08999538763219812,,,
Europe,2024-02-05,2023-2026,0.0668168470629771,9.749914323429689,1,0.07214408907248844,0.06262325614178746,0.08166492200318942,,,
Europe,2024-02-12,2023-2026,0.0385628660192038,9.123935919088249,1,0.06742666769362012,0.05804456186732512,0.07680877351991511,,,
Europe,2024-02-19,2023-2026,0.0400901082377861,8.147073615027514,1,0.060064958271335976,0.050869461998825395,0.06926045454384655,,,
Europe,2024-02-26,2023-2026,0.0314993707582604,7.219273967238741,1,0.05307298879853904,0.04401923372220239,0.06212674387487569,,,
Europe,2024-03-04,2023-2026,0.0267267388251906,6.545951054121249,1,0.04799877556179964,0.03902526067586745,0.05697229044773183,,,
Europe,2024-03-11,2023-2026,0.0311175602036148,5.941926756671933,1,0.04344680202025044,0.03452858665739191,0.05236501738310897,,,
Europe,2024-03-18,2023-2026,0.0301630338170009,5.891718668736039,1,0.043068430009685424,0.0341540906629806,0.05198276935639025,,,
Europe,2024-03-25,2023-2026,0.0225268227240891,5.791493398141571,1,0.042313124665401894,0.03340618952609983,0.051220059804703955,,,
Europe,2024-04-01,2023-2026,0.0221450121694436,5.1206522536292765,1,0.037257614227663605,0.028388739579683468,0.046126488875643745,,,
Europe,2024-04-08,2023-2026,0.020808675228184,4.776831849170927,1,0.03466655722755939,0.025809381751128554,0.04352373270399022,,,
Europe,2024-04-15,2023-2026,0.0171814749590509,4.3948303892480185,1,0.03178776485820417,0.022937345962836718,0.04063818375357162,,,
Europe,2024-04-22,2023-2026,0.0185178119003105,4.064373354202263,1,0.02929741523733767,0.02044752981157874,0.0381473006630966,,,
Europe,2024-04-29,2023-2026,0.014317895799209,3.846741338054279,1,0.027657323632607426,0.01880509757651888,0.03650954968869597,,,
Europe,2024-05-06,2023-2026,0.0179450960683421,3.133137411421679,1,0.022279549581308317,0.01340468360737319,0.031154415555243443,,,
Europe,2024-05-13,2023-2026,0.0072544005382657,3.2511168728071653,1,0.02316865187229352,0.014299107373161438,0.032038196371425604,,,
Europe,2024-05-20,2023-2026,0.0188996224549561,3.476576005325384,1,0.024867729227720143,0.01600661733031097,0.03372884112512932,,,
Europe,2024-05-27,2023-2026,0.0190905277322789,3.6955443584146273,1,0.026517891570373875,0.017662781731079207,0.03537300140966854,,,
Europe,2024-06-03,2023-2026,0.0267267388251906,3.980184126902912,1,0.0286629587481393,0.019812421342550214,0.037513496153728385,,,
Europe,2024-06-10,2023-2026,0.0236722543880259,4.332404363563464,1,0.031317317529478805,0.022467377054878876,0.040167258004078735,,,
Europe,2024-06-17,2023-2026,0.0362720026913302,4.314841078049768,1,0.031184959259623436,0.022335121681883695,0.040034796837363176,,,
Europe,2024-06-24,2023-2026,0.0358901921366847,4.919056280776408,1,0.03573837147801894,0.026877000944421803,0.04459974201161608,,,
Europe,2024-07-01,2023-2026,0.0356992868593619,5.31843012093569,1,0.03874808344038323,0.02987007563023831,0.047626091250528156,,,
Europe,2024-07-08,2023-2026,0.0418082557336912,5.890382331794778,1,0.04305835927176171,0.034144121568541644,0.05197259697498177,,,
Europe,2024-07-15,2023-2026,0.0482990351626662,6.957351926751869,1,0.05109912416547796,0.04207888351738135,0.06011936481357457,,,
Europe,2024-07-22,2023-2026,0.054980719868964,8.048184681374307,1,0.05931972366497616,0.05014101426867959,0.06849843306127273,,,
Europe,2024-07-29,2023-2026,0.0513535195998309,9.429384362804717,1,0.06972855064762724,0.06028056768942449,0.07917653360582999,,,
Europe,2024-08-05,2023-2026,0.0559352462555779,10.16856959659857,1,0.07529910739632462,0.06567752706446192,0.08492068772818731,,,
Europe,2024-08-12,2023-2026,0.0498262773812486,10.676568539554522,1,0.07912742648420773,0.06937535080049309,0.08887950216792237,,,
Europe,2024-08-19,2023-2026,0.0631896467938441,10.660914306814051,1,0.07900945498281498,0.0692615324216897,0.08875737754394025,,,
Europe,2024-08-26,2023-2026,0.0599442570793566,13.0441757889118,1,0.09696989673145584,0.0865006170082997,0.10743917645461198,,,
Europe,2024-09-02,2023-2026,0.0618533098525845,13.934367097067986,1,0.10367844686554048,0.09289803517774642,0.11445885855333454,,,
Europe,2024-09-09,2023-2026,0.0507808037678625,14.235233814128708,1,0.10594580157523757,0.0950556695437122,0.11683593360676295,,,
Europe,2024-09-16,2023-2026,0.0511626143225081,15.596006630885574,1,0.1162006901353393,0.10478787951504652,0.12761350075563208,,,
Europe,2024-09-23,2023-2026,0.0566988673648691,17.540567785695547,1,0.13085505249128748,0.11862891773069197,0.14308118725188299,,,
Europe,2024-09-30,2023-2026,0.0628078362391985,18.188500296929103,1,0.13573792170747534,0.12322570273936458,0.1482501406755861,,,
Europe,2024-10-07,2023-2026,0.0643350784577808,16.41308121782713,1,0.1223582270373085,0.11061247317926086,0.13410398089535616,,,
Europe,2024-10-14,2023-2026,0.0702531420547874,15.1464247027904,1,0.11281260616241023,0.10157707426689747,0.124048138057923,,,
Europe,2024-10-21,2023-2026,0.066053225953686,12.356916790549748,1,0.0917906600849398,0.08154689896480924,0.10203442120507036,,,
Europe,2024-10-28,2023-2026,0.0652896048443948,10.712840542245852,1,0.0794007750849961,0.06963904456221004,0.08916250560778216,,,
Europe,2024-11-04,2023-2026,0.0477263193306978,8.793669789319814,1,0.06493775674959991,0.055622901642472605,0.07425261185672721,,,
Europe,2024-11-11,2023-2026,0.0448627401708559,7.892978690910877,1,0.05815007938897127,0.04899691837468504,0.06730324040325751,,,
Europe,2024-11-18,2023-2026,0.0414264451790457,7.936505094140474,1,0.05847809770991732,0.049317870645381054,0.06763832477445358,,,
Europe,2024-11-25,2023-2026,0.041999161011014,8.633118451091347,1,0.06372782952189976,0.05444414716564125,0.07301151187815827,,,
Europe,2024-12-02,2023-2026,0.0376083396325898,8.939712326471751,1,0.06603834453698451,0.05669426682636496,0.07538242224760405,,,
Europe,2024-12-09,2023-2026,0.0286357915984185,9.349204146329145,1,0.06912430637220043,0.059693954190831136,0.07855465855356973,,,
Europe,2024-12-16,2023-2026,0.0406628240697545,9.201061651126656,1,0.06800789313950689,0.058609484018849564,0.07740630226016422,,,
Europe,2024-12-23,2023-2026,0.0335993288088111,8.222099389015373,1,0.060630358271913834,0.051421863386134775,0.06983885315769289,,,
Europe,2024-12-30,2023-2026,0.0353174763047163,6.408308349171516,1,0.046961489555650125,0.03800197715396858,0.05592100195733167,,,
Europe,2025-01-06,2023-2026,0.0376083396325898,4.2421061673897835,1,0.0306368233812006,0.021787263695603402,0.039486383066797796,,,
Europe,2025-01-13,2023-2026,0.0370356238006214,3.998129222971254,1,0.028798194371687284,0.019947822762499512,0.03764856598087506,,,
Europe,2025-01-20,2023-2026,0.025390401883931,3.648008944361252,1,0.026159661035656707,0.017303431674298708,0.03501589039701471,,,
Europe,2025-01-27,2023-2026,0.0175632855136965,3.175327477710016,1,0.022597497164330436,0.01372460579476913,0.03147038853389174,,,
Europe,2025-02-03,2023-2026,0.0173723802363737,2.958077272116678,1,0.020960282913292806,0.01207637319827295,0.029844192628312664,,,
Europe,2025-02-10,2023-2026,0.0167996644044054,2.576648528025738,1,0.018085806574476507,0.009177463042628271,0.026994150106324742,,,
Europe,2025-02-17,2023-2026,0.0125997483033039,2.4004429570567996,1,0.016757907845383592,0.007836099262489326,0.025679716428277856,,,
Europe,2025-02-24,2023-2026,0.014317895799209,2.218319322490855,1,0.015385410134056714,0.00644824687623448,0.024322573391878946,,,
Europe,2025-03-03,2023-2026,0.0103088849754304,2.0167233496379855,1,0.013866167384412051,0.004910312960464713,0.02282202180835939,,,
Europe,2025-03-10,2023-2026,0.0103088849754304,1.7578557935882784,1,0.011915321580890996,0.0029328719518497,0.020897771209932293,,,
Europe,2025-03-17,2023-2026,0.0085907374795253,1.6847390723736484,1,0.011364308348775547,0.0023738218743508902,0.020354794823200205,,,
Europe,2025-03-24,2023-2026,0.0062998741516517,0.8378832621697386,1,0.004982337858790653,-0.004117832195678671,0.014082507913259977,,,
Europe,2025-03-31,2023-2026,0.0049635372103922,0.797793153931952,1,0.0046802157210772445,-0.004425894011165764,0.013786325453320253,,,
Europe,2025-04-07,2023-2026,0.004199916101101,0.7577030456941655,1,0.004378093583363836,-0.004734022419517283,0.013490209586244955,,,
Europe,2025-04-14,2023-2026,0.004199916101101,0.7061586208170114,1,0.003989650834875105,-0.00513028515479918,0.01310958682454939,,,
Europe,2025-04-21,2023-2026,0.0038181055464554,0.6250238779548243,1,0.003378213175216974,-0.005754253943845846,0.012510680294279795,,,
Europe,2025-04-28,2023-2026,0.0028635791598415,0.5849337697170378,1,0.0030760910375035658,-0.006062667816329883,0.012214849891337014,,,
Europe,2025-05-05,2023-2026,0.0036272002691326,0.5816883800025503,1,0.0030516335311172316,-0.006087637537970481,0.012190904600204944,,,
Europe,2025-05-12,2023-2026,0.0022908633278731,0.5753885058508982,1,0.0030041571951906487,-0.006136109406306411,0.012144423796687709,,,
Europe,2025-05-19,2023-2026,0.0038181055464554,0.6318964679384449,1,0.0034300055416820346,-0.005701389619255145,0.012561400702619213,,,
Europe,2025-05-26,2023-2026,0.0036272002691326,0.696422451673549,1,0.003916278315716103,-0.005205147095505043,0.01303770372693725,,,
Europe,2025-06-02,2023-2026,0.0040090108237782,0.7983658697639205,1,0.004684531751615944,-0.004421492658907382,0.01379055616213927,,,
Europe,2025-06-09,2023-2026,0.0045817266557466,0.8770188440209111,1,0.0052772666122727465,-0.003817169543609825,0.014371702768155317,,,
Europe,2025-06-16,2023-2026,0.0062998741516517,0.8821732865086265,1,0.005316110887121708,-0.003777574817465811,0.014409796591709228,,,
Europe,2025-06-23,2023-2026,0.0047726319330694,0.9402084908147558,1,0.005753468648383109,-0.0033318438800092453,0.014838781176775463,,,
Europe,2025-06-30,2023-2026,0.0053453477650378,0.8653736221042208,1,0.005189507324651338,-0.003906628363431017,0.014285643012733693,,,
Europe,2025-07-07,2023-2026,0.0053453477650378,0.9100454569977544,1,0.0055261577066747876,-0.003563489157589945,0.014615804570939521,,,
Europe,2025-07-14,2023-2026,0.0059180635970062,0.9865984732041942,1,0.006103067122022877,-0.002975653404369712,0.015181787648415466,,,
Europe,2025-07-21,2023-2026,0.0070634952609429,1.0904509440677936,1,0.006885707326385346,-0.0021785822658377156,0.01594999691860841,,,
Europe,2025-07-28,2023-2026,0.0101179796981076,1.1498224853151822,1,0.007333135825570451,-0.0017231071465835341,0.016389378797724435,,,
Europe,2025-08-04,2023-2026,0.0101179796981076,1.3413004784699436,1,0.008776128702363719,-0.0002551768308205419,0.01780743423554798,,,
Europe,2025-08-11,2023-2026,0.0076362110929113,1.710893095366871,1,0.011561407076712304,0.002573821873279954,0.020548992280144653,,,
Europe,2025-08-18,2023-2026,0.0125997483033039,2.035432066815619,1,0.014007157715345046,0.005053112575025094,0.022961202855664997,,,
Europe,2025-08-25,2023-2026,0.0101179796981076,2.809362061082222,1,0.019839553650060578,0.010946886791468583,0.028732220508652574,,,
Europe,2025-09-01,2023-2026,0.0118361271940127,3.337024247602422,1,0.023816056453108,0.014949994200548362,0.03268211870566764,,,
Europe,2025-09-08,2023-2026,0.0146997063538546,4.279905412299697,1,0.03092168139675899,0.022072007100010126,0.03977135569350786,,,
Europe,2025-09-15,2023-2026,0.0127906535806267,5.112443326704397,1,0.03719575112327462,0.028327217672255947,0.04606428457429329,,,
Europe,2025-09-22,2023-2026,0.0137451799672407,5.597342731104291,1,0.04084999031276099,0.0319561320099709,0.04974384861555109,,,
Europe,2025-09-29,2023-2026,0.0187087171776333,5.679622905630415,1,0.04147006003349675,0.032570864084693035,0.050369255982300465,,,
Europe,2025-10-06,2023-2026,0.0125997483033039,5.109007031712586,1,0.0371698549400422,0.028301463418238915,0.04603824646184548,,,
Europe,2025-10-13,2023-2026,0.0124088430259811,5.191669016793356,1,0.03779280201447034,0.02892084948760494,0.04666475454133574,,,
Europe,2025-10-20,2023-2026,0.0125997483033039,4.273032822316076,1,0.030869889030293706,0.02202024036928784,0.03971953769129957,,,
Europe,2025-10-27,2023-2026,0.0125997483033039,3.824596325884836,1,0.027490437118442016,0.018637853115535563,0.03634302112134847,,,
Europe,2025-11-03,2023-2026,0.0124088430259811,2.9309687227368415,1,0.020755990801124734,0.011870558255553469,0.029641423346696,,,
Europe,2025-11-10,2023-2026,0.0074453058155885,2.4575236349763143,1,0.017188072222413676,0.008270775644820304,0.02610536880000705,,,
Europe,2025-11-17,2023-2026,0.008781642756848,1.861135548619909,1,0.012693645754714765,0.0037221550656367387,0.02166513644379279,,,
Europe,2025-11-24,2023-2026,0.0066816847062973,1.7118476217534848,1,0.011568600460943617,0.0025811205859319186,0.020556080335955317,,,
Europe,2025-12-01,2023-2026,0.0103088849754304,1.6855026934829396,1,0.011370063056160553,0.0023796617078862426,0.020360464404434862,,,
Europe,2025-12-08,2023-2026,0.0083998322022025,1.9226070479178483,1,0.013156899699208583,0.004191712417223371,0.022122086981193795,,,
Europe,2025-12-15,2023-2026,0.0089725480341708,1.9466611128605205,1,0.013338172981836628,0.0043754076084186865,0.022300938355254568,,,
Europe,2025-12-22,2023-2026,0.0083998322022025,1.70535684232451,1,0.01151968544817095,0.002531488565647855,0.020507882330694047,,,
Europe,2025-12-29,2023-2026,0.0112634113620444,1.2786835475080678,1,0.008304242696792282,-0.0007350471182871968,0.017343532511871762,,,
Europe,2026-01-05,2023-2026,0.0110725060847216,1.3682181225724577,1,0.008978982137685707,-4.894228211564135e-05,0.018006906557487053,,,
Europe,2026-01-12,2023-2026,0.0110725060847216,1.465579814007082,1,0.009712707329275285,0.0006967549751578199,0.01872865968339275,,,
Europe,2026-01-19,2023-2026,0.0099270744207848,1.277347210566808,1,0.008294171958868573,-0.0007452900641271906,0.017333633981864334,,,
Europe,2026-01-26,2023-2026,0.0104997902527532,1.3101829182663285,1,0.008541624376424308,-0.000493628167693258,0.017576876920541874,,,
Europe,2026-02-02,2023-2026,0.0091634533114936,1.4245351793826817,1,0.009403391807330786,0.00038244165188580474,0.018424341962775766,,,
Europe,2026-02-09,2023-2026,0.0068725899836201,1.3435913417978171,1,0.008793392824518739,-0.00023762375578945116,0.01782440940482693,,,
Europe,2026-02-16,2023-2026,0.0093543585888164,1.3386278045874247,1,0.008755987226516085,-0.00027565570006922446,0.017787630153101395,,,
Europe,2026-02-23,2023-2026,0.0091634533114936,1.00817076954167,1,0.006265637605649658,-0.0028100481410623015,0.015341323352361618,,,
Europe,2026-03-02,2023-2026,0.0062998741516517,0.8420831782708401,1,0.005013988749408262,-0.004085562912039386,0.014113540410855909,,,
Europe,2026-03-09,2023-2026,0.0066816847062973,0.687068093084732,1,0.0038457831502496237,-0.0052770769548576985,0.012968643255356946,,,
Europe,2026-03-16,2023-2026,0.0062998741516517,0.5801611377839679,1,0.003040124116347115,-0.006099388144584282,0.012179636377278511,,,
Europe,2026-03-23,2023-2026,0.0045817266557466,0.4950173840980023,1,0.0023984742429176177,-0.006754635453723663,0.011551583939558898,,,
Europe,2026-03-30,2023-2026,0.0040090108237782,0.4169371256729799,1,0.001810055412799536,-0.007355783693252647,0.010975894518851718,,,
Europe,2026-04-06,2023-2026,0.0022908633278731,0.3529838577698442,1,0.001328098669304285,-0.007848351298476611,0.010504548637085182,,,
Europe,2026-04-13,2023-2026,0.0009545263866135,0.2472223341330169,1,0.0005310716964793036,-0.008663288873974776,0.009725432266933384,,,
Europe,2026-04-20,2023-2026,0.0015272422185819,0.1922416142640526,1,0.00011673276475801433,-0.009087116768270512,0.00932058229778654,,,
Europe,2026-04-27,2023-2026,0.0020999580505503,0.1800236765153938,1,2.465744659772731e-05,-0.009181317231029858,0.009230632124225311,,,
Europe,2020-01-13,2020-2022,0.0,,2,1.9963595445028164,1.2379638929944639,2.754755196011169,0.0020045054118893,,
Europe,2020-01-20,2020-2022,8.181654742405416e-05,,2,1.9963572169471475,1.237960980646656,2.754753453247639,0.0005690795409717,,
Europe,2020-01-27,2020-2022,0.0006272601969177,,2,1.9963564710680035,1.2379600473670362,2.754752894768971,0.0001090887298987,,
Europe,2020-02-03,2020-2022,0.0007908932917658,,2,1.9963570459550908,1.2379607666932397,2.754753325216942,0.0004636271020696,,
Europe,2020-02-10,2020-2022,5.454436494936944e-05,,2,1.9963590801709383,1.237963312000569,2.7547548483413076,0.0017181474959051,,
Europe,2020-02-17,2020-2022,0.0002454496422721,,2,1.9963675708109974,1.23797393587896,2.7547612057430344,0.0069544065310446,,
Europe,2020-02-24,2020-2022,0.00302721225469,,2,1.9963697376930958,1.23797664717788,2.7547628282083116,0.0082907434723041,,
Europe,2020-03-02,2020-2022,0.0226359114539883,,2,1.9963650501522299,1.2379707819172638,2.7547593183871957,0.0053998921299875,,
Europe,2020-03-09,2020-2022,0.1735874414513682,,2,1.9965515789010275,1.238204170062175,2.75489898773988,0.1204339578082077,,
Europe,2020-03-16,2020-2022,0.7193856293172335,,2,1.9976740680500875,1.2396084337667905,2.7557397023333845,0.8126837655631299,,
Europe,2020-03-23,2020-2022,2.162629525877549,,2,2.0027732722926492,1.2459830209782448,2.7595635236070537,3.95741185453655,,
Europe,2020-03-30,2020-2022,4.250042372489917,,2,2.017363243237911,1.2641797322621475,2.770546754213675,12.955186657496906,,
Europe,2020-04-06,2020-2022,5.4973356379696225,,2,2.041858209143339,1.2945865994828225,2.789129818803856,28.061466707684566,,
Europe,2020-04-13,2020-2022,5.433218736971639,,2,2.0609117803229906,1.318112135499196,2.803711425146785,39.811986520909706,,
Europe,2020-04-20,2020-2022,4.584535690541925,,2,2.058764621273885,1.3154666415847305,2.802062600963039,38.48781297303386,,
Europe,2020-04-27,2020-2022,3.50763902116405,,2,2.0540669535507834,1.3096736989675335,2.798460208134033,35.59071630093057,,
Europe,2020-05-04,2020-2022,2.5902028027156554,,2,2.050764227234054,1.3055968435781848,2.795931610889923,33.55389335280874,,
Europe,2020-05-11,2020-2022,1.9807240687714016,,2,2.046269273542363,1.3000429110050367,2.7924956360796895,30.781812365169426,,
Europe,2020-05-18,2020-2022,1.5013609174138682,,2,2.0448221058552107,1.2982534793832363,2.7913907323271854,29.88933019368536,,
Europe,2020-05-25,2020-2022,1.187403552765298,,2,2.04181376594928,1.2945315946983218,2.789095937200238,28.03405816429751,,
Europe,2020-06-01,2020-2022,1.0042163030828406,,2,2.035911267557379,1.2872210553040295,2.7846014798107284,24.39393088067144,,
Europe,2020-06-08,2020-2022,0.8156291612703958,,2,2.0326189776523886,1.2831387836000423,2.782099171704735,22.36354416761364,,
Europe,2020-06-15,2020-2022,0.6916225475580043,,2,2.0304279060742276,1.28042014509118,2.780435667057275,21.01228934254043,,
Europe,2020-06-22,2020-2022,0.5635251064744103,,2,2.03006174722168,1.279965680703956,2.780157813739404,20.786475671650045,,
Europe,2020-06-29,2020-2022,0.5048353697888889,,2,2.0294729744000835,1.279234830151779,2.779711118648388,20.423373834182097,,
Europe,2020-07-06,2020-2022,0.4986445843671354,,2,2.0279175952742614,1.2773036162284277,2.778531574320095,19.464156632182483,,
Europe,2020-07-13,2020-2022,0.4534818501890574,,2,2.0257073313118,1.2745580186754455,2.7768566439481543,18.10106567991527,,
Europe,2020-07-20,2020-2022,0.4072282287119922,,2,2.0244553156797553,1.273002107750714,2.7759085236087966,17.328935649691992,,
Europe,2020-07-27,2020-2022,0.4077736723614859,,2,2.0255039097270515,1.274305253715452,2.776702565738651,17.975613640531716,,
Europe,2020-08-03,2020-2022,0.4136917359584924,,2,2.028085727636265,1.2775124105430455,2.7786590447294843,19.567845469951234,,
Europe,2020-08-10,2020-2022,0.4370639963392973,,2,2.0322089504928695,1.282630140546875,2.7817877604388643,22.110676491708357,,
Europe,2020-08-17,2020-2022,0.4568636008159184,,2,2.0364280910488914,1.2878615910720044,2.7849945910257787,24.71266087725308,,
Europe,2020-08-24,2020-2022,0.4447547517971584,,2,2.0423343925399853,1.295175906368124,2.7894928787118465,28.355133568571972,,
Europe,2020-08-31,2020-2022,0.4818176477802549,,2,2.0493919717565894,1.3039019540676855,2.7948819894454933,32.70761025843681,,
Europe,2020-09-07,2020-2022,0.5159351480560855,,2,2.0584470624912585,1.3150752588078123,2.8018188661747048,38.29197143068315,,
Europe,2020-09-14,2020-2022,0.6080605804555704,,2,2.0675064427680407,1.3262283684007379,2.8087845171353436,43.87897800462953,,
Europe,2020-09-21,2020-2022,0.7672483095603051,,2,2.080657073334955,1.3423724572058204,2.8189416894640895,51.98909781240385,,
Europe,2020-09-28,2020-2022,0.8758461401744996,,2,2.0959424365454717,1.361068246392508,2.830816626698436,61.41572768477863,,
Europe,2020-10-05,2020-2022,1.0663968791251217,,2,2.1147442071808715,1.3839618711553834,2.8455265432063594,73.0109596909929,,
Europe,2020-10-12,2020-2022,1.404271947803991,,2,2.1302754451764323,1.4027861036425309,2.8577647867103337,82.58922289792692,,
Europe,2020-10-19,2020-2022,1.964169854009268,,2,2.171200197594923,1.452002234335995,2.8903981608538505,107.82790963075172,,
Europe,2020-10-26,2020-2022,2.989931181247109,,2,2.2467567672635362,1.5413432739453152,2.9521702605817572,154.42436971370626,,
Europe,2020-11-02,2020-2022,4.424475251598,,2,2.348272894025684,1.6580943651675875,3.0384514228837802,217.03033725822752,,
Europe,2020-11-09,2020-2022,5.728712834084847,,2,2.4840387150132126,1.807953036581299,3.160124393445126,300.7584192241148,,
Europe,2020-11-16,2020-2022,6.556969015841021,,2,2.5733200947827353,1.9023836062152129,3.244256583350258,355.819101132095,,
Europe,2020-11-23,2020-2022,7.257836833257945,,2,2.5862074712857344,1.915737628582046,3.2566773139894227,363.7668696375975,,
Europe,2020-11-30,2020-2022,7.2235011555223165,,2,2.53611667492472,1.8634400217233373,3.2087933281261023,332.8753958266974,,
Europe,2020-12-07,2020-2022,7.109367071865761,,2,2.4783410090906535,1.801814063899296,3.154867954282011,297.244589417529,,
Europe,2020-12-14,2020-2022,7.289090754373933,,2,2.4275076355011387,1.746454998602133,3.1085602724001444,265.895161118514,,
Europe,2020-12-21,2020-2022,7.113976070703982,,2,2.421085129627703,1.7393859683032407,3.1027842909521652,261.9343402411681,,
Europe,2020-12-28,2020-2022,6.644267271942488,,2,2.4480207123292783,1.768921213265088,3.1271202113934686,278.5457720421336,,
Europe,2021-01-04,2020-2022,6.775855552382842,,2,2.466704675333858,1.7892350057595177,3.1441743449081985,290.06835095423537,,
Europe,2021-01-11,2020-2022,7.239728104094754,,2,2.443560251862827,1.7640505901075587,3.123069913618096,275.79496335682455,,
Europe,2021-01-18,2020-2022,7.595002825192472,,2,2.4945792255373833,1.8192745159820722,3.1698839350926944,307.25885300568586,,
Europe,2021-01-25,2020-2022,7.4369605277516735,,2,2.5051527257359503,1.8305851788341871,3.1797202726377134,313.779631835383,,
Europe,2021-02-01,2020-2022,6.707020563816736,,2,2.4538958372514053,1.7753242139866359,3.1324674605161746,282.16901784480785,,
Europe,2021-02-08,2020-2022,5.817729237682218,,2,2.4047341468676886,1.7213141257795432,3.088154167955834,251.85053258770083,,
Europe,2021-02-15,2020-2022,4.908256496516432,,2,2.3577290348368933,1.6687697230408052,3.0466883466329815,222.8620298533368,,
Europe,2021-02-22,2020-2022,4.26228758242105,,2,2.302940614974861,1.6064385829673853,2.9994426469823363,189.0734866425159,,
Europe,2021-03-01,2020-2022,3.9396576637455296,,2,2.267608585252366,1.5656387834568373,2.9695783870478953,167.28388555508198,,
Europe,2021-03-08,2020-2022,3.884867849153888,,2,2.281232392114239,1.5814260834810812,2.981038700747397,175.68581771533542,,
Europe,2021-03-15,2020-2022,4.028974061350122,,2,2.3054586646394637,1.6093284412932753,3.001588887985652,190.62639198480687,,
Europe,2021-03-22,2020-2022,4.249578745387846,,2,2.325247914402567,1.6319559276201177,3.0185399011850165,202.83061182568085,,
Europe,2021-03-29,2020-2022,4.481801379159787,,2,2.363921497431228,1.675741709903673,3.052101284958783,226.6809808374494,,
Europe,2021-04-05,2020-2022,4.674070265606315,,2,2.410139677483632,1.727300428030596,3.092978926936668,255.1841750846764,,
Europe,2021-04-12,2020-2022,4.824449079771726,,2,2.434905592095528,1.7545770208101614,3.115234163380894,270.4575517968865,,
Europe,2021-04-19,2020-2022,4.511582602422143,,2,2.3925257562369135,1.707751127812551,3.0773003846612763,244.32150117191463,,
Europe,2021-04-26,2020-2022,4.108663378541151,,2,2.370856227699478,1.6835315800270125,3.058180875371943,230.95769540439957,,
Europe,2021-05-03,2020-2022,3.435558642883457,,2,2.3405070096954015,1.6493012319404223,3.0317127874503806,212.2410420216657,,
Europe,2021-05-10,2020-2022,2.9277778773873027,,2,2.300958890740656,1.6041625584677557,2.9977552230135562,187.8513383292778,,
Europe,2021-05-17,2020-2022,2.342325936203246,,2,2.248166390401677,1.5429907050351968,2.953342075768157,155.29369780226935,,
Europe,2021-05-24,2020-2022,1.904334685659809,,2,2.2019143362332048,1.4885627705343407,2.915265901932069,126.76961306326668,,
Europe,2021-05-31,2020-2022,1.5851683341585738,,2,2.1602106560334615,1.4388418251162742,2.881579486950649,101.0505541083328,,
Europe,2021-06-07,2020-2022,1.3627091417125703,,2,2.1327435238865213,1.4057701403871228,2.85971690738592,84.11131067402157,,
Europe,2021-06-14,2020-2022,1.1903489484725631,,2,2.10689938643129,1.37442371365508,2.8393750592074998,68.17298360871375,,
Europe,2021-06-21,2020-2022,1.1625585945308592,,2,2.0924927602448036,1.3568554152792893,2.8281301052103176,59.28827927429344,,
Europe,2021-06-28,2020-2022,1.3281280143346703,,2,2.0871300808279085,1.3502988074052764,2.8239613542505406,55.98106352213584,,
Europe,2021-07-05,2020-2022,1.2659201661099144,,2,2.092773172477171,1.357198004310046,2.828348340644296,59.46121218336542,,
Europe,2021-07-12,2020-2022,1.2784926422307443,,2,2.1207838824762266,1.391291533261136,2.8502762316913173,76.73568528465546,,
Europe,2021-07-19,2020-2022,1.302110352253821,,2,2.1705288621431684,1.4511994679304165,2.8898582563559203,107.41389062860355,,
Europe,2021-07-26,2020-2022,1.398053890199762,,2,2.2341738155843216,1.5266056216159405,2.9417420095527027,146.6643429123595,,
Europe,2021-08-02,2020-2022,1.5023972603479057,,2,2.284972828614847,1.58574844570277,2.9841972115269244,177.99258072559172,,
Europe,2021-08-09,2020-2022,1.591195486485479,,2,2.267363462242744,1.5653541053556377,2.9693728191298505,167.13271584762484,,
Europe,2021-08-16,2020-2022,1.7258382513629975,,2,2.257696382092567,1.554109431703723,2.961283332481411,161.1709349421113,,
Europe,2021-08-23,2020-2022,1.8972711903988655,,2,2.258226825985841,1.5547273298743858,2.9617263220972965,161.49806477089516,,
Europe,2021-08-30,2020-2022,1.9875966587550216,,2,2.269409441164479,1.5677295606388535,2.971089321690105,168.3944906419986,,
Europe,2021-09-06,2020-2022,2.124557559142888,,2,2.276719572700757,1.57620424077114,2.977234904630374,172.90271876597637,,
Europe,2021-09-13,2020-2022,2.176456522392213,,2,2.272911653300513,1.5717921655233398,2.974031141077686,170.5543384052637,,
Europe,2021-09-20,2020-2022,2.2927723806467433,,2,2.269995206884388,1.5684093711545204,2.9715810426142557,168.75573797105827,,
Europe,2021-09-27,2020-2022,2.4040974295084068,,2,2.2511481970574234,1.5464731687023388,2.955823225412508,157.13260652217238,,
Europe,2021-10-04,2020-2022,2.675946544416064,,2,2.254345674815087,1.5502039127564426,2.9584874368737317,159.10452167600445,,
Europe,2021-10-11,2020-2022,3.0431392092552185,,2,2.26616707799192,1.5639643445952256,2.968369811388614,166.39489422295472,,
Europe,2021-10-18,2020-2022,3.4053683368839813,,2,2.288969266757653,1.5903608666083318,2.9875776669069745,180.4572224001939,,
Europe,2021-10-25,2020-2022,4.069582341054927,,2,2.327393791011248,1.6344005928087144,3.0203869892137813,204.153994480265,,
Europe,2021-11-01,2020-2022,4.558790750285821,,2,2.3890820941396202,1.7039146418661417,3.0742495464130988,242.19776177824605,,
Europe,2021-11-08,2020-2022,4.997000178289056,,2,2.456400531846749,1.778049669693369,3.1347513940001286,283.71368698799154,,
Europe,2021-11-15,2020-2022,5.364383748405534,,2,2.5013334854822937,1.826505022956831,3.1761619480077563,311.4242697959568,,
Europe,2021-11-22,2020-2022,5.52002609378856,,2,2.559646184300097,1.8881378517933376,3.231154516806856,347.3862695890977,,
Europe,2021-11-29,2020-2022,5.494472058809779,,2,2.649722058024314,1.9805227559410472,3.3189213601075807,402.9369235274181,,
Europe,2021-12-06,2020-2022,5.3141756604696395,,2,2.740682771420104,2.0703139213834216,3.411051621456786,459.0332665648744,,
Europe,2021-12-13,2020-2022,5.062262510950977,,2,2.785802076916112,2.1135511907624096,3.4580529630698145,486.858774349788,,
Europe,2021-12-20,2020-2022,4.598499047968963,,2,2.79509848756121,2.1223533256867126,3.467843649435707,492.5919598217987,,
Europe,2021-12-27,2020-2022,4.16408045332971,,2,2.799880221465313,2.126866710921621,3.4728937320090054,495.5409009127864,,
Europe,2022-01-03,2020-2022,3.8161419493176822,,2,2.9136853557167135,2.2314917124308815,3.5958789990025455,565.7256170617452,,
Europe,2022-01-10,2020-2022,3.7880243291862823,,2,3.23554420531193,2.5003341450468666,3.9707542655769936,764.2190518919296,,
Europe,2022-01-17,2020-2022,3.9261579334205607,,2,3.946890029461231,2.9897769593066226,4.9040030996158395,1202.9128338559142,,
Europe,2022-01-24,2020-2022,3.9380213327970486,,2,4.353113426456344,3.23066348037743,5.475563372535257,1453.4346929856308,,
Europe,2022-01-31,2020-2022,4.198443403247813,,2,4.652669177721799,3.398201482493101,5.907136872950498,1638.173593489985,,
Europe,2022-02-07,2020-2022,4.488973963150629,,2,5.2414784383152,3.7119181367916894,6.77103873983871,2001.2979032362969,,
Europe,2022-02-14,2020-2022,4.5448001206763085,,2,5.359817662802313,3.773209034646649,6.946426290957977,2074.2788362543847,,
Europe,2022-02-21,2020-2022,4.320186425814805,,2,4.966067767829403,3.5672361698047306,6.364899365854076,1831.44950527439,,
Europe,2022-02-28,2020-2022,3.7566067749754457,,2,4.348804072849694,3.2282002841942425,5.469407861505145,1450.7770733478376,,
Europe,2022-03-07,2020-2022,3.1806455532925795,,2,3.81710002708028,2.908234407553588,4.725965646606973,1122.870096452196,,
Europe,2022-03-14,2020-2022,2.7574630978328964,,2,3.44925450004052,2.65992090492148,4.23858809515956,896.0162372500394,,
Europe,2022-03-21,2020-2022,2.5294403801620575,,2,3.432411237045413,2.6478098304432938,4.217012643647532,885.6288356612639,,
Europe,2022-03-28,2020-2022,2.265418381624635,,2,3.5821544204535254,2.7530056122437827,4.411303228663268,977.9768908862898,,
Europe,2022-04-04,2020-2022,2.0776766774689053,,2,3.6421457453442576,2.7936918899557206,4.490599600732795,1014.9741154539872,,
Europe,2022-04-11,2020-2022,1.8775261302871944,,2,3.562534364382432,2.739527055087287,4.385541673677577,965.877014415564,,
Europe,2022-04-18,2020-2022,1.6250402649365632,,2,3.284117078651967,2.5377914339325747,4.030442723371359,794.1744080393862,,
Europe,2022-04-25,2020-2022,1.4115263483422564,,2,3.036966574939045,2.3389733450393306,3.734959804838759,641.7543255601094,,
Europe,2022-05-02,2020-2022,1.227548205368033,,2,2.840151725264258,2.1644996834290255,3.5158037670994906,520.376722966095,,
Europe,2022-05-09,2020-2022,1.0339157097977718,,2,2.7104999168946855,2.040909184028089,3.380090649761282,440.4192111326103,,
Europe,2022-05-16,2020-2022,0.904400115225494,,2,2.570978535453943,1.8999497227772244,3.242007348130662,354.3750390700604,,
Europe,2022-05-23,2020-2022,0.7624484054447601,,2,2.4719406584811217,1.7949020756619498,3.1489792413002933,293.29743190360296,,
Europe,2022-05-30,2020-2022,0.617224033767064,,2,2.4223639880645176,1.740794889903687,3.1039330862253482,262.7230244861535,,
Europe,2022-06-06,2020-2022,0.5814156581778029,,2,2.335010337365074,1.643063385105488,3.02695728962466,208.85119155660985,,
Europe,2022-06-13,2020-2022,0.5544980140752891,,2,2.2694688756448924,1.5677985431141832,2.9711392081756016,168.43114445524455,,
Europe,2022-06-20,2020-2022,0.6000698309904874,,2,2.3047684021359114,1.6085364948787804,3.001000309393042,190.20070048855953,,
Europe,2022-06-27,2020-2022,0.6752046937082438,,2,2.371030020488187,1.6837265612059946,3.058333479770379,231.06487508152503,,
Europe,2022-07-04,2020-2022,0.7738209055367037,,2,2.4997531208792148,1.824814921973467,3.174691319784962,310.449643810859,,
Europe,2022-07-11,2020-2022,0.9641534670275282,,2,2.6910364512217653,2.0217422174847437,3.360330684958787,428.4159054600273,,
Europe,2022-07-18,2020-2022,1.175921963943455,,2,2.8909492789660236,2.211013523853908,3.570885034078139,551.7040607973056,,
Europe,2022-07-25,2020-2022,1.2991376843640805,,2,2.9794663684639784,2.2895781095299417,3.669354627398015,606.2933975755758,,
Europe,2022-08-01,2020-2022,1.24511149088173,,2,2.8661868136766513,2.1884714074838265,3.543902219869476,536.4328113153285,,
Europe,2022-08-08,2020-2022,1.1136050269888005,,2,2.7245217667314114,2.0546176348498006,3.3944258986130222,449.0666202073184,,
Europe,2022-08-15,2020-2022,0.9970709912744729,,2,2.5723402218534175,1.9013653801981714,3.2433150635086636,355.2148041128209,,
Europe,2022-08-22,2020-2022,0.8915821894623922,,2,2.455344950710238,1.7769013632695199,3.133788538150956,283.0626999923208,,
Europe,2022-08-29,2020-2022,0.7763572185068492,,2,2.3898550519395814,1.7047761819143563,3.0749339219648064,242.67445225572095,,
Europe,2022-09-05,2020-2022,0.6953588365570357,,2,2.3691051658535445,1.6815663709183593,3.0566439607887297,229.87779879494943,,
Europe,2022-09-12,2020-2022,0.6338055207116723,,2,2.349867807694281,1.6598973555173564,3.0398382598712055,218.01393579135953,,
Europe,2022-09-19,2020-2022,0.6261420374362858,,2,2.3318059609623627,1.6394215568821755,3.02419036504255,206.8750219423117,,
Europe,2022-09-26,2020-2022,0.6923588964848203,,2,2.3495250423239793,1.6595099554010069,3.0395401292469515,217.80254910499823,,
Europe,2022-10-03,2020-2022,0.8454376567152257,,2,2.402487886129143,1.7188230889660778,3.086152683292209,250.46524207889925,,
Europe,2022-10-10,2020-2022,1.0254613332306195,,2,2.455206933587194,1.7767511886633913,3.133662678510997,282.9775835108173,,
Europe,2022-10-17,2020-2022,1.1167140557909143,,2,2.5396322421300135,1.8671449280649104,3.2121195561951166,335.04347978906986,,
Europe,2022-10-24,2020-2022,1.0962326467524262,,2,2.5827626151921828,1.9121749157855148,3.2533503145988507,361.642393895002,,
Europe,2022-10-31,2020-2022,0.9247451633516088,,2,2.5509428360187085,1.8790294796416709,3.222856192395746,342.01883135625496,,
Europe,2022-11-07,2020-2022,0.7905387533936855,,2,2.45234660499521,1.7736371514520841,3.1310560585383356,281.21359147617216,,
Europe,2022-11-14,2020-2022,0.7300763248473094,,2,2.324453906890793,1.6310509166658531,3.0178568971157325,202.34093978934789,,
Europe,2022-11-21,2020-2022,0.7085040285098338,,2,2.2562259535894196,1.5523960348509098,2.9600558723279295,160.26410760264554,,
Europe,2022-11-28,2020-2022,0.7237764506956571,,2,2.247880981073858,1.5426572045922686,2.9531047575554474,155.11768313657765,,
Europe,2022-12-05,2020-2022,0.7989385855958883,,2,2.2691360160213265,1.5674121936494867,2.9708598383931664,168.22586673775754,,
Europe,2022-12-12,2020-2022,0.894991212271728,,2,2.295061212555872,1.5973802763995557,2.992742148712188,184.21418371354144,,
Europe,2022-12-19,2020-2022,1.058024319105393,,2,2.328453263691119,1.6356069339443016,3.021299593437936,204.80738142799345,,
Europe,2022-12-26,2020-2022,1.1380136303036434,,2,2.339065458212872,1.6476664286823004,3.0304644877434432,211.3520234173559,,
Europe,2023-01-02,2023-2026,1.0996962139267117,,2,1.3075579645652198,1.1341370075144943,1.4809789216159452,200.73379007611473,,
Europe,2023-01-09,2023-2026,0.9883438928825736,,2,1.1029968107639632,0.9580170213124704,1.247976600215456,169.16435708107642,,
Europe,2023-01-16,2023-2026,0.7863115651101094,,2,0.8098987379641198,0.7056191320179703,0.9141783439102693,123.9312334000314,,
Europe,2023-01-23,2023-2026,0.6198694354671085,,2,0.5933862699590625,0.5190824304412708,0.6676901094768543,90.51738270423014,,
Europe,2023-01-30,2023-2026,0.543534596720466,,2,0.42644745742716067,0.37510907432681473,0.4777858405275066,64.75411554150479,,
Europe,2023-02-06,2023-2026,0.4881993384793307,,2,0.3481369261508821,0.30745851690854925,0.38881533539321494,52.66863878312557,,
Europe,2023-02-13,2023-2026,0.4686724558274565,,2,0.36709008822371963,0.3238430497297807,0.4103371267176586,55.59363489790046,,
Europe,2023-02-20,2023-2026,0.5075898602188317,,2,0.404864758826857,0.356475355481251,0.45325416217246306,61.42330935150658,,
Europe,2023-02-27,2023-2026,0.5090898302549393,,2,0.4464964364359402,0.39241297289718696,0.5005798999746935,67.84822645980518,,
Europe,2023-03-06,2023-2026,0.5196714370551169,,2,0.5039146991665391,0.4419460347621176,0.5658833635709606,76.70944944511477,,
Europe,2023-03-13,2023-2026,0.5412982777575418,,2,0.5201098520603333,0.45591207029924047,0.5843076338214263,79.20880860800727,,
Europe,2023-03-20,2023-2026,0.572688559785904,,2,0.4904217131438132,0.4303087104225125,0.5505347158651139,74.62710922444272,,
Europe,2023-03-27,2023-2026,0.5524253282072132,,2,0.4530275124428018,0.3980487858940928,0.5080062389915108,68.85615177970458,,
Europe,2023-04-03,2023-2026,0.4998991047609705,,2,0.44518096130754903,0.39127776100347256,0.4990841616116255,67.64521233346363,,
Europe,2023-04-10,2023-2026,0.4426002493816579,,2,0.41034048589944244,0.36120355807605486,0.45947741372283,62.26836519766716,,
Europe,2023-04-17,2023-2026,0.4385366941929299,,2,0.34879731445754514,0.3080295595433703,0.38956506937172,52.77055492903347,,
Europe,2023-04-24,2023-2026,0.433245890792841,,2,0.2971240942341994,0.26330448282056906,0.3309437056478297,44.79595059597585,,
Europe,2023-05-01,2023-2026,0.3755379526764081,,2,0.2864412486590383,0.2540444826113055,0.3188380147067711,43.14729262101622,,
Europe,2023-05-08,2023-2026,0.3448022030274385,,2,0.2574253380322013,0.22885962909623894,0.28599104696816363,38.66933661958536,,
Europe,2023-05-15,2023-2026,0.2687946304704922,,2,0.21410319359369978,0.19112268100126634,0.23708370618613323,31.98353381373393,,
Europe,2023-05-22,2023-2026,0.256958503276479,,2,0.17627038337244855,0.15793294823005155,0.19460781851484554,26.144886812093624,,
Europe,2023-05-29,2023-2026,0.224695511408927,,2,0.13599288173177726,0.12209803098353005,0.14988773248002446,19.928956438098535,,
Europe,2023-06-05,2023-2026,0.2032595759838248,,2,0.13235199859499056,0.11881592035331372,0.14588807683666738,19.3670676625726,,
Europe,2023-06-12,2023-2026,0.1626512962790192,,2,0.12015469549023353,0.10774486226438491,0.13256452871608213,17.484687083804914,,
Europe,2023-06-19,2023-2026,0.135079119797113,,2,0.09786725282598221,0.08711913059121643,0.108615375060748,14.04511943009768,,
Europe,2023-06-26,2023-2026,0.1100432562853524,,2,0.07218986397850612,0.062438739457171925,0.0819409884998403,10.082389499978566,,
Europe,2023-07-03,2023-2026,0.074616691250737,,2,0.060719041025927664,0.0510122163917189,0.07042586566013642,8.312124863364307,,
Europe,2023-07-10,2023-2026,0.0575170328391096,,2,0.04883752970709715,0.038902075950364025,0.058772983463830274,6.47847967467888,,
Europe,2023-07-17,2023-2026,0.0526898565410904,,2,0.03115336641139254,0.02040431477386241,0.04190241804892267,3.7493251022547054,,
Europe,2023-07-24,2023-2026,0.0481354020678181,,2,0.026699942350325242,0.01566848398691304,0.03773140071373744,3.062038831710176,,
Europe,2023-07-31,2023-2026,0.0575988493865337,,2,0.02683813439094871,0.0158158553461257,0.03786041343577172,3.0833656784053796,,
Europe,2023-08-07,2023-2026,0.0685895389238316,,2,0.02887461147041954,0.01798455548881844,0.03976466745202065,3.3976503092436454,,
Europe,2023-08-14,2023-2026,0.0780802584250219,,2,0.035233742649241694,0.024717943305796915,0.04574954199268647,4.379039795595175,,
Europe,2023-08-21,2023-2026,0.0929708700561998,,2,0.04067836767687856,0.030432888523701594,0.050923846830055526,5.219295737640211,,
Europe,2023-08-28,2023-2026,0.0977435019892696,,2,0.04659977291628346,0.036591172101596764,0.05660837373097016,6.133132028001946,,
Europe,2023-09-04,2023-2026,0.1074523989502574,,2,0.05787815196574303,0.04814173269877754,0.06761457123270852,7.873697257901275,,
Europe,2023-09-11,2023-2026,0.1261883883103658,,2,0.07077772510814458,0.061046193658250536,0.08050925655803862,9.864457489823362,,
Europe,2023-09-18,2023-2026,0.1341791377754484,,2,0.088939022047946,0.0786670108686711,0.0992110332272209,12.667246954929183,,
Europe,2023-09-25,2023-2026,0.1454425491374932,,2,0.11091456068188917,0.0992650725520337,0.12256404881174462,16.058679206568602,,
Europe,2023-10-02,2023-2026,0.1616967698924053,,2,0.13111003739102325,0.1176941510264234,0.1445259237556231,19.17539876414052,,
Europe,2023-10-09,2023-2026,0.1783328012019629,,2,0.1510022691619085,0.13554039904468024,0.16646413927913678,22.24531925658588,,
Europe,2023-10-16,2023-2026,0.1985960327806537,,2,0.16156547789371667,0.1449315915761104,0.17819936421132293,23.87551396401016,,
Europe,2023-10-23,2023-2026,0.1525878609458606,,2,0.15345102505311156,0.13772193837595495,0.16918011173026817,22.623229889137583,,
Europe,2023-10-30,2023-2026,0.2014323397580209,,2,0.14069512215243246,0.12632367648726905,0.15506656781759587,20.654641941567416,,
Europe,2023-11-06,2023-2026,0.1826418060329631,,2,0.13392600947201627,0.12023597993029216,0.1476160390137404,19.609980991874625,,
Europe,2023-11-13,2023-2026,0.185505385192805,,2,0.19422774985843977,0.1737242274378386,0.21473127227904093,28.916204178623666,,
Europe,2023-11-20,2023-2026,0.1844963144412417,,2,0.16002256906163959,0.14356287096038958,0.1764822671628896,23.63740053882369,,
Europe,2023-11-27,2023-2026,0.2107866983468378,,2,0.197514493801608,0.17660640633242616,0.2184225812707898,29.423439500470323,,
Europe,2023-12-04,2023-2026,0.229277238064674,,2,0.23869872608222745,0.21257181015647775,0.26482564200797715,35.77930344274302,,
Europe,2023-12-11,2023-2026,0.2663128618652958,,2,0.2794213757412244,0.24795629908132855,0.31088645240112023,42.063932444391845,,
Europe,2023-12-18,2023-2026,0.2554312610578967,,2,0.3186528944043368,0.2819501467552302,0.3553556420534434,48.11843877031928,,
Europe,2023-12-25,2023-2026,0.2361498280482945,,2,0.33542802974995506,0.2964666438092922,0.3743894156906179,50.70730523609366,,
Europe,2024-01-01,2023-2026,0.2302317644512879,,2,0.2972834922145608,0.263442608143254,0.3311243762858676,44.82055010456802,,
Europe,2024-01-08,2023-2026,0.1838417820618492,,2,0.21146941587828572,0.1888210206491855,0.23411781110738594,31.577069206131227,,
Europe,2024-01-15,2023-2026,0.1429880527147715,,2,0.15312692760745494,0.1374333719821465,0.16882048323276339,22.573212706479016,,
Europe,2024-01-22,2023-2026,0.1036615655862762,,2,0.11265433132119737,0.10086867322687126,0.12443998941552348,16.327173843031876,,
Europe,2024-01-29,2023-2026,0.0815165534168322,,2,0.0897609289289435,0.07945043735412417,0.10007142050376282,12.794089875618942,,
Europe,2024-02-05,2023-2026,0.0668168470629771,,2,0.07696650190440787,0.06712022212750049,0.08681278168131526,10.819556592269294,,
Europe,2024-02-12,2023-2026,0.0385628660192038,,2,0.07003551721732755,0.06031270392840944,0.07975833050624566,9.749914323429689,,
Europe,2024-02-19,2023-2026,0.0400901082377861,,2,0.065979351094012,0.05628482448346501,0.07567387770455898,9.123935919088249,,
Europe,2024-02-26,2023-2026,0.0314993707582604,,2,0.0596495547984932,0.04993346982390762,0.06936563977307879,8.147073615027514,,
Europe,2024-03-04,2023-2026,0.0267267388251906,,2,0.053637670882874515,0.04382750224877911,0.06344783951696992,7.219273967238741,,
Europe,2024-03-11,2023-2026,0.0311175602036148,,2,0.04927472549802144,0.03935248208819832,0.059196968907844566,6.545951054121249,,
Europe,2024-03-18,2023-2026,0.0301630338170009,,2,0.04536081588711234,0.035307787666829626,0.055413844107395055,5.941926756671933,,
Europe,2024-03-25,2023-2026,0.0225268227240891,,2,0.045035481428304325,0.034970329093158004,0.055100633763450646,5.891718668736039,,
Europe,2024-04-01,2023-2026,0.0221450121694436,,2,0.04438604952383925,0.03429612992690093,0.05447596912077756,5.791493398141571,,
Europe,2024-04-08,2023-2026,0.020808675228184,,2,0.04003918530995342,0.02976450286836256,0.05031386775154428,5.1206522536292765,,
Europe,2024-04-15,2023-2026,0.0171814749590509,,2,0.037811324624350905,0.027429526436117554,0.048193122812584255,4.776831849170927,,
Europe,2024-04-22,2023-2026,0.0185178119003105,,2,0.0353360613084756,0.024825782435621536,0.045846340181329666,4.3948303892480185,,
Europe,2024-04-29,2023-2026,0.014317895799209,,2,0.033194791543468515,0.02256559560162861,0.04382398748530842,4.064373354202263,,
Europe,2024-05-06,2023-2026,0.0179450960683421,,2,0.031784596550915915,0.021073268548873307,0.042495924552958524,3.846741338054279,,
Europe,2024-05-13,2023-2026,0.0072544005382657,,2,0.027160641391125152,0.01615968343428581,0.038161599347964495,3.133137411421679,,
Europe,2024-05-20,2023-2026,0.0188996224549561,,2,0.02792511551866686,0.016974126943467262,0.03887610409386646,3.2511168728071653,,
Europe,2024-05-27,2023-2026,0.0190905277322789,,2,0.029386028050425325,0.0185282656213537,0.04024379047949695,3.476576005325384,,
Europe,2024-06-03,2023-2026,0.0267267388251906,,2,0.030804882135037244,0.020034753409753282,0.041575010860321206,3.6955443584146273,,
Europe,2024-06-10,2023-2026,0.0236722543880259,,2,0.03264926874371796,0.021988654878338586,0.04330988260909733,3.980184126902912,,
Europe,2024-06-17,2023-2026,0.0362720026913302,,2,0.03493155800798052,0.024399358980711865,0.04546375703524917,4.332404363563464,,
Europe,2024-06-24,2023-2026,0.0358901921366847,,2,0.03481775279805529,0.024279340548389546,0.04535616504772103,4.314841078049768,,
Europe,2024-07-01,2023-2026,0.0356992868593619,,2,0.038732899422115344,0.02839640587084173,0.049069392973388956,4.919056280776408,,
Europe,2024-07-08,2023-2026,0.0418082557336912,,2,0.04132073093476449,0.031103902768597865,0.05153755910093111,5.31843012093569,,
Europe,2024-07-15,2023-2026,0.0482990351626662,,2,0.045026822336244554,0.034961344718010136,0.05509229995447897,5.890382331794778,,
Europe,2024-07-22,2023-2026,0.054980719868964,,2,0.05194048883920626,0.04209102709560701,0.06178995058280551,6.957351926751869,,
Europe,2024-07-29,2023-2026,0.0513535195998309,,2,0.059008781986087895,0.04928605941911856,0.06873150455305724,8.048184681374307,,
Europe,2024-08-05,2023-2026,0.0559352462555779,,2,0.06795857213619078,0.05825434139971266,0.07766280287266888,9.429384362804717,,
Europe,2024-08-12,2023-2026,0.0498262773812486,,2,0.07274828705826403,0.06298833151933195,0.08250824259719611,10.16856959659857,,
Europe,2024-08-19,2023-2026,0.0631896467938441,,2,0.07603997905403785,0.06621560650585936,0.08586435160221634,10.676568539554522,,
Europe,2024-08-26,2023-2026,0.0599442570793566,,2,0.07593854397562612,0.06611646979038202,0.08576061816087022,10.660914306814051,,
Europe,2024-09-02,2023-2026,0.0618533098525845,,2,0.09138141615722749,0.08099177712149336,0.10177105519296162,13.0441757889118,,
Europe,2024-09-09,2023-2026,0.0507808037678625,,2,0.09714960848202801,0.08644431196795364,0.10785490499610238,13.934367097067986,,
Europe,2024-09-16,2023-2026,0.0511626143225081,,2,0.0990991412085742,0.08827574778311036,0.10992253463403805,14.235233814128708,,
Europe,2024-09-23,2023-2026,0.0566988673648691,,2,0.10791657095148179,0.0964934746387322,0.11933966726423137,15.596006630885574,,
Europe,2024-09-30,2023-2026,0.0628078362391985,,2,0.12051678691125374,0.10807539297737552,0.13295818084513197,17.540567785695547,,
Europe,2024-10-07,2023-2026,0.0643350784577808,,2,0.1247152095469757,0.11189904966027052,0.13753136943368088,18.188500296929103,,
Europe,2024-10-14,2023-2026,0.0702531420547874,,2,0.11321098723931047,0.1013810429127081,0.12504093156591284,16.41308121782713,,
Europe,2024-10-21,2023-2026,0.066053225953686,,2,0.10500340498002464,0.09378977032909261,0.11621703963095667,15.1464247027904,,
Europe,2024-10-28,2023-2026,0.0652896048443948,,2,0.0869281688123248,0.07674548744466309,0.09711085017998652,12.356916790549748,,
Europe,2024-11-04,2023-2026,0.0477263193306978,,2,0.07627501155279669,0.06644523754459511,0.08610478556099826,10.712840542245852,,
Europe,2024-11-11,2023-2026,0.0448627401708559,,2,0.06383931834215585,0.05414646792518816,0.07353216875912355,8.793669789319814,,
Europe,2024-11-18,2023-2026,0.0414264451790457,,2,0.05800309029403038,0.048268308830905896,0.06773787175715486,7.892978690910877,,
Europe,2024-11-25,2023-2026,0.041999161011014,,2,0.05828512929254089,0.04855393162818006,0.06801632695690173,7.936505094140474,,
Europe,2024-12-02,2023-2026,0.0376083396325898,,2,0.06279899028186062,0.05310364348767574,0.0724943370760455,8.633118451091347,,
Europe,2024-12-09,2023-2026,0.0286357915984185,,2,0.06478563340294775,0.05509317237789665,0.07447809442799885,8.939712326471751,,
Europe,2024-12-16,2023-2026,0.0406628240697545,,2,0.06743902661261862,0.05773810066219928,0.07713995256303796,9.349204146329145,,
Europe,2024-12-23,2023-2026,0.0335993288088111,,2,0.06647910440716183,0.056782866339486836,0.07617534247483683,9.201061651126656,,
Europe,2024-12-30,2023-2026,0.0353174763047163,,2,0.06013570096697858,0.05042410757570906,0.0698472943582481,8.222099389015373,,
Europe,2025-01-06,2023-2026,0.0376083396325898,,2,0.048382839015889155,0.038433269457889094,0.058332408573889216,6.408308349171516,,
Europe,2025-01-13,2023-2026,0.0370356238006214,,2,0.03434645078738621,0.023782093350417262,0.04491080822435516,4.2421061673897835,,
Europe,2025-01-20,2023-2026,0.025390401883931,,2,0.03276554797994598,0.022111668586782263,0.04341942737310969,3.998129222971254,,
Europe,2025-01-27,2023-2026,0.0175632855136965,,2,0.030496865860348315,0.019707960086125544,0.04128577163457109,3.648008944361252,,
Europe,2025-02-03,2023-2026,0.0173723802363737,,2,0.027434021297576352,0.01645102512845222,0.03841701746670048,3.175327477710016,,
Europe,2025-02-10,2023-2026,0.0167996644044054,,2,0.02602630033132654,0.014949725640501205,0.03710287502215188,2.958077272116678,,
Europe,2025-02-17,2023-2026,0.0125997483033039,,2,0.02355474805490542,0.012307487891544228,0.034802008218266615,2.576648528025738,,
Europe,2025-02-24,2023-2026,0.014317895799209,,2,0.02241298491619844,0.01108420965219783,0.03374176018019905,2.4004429570567996,,
Europe,2025-03-03,2023-2026,0.0103088849754304,,2,0.021232874369799322,0.009818129032023996,0.03264761970757465,2.218319322490855,,
Europe,2025-03-10,2023-2026,0.0103088849754304,,2,0.019926588481961018,0.008414692586425201,0.031438484377496835,2.0167233496379855,,
Europe,2025-03-17,2023-2026,0.0085907374795253,,2,0.01824919864871442,0.006609569870428119,0.02988882742700072,1.7578557935882784,,
Europe,2025-03-24,2023-2026,0.0062998741516517,,2,0.017775422611742774,0.006099122137706022,0.029451723085779525,1.6847390723736484,,
Europe,2025-03-31,2023-2026,0.0049635372103922,,2,0.012288032272301588,0.0001688772555562927,0.024407187289046884,0.8378832621697386,,
Europe,2025-04-07,2023-2026,0.004199916101101,,2,0.012028259510515735,-0.00011265278389267427,0.024169171804924144,0.797793153931952,,
Europe,2025-04-14,2023-2026,0.004199916101101,,2,0.011768486748729658,-0.0003942515570924572,0.023931225054551773,0.7577030456941655,,
Europe,2025-04-21,2023-2026,0.0038181055464554,,2,0.01143449319786188,-0.0007564075249119322,0.023625393920635694,0.7061586208170114,,
Europe,2025-04-28,2023-2026,0.0028635791598415,,2,0.010908762608533198,-0.00132669490745237,0.023144220124518767,0.6250238779548243,,
Europe,2025-05-05,2023-2026,0.0036272002691326,,2,0.010648989846747123,-0.0016085856835431431,0.02290656537703739,0.5849337697170378,,
Europe,2025-05-12,2023-2026,0.0022908633278731,,2,0.010627960623174074,-0.0016314083401333772,0.022887329586481524,0.5816883800025503,,
Europe,2025-05-19,2023-2026,0.0038181055464554,,2,0.010587139189179147,-0.001675712392849778,0.02284999077120807,0.5753885058508982,,
Europe,2025-05-26,2023-2026,0.0036272002691326,,2,0.010953295081982088,-0.0012783775070007546,0.02318496767096493,0.6318964679384449,,
Europe,2025-06-02,2023-2026,0.0040090108237782,,2,0.01137140552714251,-0.000824827388476064,0.023567638442761083,0.696422451673549,,
Europe,2025-06-09,2023-2026,0.0045817266557466,,2,0.012031970549969698,-0.00010863044136362465,0.02417257154130302,0.7983658697639205,,
Europe,2025-06-16,2023-2026,0.0062998741516517,,2,0.012541619968330909,0.0004436375455064336,0.024639602391155382,0.8770188440209111,,
Europe,2025-06-23,2023-2026,0.0047726319330694,,2,0.012575019323417464,0.00047982055997088796,0.02467021808686404,0.8821732865086265,,
Europe,2025-06-30,2023-2026,0.0053453477650378,,2,0.012951071321431567,0.0008871350050887947,0.02501500763777434,0.9402084908147558,,
Europe,2025-07-07,2023-2026,0.0053453477650378,,2,0.01246616216609781,0.00036188650833904323,0.024570437823856577,0.8653736221042208,,
Europe,2025-07-14,2023-2026,0.0059180635970062,,2,0.012755623243516478,0.0006754569328052181,0.024835789554227737,0.9100454569977544,,
Europe,2025-07-21,2023-2026,0.0070634952609429,,2,0.013251665517212567,0.0012126130657298673,0.025290717968695267,0.9865984732041942,,
Europe,2025-07-28,2023-2026,0.0101179796981076,,2,0.013924600671553261,0.0019409122536950107,0.025908289089411514,1.0904509440677936,,
Europe,2025-08-04,2023-2026,0.0101179796981076,,2,0.014309311761626906,0.0023570594146995315,0.026261564108554278,1.1498224853151822,,
Europe,2025-08-11,2023-2026,0.0076362110929113,,2,0.015550035952442825,0.003698084676650202,0.027401987228235447,1.3413004784699436,,
Europe,2025-08-18,2023-2026,0.0125997483033039,,2,0.017944893413479455,0.006281740143036077,0.029608046683922834,1.710893095366871,,
Europe,2025-08-25,2023-2026,0.0101179796981076,,2,0.020047815770794623,0.008545022367311963,0.03155060917427728,2.035432066815619,,
Europe,2025-09-01,2023-2026,0.0118361271940127,,2,0.025062667086415562,0.013920498041749855,0.03620483613108127,2.809362061082222,,
Europe,2025-09-08,2023-2026,0.0146997063538546,,2,0.02848177143677953,0.01756665859864756,0.039396884274911496,3.337024247602422,,
Europe,2025-09-15,2023-2026,0.0127906535806267,,2,0.03459137939135577,0.0240405482998969,0.045142210482814644,4.279905412299697,,
Europe,2025-09-22,2023-2026,0.0137451799672407,,2,0.03998599374444521,0.029708850033715067,0.050263137455175355,5.112443326704397,,
Europe,2025-09-29,2023-2026,0.0187087171776333,,2,0.04312800714890424,0.032987985768485925,0.05326802852932255,5.597342731104291,,
Europe,2025-10-06,2023-2026,0.0125997483033039,,2,0.04366115981714129,0.03354271160654229,0.05377960802774029,5.679622905630415,,
Europe,2025-10-13,2023-2026,0.0124088430259811,,2,0.039963727507720544,0.029685552087368047,0.05024190292807304,5.109007031712586,,
Europe,2025-10-20,2023-2026,0.0125997483033039,,2,0.04049935420226039,0.030245765747175676,0.050752942657345104,5.191669016793356,,
Europe,2025-10-27,2023-2026,0.0125997483033039,,2,0.03454684691790688,0.0239935634053183,0.04510013043049546,4.273032822316076,,
Europe,2025-11-03,2023-2026,0.0124088430259811,,2,0.03164110302535809,0.02092125123008112,0.04236095482063505,3.824596325884836,,
Europe,2025-11-10,2023-2026,0.0074453058155885,,2,0.025850644463832888,0.014762205089671706,0.03693908383799407,2.9309687227368415,,
Europe,2025-11-17,2023-2026,0.008781642756848,,2,0.022782851848455785,0.011480663573197287,0.034085040123714286,2.4575236349763143,,
Europe,2025-11-24,2023-2026,0.0066816847062973,,2,0.01891842276360115,0.007330151291153044,0.03050669423604925,1.861135548619909,,
Europe,2025-12-01,2023-2026,0.0103088849754304,,2,0.017951078479236205,0.006288404410302553,0.029613752548169857,1.7118476217534848,,
Europe,2025-12-08,2023-2026,0.0083998322022025,,2,0.017780370664348354,0.006104454516880865,0.029456286811815842,1.6855026934829396,,
Europe,2025-12-15,2023-2026,0.0089725480341708,,2,0.019316740998339695,0.0077587884956850095,0.03087469350099438,1.9226070479178483,,
Europe,2025-12-22,2023-2026,0.0083998322022025,,2,0.01947260465541125,0.007926465191391872,0.03101874411943063,1.9466611128605205,,
Europe,2025-12-29,2023-2026,0.0112634113620444,,2,0.017909020032089884,0.006243086526331449,0.02957495353784832,1.70535684232451,,
Europe,2026-01-05,2023-2026,0.0110725060847216,,2,0.015144295638796133,0.0032597274219015333,0.027028863855690734,1.2786835475080678,,
Europe,2026-01-12,2023-2026,0.0110725060847216,,2,0.015724454806784863,0.003886469528686822,0.027562440084882907,1.3682181225724577,,
Europe,2026-01-19,2023-2026,0.0099270744207848,,2,0.016355331513979457,0.004567581575916767,0.028143081452042147,1.465579814007082,,
Europe,2026-01-26,2023-2026,0.0104997902527532,,2,0.015135636546736587,0.0032503702830707186,0.027020902810402456,1.277347210566808,,
Europe,2026-02-02,2023-2026,0.0091634533114936,,2,0.015348402808770763,0.003480264941671177,0.02721654067587035,1.3101829182663285,,
Europe,2026-02-09,2023-2026,0.0068725899836201,,2,0.01608937368643663,0.0042804997836006185,0.027898247589272642,1.4245351793826817,,
Europe,2026-02-16,2023-2026,0.0093543585888164,,2,0.015564880110259121,0.003714118728425333,0.02741564149209291,1.3435913417978171,,
Europe,2026-02-23,2023-2026,0.0091634533114936,,2,0.01553271776832374,0.003679377977997207,0.02738605755865027,1.3386278045874247,,
Europe,2026-03-02,2023-2026,0.0062998741516517,,2,0.0133914480033164,0.0013639349445725944,0.025418961062060205,1.00817076954167,,
Europe,2026-03-09,2023-2026,0.0066816847062973,,2,0.01231524656163158,0.0001983668861759401,0.02443212623708722,0.8420831782708401,,
Europe,2026-03-16,2023-2026,0.0062998741516517,,2,0.011310791882725749,-0.0008905678870097418,0.02351215165246124,0.687068093084732,,
Europe,2026-03-23,2023-2026,0.0045817266557466,,2,0.010618064517963106,-0.0016421485652188487,0.02287827760114506,0.5801611377839679,,
Europe,2026-03-30,2023-2026,0.0040090108237782,,2,0.010066356652455716,-0.002241068770017793,0.022373782074929224,0.4950173840980023,,
Europe,2026-04-06,2023-2026,0.0022908633278731,,2,0.009560418273548716,-0.0027905644579402818,0.021911401005037714,0.4169371256729799,,
Europe,2026-04-13,2023-2026,0.0009545263866135,,2,0.009146018867842493,-0.003240824995253829,0.021532862730938816,0.3529838577698442,,
Europe,2026-04-20,2023-2026,0.0015272422185819,,2,0.008460713581988022,-0.003985795673422001,0.020907222837398043,0.2472223341330169,,
Europe,2026-04-27,2023-2026,0.0020999580505503,,2,0.008104453794395807,-0.004373248650882022,0.020582156239673636,0.1922416142640526,,
Europe,2020-01-20,2020-2022,8.181654742405416e-05,,3,2.0666705421132243,1.2998347909242205,2.833506293302228,,0.0020045054118893,
Europe,2020-01-27,2020-2022,0.0006272601969177,,3,2.0666684813698715,1.2998321358745333,2.8335048268652097,,0.0005690795409717,
Europe,2020-02-03,2020-2022,0.0007908932917658,,3,2.066667820992331,1.2998312850476261,2.8335043569370355,,0.0001090887298987,
Europe,2020-02-10,2020-2022,5.454436494936944e-05,,3,2.0666683299789725,1.2998319408233199,2.833504719134625,,0.0004636271020696,
Europe,2020-02-17,2020-2022,0.0002454496422721,,3,2.066670131008629,1.2998342612595937,2.8335060007576645,,0.0017181474959051,
Europe,2020-02-24,2020-2022,0.00302721225469,,3,2.0666776483498026,1.2998439465453773,2.833511350154228,,0.0069544065310446,
Europe,2020-03-02,2020-2022,0.0226359114539883,,3,2.066679566837915,1.2998464183075458,2.8335127153682844,,0.0082907434723041,
Europe,2020-03-09,2020-2022,0.1735874414513682,,3,2.066675416639142,1.2998410712284243,2.8335097620498595,,0.0053998921299875,
Europe,2020-03-16,2020-2022,0.7193856293172335,,3,2.0668405632280544,1.300053839518661,2.833627286937448,,0.1204339578082077,
Europe,2020-03-23,2020-2022,2.162629525877549,,3,2.067834379222927,1.3013340113009677,2.8343347471448856,,0.8126837655631299,
Europe,2020-03-30,2020-2022,4.250042372489917,,3,2.0723490515844567,1.3071447448853766,2.837553358283537,,3.95741185453655,
Europe,2020-04-06,2020-2022,5.4973356379696225,,3,2.0852665452655894,1.323726928121392,2.846806162409787,,12.955186657496906,
Europe,2020-04-13,2020-2022,5.433218736971639,,3,2.10695360471828,1.3514190577015213,2.862488151735039,,28.061466707684566,
Europe,2020-04-20,2020-2022,4.584535690541925,,3,2.123823027299008,1.372829266335144,2.8748167882628723,,39.811986520909706,
Europe,2020-04-27,2020-2022,3.50763902116405,,3,2.1219220013440374,1.370422312162863,2.8734216905252117,,38.48781297303386,
Europe,2020-05-04,2020-2022,2.5902028027156554,,3,2.11776283657552,1.365151115095638,2.870374558055402,,35.59071630093057,
Europe,2020-05-11,2020-2022,1.9807240687714016,,3,2.114838708317354,1.3614409582409592,2.8682364583937483,,33.55389335280874,
Europe,2020-05-18,2020-2022,1.5013609174138682,,3,2.110859020069362,1.3563859400868612,2.8653321000518632,,30.781812365169426,
Europe,2020-05-25,2020-2022,1.187403552765298,,3,2.109577744080228,1.3547570977487786,2.864398390411677,,29.88933019368536,
Europe,2020-06-01,2020-2022,1.0042163030828406,,3,2.1069142561355734,1.3513689832320392,2.8624595290391075,,28.03405816429751,
Europe,2020-06-08,2020-2022,0.8156291612703958,,3,2.1016883728239253,1.344713084318054,2.8586636613297967,,24.39393088067144,
Europe,2020-06-15,2020-2022,0.6916225475580043,,3,2.0987734846309523,1.3409958246443292,2.8565511446175753,,22.36354416761364,
Europe,2020-06-22,2020-2022,0.5635251064744103,,3,2.096833579927098,1.3385200550305216,2.8551471048236747,,21.01228934254043,
Europe,2020-06-29,2020-2022,0.5048353697888889,,3,2.0965093945889763,1.3381061733701411,2.8549126158078115,,20.786475671650045,
Europe,2020-07-06,2020-2022,0.4986445843671354,,3,2.095988113961953,1.3374405762202635,2.8545356517036424,,20.423373834182097,
Europe,2020-07-13,2020-2022,0.4534818501890574,,3,2.0946110310256714,1.3356817297046477,2.853540332346695,,19.464156632182483,
Europe,2020-07-20,2020-2022,0.4072282287119922,,3,2.0926541339985385,1.3331810379020264,2.852127230095051,,18.10106567991527,
Europe,2020-07-27,2020-2022,0.4077736723614859,,3,2.091545639397947,1.3317638363503796,2.8513274424455144,,17.328935649691992,
Europe,2020-08-03,2020-2022,0.4136917359584924,,3,2.0924740310329155,1.3329508107087065,2.8519972513571243,,17.975613640531716,
Europe,2020-08-10,2020-2022,0.4370639963392973,,3,2.0947598900420408,1.3358718925723,2.8536478875117814,,19.567845469951234,
Europe,2020-08-17,2020-2022,0.4568636008159184,,3,2.0984104596967654,1.3405326341539865,2.856288285239544,,22.110676491708357,
Europe,2020-08-24,2020-2022,0.4447547517971584,,3,2.102145951815064,1.345296311904073,2.8589955917260546,,24.71266087725308,
Europe,2020-08-31,2020-2022,0.4818176477802549,,3,2.107375202269113,1.3519555379890718,2.862794866549154,,28.355133568571972,
Europe,2020-09-07,2020-2022,0.5159351480560855,,3,2.1136237572029515,1.359898400358622,2.867349114047281,,32.70761025843681,
Europe,2020-09-14,2020-2022,0.6080605804555704,,3,2.121640844953572,1.3700662052254646,2.8732154846816798,,38.29197143068315,
Europe,2020-09-21,2020-2022,0.7672483095603051,,3,2.1296617305275984,1.3802126019054817,2.879110859149715,,43.87897800462953,
Europe,2020-09-28,2020-2022,0.8758461401744996,,3,2.141304878268492,1.3948940165498849,2.887715739987099,,51.98909781240385,
Europe,2020-10-05,2020-2022,1.0663968791251217,,3,2.1548380500223256,1.4118876975131227,2.8977884025315284,,61.41572768477863,
Europe,2020-10-12,2020-2022,1.404271947803991,,3,2.171484536453867,1.4326846472566683,2.910284425651066,,73.0109596909929,
Europe,2020-10-19,2020-2022,1.964169854009268,,3,2.185235397879193,1.4497743835685895,2.920696412189797,,82.58922289792692,
Europe,2020-10-26,2020-2022,2.989931181247109,,3,2.2214688648786223,1.4944088789134773,2.9485288508437675,,107.82790963075172,
Europe,2020-11-02,2020-2022,4.424475251598,,3,2.2883642353302918,1.575246636962646,3.0014818336979374,,154.42436971370626,
Europe,2020-11-09,2020-2022,5.728712834084847,,3,2.3782433674343197,1.6804768941060884,3.076009840762551,,217.03033725822752,
Europe,2020-11-16,2020-2022,6.556969015841021,,3,2.4984460834849473,1.8147460150455013,3.1821461519243934,,300.7584192241148,
Europe,2020-11-23,2020-2022,7.257836833257945,,3,2.577492961874391,1.8988081727969823,3.2561777509518,,355.819101132095,
Europe,2020-11-30,2020-2022,7.2235011555223165,,3,2.5889030328860767,1.9106579248752649,3.2671481408968885,,363.7668696375975,
Europe,2020-12-07,2020-2022,7.109367071865761,,3,2.544554243714125,1.86419635297745,3.2249121344508005,,332.8753958266974,
Europe,2020-12-14,2020-2022,7.289090754373933,,3,2.493401516876299,1.8092655779975968,3.1775374557550013,,297.244589417529,
Europe,2020-12-21,2020-2022,7.113976070703982,,3,2.448395273574186,1.7597650817865278,3.1370254653618446,,265.895161118514,
Europe,2020-12-28,2020-2022,6.644267271942488,,3,2.442708992268459,1.7534341166579963,3.1319838678789216,,261.9343402411681,
Europe,2021-01-04,2020-2022,6.775855552382842,,3,2.466556895780441,1.7798707657020196,3.1532430258588624,,278.5457720421336,
Europe,2021-01-11,2020-2022,7.239728104094754,,3,2.4830990791031957,1.798030262471623,3.1681678957347685,,290.06835095423537,
Europe,2021-01-18,2020-2022,7.595002825192472,,3,2.462607746730968,1.7755138424551578,3.149701651006778,,275.79496335682455,
Europe,2021-01-25,2020-2022,7.4369605277516735,,3,2.507778314412803,1.8248482350192101,3.190708393806396,,307.25885300568586,
Europe,2021-02-01,2020-2022,6.707020563816736,,3,2.5171397533433444,1.8349345218703847,3.199344984816304,,313.779631835383,
Europe,2021-02-08,2020-2022,5.817729237682218,,3,2.4717585434973675,1.785596790787221,3.157920296207514,,282.16901784480785,
Europe,2021-02-15,2020-2022,4.908256496516432,,3,2.42823235504449,1.7372391576743123,3.119225552414668,,251.85053258770083,
Europe,2021-02-22,2020-2022,4.26228758242105,,3,2.3866155320969487,1.690073275181516,3.0831577890123816,,222.8620298533368,
Europe,2021-03-01,2020-2022,3.9396576637455296,,3,2.3381076173092983,1.6339797610187787,3.042235473599818,,189.0734866425159,
Europe,2021-03-08,2020-2022,3.884867849153888,,3,2.306825768127128,1.597184897913194,3.016466638341062,,167.28388555508198,
Europe,2021-03-15,2020-2022,4.028974061350122,,3,2.3188878510271884,1.6114295306417974,3.0263461714125794,,175.68581771533542,
Europe,2021-03-22,2020-2022,4.249578745387846,,3,2.340337017953982,1.6365836731985022,3.044090362709462,,190.62639198480687,
Europe,2021-03-29,2020-2022,4.481801379159787,,3,2.357857786825168,1.6569614782055648,3.0587540954447707,,202.83061182568085,
Europe,2021-04-05,2020-2022,4.674070265606315,,3,2.392098140440247,1.6963381338432186,3.087858147037275,,226.6809808374494,
Europe,2021-04-12,2020-2022,4.824449079771726,,3,2.4330182389805572,1.7426053149996628,3.1234311629614515,,255.1841750846764,
Europe,2021-04-19,2020-2022,4.511582602422143,,3,2.4549451877528945,1.7670363502831221,3.142854025222667,,270.4575517968865,
Europe,2021-04-26,2020-2022,4.108663378541151,,3,2.4174234364097993,1.7250755215703177,3.1097713512492806,,244.32150117191463,
Europe,2021-05-03,2020-2022,3.435558642883457,,3,2.398237928843977,1.7033355986925478,3.0931402589954056,,230.95769540439957,
Europe,2021-05-10,2020-2022,2.9277778773873027,,3,2.371367701804745,1.6725691202501412,3.0701662833593493,,212.2410420216657,
Europe,2021-05-17,2020-2022,2.342325936203246,,3,2.336353062048761,1.6319287291939717,3.0407773949035506,,187.8513383292778,
Europe,2021-05-24,2020-2022,1.904334685659809,,3,2.289612270576423,1.5767348599487887,3.0024896812040573,,155.29369780226935,
Europe,2021-05-31,2020-2022,1.5851683341585738,,3,2.248662180977054,1.5275198928678142,2.969804469086294,,126.76961306326668,
Europe,2021-06-07,2020-2022,1.3627091417125703,,3,2.211739076230563,1.4824804017363236,2.940997750724802,,101.0505541083328,
Europe,2021-06-14,2020-2022,1.1903489484725631,,3,2.1874205558388438,1.4524825768264027,2.922358534851285,,84.11131067402157,
Europe,2021-06-21,2020-2022,1.1625585945308592,,3,2.164538983043067,1.4240217084139553,2.9050562576721783,,68.17298360871375,
Europe,2021-06-28,2020-2022,1.3281280143346703,,3,2.151783816947906,1.4080591960100377,2.8955084378857747,,59.28827927429344,
Europe,2021-07-05,2020-2022,1.2659201661099144,,3,2.147035872093076,1.4020998263507645,2.891971917835387,,55.98106352213584,
Europe,2021-07-12,2020-2022,1.2784926422307443,,3,2.152032084970736,1.4083705483584996,2.8956936215829723,,59.46121218336542,
Europe,2021-07-19,2020-2022,1.302110352253821,,3,2.176831871808855,1.4393400856661493,2.9143236579515603,,76.73568528465546,
Europe,2021-07-26,2020-2022,1.398053890199762,,3,2.2208744859392473,1.4936814040788007,2.948067567799694,,107.41389062860355,
Europe,2021-08-02,2020-2022,1.5023972603479057,,3,2.2772236923219427,1.5619292165829826,2.9925181680609025,,146.6643429123595,
Europe,2021-08-09,2020-2022,1.591195486485479,,3,2.322199513883993,1.6153279987844869,3.0290710289834992,,177.99258072559172,
Europe,2021-08-16,2020-2022,1.7258382513629975,,3,2.3066087440535523,1.5969279574944633,3.0162895306126414,,167.13271584762484,
Europe,2021-08-23,2020-2022,1.8972711903988655,,3,2.298049820446136,1.5867766779001546,3.0093229629921177,,161.1709349421113,
Europe,2021-08-30,2020-2022,1.9875966587550216,,3,2.298519458505408,1.5873346062900557,3.0097043107207604,,161.49806477089516,
Europe,2021-09-06,2020-2022,2.124557559142888,,3,2.308420188359535,1.599071873581209,3.017768503137861,,168.3944906419986,
Europe,2021-09-13,2020-2022,2.176456522392213,,3,2.3148923450404766,1.6067189116802483,3.0230657784007047,,172.90271876597637,
Europe,2021-09-20,2020-2022,2.2927723806467433,,3,2.3115209349824672,1.6027380354567486,3.020303834508186,,170.5543384052637,
Europe,2021-09-27,2020-2022,2.4040974295084068,,3,2.308938806594892,1.5996853858852185,3.018192227304566,,168.75573797105827,
Europe,2021-10-04,2020-2022,2.675946544416064,,3,2.2922522668299092,1.579880477521451,3.0046240561383675,,157.13260652217238,
Europe,2021-10-11,2020-2022,3.0431392092552185,,3,2.2950832113797746,1.5832499063696226,3.0069165163899267,,159.10452167600445,
Europe,2021-10-18,2020-2022,3.4053683368839813,,3,2.3055495036987765,1.5956735681467316,3.0154254392508215,,166.39489422295472,
Europe,2021-10-25,2020-2022,4.069582341054927,,3,2.3257378324077527,1.6194873450695553,3.03198831974595,,180.4572224001939,
Europe,2021-11-01,2020-2022,4.558790750285821,,3,2.359757677348399,1.6591619343442803,3.0603534203525173,,204.153994480265,
Europe,2021-11-08,2020-2022,4.997000178289056,,3,2.4143745281187114,1.7216334493425025,3.1071156068949204,,242.19776177824605,
Europe,2021-11-15,2020-2022,5.364383748405534,,3,2.47397611999083,1.7880335150470312,3.159918724934629,,283.71368698799154,
Europe,2021-11-22,2020-2022,5.52002609378856,,3,2.5137583201637703,1.8312967715369906,3.19621986879055,,311.4242697959568,
Europe,2021-11-29,2020-2022,5.494472058809779,,3,2.565386518830841,1.886156398863788,3.2446166387978943,,347.3862695890977,
Europe,2021-12-06,2020-2022,5.3141756604696395,,3,2.645136816759499,1.9680015792896364,3.322272054229362,,402.9369235274181,
Europe,2021-12-13,2020-2022,5.062262510950977,,3,2.7256705234357987,2.047057163285283,3.4042838835863143,,459.0332665648744,
Europe,2021-12-20,2020-2022,4.598499047968963,,3,2.765617713586377,2.0849363344404854,3.4462990927322683,,486.858774349788,
Europe,2021-12-27,2020-2022,4.16408045332971,,3,2.773848458268173,2.0926318722215584,3.4550650443147872,,492.5919598217987,
Europe,2022-01-03,2020-2022,3.8161419493176822,,3,2.7780820525448746,2.0965757229899435,3.4595883820998057,,495.5409009127864,
Europe,2022-01-10,2020-2022,3.7880243291862823,,3,2.8788414788719265,2.1875803122471793,3.5701026454966738,,565.7256170617452,
Europe,2022-01-17,2020-2022,3.9261579334205607,,3,3.1638050111134417,2.417338980832104,3.9102710413947794,,764.2190518919296,
Europe,2022-01-24,2020-2022,3.9380213327970486,,3,3.7936078546573437,2.8188602064741746,4.768355502840513,,1202.9128338559142,
Europe,2022-01-31,2020-2022,4.198443403247813,,3,4.153265059150735,3.00920763161226,5.297322486689211,,1453.4346929856308,
Europe,2022-02-07,2020-2022,4.488973963150629,,3,4.418482141394149,3.139431085340399,5.697533197447899,,1638.173593489985,
Europe,2022-02-14,2020-2022,4.5448001206763085,,3,4.939795030339813,3.3797534694609306,6.499836591218695,,2001.2979032362969,
Europe,2022-02-21,2020-2022,4.320186425814805,,3,5.0445687951593285,3.426289222002414,6.662848368316244,,2074.2788362543847,
Europe,2022-02-28,2020-2022,3.7566067749754457,,3,4.695955230448217,3.269406458934265,6.122504001962168,,1831.44950527439,
Europe,2022-03-07,2020-2022,3.1806455532925795,,3,4.149449695282465,3.0072810306029085,5.291618359962022,,1450.7770733478376,
Europe,2022-03-14,2020-2022,2.7574630978328964,,3,3.6786959372916264,2.753436964950223,4.603954909633029,,1122.870096452196,
Europe,2022-03-21,2020-2022,2.5294403801620575,,3,3.3530172715152426,2.55065565104626,4.155378891984226,,896.0162372500394,
Europe,2022-03-28,2020-2022,2.265418381624635,,3,3.338104785114466,2.540621384734041,4.135588185494891,,885.6288356612639,
Europe,2022-04-04,2020-2022,2.0776766774689053,,3,3.47068261084997,2.6273242333422866,4.314040988357654,,977.9768908862898,
Europe,2022-04-11,2020-2022,1.8775261302871944,,3,3.5237970113587997,2.6605857692325823,4.387008253485018,,1014.9741154539872,
Europe,2022-04-18,2020-2022,1.6250402649365632,,3,3.453311640662801,2.6162721469100187,4.290351134415583,,965.877014415564,
Europe,2022-04-25,2020-2022,1.4115263483422564,,3,3.2068098797864777,2.4488426667737584,3.964777092799197,,794.1744080393862,
Europe,2022-05-02,2020-2022,1.227548205368033,,3,2.9879907277828015,2.2801786369299086,3.6958028186356944,,641.7543255601094,
Europe,2022-05-09,2020-2022,1.0339157097977718,,3,2.813737154107742,2.1294030685353955,3.498071239680088,,520.376722966095,
Europe,2022-05-16,2020-2022,0.904400115225494,,3,2.698947589300192,2.0212247509713146,3.3766704276290698,,440.4192111326103,
Europe,2022-05-23,2020-2022,0.7624484054447601,,3,2.5754198201287943,1.8966474005344198,3.254192239723169,,354.3750390700604,
Europe,2022-05-30,2020-2022,0.617224033767064,,3,2.4877348511326978,1.8030928856123933,3.172376816653002,,293.29743190360296,
Europe,2022-06-06,2020-2022,0.5814156581778029,,3,2.4438412526299493,1.7546961116774125,3.1329863935824864,,262.7230244861535,
Europe,2022-06-13,2020-2022,0.5544980140752891,,3,2.366501123909515,1.6669575190513175,3.0660447287677126,,208.85119155660985,
Europe,2022-06-20,2020-2022,0.6000698309904874,,3,2.3084728097477516,1.599134129304348,3.0178114901911552,,168.43114445524455,
Europe,2022-06-27,2020-2022,0.6752046937082438,,3,2.3397258816082407,1.6358701189683615,3.04358164424812,,190.20070048855953,
Europe,2022-07-04,2020-2022,0.7738209055367037,,3,2.3983917994211286,1.7035107142123076,3.0932728846299495,,231.06487508152503,
Europe,2022-07-11,2020-2022,0.9641534670275282,,3,2.5123591158849714,1.8297896839677328,3.19492854780221,,310.449643810859,
Europe,2022-07-18,2020-2022,1.175921963943455,,3,2.6817152592437337,2.0043561767352034,3.359074341752264,,428.4159054600273,
Europe,2022-07-25,2020-2022,1.2991376843640805,,3,2.858711683626778,2.169832918471509,3.5475904487820467,,551.7040607973056,
Europe,2022-08-01,2020-2022,1.24511149088173,,3,2.9370818838521204,2.2377405484549757,3.636423219249265,,606.2933975755758,
Europe,2022-08-08,2020-2022,1.1136050269888005,,3,2.8367877887742927,2.1502596161742114,3.523315961374374,,536.4328113153285,
Europe,2022-08-15,2020-2022,0.9970709912744729,,3,2.7113620867205945,2.0332748467006905,3.3894493267404986,,449.0666202073184,
Europe,2022-08-22,2020-2022,0.8915821894623922,,3,2.576625413719548,1.8979042433904367,3.255346584048659,,355.2148041128209,
Europe,2022-08-29,2020-2022,0.7763572185068492,,3,2.4730415422105207,1.787006900795252,3.1590761836257895,,283.0626999923208,
Europe,2022-09-05,2020-2022,0.6953588365570357,,3,2.415058880235261,1.7224064718597858,3.107711288610736,,242.67445225572095,
Europe,2022-09-12,2020-2022,0.6338055207116723,,3,2.396687594685329,1.7015705283151346,3.0918046610555234,,229.87779879494943,
Europe,2022-09-19,2020-2022,0.6261420374362858,,3,2.3796554529904426,1.6820979702983023,3.077212935682583,,218.01393579135953,
Europe,2022-09-26,2020-2022,0.6923588964848203,,3,2.363664071519946,1.6636806149459722,3.0636475280939197,,206.8750219423117,
Europe,2022-10-03,2020-2022,0.8454376567152257,,3,2.3793519794933675,1.6817496680544926,3.0769542909322425,,217.80254910499823,
Europe,2022-10-10,2020-2022,1.0254613332306195,,3,2.426243587623006,1.735005722382285,3.1174814528637276,,250.46524207889925,
Europe,2022-10-17,2020-2022,1.1167140557909143,,3,2.472919346263627,1.7868726364708365,3.1589660560564177,,282.9775835108173,
Europe,2022-10-24,2020-2022,1.0962326467524262,,3,2.547666814488279,1.8674926127806963,3.2278410161958617,,335.04347978906986,
Europe,2022-10-31,2020-2022,0.9247451633516088,,3,2.585853067468886,1.9074974980690853,3.264208636868687,,361.642393895002,
Europe,2022-11-07,2020-2022,0.7905387533936855,,3,2.557680852599474,1.878061456541786,3.2373002486571623,,342.01883135625496,
Europe,2022-11-14,2020-2022,0.7300763248473094,,3,2.470386902802873,1.7840882812395062,3.1566855243662397,,281.21359147617216,
Europe,2022-11-21,2020-2022,0.7085040285098338,,3,2.3571547979669587,1.656146815362749,3.0581627805711684,,202.34093978934789,
Europe,2022-11-28,2020-2022,0.7237764506956571,,3,2.2967479500744115,1.5852295058231558,3.008266394325667,,160.26410760264554,
Europe,2022-12-05,2020-2022,0.7989385855958883,,3,2.2893595782850897,1.5764335964085414,3.002285560161638,,155.11768313657765,
Europe,2022-12-12,2020-2022,0.894991212271728,,3,2.308178106482046,1.5987854521636948,3.0175707608003974,,168.22586673775754,
Europe,2022-12-19,2020-2022,1.058024319105393,,3,2.331131446394342,1.6258157774573914,3.036447115331293,,184.21418371354144,
Europe,2022-12-26,2020-2022,1.1380136303036434,,3,2.3606957005767466,1.6602476844530658,3.0611437167004274,,204.80738142799345,
Europe,2023-01-02,2023-2026,1.0996962139267117,,3,1.2073089159957067,1.0033376995472614,1.411280132444152,,211.3520234173559,
Europe,2023-01-09,2023-2026,0.9883438928825736,,3,1.147320726318759,0.9539861568700154,1.3406552957675026,,200.73379007611473,
Europe,2023-01-16,2023-2026,0.7863115651101094,,3,0.9689677862732087,0.8072440035436015,1.1306915690028159,,169.16435708107642,
Europe,2023-01-23,2023-2026,0.6198694354671085,,3,0.7134212074915652,0.5969286186960928,0.8299137962870377,,123.9312334000314,
Europe,2023-01-30,2023-2026,0.543534596720466,,3,0.5246481461959805,0.4414603651729311,0.60783592721903,,90.51738270423014,
Europe,2023-02-06,2023-2026,0.4881993384793307,,3,0.3790974027165769,0.321413581008752,0.43678122442440176,,64.75411554150479,
Europe,2023-02-13,2023-2026,0.4686724558274565,,3,0.3108199549699587,0.2649663382625224,0.35667357167739494,,52.66863878312557,
Europe,2023-02-20,2023-2026,0.5075898602188317,,3,0.3273448528600759,0.2786413677740938,0.376048337946058,,55.59363489790046,
Europe,2023-02-27,2023-2026,0.5090898302549393,,3,0.3602798624458515,0.3058694936020159,0.4146902312896871,,61.42330935150658,
Europe,2023-03-06,2023-2026,0.5196714370551169,,3,0.39657772234070976,0.33584637871651263,0.4573090659649069,,67.84822645980518,
Europe,2023-03-13,2023-2026,0.5412982777575418,,3,0.44663960251694124,0.3771525478086704,0.5161266572252121,,76.70944944511477,
Europe,2023-03-20,2023-2026,0.572688559785904,,3,0.4607598451897101,0.38879719462650547,0.5327224957529146,,79.20880860800727,
Europe,2023-03-27,2023-2026,0.5524253282072132,,3,0.43487532722601874,0.36744899970250056,0.5023016547495369,,74.62710922444272,
Europe,2023-04-03,2023-2026,0.4998991047609705,,3,0.4022720420384587,0.340546723554754,0.46399736052216334,,68.85615177970458,
Europe,2023-04-10,2023-2026,0.4426002493816579,,3,0.3954307848486908,0.3348995760027989,0.45596199369458273,,67.64521233346363,
Europe,2023-04-17,2023-2026,0.4385366941929299,,3,0.3650540436827813,0.3098139470336195,0.4202941403319432,,62.26836519766716,
Europe,2023-04-24,2023-2026,0.433245890792841,,3,0.31139573484740024,0.2654429994823379,0.3573484702124626,,52.77055492903347,
Europe,2023-05-01,2023-2026,0.3755379526764081,,3,0.26634284686159615,0.22809583212680526,0.30458986159638707,,44.79595059597585,
Europe,2023-05-08,2023-2026,0.3448022030274385,,3,0.2570286790395191,0.2203589335141168,0.29369842456492135,,43.14729262101622,
Europe,2023-05-15,2023-2026,0.2687946304704922,,3,0.23173026400699911,0.19930586186647553,0.2641546661475227,,38.66933661958536,
Europe,2023-05-22,2023-2026,0.256958503276479,,3,0.19395851856019952,0.1677186812187529,0.22019835590164613,,31.98353381373393,
Europe,2023-05-29,2023-2026,0.224695511408927,,3,0.16097281815834732,0.13987055113019442,0.18207508518650023,,26.144886812093624,
Europe,2023-06-05,2023-2026,0.2032595759838248,,3,0.1258556382744164,0.10967540881476393,0.14203586773406887,,19.928956438098535,
Europe,2023-06-12,2023-2026,0.1626512962790192,,3,0.12268122221476141,0.10690003694939555,0.13846240748012725,,19.3670676625726,
Europe,2023-06-19,2023-2026,0.135079119797113,,3,0.11204662796783207,0.09752248856484158,0.12657076737082257,,17.484687083804914,
Europe,2023-06-26,2023-2026,0.1100432562853524,,3,0.09261463488703552,0.07997462976782035,0.10525464000625068,,14.04511943009768,
Europe,2023-07-03,2023-2026,0.074616691250737,,3,0.07022701285548577,0.05881059079804971,0.08164343491292182,,10.082389499978566,
Europe,2023-07-10,2023-2026,0.0575170328391096,,3,0.060225822696370966,0.048938556577689,0.07151308881505293,,8.312124863364307,
Europe,2023-07-17,2023-2026,0.0526898565410904,,3,0.049866561240714556,0.03842026058088983,0.061312861900539285,,6.47847967467888,
Europe,2023-07-24,2023-2026,0.0481354020678181,,3,0.03444807900484092,0.022244177102505838,0.046651980907176,,3.7493251022547054,
Europe,2023-07-31,2023-2026,0.0575988493865337,,3,0.030565224123543854,0.018082786530037524,0.043047661717050184,,3.062038831710176,
Europe,2023-08-07,2023-2026,0.0685895389238316,,3,0.03068571110886888,0.01821239625992046,0.0431590259578173,,3.0833656784053796,
Europe,2023-08-14,2023-2026,0.0780802584250219,,3,0.032461276350409636,0.020118879142200865,0.044803673558618404,,3.3976503092436454,
Europe,2023-08-21,2023-2026,0.0929708700561998,,3,0.03800568065593191,0.02602778072151995,0.04998358059034388,,4.379039795595175,
Europe,2023-08-28,2023-2026,0.0977435019892696,,3,0.04275274461739183,0.031030066851124458,0.0544754223836592,,5.219295737640211,
Europe,2023-09-04,2023-2026,0.1074523989502574,,3,0.04791550408576585,0.036406538234303204,0.0594244699372285,,6.133132028001946,
Europe,2023-09-11,2023-2026,0.1261883883103658,,3,0.05774890610291294,0.04645063122868704,0.06904718097713883,,7.873697257901275,
Europe,2023-09-18,2023-2026,0.1341791377754484,,3,0.06899579610391078,0.0576101416969913,0.08038145051083026,,9.864457489823362,
Europe,2023-09-25,2023-2026,0.1454425491374932,,3,0.08483028199755642,0.07274933071854821,0.09691123327656463,,12.667246954929183,
Europe,2023-10-02,2023-2026,0.1616967698924053,,3,0.10399033194651354,0.09032135552295002,0.11765930837007706,,16.058679206568602,
Europe,2023-10-09,2023-2026,0.1783328012019629,,3,0.12159838010112486,0.1059509962358058,0.13724576396644395,,19.17539876414052,
Europe,2023-10-16,2023-2026,0.1985960327806537,,3,0.13894203481990844,0.1210230609225676,0.15686100871724928,,22.24531925658588,
Europe,2023-10-23,2023-2026,0.1525878609458606,,3,0.14815189357668482,0.12893489253321416,0.16736889462015547,,23.87551396401016,
Europe,2023-10-30,2023-2026,0.2014323397580209,,3,0.1410770580368496,0.12286201766850133,0.1592920984051979,,22.623229889137583,
Europe,2023-11-06,2023-2026,0.1826418060329631,,3,0.12995543135946952,0.11324578042639746,0.14666508229254158,,20.654641941567416,
Europe,2023-11-13,2023-2026,0.185505385192805,,3,0.1240535720591215,0.10810109370702017,0.14000605041122283,,19.609980991874625,
Europe,2023-11-20,2023-2026,0.1844963144412417,,3,0.1766295010071525,0.15313069027793313,0.20012831173637186,,28.916204178623666,
Europe,2023-11-27,2023-2026,0.2107866983468378,,3,0.14680666100779471,0.12778250239498357,0.16583081962060586,,23.63740053882369,
Europe,2023-12-04,2023-2026,0.229277238064674,,3,0.17949514990748316,0.15554870722496766,0.20344159258999867,,29.423439500470323,
Europe,2023-12-11,2023-2026,0.2663128618652958,,3,0.2154028908166091,0.1856797143917432,0.245126067241475,,35.77930344274302,
Europe,2023-12-18,2023-2026,0.2554312610578967,,3,0.25090818670569776,0.21527109279885148,0.28654528061254403,,42.063932444391845,
Europe,2023-12-25,2023-2026,0.2361498280482945,,3,0.28511339412653586,0.24366953180577244,0.32655725644729927,,48.11843877031928,
Europe,2024-01-01,2023-2026,0.2302317644512879,,3,0.2997393123566407,0.2557903903171839,0.34368823439609747,,50.70730523609366,
Europe,2024-01-08,2023-2026,0.1838417820618492,,3,0.26648182289837763,0.22821122466238314,0.3047524211343721,,44.82055010456802,
Europe,2024-01-15,2023-2026,0.1429880527147715,,3,0.1916621783693005,0.16578991654409958,0.2175344401945014,,31.577069206131227,
Europe,2024-01-22,2023-2026,0.1036615655862762,,3,0.14079448370042247,0.12261880557397196,0.15897016182687299,,22.573212706479016,
Europe,2024-01-29,2023-2026,0.0815165534168322,,3,0.1055072045430917,0.09168448715293244,0.11932992193325097,,16.327173843031876,
Europe,2024-02-05,2023-2026,0.0668168470629771,,3,0.08554688681692518,0.07341997899485075,0.09767379463899961,,12.794089875618942,
Europe,2024-02-12,2023-2026,0.0385628660192038,,3,0.07439167169606567,0.06284106214237206,0.08594228124975928,,10.819556592269294,
Europe,2024-02-19,2023-2026,0.0400901082377861,,3,0.068348679302933,0.056977543566259954,0.07971981503960604,,9.749914323429689,
Europe,2024-02-26,2023-2026,0.0314993707582604,,3,0.06481218598558802,0.05350007882877981,0.07612429314239624,,9.123935919088249,
Europe,2024-03-04,2023-2026,0.0267267388251906,,3,0.05929335820124747,0.04800395808787863,0.07058275831461631,,8.147073615027514,
Europe,2024-03-11,2023-2026,0.0311175602036148,,3,0.054051712113325545,0.04270525258185495,0.06539817164479614,,7.219273967238741,
Europe,2024-03-18,2023-2026,0.0301630338170009,,3,0.05024774385157638,0.038812500208732864,0.0616829874944199,,6.545951054121249,
Europe,2024-03-25,2023-2026,0.0225268227240891,,3,0.04683528125441887,0.03528729378085102,0.058383268727986715,,5.941926756671933,
Europe,2024-04-01,2023-2026,0.0221450121694436,,3,0.04655162838999035,0.03499288831513448,0.05811036846484622,,5.891718668736039,
Europe,2024-04-08,2023-2026,0.020808675228184,,3,0.04598540118913466,0.03440457130228758,0.057566231075981744,,5.791493398141571,
Europe,2024-04-15,2023-2026,0.0171814749590509,,3,0.042195453791406684,0.030445660141527994,0.05394524744128537,,5.1206522536292765,
Europe,2024-04-22,2023-2026,0.0185178119003105,,3,0.04025302486047105,0.02840274080190211,0.052103308919039984,,4.776831849170927,
Europe,2024-04-29,2023-2026,0.014317895799209,,3,0.03809489032920919,0.02612228385820859,0.05006749680020978,,4.3948303892480185,
Europe,2024-05-06,2023-2026,0.0179450960683421,,3,0.036227958358388,0.024140725599892537,0.048315191116883455,,4.064373354202263,
Europe,2024-05-13,2023-2026,0.0072544005382657,,3,0.03499843643652974,0.022831367456400888,0.047165505416658586,,3.846741338054279,
Europe,2024-05-20,2023-2026,0.0188996224549561,,3,0.030966898766436775,0.01851475716180338,0.04341904037107017,,3.133137411421679,
Europe,2024-05-27,2023-2026,0.0190905277322789,,3,0.03163342907144386,0.019230817901393207,0.04403604024149452,,3.2511168728071653,
Europe,2024-06-03,2023-2026,0.0267267388251906,,3,0.032907170641369256,0.020596600249809305,0.04521774103292921,,3.476576005325384,
Europe,2024-06-10,2023-2026,0.0236722543880259,,3,0.03414424225923878,0.02191971866181515,0.046368765856662414,,3.6955443584146273,
Europe,2024-06-17,2023-2026,0.0362720026913302,,3,0.03575232750966885,0.023634615022431353,0.047870039996906345,,3.980184126902912,
Europe,2024-06-24,2023-2026,0.0358901921366847,,3,0.03774221167267657,0.025748569648984806,0.049735853696368335,,4.332404363563464,
Europe,2024-07-01,2023-2026,0.0356992868593619,,3,0.037642987096526526,0.02564337452816981,0.04964259966488324,,4.314841078049768,
Europe,2024-07-08,2023-2026,0.0418082557336912,,3,0.04105652822168541,0.02924893145444725,0.052864124988923566,,4.919056280776408,
Europe,2024-07-15,2023-2026,0.0482990351626662,,3,0.04331280880109551,0.0316166013731705,0.05500901622902052,,5.31843012093569,
Europe,2024-07-22,2023-2026,0.054980719868964,,3,0.04654407869397908,0.03498504956531582,0.05810310782264234,,5.890382331794778,
Europe,2024-07-29,2023-2026,0.0513535195998309,,3,0.05257197169508923,0.04119565968998744,0.06394828370019102,,6.957351926751869,
Europe,2024-08-05,2023-2026,0.0559352462555779,,3,0.05873468069640305,0.047442838646887545,0.07002652274591856,,8.048184681374307,
Europe,2024-08-12,2023-2026,0.0498262773812486,,3,0.06653783078819607,0.055201228347858865,0.07787443322853328,,9.429384362804717,
Europe,2024-08-19,2023-2026,0.0631896467938441,,3,0.07071389121050756,0.059284170827805044,0.08214361159321007,,10.16856959659857,
Europe,2024-08-26,2023-2026,0.0599442570793566,,3,0.073583854222845,0.06206286223241929,0.0851048462132707,,10.676568539554522,
Europe,2024-09-02,2023-2026,0.0618533098525845,,3,0.07349541492671118,0.061977561539052685,0.08501326831436967,,10.660914306814051,
Europe,2024-09-09,2023-2026,0.0507808037678625,,3,0.08695975849906055,0.07473886505243903,0.09918065194568208,,13.0441757889118,
Europe,2024-09-16,2023-2026,0.0511626143225081,,3,0.09198893457066121,0.07939855806543518,0.10457931107588724,,13.934367097067986,
Europe,2024-09-23,2023-2026,0.0566988673648691,,3,0.09368869470123006,0.08096168731047468,0.10641570209198545,,14.235233814128708,
Europe,2024-09-30,2023-2026,0.0628078362391985,,3,0.10137644229684868,0.08796383015641532,0.11478905443728205,,15.596006630885574,
Europe,2024-10-07,2023-2026,0.0643350784577808,,3,0.11236232852145227,0.09780283767285192,0.12692181937005262,,17.540567785695547,
Europe,2024-10-14,2023-2026,0.0702531420547874,,3,0.11602285255898422,0.10104422892426299,0.13100147619370545,,18.188500296929103,
Europe,2024-10-21,2023-2026,0.066053225953686,,3,0.10599254214382527,0.09211988894980475,0.11986519533784579,,16.41308121782713,
Europe,2024-10-28,2023-2026,0.0652896048443948,,3,0.09883650885301007,0.08566211178146146,0.11201090592455867,,15.1464247027904,
Europe,2024-11-04,2023-2026,0.0477263193306978,,3,0.08307705769319244,0.07110358155333635,0.09505053383304854,,12.356916790549748,
Europe,2024-11-11,2023-2026,0.0448627401708559,,3,0.07378877454315456,0.06226043122609591,0.08531711786021322,,10.712840542245852,
Europe,2024-11-18,2023-2026,0.0414264451790457,,3,0.06294633254276819,0.051651410143101234,0.07424125494243514,,8.793669789319814,
Europe,2024-11-25,2023-2026,0.041999161011014,,3,0.057857837431077856,0.046560406560588186,0.06915526830156753,,7.892978690910877,
Europe,2024-12-02,2023-2026,0.0376083396325898,,3,0.05810374181544959,0.04680809462711233,0.06939938900378685,,7.936505094140474,
Europe,2024-12-09,2023-2026,0.0286357915984185,,3,0.06203929049339747,0.05074921765758608,0.07332936332920886,,8.633118451091347,
Europe,2024-12-16,2023-2026,0.0406628240697545,,3,0.06377140646401498,0.052470080065800825,0.07507273286222914,,8.939712326471751,
Europe,2024-12-23,2023-2026,0.0335993288088111,,3,0.06608484902751162,0.05475547393799301,0.07741422411703022,,9.349204146329145,
Europe,2024-12-30,2023-2026,0.0353174763047163,,3,0.06524791129824678,0.053930397261265216,0.07656542533522834,,9.201061651126656,
Europe,2025-01-06,2023-2026,0.0376083396325898,,3,0.059717219705887774,0.04842909075374381,0.07100534865803174,,8.222099389015373,
Europe,2025-01-13,2023-2026,0.0370356238006214,,3,0.04947012516240123,0.03801191203440497,0.06092833829039749,,6.408308349171516,
Europe,2025-01-20,2023-2026,0.025390401883931,,3,0.03723206792790516,0.025207486138179018,0.04925664971763131,,4.2421061673897835,
Europe,2025-01-27,2023-2026,0.0175632855136965,,3,0.03585370914182205,0.023742536441706444,0.04796488184193766,,3.998129222971254,
Europe,2025-02-03,2023-2026,0.0173723802363737,,3,0.033875688786832794,0.0216327691098114,0.04611860846385419,,3.648008944361252,
Europe,2025-02-10,2023-2026,0.0167996644044054,,3,0.031205253454796807,0.018770930970066716,0.0436395759395269,,3.175327477710016,
Europe,2025-02-17,2023-2026,0.0125997483033039,,3,0.029977888588941702,0.01745055228378572,0.042505224894097686,,2.958077272116678,
Europe,2025-02-24,2023-2026,0.014317895799209,,3,0.027822989641685242,0.015124941807512443,0.04052103747585804,,2.576648528025738,
Europe,2025-03-03,2023-2026,0.0103088849754304,,3,0.0268275082961807,0.014047497817083502,0.0396075187752779,,2.4004429570567996,
Europe,2025-03-10,2023-2026,0.0103088849754304,,3,0.025798592582625693,0.012931862146872412,0.03866532301837897,,2.218319322490855,
Europe,2025-03-17,2023-2026,0.0085907374795253,,3,0.024659667012904413,0.011694617534212793,0.03762471649159603,,2.0167233496379855,
Europe,2025-03-24,2023-2026,0.0062998741516517,,3,0.023197183042694237,0.010102383084586233,0.03629198300080224,,1.7578557935882784,
Europe,2025-03-31,2023-2026,0.0049635372103922,,3,0.022784106818069715,0.009651960792927978,0.035916252843211455,,1.6847390723736484,
Europe,2025-04-07,2023-2026,0.004199916101101,,3,0.017999756602838996,0.00441365776750941,0.03158585543816858,,0.8378832621697386,
Europe,2025-04-14,2023-2026,0.004199916101101,,3,0.017773265722496545,0.004164736919098274,0.03138179452589482,,0.797793153931952,
Europe,2025-04-21,2023-2026,0.0038181055464554,,3,0.017546774842154538,0.003915734277735866,0.03117781540657321,,0.7577030456941655,
Europe,2025-04-28,2023-2026,0.0028635791598415,,3,0.01725557228171431,0.003595468489947337,0.03091567607348128,,0.7061586208170114,
Europe,2025-05-05,2023-2026,0.0036272002691326,,3,0.016797197881021738,0.0030910759199954327,0.030503319842048043,,0.6250238779548243,
Europe,2025-05-12,2023-2026,0.0022908633278731,,3,0.016570707000679287,0.0028417254031555834,0.030299688598202992,,0.5849337697170378,
Europe,2025-05-19,2023-2026,0.0038181055464554,,3,0.016552372024651353,0.0028215363944789143,0.030283207654823792,,0.5816883800025503,
Europe,2025-05-26,2023-2026,0.0036272002691326,,3,0.01651678060059773,0.0027823444764485707,0.03025121672474689,,0.5753885058508982,
Europe,2025-06-02,2023-2026,0.0040090108237782,,3,0.016836024889080318,0.003133813695478698,0.030538236082681938,,0.6318964679384449,
Europe,2025-06-09,2023-2026,0.0045817266557466,,3,0.01720056735363095,0.0035349588047096214,0.03086617590255228,,0.696422451673549,
Europe,2025-06-16,2023-2026,0.0062998741516517,,3,0.0177765013065015,0.004168293508072169,0.03138470910493083,,0.7983658697639205,
Europe,2025-06-23,2023-2026,0.0047726319330694,,3,0.018220854843173335,0.0046565726458092805,0.03178513704053739,,0.8770188440209111,
Europe,2025-06-30,2023-2026,0.0053453477650378,,3,0.018249975099217046,0.004688560454884794,0.0318113897435493,,0.8821732865086265,
Europe,2025-07-07,2023-2026,0.0053453477650378,,3,0.018577847611712703,0.005048624995423421,0.03210707022800199,,0.9402084908147558,
Europe,2025-07-14,2023-2026,0.0059180635970062,,3,0.018155064635073756,0.004584298866384963,0.03172583040376255,,0.8653736221042208,
Europe,2025-07-21,2023-2026,0.0070634952609429,,3,0.018407440187454965,0.004861507880416846,0.031953372494493086,,0.9100454569977544,
Europe,2025-07-28,2023-2026,0.0101179796981076,,3,0.018839929916108774,0.00533631435718601,0.032343545475031536,,0.9865984732041942,
Europe,2025-08-04,2023-2026,0.0101179796981076,,3,0.01942664914899555,0.005979952369400125,0.03287334592859097,,1.0904509440677936,
Europe,2025-08-11,2023-2026,0.0076362110929113,,3,0.019762071357502468,0.006347659402049269,0.03317648331295567,,1.1498224853151822,
Europe,2025-08-18,2023-2026,0.0125997483033039,,3,0.020843834943137234,0.007532261271586335,0.03415540861468813,,1.3413004784699436,
Europe,2025-08-25,2023-2026,0.0101179796981076,,3,0.022931865154293206,0.009813112819987936,0.036050617488598474,,1.710893095366871,
Europe,2025-09-01,2023-2026,0.0118361271940127,,3,0.024765362757063928,0.011809539110856748,0.03772118640327111,,2.035432066815619,
Europe,2025-09-08,2023-2026,0.0146997063538546,,3,0.029137715275671924,0.016544928335369295,0.04173050221597455,,2.809362061082222,
Europe,2025-09-15,2023-2026,0.0127906535806267,,3,0.03211876667217743,0.019751633245632172,0.04448590009872269,,3.337024247602422,
Europe,2025-09-22,2023-2026,0.0137451799672407,,3,0.03744561647222824,0.025434059674334687,0.049457173270121786,,4.279905412299697,
Europe,2025-09-29,2023-2026,0.0187087171776333,,3,0.042149077087336395,0.03039699215446163,0.05390116202021116,,5.112443326704397,
Europe,2025-10-06,2023-2026,0.0125997483033039,,3,0.04488853821147692,0.03326256184033774,0.056514514582616096,,5.597342731104291,
Europe,2025-10-13,2023-2026,0.0124088430259811,,3,0.0453533837801794,0.03374691803791437,0.05695984952244443,,5.679622905630415,
Europe,2025-10-20,2023-2026,0.0125997483033039,,3,0.0421296635833071,0.03037661792751188,0.05388270923910232,,5.109007031712586,
Europe,2025-10-27,2023-2026,0.0125997483033039,,3,0.04259666620801318,0.030866472066521815,0.05432686034950455,,5.191669016793356,
Europe,2025-11-03,2023-2026,0.0124088430259811,,3,0.03740678946416966,0.02539287234091615,0.04942070658742316,,4.273032822316076,
Europe,2025-11-10,2023-2026,0.0074453058155885,,3,0.03487332718834049,0.022697944341849855,0.04704871003483113,,3.824596325884836,
Europe,2025-11-17,2023-2026,0.008781642756848,,3,0.029824737612710542,0.017285577513170176,0.04236389771225091,,2.9309687227368415,
Europe,2025-11-24,2023-2026,0.0066816847062973,,3,0.027149988168668242,0.014396739666670025,0.03990323667066646,,2.4575236349763143,
Europe,2025-12-01,2023-2026,0.0103088849754304,,3,0.023780666691576052,0.010738098361618332,0.03682323502153377,,1.861135548619909,
Europe,2025-12-08,2023-2026,0.0083998322022025,,3,0.022937257794301318,0.009818993546595706,0.03605552204200693,,1.7118476217534848,
Europe,2025-12-15,2023-2026,0.0089725480341708,,3,0.02278842093007647,0.00965666651119457,0.035920175348958375,,1.6855026934829396,
Europe,2025-12-22,2023-2026,0.0083998322022025,,3,0.02412795270810055,0.011116180081606098,0.037139725334595,,1.9226070479178483,
Europe,2025-12-29,2023-2026,0.0112634113620444,,3,0.024263847236306025,0.011264065303181258,0.037263629169430795,,1.9466611128605205,
Europe,2026-01-05,2023-2026,0.0110725060847216,,3,0.022900587842245895,0.009779003585188354,0.03602217209930343,,1.70535684232451,
Europe,2026-01-12,2023-2026,0.0110725060847216,,3,0.020490077758602825,0.007145091165820596,0.03383506435138506,,1.2786835475080678,
Europe,2026-01-19,2023-2026,0.0099270744207848,,3,0.02099590739136704,0.00769863177301963,0.03429318300971445,,1.3682181225724577,
Europe,2026-01-26,2023-2026,0.0104997902527532,,3,0.02154595667219839,0.008300066465282521,0.034791846879114255,,1.465579814007082,
Europe,2026-02-02,2023-2026,0.0091634533114936,,3,0.020482528062591113,0.007136826077449039,0.033828230047733186,,1.277347210566808,
Europe,2026-02-09,2023-2026,0.0068725899836201,,3,0.020668034878871828,0.007339883163603681,0.03399618659413997,,1.3101829182663285,
Europe,2026-02-16,2023-2026,0.0093543585888164,,3,0.02131407315184783,0.00804658390000438,0.03458156240369128,,1.4245351793826817,
Europe,2026-02-23,2023-2026,0.0091634533114936,,3,0.020856777279157055,0.007546421998768692,0.03416713255954542,,1.3435913417978171,
Europe,2026-03-02,2023-2026,0.0062998741516517,,3,0.0208287355511147,0.007515740062556755,0.03414173103967265,,1.3386278045874247,
Europe,2026-03-09,2023-2026,0.0066816847062973,,3,0.018961803580292973,0.005470057686558741,0.032453549474027205,,1.00817076954167,
Europe,2026-03-16,2023-2026,0.0062998741516517,,3,0.018023484218874862,0.00443973044002648,0.03160723799772325,,0.8420831782708401,
Europe,2026-03-23,2023-2026,0.0045817266557466,,3,0.017147719481551294,0.003476817560889094,0.030818621402213496,,0.687068093084732,
Europe,2026-03-30,2023-2026,0.0040090108237782,,3,0.016543743800638486,0.0028120355039416896,0.03027545209733528,,0.5801611377839679,
Europe,2026-04-06,2023-2026,0.0022908633278731,,3,0.0160627203119115,0.0022821787245667705,0.029843261899256228,,0.4950173840980023,
Europe,2026-04-13,2023-2026,0.0009545263866135,,3,0.015621602359244827,0.001795966280400926,0.029447238438088726,,0.4169371256729799,
Europe,2026-04-20,2023-2026,0.0015272422185819,,3,0.015260295478698772,0.0013975032666260316,0.029123087690771512,,0.3529838577698442,
Europe,2026-04-27,2023-2026,0.0020999580505503,,3,0.014662790965795744,0.0007381211917070439,0.028587460739884444,,0.2472223341330169,
Europe,2020-01-27,2020-2022,0.0006272601969177,,4,2.1571497333731577,1.375129648716368,2.9391698180299475,,,0.0020045054118893
Europe,2020-02-03,2020-2022,0.0007908932917658,,4,2.1571480351683876,1.3751273068041396,2.939168763532636,,,0.0005690795409717
Europe,2020-02-10,2020-2022,5.454436494936944e-05,,4,2.1571474909685056,1.3751265563239823,2.939168425613029,,,0.0001090887298987
Europe,2020-02-17,2020-2022,0.0002454496422721,,4,2.157147910411102,1.3751271347573206,2.9391686860648836,,,0.0004636271020696
Europe,2020-02-24,2020-2022,0.00302721225469,,4,2.1571493945925986,1.3751291815205902,2.939169607664607,,,0.0017181474959051
Europe,2020-03-02,2020-2022,0.0226359114539883,,4,2.1571555894371053,1.3751377245181535,2.939173454356057,,,0.0069544065310446
Europe,2020-03-09,2020-2022,0.1735874414513682,,4,2.157157170413047,1.3751399047586164,2.9391744360674776,,,0.0082907434723041
Europe,2020-03-16,2020-2022,0.7193856293172335,,4,2.1571537503426423,1.3751351883181675,2.939172312367117,,,0.0053998921299875
Europe,2020-03-23,2020-2022,2.162629525877549,,4,2.157289843332894,1.3753228616073339,2.9392568250584548,,,0.1204339578082077
Europe,2020-03-30,2020-2022,4.250042372489917,,4,2.158108821135542,1.3764520023660718,2.9397656399050125,,,0.8126837655631299
Europe,2020-04-06,2020-2022,5.4973356379696225,,4,2.1618292447042893,1.3815763165166544,2.942082172891924,,,3.95741185453655
Europe,2020-04-13,2020-2022,5.433218736971639,,4,2.172474213838692,1.3961915524796282,2.9487568751977555,,,12.955186657496906
Europe,2020-04-20,2020-2022,4.584535690541925,,4,2.1903459530621485,1.4205712844915506,2.9601206216327465,,,28.061466707684566
Europe,2020-04-27,2020-2022,3.50763902116405,,4,2.20424760357732,1.4393958300168024,2.9690993771378382,,,39.811986520909706
Europe,2020-05-04,2020-2022,2.5902028027156554,,4,2.2026810177431098,1.4372806641259321,2.968081371360287,,,38.48781297303386
Europe,2020-05-11,2020-2022,1.9807240687714016,,4,2.199253558695816,1.4326474924524504,2.9658596249391813,,,35.59071630093057
Europe,2020-05-18,2020-2022,1.5013609174138682,,4,2.1968438609772347,1.4293856060140575,2.964302115940412,,,33.55389335280874
Europe,2020-05-25,2020-2022,1.187403552765298,,4,2.193564303842533,1.4249402845515173,2.962188323133549,,,30.781812365169426
Europe,2020-06-01,2020-2022,1.0042163030828406,,4,2.192508437767142,1.423507640888185,2.9615092346460994,,,29.88933019368536
Europe,2020-06-08,2020-2022,0.8156291612703958,,4,2.190313526922935,1.420527231736353,2.9600998221095165,,,28.03405816429751
Europe,2020-06-15,2020-2022,0.6916225475580043,,4,2.186007012987206,1.4146706918949277,2.9573433340794844,,,24.39393088067144
Europe,2020-06-22,2020-2022,0.5635251064744103,,4,2.1836049297649973,1.411398968301702,2.9558108912282925,,,22.36354416761364
Europe,2020-06-29,2020-2022,0.5048353697888889,,4,2.1820063049693554,1.4092195801833742,2.9547930297553364,,,21.01228934254043
Europe,2020-07-06,2020-2022,0.4986445843671354,,4,2.1817391523000125,1.4088552179506957,2.9546230866493293,,,20.786475671650045
Europe,2020-07-13,2020-2022,0.4534818501890574,,4,2.1813095785512653,1.4082692405616024,2.954349916540928,,,20.423373834182097
Europe,2020-07-20,2020-2022,0.4072282287119922,,4,2.180174760473232,1.4067206922064759,2.953628828739988,,,19.464156632182483
Europe,2020-07-27,2020-2022,0.4077736723614859,,4,2.1785621327478197,1.40451875451113,2.9526055109845095,,,18.10106567991527
Europe,2020-08-03,2020-2022,0.4136917359584924,,4,2.1776486513016327,1.4032707375507512,2.952026565052514,,,17.328935649691992
Europe,2020-08-10,2020-2022,0.4370639963392973,,4,2.178413714598185,1.4043160179028233,2.9525114112935467,,,17.975613640531716
Europe,2020-08-17,2020-2022,0.4568636008159184,,4,2.1802974313003864,1.4068881249001968,2.953706737700576,,,19.567845469951234
Europe,2020-08-24,2020-2022,0.4447547517971584,,4,2.183305770399038,1.4109912491715657,2.9556202916265106,,,22.110676491708357
Europe,2020-08-31,2020-2022,0.4818176477802549,,4,2.186384091881724,1.4151839578861696,2.9575842258772784,,,24.71266087725308
Europe,2020-09-07,2020-2022,0.5159351480560855,,4,2.1906933805915543,1.4210432428291233,2.9603435183539855,,,28.355133568571972
Europe,2020-09-14,2020-2022,0.6080605804555704,,4,2.1958426514986877,1.4280292289624994,2.9636560740348763,,,32.70761025843681
Europe,2020-09-21,2020-2022,0.7672483095603051,,4,2.202449324105604,1.4369677029606618,2.967930945250546,,,38.29197143068315
Europe,2020-09-28,2020-2022,0.8758461401744996,,4,2.209059126399589,1.445882324864796,2.9722359279343817,,,43.87897800462953
Europe,2020-10-05,2020-2022,1.0663968791251217,,4,2.21865394033088,1.4587723129283698,2.97853556773339,,,51.98909781240385
Europe,2020-10-12,2020-2022,1.404271947803991,,4,2.229806273683328,1.4736786238571236,2.985933923509532,,,61.41572768477863
Europe,2020-10-19,2020-2022,1.964169854009268,,4,2.2435242083411038,1.491900203216072,2.995148213466136,,,73.0109596909929
Europe,2020-10-26,2020-2022,2.989931181247109,,4,2.254855934065719,1.5068558695777499,3.002855998553688,,,82.58922289792692
Europe,2020-11-02,2020-2022,4.424475251598,,4,2.2847149877925794,1.5458368878289503,3.0235930877562085,,,107.82790963075172
Europe,2020-11-09,2020-2022,5.728712834084847,,4,2.3398417152577187,1.61611344703751,3.0635699834779273,,,154.42436971370626
Europe,2020-11-16,2020-2022,6.556969015841021,,4,2.4139087603588694,1.7068733539138647,3.120944166803874,,,217.03033725822752
Europe,2020-11-23,2020-2022,7.257836833257945,,4,2.512964678930691,1.8212210165849536,3.2047083412764286,,,300.7584192241148
Europe,2020-11-30,2020-2022,7.2235011555223165,,4,2.578105146686873,1.8917931084143196,3.264417184959427,,,355.819101132095
Europe,2020-12-07,2020-2022,7.109367071865761,,4,2.587507888173648,1.9016689541029856,3.27334682224431,,,363.7668696375975
Europe,2020-12-14,2020-2022,7.289090754373933,,4,2.55096120941869,1.8628415733096277,3.239080845527752,,,332.8753958266974
Europe,2020-12-21,2020-2022,7.113976070703982,,4,2.508807583353866,1.8165906914005188,3.2010244753072135,,,297.244589417529
Europe,2020-12-28,2020-2022,6.644267271942488,,4,2.4717191138231107,1.774618989608062,3.1688192380381595,,,265.895161118514
Europe,2021-01-04,2020-2022,6.775855552382842,,4,2.4670331979261744,1.7692322283536863,3.1648341674986624,,,261.9343402411681
Europe,2021-01-11,2020-2022,7.239728104094754,,4,2.486685632297097,1.7916984846770188,3.181672779917175,,,278.5457720421336
Europe,2021-01-18,2020-2022,7.595002825192472,,4,2.5003176134873453,1.8070876031230787,3.193547623851612,,,290.06835095423537
Europe,2021-01-25,2020-2022,7.4369605277516735,,4,2.483431241718203,1.7880009539674795,3.178861529468927,,,275.79496335682455
Europe,2021-02-01,2020-2022,6.707020563816736,,4,2.5206551266780926,1.8297472011434448,3.2115630522127403,,,307.25885300568586
Europe,2021-02-08,2020-2022,5.817729237682218,,4,2.5283696439775873,1.8382481074255363,3.2184911805296386,,,313.779631835383
Europe,2021-02-15,2020-2022,4.908256496516432,,4,2.490972174312255,1.7965548222691559,3.185389526355354,,,282.16901784480785
Europe,2021-02-22,2020-2022,4.26228758242105,,4,2.4551033793233463,1.7554341397744935,3.154772618872199,,,251.85053258770083
Europe,2021-03-01,2020-2022,3.9396576637455296,,4,2.420808042574272,1.715104106520077,3.1265119786284674,,,222.8620298533368
Europe,2021-03-08,2020-2022,3.884867849153888,,4,2.380833937036835,1.666880091181243,3.0947877828924275,,,189.0734866425159
Europe,2021-03-15,2020-2022,4.028974061350122,,4,2.3550553822156615,1.6351068357548568,3.075003928676466,,,167.28388555508198
Europe,2021-03-22,2020-2022,4.249578745387846,,4,2.3649954296689297,1.647419964712591,3.0825708946252686,,,175.68581771533542
Europe,2021-03-29,2020-2022,4.481801379159787,,4,2.3826711278756076,1.669124560947994,3.0962176948032214,,,190.62639198480687
Europe,2021-04-05,2020-2022,4.674070265606315,,4,2.3971095358554146,1.6866701174478762,3.107548954262953,,,202.83061182568085
Europe,2021-04-12,2020-2022,4.824449079771726,,4,2.425326116902861,1.720472956908997,3.1301792768967247,,,226.6809808374494
Europe,2021-04-19,2020-2022,4.511582602422143,,4,2.4590473012665544,1.7600090085915863,3.1580855939415224,,,255.1841750846764
Europe,2021-04-26,2020-2022,4.108663378541151,,4,2.477116727012361,1.7808007193588893,3.173432734665833,,,270.4575517968865
Europe,2021-05-03,2020-2022,3.435558642883457,,4,2.4461960318082,1.7450536586796066,3.147338404936794,,,244.32150117191463
Europe,2021-05-10,2020-2022,2.9277778773873027,,4,2.4303857561535405,1.72646539251118,3.134306119795901,,,230.95769540439957
Europe,2021-05-17,2020-2022,2.342325936203246,,4,2.408242703907671,1.700084764964159,3.1164006428511826,,,212.2410420216657
Europe,2021-05-24,2020-2022,1.904334685659809,,4,2.379388053876056,1.665111795134494,3.0936643126176184,,,187.8513383292778
Europe,2021-05-31,2020-2022,1.5851683341585738,,4,2.340870188505057,1.6174030182970833,3.064337358713031,,,155.29369780226935
Europe,2021-06-07,2020-2022,1.3627091417125703,,4,2.3071242892929678,1.5746747781624104,3.039573800423525,,,126.76961306326668
Europe,2021-06-14,2020-2022,1.1903489484725631,,4,2.276696923112267,1.5354309521929612,3.0179628940315726,,,101.0505541083328
Europe,2021-06-21,2020-2022,1.1625585945308592,,4,2.2566566656633857,1.5092243680382964,3.004088963288475,,,84.11131067402157
Europe,2021-06-28,2020-2022,1.3281280143346703,,4,2.237800559194884,1.484312870102511,2.9912882482872574,,,68.17298360871375
Europe,2021-07-05,2020-2022,1.2659201661099144,,4,2.2272893599840433,1.4703217006851828,2.9842570192829037,,,59.28827927429344
Europe,2021-07-12,2020-2022,1.2784926422307443,,4,2.2233767026467044,1.4650948513422641,2.981658553951145,,,55.98106352213584
Europe,2021-07-19,2020-2022,1.302110352253821,,4,2.2274939511768332,1.470594730815513,2.9843931715381533,,,59.46121218336542
Europe,2021-07-26,2020-2022,1.398053890199762,,4,2.2479308077333906,1.4977264884773005,2.9981351269894807,,,76.73568528465546
Europe,2021-08-02,2020-2022,1.5023972603479057,,4,2.2842251756339698,1.5452025178075002,3.0232478334604393,,,107.41389062860355
Europe,2021-08-09,2020-2022,1.591195486485479,,4,2.3306610847583538,1.604566581039426,3.0567555884772815,,,146.6643429123595
Europe,2021-08-16,2020-2022,1.7258382513629975,,4,2.3677244845277468,1.6507870903457638,3.0846618787097295,,,177.99258072559172
Europe,2021-08-23,2020-2022,1.8972711903988655,,4,2.354876538345352,1.6348845931511842,3.0748684835395195,,,167.13271584762484
Europe,2021-08-30,2020-2022,1.9875966587550216,,4,2.3478233529617407,1.6261001999972038,3.0695465059262776,,,161.1709349421113
Europe,2021-09-06,2020-2022,2.124557559142888,,4,2.348210369419321,1.6265832020235933,3.069837536815048,,,161.49806477089516
Europe,2021-09-13,2020-2022,2.176456522392213,,4,2.356369302282526,1.63673883693169,3.075999767633362,,,168.3944906419986
Europe,2021-09-20,2020-2022,2.2927723806467433,,4,2.3617028375489126,1.643349806272563,3.080055868825262,,,172.90271876597637
Europe,2021-09-27,2020-2022,2.4040974295084068,,4,2.3589245465821946,1.6399088417054695,3.07794025145892,,,170.5543384052637
Europe,2021-10-04,2020-2022,2.675946544416064,,4,2.356796682023844,1.637269391259351,3.0763239727883374,,,168.75573797105827
Europe,2021-10-11,2020-2022,3.0431392092552185,,4,2.343045740460182,1.620128220890029,3.065963260030335,,,157.13260652217238
Europe,2021-10-18,2020-2022,3.4053683368839813,,4,2.345378647918735,1.6230465197344872,3.0677107761029827,,,159.10452167600445
Europe,2021-10-25,2020-2022,4.069582341054927,,4,2.3540036460366083,1.633799527820628,3.0742077642525887,,,166.39489422295472
Europe,2021-11-01,2020-2022,4.558790750285821,,4,2.3706403204013977,1.6543782259733464,3.0869024148294493,,,180.4572224001939
Europe,2021-11-08,2020-2022,4.997000178289056,,4,2.398675186009986,1.6885626572735861,3.108787714746386,,,204.153994480265
Europe,2021-11-15,2020-2022,5.364383748405534,,4,2.443683506123774,1.7421135782560877,3.1452534339914604,,,242.19776177824605
Europe,2021-11-22,2020-2022,5.52002609378856,,4,2.492799621176856,1.7986203759834831,3.1869788663702288,,,283.71368698799154
Europe,2021-11-29,2020-2022,5.494472058809779,,4,2.525583093218194,1.835183521881652,3.2159826645547365,,,311.4242697959568
Europe,2021-12-06,2020-2022,5.3141756604696395,,4,2.568128543198054,1.8812282843655526,3.255028802030555,,,347.3862695890977
Europe,2021-12-13,2020-2022,5.062262510950977,,4,2.633848680623005,1.9491844671634633,3.318512894082547,,,402.9369235274181
Europe,2021-12-20,2020-2022,4.598499047968963,,4,2.700214404734053,2.0138750160299437,3.386553793438162,,,459.0332665648744
Europe,2021-12-27,2020-2022,4.16408045332971,,4,2.7331338407063823,2.0445033010787297,3.421764380334035,,,486.858774349788
Europe,2022-01-03,2020-2022,3.8161419493176822,,4,2.739916582409507,2.0506947055287847,3.429138459290229,,,492.5919598217987
Europe,2022-01-10,2020-2022,3.7880243291862823,,4,2.743405376870378,2.0538635466400024,3.432947207100754,,,495.5409009127864
Europe,2022-01-17,2020-2022,3.9261579334205607,,4,2.8264385882446716,2.1261618753901184,3.526715301099225,,,565.7256170617452
Europe,2022-01-24,2020-2022,3.9380213327970486,,4,3.061269591845001,2.300670650949016,3.821868532740986,,,764.2190518919296
Europe,2022-01-31,2020-2022,4.198443403247813,,4,3.5802736645991526,2.5732957553875124,4.587251573810793,,,1202.9128338559142
Europe,2022-02-07,2020-2022,4.488973963150629,,4,3.876657772484546,2.6886356177629493,5.064679927206143,,,1453.4346929856308
Europe,2022-02-14,2020-2022,4.5448001206763085,,4,4.095216242423733,2.763417186900506,5.42701529794696,,,1638.173593489985
Europe,2022-02-21,2020-2022,4.320186425814805,,4,4.524816577378671,2.8947423289741705,6.154890825783171,,,2001.2979032362969
Europe,2022-02-28,2020-2022,3.7566067749754457,,4,4.611157900249062,2.9193811099398754,6.302934690558249,,,2074.2788362543847
Europe,2022-03-07,2020-2022,3.1806455532925795,,4,4.323874567445567,2.835370970696082,5.812378164195052,,,1831.44950527439
Europe,2022-03-14,2020-2022,2.7574630978328964,,4,3.8735136307789784,2.6875061793004056,5.059521082257551,,,1450.7770733478376
Europe,2022-03-21,2020-2022,2.5294403801620575,,4,3.4855777550265588,2.53173141112635,4.439424098926768,,,1122.870096452196
Europe,2022-03-28,2020-2022,2.265418381624635,,4,3.2171944733697826,2.3959072618961015,4.038481684843464,,,896.0162372500394
Europe,2022-04-04,2020-2022,2.0776766774689053,,4,3.2049054828448384,2.388902819484545,4.020908146205132,,,885.6288356612639
Europe,2022-04-11,2020-2022,1.8775261302871944,,4,3.3141594060669566,2.4485374703541627,4.1797813417797505,,,977.9768908862898
Europe,2022-04-18,2020-2022,1.6250402649365632,,4,3.357929596164639,2.4708831856054774,4.2449760067238005,,,1014.9741154539872
Europe,2022-04-25,2020-2022,1.4115263483422564,,4,3.2998444432698673,2.4410474435708767,4.158641442968857,,,965.877014415564
Europe,2022-05-02,2020-2022,1.227548205368033,,4,3.096708780820347,2.3235961367874403,3.869821424853254,,,794.1744080393862
Europe,2022-05-09,2020-2022,1.0339157097977718,,4,2.9163856332659948,2.197968798336094,3.6348024681958955,,,641.7543255601094
Europe,2022-05-16,2020-2022,0.904400115225494,,4,2.77278781474802,2.0801281074881572,3.4654475220078824,,,520.376722966095
Europe,2022-05-23,2020-2022,0.7624484054447601,,4,2.678192732722732,1.9928469718245716,3.3635384936208923,,,440.4192111326103
Europe,2022-05-30,2020-2022,0.617224033767064,,4,2.576396724725316,1.8899902531853807,3.2628031962652515,,,354.3750390700604
Europe,2022-06-06,2020-2022,0.5814156581778029,,4,2.504137832129314,1.8113714319805507,3.196904232278077,,,293.29743190360296
Europe,2022-06-13,2020-2022,0.5544980140752891,,4,2.4679662641151503,1.7703063358534232,3.1656261923768776,,,262.7230244861535
Europe,2022-06-20,2020-2022,0.6000698309904874,,4,2.4042322841804635,1.6952640540077013,3.1132005143532258,,,208.85119155660985
Europe,2022-06-27,2020-2022,0.6752046937082438,,4,2.3564126661940716,1.6367926758555098,3.0760326565326332,,,168.43114445524455
Europe,2022-07-04,2020-2022,0.7738209055367037,,4,2.3821675063761187,1.668509560165718,3.0958254525865194,,,190.20070048855953
Europe,2022-07-11,2020-2022,0.9641534670275282,,4,2.4305125568770327,1.7266152986921677,3.1344098150618978,,,231.06487508152503
Europe,2022-07-18,2020-2022,1.175921963943455,,4,2.524430045519608,1.8339134349692379,3.2149466560699778,,,310.449643810859
Europe,2022-07-25,2020-2022,1.2991376843640805,,4,2.6639920196360465,1.9790566842351163,3.3489273550369765,,,428.4159054600273
Europe,2022-08-01,2020-2022,1.24511149088173,,4,2.8098501497785136,2.112190742950555,3.5075095566064722,,,551.7040607973056
Europe,2022-08-08,2020-2022,1.1136050269888005,,4,2.874432984734666,2.165292282429892,3.58357368703944,,,606.2933975755758
Europe,2022-08-15,2020-2022,0.9970709912744729,,4,2.791783240688287,2.0967084465814123,3.486858034795162,,,536.4328113153285
Europe,2022-08-22,2020-2022,0.8915821894623922,,4,2.6884231957770575,2.002669768423079,3.374176623131036,,,449.0666202073184
Europe,2022-08-29,2020-2022,0.7763572185068492,,4,2.577390222913045,1.891038983918327,3.263741461907763,,,355.2148041128209
Europe,2022-09-05,2020-2022,0.6953588365570357,,4,2.4920294600395123,1.7977502177116018,3.186308702367423,,,283.0626999923208
Europe,2022-09-12,2020-2022,0.6338055207116723,,4,2.444247462827571,1.7427739623491911,3.1457209633059513,,,242.67445225572095
Europe,2022-09-19,2020-2022,0.6261420374362858,,4,2.4291081662685214,1.7249542603049735,3.1332620722320694,,,229.87779879494943
Europe,2022-09-26,2020-2022,0.6923588964848203,,4,2.4150724231816363,1.7082643175477152,3.1218805288155576,,,218.01393579135953
Europe,2022-10-03,2020-2022,0.8454376567152257,,4,2.401894343410749,1.6924477312952835,3.111340955526215,,,206.8750219423117
Europe,2022-10-10,2020-2022,1.0254613332306195,,4,2.4148223385995014,1.7079654766683388,3.121679200530664,,,217.80254910499823
Europe,2022-10-17,2020-2022,1.1167140557909143,,4,2.4534644880384118,1.7535292050493534,3.15339977102747,,,250.46524207889925
Europe,2022-10-24,2020-2022,1.0962326467524262,,4,2.4919287615514665,1.7976364068150628,3.18622111628787,,,282.9775835108173
Europe,2022-10-31,2020-2022,0.9247451633516088,,4,2.55352619769253,1.8656053627714027,3.2414470326136575,,,335.04347978906986
Europe,2022-11-07,2020-2022,0.7905387533936855,,4,2.5849944913392133,1.8990368282878745,3.270952154390552,,,361.642393895002
Europe,2022-11-14,2020-2022,0.7300763248473094,,4,2.5617785049307447,1.8744577030517022,3.249099306809787,,,342.01883135625496
Europe,2022-11-21,2020-2022,0.7085040285098338,,4,2.4898418410435257,1.7952757724351904,3.1844079096518607,,,281.21359147617216
Europe,2022-11-28,2020-2022,0.7237764506956571,,4,2.3965302210996122,1.6859693485704228,3.1070910936288016,,,202.34093978934789
Europe,2022-12-05,2020-2022,0.7989385855958883,,4,2.346750515593587,1.624760683096427,3.0687403480907474,,,160.26410760264554
Europe,2022-12-12,2020-2022,0.894991212271728,,4,2.3406619513881566,1.617141981142867,3.0641819216334465,,,155.11768313657765
Europe,2022-12-19,2020-2022,1.058024319105393,,4,2.356169808930528,1.636491135100235,3.075848482760821,,,168.22586673775754
Europe,2022-12-26,2020-2022,1.1380136303036434,,4,2.3750850568051773,1.6598395059254343,3.0903306076849204,,,184.21418371354144
Europe,2023-01-02,2023-2026,1.0996962139267117,,4,1.0519278299584276,0.8505321186076011,1.253323541309254,,,204.80738142799345
Europe,2023-01-09,2023-2026,0.9883438928825736,,4,1.084978803281799,0.8769183393805215,1.2930392671830766,,,211.3520234173559
Europe,2023-01-16,2023-2026,0.7863115651101094,,4,1.0313558629478414,0.8341080254661429,1.2286037004295398,,,200.73379007611473
Europe,2023-01-23,2023-2026,0.6198694354671085,,4,0.8719276635980665,0.7068092601542668,1.0370460670418662,,,169.16435708107642
Europe,2023-01-30,2023-2026,0.543534596720466,,4,0.643496717100926,0.5243320121820162,0.7626614220198359,,,123.9312334000314
Europe,2023-02-06,2023-2026,0.4881993384793307,,4,0.4747540586372454,0.3893924105572112,0.5601157067172796,,,90.51738270423014
Europe,2023-02-13,2023-2026,0.4686724558274565,,4,0.34464746807016006,0.2851186132886745,0.4041763228516456,,,64.75411554150479
Europe,2023-02-20,2023-2026,0.5075898602188317,,4,0.2836148293726333,0.2360307304261155,0.33119892831915115,,,52.66863878312557
Europe,2023-02-27,2023-2026,0.5090898302549393,,4,0.2983862971958575,0.24792839720633175,0.3488441971853833,,,55.59363489790046
Europe,2023-03-06,2023-2026,0.5196714370551169,,4,0.32782662642444643,0.27160653347658487,0.384046719372308,,,61.42330935150658
Europe,2023-03-13,2023-2026,0.5412982777575418,,4,0.36027297937949004,0.2976618238064229,0.42288413495255717,,,67.84822645980518
Europe,2023-03-20,2023-2026,0.572688559785904,,4,0.405022874786442,0.3335479806253417,0.4764977689475423,,,76.70944944511477
Europe,2023-03-27,2023-2026,0.5524253282072132,,4,0.41764484145055475,0.34366204220080665,0.49162764070030285,,,79.20880860800727
Europe,2023-04-03,2023-2026,0.4998991047609705,,4,0.3945068876330607,0.3251190782857645,0.4638946969803569,,,74.62710922444272
Europe,2023-04-10,2023-2026,0.4426002493816579,,4,0.36536308406574974,0.3017462573867806,0.42897991074471886,,,68.85615177970458
Europe,2023-04-17,2023-2026,0.4385366941929299,,4,0.35924774156130423,0.2968390557308791,0.42165642739172937,,,67.64521233346363
Europe,2023-04-24,2023-2026,0.433245890792841,,4,0.3320942270470029,0.27503567604803747,0.3891527780459684,,,62.26836519766716
Europe,2023-05-01,2023-2026,0.3755379526764081,,4,0.2841295141827571,0.2364455124788777,0.33181351588663655,,,52.77055492903347
Europe,2023-05-08,2023-2026,0.3448022030274385,,4,0.24385711494308432,0.2039268243317197,0.2837874055544489,,,44.79595059597585
Europe,2023-05-15,2023-2026,0.2687946304704922,,4,0.23553125833575214,0.19718408721991992,0.27387842945158436,,,43.14729262101622
Europe,2023-05-22,2023-2026,0.256958503276479,,4,0.21291721701965244,0.17882194938866913,0.24701248465063574,,,38.66933661958536
Europe,2023-05-29,2023-2026,0.224695511408927,,4,0.17915337011394175,0.151218980039585,0.2070877601882985,,,31.98353381373393
Europe,2023-06-05,2023-2026,0.2032595759838248,,4,0.1496677287894119,0.12680401461517568,0.1725314429636481,,,26.144886812093624
Europe,2023-06-12,2023-2026,0.1626512962790192,,4,0.11827677580760333,0.10020588855081324,0.13634766306439342,,,19.928956438098535
Europe,2023-06-19,2023-2026,0.135079119797113,,4,0.11543919187852163,0.09775337235686488,0.13312501140017838,,,19.3670676625726
Europe,2023-06-26,2023-2026,0.1100432562853524,,4,0.10593301714896293,0.08945718270042026,0.1224088515975056,,,17.484687083804914
Europe,2023-07-03,2023-2026,0.074616691250737,,4,0.08856292128254496,0.07390048906099511,0.10322535350409481,,,14.04511943009768
Europe,2023-07-10,2023-2026,0.0575170328391096,,4,0.0685508134512881,0.055116532412950975,0.08198509448962524,,,10.082389499978566
Europe,2023-07-17,2023-2026,0.0526898565410904,,4,0.05961083333088664,0.04635814517962842,0.07286352148214487,,,8.312124863364307
Europe,2023-07-24,2023-2026,0.0481354020678181,,4,0.0503507762774561,0.037028015233538596,0.0636735373213736,,,6.47847967467888
Europe,2023-07-31,2023-2026,0.0575988493865337,,4,0.036568324141012326,0.022667396359232643,0.05046925192279201,,,3.7493251022547054
Europe,2023-08-07,2023-2026,0.0685895389238316,,4,0.033097472682642584,0.018967898669257636,0.047227046696027536,,,3.062038831710176
Europe,2023-08-14,2023-2026,0.0780802584250219,,4,0.03320517498971148,0.019083164004664758,0.04732718597475821,,,3.0833656784053796
Europe,2023-08-21,2023-2026,0.0929708700561998,,4,0.03479233788825734,0.020778333766196144,0.04880634201031854,,,3.3976503092436454
Europe,2023-08-28,2023-2026,0.0977435019892696,,4,0.03974843446099007,0.026028840407551705,0.05346802851442844,,,4.379039795595175
Europe,2023-09-04,2023-2026,0.1074523989502574,,4,0.0439917951781193,0.030470314262749355,0.05751327609348924,,,5.219295737640211
Europe,2023-09-11,2023-2026,0.1261883883103658,,4,0.04860674262731017,0.035241475832045385,0.061972009422574956,,,6.133132028001946
Europe,2023-09-18,2023-2026,0.1341791377754484,,4,0.05739673833288034,0.04415128722111964,0.07064218944464103,,,7.873697257901275
Europe,2023-09-25,2023-2026,0.1454425491374932,,4,0.06745023910884808,0.05405132121216702,0.08084915700552914,,,9.864457489823362
Europe,2023-10-02,2023-2026,0.1616967698924053,,4,0.08160455343082407,0.06748791443338845,0.09572119242825969,,,12.667246954929183
Europe,2023-10-09,2023-2026,0.1783328012019629,,4,0.09873156160929239,0.08307740539964359,0.11438571781894119,,,16.058679206568602
Europe,2023-10-16,2023-2026,0.1985960327806537,,4,0.11447124838225442,0.09691442942484359,0.13202806733966527,,,19.17539876414052
Europe,2023-10-23,2023-2026,0.1525878609458606,,4,0.12997459607730047,0.1102195668185508,0.14972962533605014,,,22.24531925658588
Europe,2023-10-30,2023-2026,0.2014323397580209,,4,0.13820721168477884,0.11718830254269628,0.15922612082686138,,,23.87551396401016
Europe,2023-11-06,2023-2026,0.1826418060329631,,4,0.13188307544949318,0.11184025217858017,0.1519258987204062,,,22.623229889137583
Europe,2023-11-13,2023-2026,0.185505385192805,,4,0.12194154650939155,0.10335895998661232,0.1405241330321708,,,20.654641941567416
Europe,2023-11-20,2023-2026,0.1844963144412417,,4,0.11666592391057182,0.09881487438649827,0.13451697343464536,,,19.609980991874625
Europe,2023-11-27,2023-2026,0.2107866983468378,,4,0.16366310645875698,0.13844093785079492,0.18888527506671904,,,28.916204178623666
Europe,2023-12-04,2023-2026,0.229277238064674,,4,0.1370047195581555,0.11617392133068025,0.15783551778563074,,,23.63740053882369
Europe,2023-12-11,2023-2026,0.2663128618652958,,4,0.16622468601013274,0.14056057066335545,0.19188880135691003,,,29.423439500470323
Europe,2023-12-18,2023-2026,0.2554312610578967,,4,0.1983223148711882,0.16692374237137064,0.22972088737100577,,,35.77930344274302
Europe,2023-12-25,2023-2026,0.2361498280482945,,4,0.23006020149942508,0.19274859101579453,0.2673718119830556,,,42.063932444391845
Europe,2024-01-01,2023-2026,0.2302317644512879,,4,0.2606359499345057,0.21749240182889631,0.303779498040115,,,48.11843877031928
Europe,2024-01-08,2023-2026,0.1838417820618492,,4,0.2737099357441431,0.2280448555386334,0.3193750159496528,,,50.70730523609366
Europe,2024-01-15,2023-2026,0.1429880527147715,,4,0.2439813444583991,0.2040273707669395,0.28393531814985873,,,44.82055010456802
Europe,2024-01-22,2023-2026,0.1036615655862762,,4,0.17710069084980373,0.14953079886512083,0.20467058283448664,,,31.577069206131227
Europe,2024-01-29,2023-2026,0.0815165534168322,,4,0.13163048461680235,0.11162594058232997,0.15163502865127473,,,22.573212706479016
Europe,2024-02-05,2023-2026,0.0668168470629771,,4,0.10008748131913121,0.08428559058140622,0.1158893720568562,,,16.327173843031876
Europe,2024-02-12,2023-2026,0.0385628660192038,,4,0.08224512047708739,0.06808319186763664,0.09640704908653813,,,12.794089875618942
Europe,2024-02-19,2023-2026,0.0400901082377861,,4,0.07227356710867204,0.0586933295434544,0.08585380467388969,,,10.819556592269294
Europe,2024-02-26,2023-2026,0.0314993707582604,,4,0.06687178682024215,0.05349001102533689,0.08025356261514742,,,9.749914323429689
Europe,2024-03-04,2023-2026,0.0267267388251906,,4,0.06371054506301173,0.050404688907645594,0.07701640121837786,,,9.123935919088249
Europe,2024-03-11,2023-2026,0.0311175602036148,,4,0.05877731112835249,0.04552912028357241,0.07202550197313257,,,8.147073615027514
Europe,2024-03-18,2023-2026,0.0301630338170009,,4,0.05409184759064621,0.04082909795304771,0.06735459722824472,,,7.219273967238741
Europe,2024-03-25,2023-2026,0.0225268227240891,,4,0.050691512220792316,0.037375982222079815,0.06400704221950482,,,6.545951054121249
Europe,2024-04-01,2023-2026,0.0221450121694436,,4,0.04764114048554437,0.034248408686955945,0.06103387228413279,,,5.941926756671933
Europe,2024-04-08,2023-2026,0.020808675228184,,4,0.04738758556570586,0.03398718014449233,0.060787990986919394,,,5.891718668736039
Europe,2024-04-15,2023-2026,0.0171814749590509,,4,0.046881439813175614,0.033465144273695464,0.060297735352655764,,,5.791493398141571
Europe,2024-04-22,2023-2026,0.0185178119003105,,4,0.04349363757624143,0.02995156123150837,0.05703571392097449,,,5.1206522536292765
Europe,2024-04-29,2023-2026,0.014317895799209,,4,0.04175731662327642,0.028137881339050083,0.055376751907502755,,,4.776831849170927
Europe,2024-05-06,2023-2026,0.0179450960683421,,4,0.03982817824077655,0.026112775111195682,0.05354358137035742,,,4.3948303892480185
Europe,2024-05-13,2023-2026,0.0072544005382657,,4,0.03815934338814887,0.024352578046978907,0.05196610872931884,,,4.064373354202263
Europe,2024-05-20,2023-2026,0.0188996224549561,,4,0.037060284039798094,0.023189199840835943,0.050931368238760245,,,3.846741338054279
Europe,2024-05-27,2023-2026,0.0190905277322789,,4,0.03345652628178408,0.01935205072241232,0.047561001841155845,,,3.133137411421679
Europe,2024-06-03,2023-2026,0.0267267388251906,,4,0.03405233213904807,0.019988777304130175,0.04811588697396596,,,3.2511168728071653
Europe,2024-06-10,2023-2026,0.0236722543880259,,4,0.035190919060453754,0.021203014212550445,0.04917882390835707,,,3.476576005325384
Europe,2024-06-17,2023-2026,0.0362720026913302,,4,0.03629672701883822,0.02237904663163963,0.050214407406036804,,,3.6955443584146273
Europe,2024-06-24,2023-2026,0.0358901921366847,,4,0.03773418095602379,0.02390292183424625,0.051565440077801325,,,3.980184126902912
Europe,2024-07-01,2023-2026,0.0356992868593619,,4,0.03951292174348627,0.02578084742555272,0.05324499606141982,,,4.332404363563464
Europe,2024-07-08,2023-2026,0.0418082557336912,,4,0.0394242257259002,0.025687411437338138,0.053161040014462264,,,4.314841078049768
Europe,2024-07-15,2023-2026,0.0482990351626662,,4,0.04247556154829537,0.02888917188955667,0.05606195120703407,,,4.919056280776408
Europe,2024-07-22,2023-2026,0.054980719868964,,4,0.04449243186123409,0.030990924350071707,0.05799393937239647,,,5.31843012093569
Europe,2024-07-29,2023-2026,0.0513535195998309,,4,0.04738083695567217,0.033980224677121466,0.06078144923422287,,,5.890382331794778
Europe,2024-08-05,2023-2026,0.0559352462555779,,4,0.05276912002403424,0.03949003857701204,0.06604820147105644,,,6.957351926751869
Europe,2024-08-12,2023-2026,0.0498262773812486,,4,0.05827791398585638,0.04503139237043026,0.07152443560128251,,,8.048184681374307
Europe,2024-08-19,2023-2026,0.0631896467938441,,4,0.06525308449929375,0.05191395036113975,0.07859221863744775,,,9.429384362804717
Europe,2024-08-26,2023-2026,0.0599442570793566,,4,0.06898602993509641,0.05553677565797933,0.0824352842122135,,,10.16856959659857
Europe,2024-09-02,2023-2026,0.0618533098525845,,4,0.07155146583506285,0.058002681295193315,0.08510025037493238,,,10.676568539554522
Europe,2024-09-09,2023-2026,0.0507808037678625,,4,0.07147241068895303,0.05792697857429262,0.08501784280361345,,,10.660914306814051
Europe,2024-09-16,2023-2026,0.0511626143225081,,4,0.08350807464054338,0.06925382994873855,0.09776231933234822,,,13.0441757889118
Europe,2024-09-23,2023-2026,0.0566988673648691,,4,0.08800361301015737,0.0733892973787526,0.10261792864156213,,,13.934367097067986
Europe,2024-09-30,2023-2026,0.0628078362391985,,4,0.08952301435489533,0.07477633280986978,0.10426969589992088,,,14.235233814128708
Europe,2024-10-07,2023-2026,0.0643350784577808,,4,0.09639502754353156,0.08098733792706991,0.11180271715999321,,,15.596006630885574
Europe,2024-10-14,2023-2026,0.0702531420547874,,4,0.10621521922976142,0.08970540668737417,0.12272503177214866,,,17.540567785695547
Europe,2024-10-21,2023-2026,0.066053225953686,,4,0.10948733100897476,0.09257448729832898,0.12640017471962053,,,18.188500296929103
Europe,2024-10-28,2023-2026,0.0652896048443948,,4,0.10052132053558577,0.08467145130904052,0.11637118976213101,,,16.41308121782713
Europe,2024-11-04,2023-2026,0.0477263193306978,,4,0.0941246023107539,0.07894616653475953,0.10930303808674827,,,15.1464247027904
Europe,2024-11-11,2023-2026,0.0448627401708559,,4,0.08003736090890871,0.06602710050885487,0.09404762130896256,,,12.356916790549748
Europe,2024-11-18,2023-2026,0.0414264451790457,,4,0.07173464239312102,0.05817802088165612,0.08529126390458593,,,10.712840542245852
Europe,2024-11-25,2023-2026,0.041999161011014,,4,0.06204267429753216,0.04876465786518932,0.075320690729875,,,8.793669789319814
Europe,2024-12-02,2023-2026,0.0376083396325898,,4,0.05749411113479544,0.044248659368003485,0.0707395629015874,,,7.892978690910877
Europe,2024-12-09,2023-2026,0.0286357915984185,,4,0.05771392300446595,0.044468362289181794,0.0709594837197501,,,7.936505094140474
Europe,2024-12-16,2023-2026,0.0406628240697545,,4,0.061231877006336456,0.04796432231046689,0.07449943170220602,,,8.633118451091347
Europe,2024-12-23,2023-2026,0.0335993288088111,,4,0.0627802009655045,0.0494909208425203,0.07606948108848871,,,8.939712326471751
Europe,2024-12-30,2023-2026,0.0353174763047163,,4,0.06484816789726974,0.05151846673154304,0.07817786906299645,,,9.349204146329145
Europe,2025-01-06,2023-2026,0.0376083396325898,,4,0.06410003627067302,0.05078645827639741,0.07741361426494864,,,9.201061651126656
Europe,2025-01-13,2023-2026,0.0370356238006214,,4,0.059156197377389426,0.045906227472611465,0.0724061672821674,,,8.222099389015373
Europe,2025-01-20,2023-2026,0.025390401883931,,4,0.04999640538731744,0.0366657508273249,0.06332705994730999,,,6.408308349171516
Europe,2025-01-27,2023-2026,0.0175632855136965,,4,0.039056908522635304,0.02530023336029367,0.052813583684976934,,,4.2421061673897835
Europe,2025-02-03,2023-2026,0.0173723802363737,,4,0.0378248051479052,0.023998808053555996,0.0516508022422544,,,3.998129222971254
Europe,2025-02-10,2023-2026,0.0167996644044054,,4,0.036056669319067085,0.022124018513981044,0.04998932012415312,,,3.648008944361252
Europe,2025-02-17,2023-2026,0.0125997483033039,,4,0.0336695895414209,0.019579851962938908,0.0477593271199029,,,3.175327477710016
Europe,2025-02-24,2023-2026,0.014317895799209,,4,0.032572458367365026,0.01840559607585002,0.046739320658880035,,,2.958077272116678
Europe,2025-03-03,2023-2026,0.0103088849754304,,4,0.03064621224630816,0.016336635516238405,0.04495578897637792,,,2.576648528025738
Europe,2025-03-10,2023-2026,0.0103088849754304,,4,0.029756359809003083,0.015377774151218299,0.04413494546678787,,,2.4004429570567996
Europe,2025-03-17,2023-2026,0.0085907374795253,,4,0.028836620670119793,0.014384703193347158,0.04328853814689243,,,2.218319322490855
Europe,2025-03-24,2023-2026,0.0062998741516517,,4,0.02781854464217373,0.013283114932291652,0.04235397435205581,,,2.0167233496379855
Europe,2025-03-31,2023-2026,0.0049635372103922,,4,0.026511242469924486,0.011865035594563008,0.041157449345285965,,,1.7578557935882784
Europe,2025-04-07,2023-2026,0.004199916101101,,4,0.0261419970923647,0.011463791694533152,0.040820202490196245,,,1.6847390723736484
Europe,2025-04-14,2023-2026,0.004199916101101,,4,0.02186530650527311,0.00679450317776561,0.03693610983278061,,,0.8378832621697386
Europe,2025-04-21,2023-2026,0.0038181055464554,,4,0.0216628482042611,0.006572485551648653,0.036753210856873546,,,0.797793153931952
Europe,2025-04-28,2023-2026,0.0028635791598415,,4,0.02146038990324909,0.006350382472539329,0.03657039733395885,,,0.7577030456941655
Europe,2025-05-05,2023-2026,0.0036272002691326,,4,0.021200086373376448,0.006064696342897628,0.03633547640385527,,,0.7061586208170114
Europe,2025-05-12,2023-2026,0.0022908633278731,,4,0.02079034933561408,0.005614721857536127,0.035965976813692034,,,0.6250238779548243
Europe,2025-05-19,2023-2026,0.0038181055464554,,4,0.02058789103460207,0.005392254321065649,0.03578352774813849,,,0.5849337697170378
Europe,2025-05-26,2023-2026,0.0036272002691326,,4,0.020571501553091683,0.005374241378221853,0.035768761727961514,,,0.5816883800025503
Europe,2025-06-02,2023-2026,0.0040090108237782,,4,0.020539686677218134,0.005339273512451533,0.035740099841984736,,,0.5753885058508982
Europe,2025-06-09,2023-2026,0.0045817266557466,,4,0.020825056472930197,0.005652850722334341,0.035997262223526054,,,0.6318964679384449
Europe,2025-06-16,2023-2026,0.0062998741516517,,4,0.02115091792884484,0.0060107176658704235,0.03629111819181925,,,0.696422451673549
Europe,2025-06-23,2023-2026,0.0047726319330694,,4,0.02166574046570411,0.006575657834473265,0.03675582309693495,,,0.7983658697639205
Europe,2025-06-30,2023-2026,0.0053453477650378,,4,0.022062944370546768,0.007011151925820955,0.03711473681527258,,,0.8770188440209111
Europe,2025-07-07,2023-2026,0.0053453477650378,,4,0.022088974723533855,0.007039680042186566,0.037138269404881144,,,0.8821732865086265
Europe,2025-07-14,2023-2026,0.0059180635970062,,4,0.022382057216427276,0.0073607870428491,0.03740332739000545,,,0.9402084908147558
Europe,2025-07-21,2023-2026,0.0070634952609429,,4,0.022004135054538458,0.006946694274972824,0.03706157583410409,,,0.8653736221042208
Europe,2025-07-28,2023-2026,0.0101179796981076,,4,0.022229731447094545,0.0071939184996831565,0.03726554439450593,,,0.9100454569977544
Europe,2025-08-04,2023-2026,0.0101179796981076,,4,0.022616330393312834,0.007617330871105976,0.03761532991551969,,,0.9865984732041942
Europe,2025-08-11,2023-2026,0.0076362110929113,,4,0.023140793801648803,0.008191228015743481,0.03809035958755412,,,1.0904509440677936
Europe,2025-08-18,2023-2026,0.0125997483033039,,4,0.023440624904575914,0.00851905535136486,0.03836219445778697,,,1.1498224853151822
Europe,2025-08-25,2023-2026,0.0101179796981076,,4,0.024407604313695028,0.009574998645661841,0.03924020998172821,,,1.3413004784699436
Europe,2025-09-01,2023-2026,0.0118361271940127,,4,0.02627407703159636,0.01160735316682411,0.04094080089636861,,,1.710893095366871
Europe,2025-09-08,2023-2026,0.0146997063538546,,4,0.027913025182645823,0.013385448089228227,0.042440602276063416,,,2.035432066815619
Europe,2025-09-15,2023-2026,0.0127906535806267,,4,0.0318214344793253,0.01760002602499239,0.04604284293365821,,,2.809362061082222
Europe,2025-09-22,2023-2026,0.0137451799672407,,4,0.03448617135550262,0.020451838368983823,0.048520504342021424,,,3.337024247602422
Europe,2025-09-29,2023-2026,0.0187087171776333,,4,0.03924779777787528,0.025501490454325905,0.05299410510142465,,,4.279905412299697
Europe,2025-10-06,2023-2026,0.0125997483033039,,4,0.043452181828891184,0.029908359260086566,0.0569960043976958,,,5.112443326704397
Europe,2025-10-13,2023-2026,0.0124088430259811,,4,0.045900963183989126,0.032451726702629864,0.05935019966534839,,,5.597342731104291
Europe,2025-10-20,2023-2026,0.0125997483033039,,4,0.04631648474463751,0.03288155536940965,0.05975141411986537,,,5.679622905630415
Europe,2025-10-27,2023-2026,0.0125997483033039,,4,0.04343482826023312,0.02989027324238144,0.0569793832780848,,,5.109007031712586
Europe,2025-11-03,2023-2026,0.0124088430259811,,4,0.04385227799517685,0.030325101353227628,0.05737945463712608,,,5.191669016793356
Europe,2025-11-10,2023-2026,0.0074453058155885,,4,0.03921309064055916,0.025464905723868402,0.052961275557249915,,,4.273032822316076
Europe,2025-11-17,2023-2026,0.008781642756848,,4,0.0369484499306675,0.023070638485861793,0.05082626137547321,,,3.824596325884836
Europe,2025-11-24,2023-2026,0.0066816847062973,,4,0.03243555799239502,0.018258858194094944,0.04661225779069509,,,2.9309687227368415
Europe,2025-12-01,2023-2026,0.0103088849754304,,4,0.030044621866158153,0.015688601517220277,0.04440064221509603,,,2.4575236349763143
Europe,2025-12-08,2023-2026,0.0083998322022025,,4,0.027032813616817447,0.012431275498094507,0.041634351735540386,,,1.861135548619909
Europe,2025-12-15,2023-2026,0.0089725480341708,,4,0.02627889746733471,0.011612591887947409,0.040945203046722015,,,1.7118476217534848
Europe,2025-12-22,2023-2026,0.0083998322022025,,4,0.026145853440955377,0.011467983830898443,0.04082372305101231,,,1.6855026934829396
Europe,2025-12-29,2023-2026,0.0112634113620444,,4,0.027343249678369368,0.012768001319093551,0.041918498037645184,,,1.9226070479178483
Europe,2026-01-05,2023-2026,0.0110725060847216,,4,0.027464724658976664,0.012899702967511483,0.04202974635044185,,,1.9466611128605205
Europe,2026-01-12,2023-2026,0.0110725060847216,,4,0.026246118504313933,0.01157696754396798,0.040915269464659884,,,1.70535684232451
Europe,2026-01-19,2023-2026,0.0099270744207848,,4,0.02409138372925753,0.009229909291230168,0.038952858167284894,,,1.2786835475080678
Europe,2026-01-26,2023-2026,0.0104997902527532,,4,0.02454354060151737,0.009723277590674685,0.039363803612360054,,,1.3682181225724577
Europe,2026-02-02,2023-2026,0.0091634533114936,,4,0.025035225046832563,0.010259265371589539,0.039811184722075586,,,1.465579814007082
Europe,2026-02-09,2023-2026,0.0068725899836201,,4,0.02408463511922384,0.009222542196295098,0.03894672804215258,,,1.277347210566808
Europe,2026-02-16,2023-2026,0.0093543585888164,,4,0.02425045810862395,0.00940353343003579,0.03909738278721211,,,1.3101829182663285
Europe,2026-02-23,2023-2026,0.0091634533114936,,4,0.024827946310082206,0.01003337491736202,0.039622517702802396,,,1.4245351793826817
Europe,2026-03-02,2023-2026,0.0062998741516517,,4,0.02441917335946751,0.009587619711114659,0.03925072700782036,,,1.3435913417978171
Europe,2026-03-09,2023-2026,0.0066816847062973,,4,0.02439410709362765,0.009560273697935282,0.03922794048932002,,,1.3386278045874247
Europe,2026-03-16,2023-2026,0.0062998741516517,,4,0.02272527224100016,0.007736589369712006,0.03771395511228831,,,1.00817076954167
Europe,2026-03-23,2023-2026,0.0045817266557466,,4,0.021886516422521842,0.006817757208610352,0.03695527563643333,,,0.8420831782708401
Europe,2026-03-30,2023-2026,0.0040090108237782,,4,0.021103677658608745,0.005958851098988681,0.03624850421822881,,,0.687068093084732
Europe,2026-04-06,2023-2026,0.0022908633278731,,4,0.020563788855910058,0.005365764509514898,0.03576181320230522,,,0.5801611377839679
Europe,2026-04-13,2023-2026,0.0009545263866135,,4,0.02013380598804646,0.00489298756961527,0.03537462440647765,,,0.4950173840980023
Europe,2026-04-20,2023-2026,0.0015272422185819,,4,0.019739494344646884,0.004459103089140824,0.03501988560015294,,,0.4169371256729799
Europe,2026-04-27,2023-2026,0.0020999580505503,,4,0.019416525150175345,0.004103488245708031,0.03472956205464266,,,0.3529838577698442
Poland,2020-01-06,2020-2022,0.0,0.0,1,0.859487345292895,0.06118278194300264,1.6577919086427875,,,
Poland,2020-01-13,2020-2022,0.0,0.0,1,0.859487345292895,0.06118278194300264,1.6577919086427875,,,
Poland,2020-01-20,2020-2022,0.0,0.0,1,0.859487345292895,0.06118278194300264,1.6577919086427875,,,
Poland,2020-01-27,2020-2022,0.0,0.0,1,0.859487345292895,0.06118278194300264,1.6577919086427875,,,
Poland,2020-02-03,2020-2022,0.0,0.0,1,0.859487345292895,0.06118278194300264,1.6577919086427875,,,
Poland,2020-02-10,2020-2022,0.0,0.0,1,0.859487345292895,0.06118278194300264,1.6577919086427875,,,
Poland,2020-02-17,2020-2022,0.0,0.0,1,0.859487345292895,0.06118278194300264,1.6577919086427875,,,
Poland,2020-02-24,2020-2022,0.0,0.0,1,0.859487345292895,0.06118278194300264,1.6577919086427875,,,
Poland,2020-03-02,2020-2022,0.0,0.0,1,0.859487345292895,0.06118278194300264,1.6577919086427875,,,
Poland,2020-03-09,2020-2022,0.0031899606138008,0.0069115813299018,1,0.8595769189529069,0.06130677815246721,1.6578470597533466,,,
Poland,2020-03-16,2020-2022,0.0138231626598037,0.1541814296670418,1,0.861485526939314,0.0639485025456169,1.659022551333011,,,
Poland,2020-03-23,2020-2022,0.029772965728808,0.9724063271069638,1,0.8720896702284131,0.07861360352614755,1.6655657369306787,,,
Poland,2020-03-30,2020-2022,0.1318517053704357,2.896484237331186,1,0.8970255991194136,0.11301597688556031,1.6810352213532669,,,
Poland,2020-04-06,2020-2022,0.3780103327354025,5.9322634214650085,1,0.9363691067092487,0.16704989291062,1.7056883205078774,,,
Poland,2020-04-13,2020-2022,0.5109253583104386,9.416763731940152,1,0.9815280119183167,0.22867996168285798,1.7343760621537756,,,
Poland,2020-04-20,2020-2022,0.5380400235277458,9.027056876954148,1,0.9764774355499544,0.22180878709305463,1.7311460840068542,,,
Poland,2020-04-27,2020-2022,0.6597901869544788,9.650694176952216,1,0.984559735795642,0.23280187539416985,1.7363175961971142,,,
Poland,2020-05-04,2020-2022,0.4609493086942249,8.587905632454229,1,0.9707860629984301,0.21405921865214905,1.727512907344711,,,
Poland,2020-05-11,2020-2022,0.4667975698195266,8.081233554962191,1,0.9642196246914051,0.20510950286146368,1.7233297465213466,,,
Poland,2020-05-18,2020-2022,0.3748203721216016,9.25141744012481,1,0.9793851343595709,0.22576531006741518,1.7330049586517267,,,
Poland,2020-05-25,2020-2022,0.2589184698201702,9.452384958794264,1,0.9819896607814549,0.2293077461485432,1.7346715754143665,,,
Poland,2020-06-01,2020-2022,0.2897547557535785,10.07017399766703,1,0.9899961679302094,0.24018817507246293,1.7398041607879557,,,
Poland,2020-06-08,2020-2022,0.3360091846536911,8.730922199972968,1,0.9726395487325221,0.21658375408858532,1.728695343376459,,,
Poland,2020-06-15,2020-2022,0.3588705690525973,11.399324253417392,1,1.0072218717786485,0.26354889188280983,1.750894851674487,,,
Poland,2020-06-22,2020-2022,0.3748203721216017,10.159492894853456,1,0.9911537352288246,0.24176008362096602,1.740547386836683,,,
Poland,2020-06-29,2020-2022,0.306236218924883,8.350785226828364,1,0.9677129974318686,0.20987193512739588,1.7255540597363412,,,
Poland,2020-07-06,2020-2022,0.2419053465465655,7.318301308161485,1,0.954332070682401,0.19161602329917315,1.717048118065629,,,
Poland,2020-07-13,2020-2022,0.199372538362554,7.121587070310431,1,0.951782666512832,0.1881335359708438,1.7154317970548203,,,
Poland,2020-07-20,2020-2022,0.1791694544751485,7.747351010717701,1,0.9598925278846772,0.19920688102989426,1.72057817473946,,,
Poland,2020-07-27,2020-2022,0.1972458979533534,9.14721206007398,1,0.9780346391778533,0.22392791113287636,1.7321413672228303,,,
Poland,2020-08-03,2020-2022,0.2387153859327647,12.32441283141964,1,1.019210961657162,0.2797684755076143,1.7586534478067097,,,
Poland,2020-08-10,2020-2022,0.2759315930937748,16.19170841555089,1,1.0693308695745807,0.3472094296551198,1.7914523094940416,,,
Poland,2020-08-17,2020-2022,0.291349736060479,18.303462341887062,1,1.0966990678489807,0.3837768955838329,1.8096212401141285,,,
Poland,2020-08-24,2020-2022,0.2977296572880807,18.372046495083783,1,1.0975879141675604,0.3849613282467106,1.8102145000884102,,,
Poland,2020-08-31,2020-2022,0.3019829381064819,19.1743215894547,1,1.1079853490104783,0.3988013013404975,1.817169396680459,,,
Poland,2020-09-07,2020-2022,0.2753999329914746,17.36508226132731,1,1.0845377209319829,0.36755103981521453,1.8015244020487513,,,
Poland,2020-09-14,2020-2022,0.3306925836306896,13.05544547208234,1,1.0286850987738037,0.2925623319737358,1.7648078655738715,,,
Poland,2020-09-21,2020-2022,0.4125682393849118,14.463813083075422,1,1.04693745457161,0.3171510761133841,1.7767238330298358,,,
Poland,2020-09-28,2020-2022,0.6145990782589666,22.865106019622296,1,1.155817683456824,0.46210141818798334,1.8495339487256643,,,
Poland,2020-10-05,2020-2022,1.0457754212243835,37.243321826227394,1,1.3421584574076992,0.7022254548078547,1.9820914600075437,,,
Poland,2020-10-12,2020-2022,1.6407030756982448,63.016608605431486,1,1.6761786355920132,1.1000219214251041,2.2523353497589222,,,
Poland,2020-10-19,2020-2022,2.461586273649668,129.98292011085076,1,2.544057827447153,1.8832947048809268,3.2048209500133793,,,
Poland,2020-10-26,2020-2022,3.853472421471445,229.26938089519808,1,3.8308041243624786,2.6452538196855206,5.016354429039437,,,
Poland,2020-11-02,2020-2022,6.105584614814856,365.02878801753985,1,5.590237515442053,3.5157490630710733,7.664725967813032,,,
Poland,2020-11-09,2020-2022,8.358228468260567,568.9725399396706,1,8.233335733383477,4.7587970373208845,11.707874429446068,,,
Poland,2020-11-16,2020-2022,10.371093615568912,697.1568539244399,1,9.894596393090026,5.529480411987119,14.259712374192933,,,
Poland,2020-11-23,2020-2022,14.553663640364148,635.8202912422769,1,9.099678392455335,5.161242045818355,13.038114739092315,,,
Poland,2020-11-30,2020-2022,12.077190883850076,480.166694751966,1,7.082417556453864,4.221400039835078,9.94343507307265,,,
Poland,2020-12-07,2020-2022,10.730495844723809,319.74517046422744,1,5.003364675607271,3.232805717508904,6.773923633705637,,,
Poland,2020-12-14,2020-2022,9.927689090250592,276.14159883418336,1,4.438265125436915,2.954794384099692,5.921735866774139,,,
Poland,2020-12-21,2020-2022,8.354506847544465,259.05351148615443,1,4.216804586479842,2.8435942978126416,5.590014875147043,,,
Poland,2020-12-28,2020-2022,6.929657773380079,239.42727880974465,1,3.9624498434537903,2.713664078833503,5.211235608074078,,,
Poland,2021-01-04,2020-2022,7.130093631947233,210.45818315561436,1,3.587012182936289,2.5158804441444635,4.658143921728114,,,
Poland,2021-01-11,2020-2022,7.992446317878067,233.8352778537517,1,3.8899778622226364,2.676114605145526,5.103841119299747,,,
Poland,2021-01-18,2020-2022,7.715983064681993,217.70896363078373,1,3.680981842570294,2.5662098743686537,4.795753810771934,,,
Poland,2021-01-25,2020-2022,7.055661217625214,164.23512220153754,1,2.98796421562143,2.174912509356206,3.8010159218866537,,,
Poland,2021-02-01,2020-2022,6.971127261359491,142.6917231962334,1,2.7087631173643887,1.9971539993759848,3.420372235352793,,,
Poland,2021-02-08,2020-2022,6.688284086935814,138.2688428051985,1,2.6514428652383226,1.9584087104985322,3.344477019978113,,,
Poland,2021-02-15,2020-2022,5.568607911491711,138.94351947501738,1,2.6601866325117904,1.964376540554088,3.3559967244694926,,,
Poland,2021-02-22,2020-2022,5.568076251389409,163.95493732762537,1,2.984333037250179,2.1727002058141167,3.795965868686241,,,
Poland,2021-03-01,2020-2022,5.664306729905737,219.56233074740203,1,3.7050013640165576,2.5789765830706206,4.831026144962495,,,
Poland,2021-03-08,2020-2022,6.374072966476429,290.1093730418128,1,4.619286602039392,3.04463308190827,6.193940122170515,,,
Poland,2021-03-15,2020-2022,7.546383492048245,368.5489095548692,1,5.63585806951426,3.537569577763481,7.734146561265039,,,
Poland,2021-03-22,2020-2022,8.904775053425114,500.388386742952,1,7.344489414804017,4.344131981811479,10.344846847796555,,,
Poland,2021-03-29,2020-2022,10.416284724264424,638.3254736443151,1,9.132145399068873,5.1762989993008555,13.087991798836892,,,
Poland,2021-04-05,2020-2022,11.46152848538651,730.5568048711395,1,10.327457659956684,5.72968690892578,14.925228410987588,,,
Poland,2021-04-12,2020-2022,14.218186115812754,560.56114546118,1,8.124324589149014,4.708052035593457,11.54059714270457,,,
Poland,2021-04-19,2020-2022,13.09106669893645,500.7068511442298,1,7.348616693446103,4.346062863694047,10.35117052319816,,,
Poland,2021-04-26,2020-2022,10.939969925030066,334.0112059892472,1,5.188251600153338,3.322447642012861,7.054055558293815,,,
Poland,2021-05-03,2020-2022,7.767554094605107,204.2568997223855,1,3.5066439390610116,2.4723084639695987,4.5409794141524245,,,
Poland,2021-05-10,2020-2022,7.296503243967178,129.8095989175009,1,2.5418115956653162,1.8816856003010436,3.201937591029589,,,
Poland,2021-05-17,2020-2022,5.42293304346147,99.5990769244998,1,2.1502851277533734,1.5720732361826504,2.7284970193240965,,,
Poland,2021-05-24,2020-2022,3.6764296074054967,58.911660955572074,1,1.6229787718264936,1.0399485329103755,2.206009010742612,,,
Poland,2021-05-31,2020-2022,2.2802901787653185,31.666207353098887,1,1.2698794040596486,0.6103972313713929,1.9293615767479042,,,
Poland,2021-06-07,2020-2022,1.500876468793307,16.9721854457275,1,1.0794458028743843,0.3607462120476498,1.7981453937011187,,,
Poland,2021-06-14,2020-2022,1.1590190230143145,9.574666782323296,1,0.9835744255355113,0.2314624735532892,1.7356863775177334,,,
Poland,2021-06-21,2020-2022,0.7166778179005943,6.2252081378323885,1,0.9401656518374446,0.17224759054039618,1.708083713134493,,,
Poland,2021-06-28,2020-2022,0.4667975698195266,3.9720326242843775,1,0.9109646386735706,0.1321947258438958,1.6897345515032454,,,
Poland,2021-07-05,2020-2022,0.3195277214823866,2.651388930170819,1,0.8938491793297615,0.10864026583641262,1.6790580928231105,,,
Poland,2021-07-12,2020-2022,0.2259555434775612,2.160134995645486,1,0.8874825591873784,0.0998640374495755,1.6751010809251814,,,
Poland,2021-07-19,2020-2022,0.1435482276210389,2.13780527134888,1,0.8871931673627246,0.09946493424947012,1.674921400475979,,,
Poland,2021-07-26,2020-2022,0.0935721780048253,2.555158451654493,1,0.8926020383711345,0.10692172345882589,1.6782823532834432,,,
Poland,2021-08-02,2020-2022,0.0744324143220201,2.994309696154412,1,0.8982934109226588,0.114761921792367,1.6818249000529506,,,
Poland,2021-08-09,2020-2022,0.0659258526852178,3.6955693710883017,1,0.9073816922730953,0.1272685635701417,1.687494820976049,,,
Poland,2021-08-16,2020-2022,0.066457512787518,4.270825601777058,1,0.9148369768986997,0.1375159297716373,1.692158024025762,,,
Poland,2021-08-23,2020-2022,0.077622374935821,4.948160572107442,1,0.9236151955798643,0.1495675750899661,1.6976628160697624,,,
Poland,2021-08-30,2020-2022,0.1148385820968311,5.4096415409039675,1,0.9295959599560424,0.1577697537295234,1.7014221661825615,,,
Poland,2021-09-06,2020-2022,0.1616246710992438,7.159334937573741,1,0.9522718765021276,0.18880190237166306,1.7157418506325923,,,
Poland,2021-09-13,2020-2022,0.1972458979533535,10.10898518513494,1,0.9904991584825839,0.24087124308486585,1.7401270738803019,,,
Poland,2021-09-20,2020-2022,0.2748682728891745,14.109195794841224,1,1.0423416367848461,0.31096722225947726,1.773716051310215,,,
Poland,2021-09-27,2020-2022,0.3992767368274083,18.129077828332615,1,1.0944390555040657,0.3807644028251629,1.8081137081829686,,,
Poland,2021-10-04,2020-2022,0.575256230688756,23.794447878442952,1,1.1678618955876527,0.4779416695012251,1.8577821216740804,,,
Poland,2021-10-11,2020-2022,0.7804770301766116,36.26028229707443,1,1.3294183268413937,0.6861694425880316,1.9726672110947558,,,
Poland,2021-10-18,2020-2022,1.0819283081807936,53.088919515180905,1,1.5475164084072515,0.9524735570728837,2.142559259741619,,,
Poland,2021-10-25,2020-2022,1.708223908690363,94.47706349894024,1,2.0839041554030286,1.5128938847364997,2.6549144260695576,,,
Poland,2021-11-01,2020-2022,2.294645001527422,161.01113534118946,1,2.946181548366656,2.1493154506874186,3.743047646045893,,,
Poland,2021-11-08,2020-2022,3.79711645062763,235.87685264658427,1,3.9164365433338393,2.689853910649185,5.143019176018493,,,
Poland,2021-11-15,2020-2022,5.79243681456007,356.4695920306099,1,5.479310872939644,3.4626004318018433,7.496021314077445,,,
Poland,2021-11-22,2020-2022,7.915355603044547,446.7125144748317,1,6.64885348087019,4.017735275070625,9.279971686669754,,,
Poland,2021-11-29,2020-2022,9.191339848564894,572.3645313923455,1,8.277295729604694,4.779253016552534,11.775338442656853,,,
Poland,2021-12-06,2020-2022,10.095693682577435,604.9308392986386,1,8.69935303501761,4.975447717797145,12.423258352238076,,,
Poland,2021-12-13,2020-2022,10.88308229408395,602.2565889840688,1,8.66469491887455,4.9593497068440575,12.370040130905043,,,
Poland,2021-12-20,2020-2022,11.25099108487565,533.4156439579392,1,7.772520594311572,4.544089676729026,11.000951511894117,,,
Poland,2021-12-27,2020-2022,11.20952159689624,418.9821868590608,1,6.289470176339434,3.8481958602653688,8.7307444924135,,,
Poland,2022-01-03,2020-2022,10.048907593575024,295.4956215382155,1,4.689092044314807,3.0790602764753396,6.299123812154275,,,
Poland,2022-01-10,2020-2022,8.661806386673948,307.0166959550597,1,4.838404445273079,3.152343633869226,6.5244652566769314,,,
Poland,2022-01-17,2020-2022,7.406556885143309,336.2441784189078,1,5.217190782618715,3.3364324427642797,7.097949122473151,,,
Poland,2022-01-24,2020-2022,5.0140864247926595,548.7731776729812,1,7.971553266857978,4.636889594857104,11.306216938858851,,,
Poland,2022-01-31,2020-2022,5.184217657528706,1053.6067745312648,1,14.514164980319821,7.659581964131223,21.368747996508418,,,
Poland,2022-02-07,2020-2022,5.425591343972971,1238.6888210040931,1,16.912816680088813,8.762399781753432,25.063233578424196,,,
Poland,2022-02-14,2020-2022,6.229461418650788,1013.4340055413636,1,13.993528416923056,7.420018799100588,20.567038034745522,,,
Poland,2022-02-21,2020-2022,5.929605120953508,693.6872400968293,1,9.849630415764063,5.508671339749434,14.190589491778692,,,
Poland,2022-02-28,2020-2022,4.94497061149364,474.52843936707296,1,7.009346120728785,4.187132683254051,9.83155955820352,,,
Poland,2022-03-07,2020-2022,3.922056574668163,334.4604587756908,1,5.194073888054111,3.325262204432804,7.062885571675418,,,
Poland,2022-03-14,2020-2022,3.0012212774843143,294.0176064538211,1,4.669937061635342,3.069624384299459,6.270249738971225,,,
Poland,2022-03-21,2020-2022,2.5126256434704817,279.7010632190828,1,4.484395560343035,2.9777705105485106,5.99102061013756,,,
Poland,2022-03-28,2020-2022,2.0447647534463544,229.0822365391884,1,3.828378745260618,2.6439848423617884,5.012772648159448,,,
Poland,2022-04-04,2020-2022,1.4333556358011883,141.9224110282051,1,2.6987928799769123,1.990477491924773,3.4071082680290514,,,
Poland,2022-04-11,2020-2022,0.9117970754447472,52.639666728737275,1,1.5416941205064791,0.9456179672191377,2.1377702737938207,,,
Poland,2022-04-18,2020-2022,0.4992288360598354,28.756963273312497,1,1.232175783476185,0.5618140751151308,1.9025374918372393,,,
Poland,2022-04-25,2020-2022,0.446062825829821,22.294103069751944,1,1.1484175210835346,0.45234883591828334,1.844486206248786,,,
Poland,2022-05-02,2020-2022,0.3147427805616853,22.90125890657871,1,1.1562862226015016,0.46271838857900016,1.849854056624003,,,
Poland,2022-05-09,2020-2022,0.2844381547305771,15.93013164521922,1,1.065940851057208,0.3426669113800834,1.7892147907343325,,,
Poland,2022-05-16,2020-2022,0.2456269672626666,12.772602297658665,1,1.025019468994856,0.2876147375387712,1.7624242004509407,,,
Poland,2022-05-23,2020-2022,0.2025624989763549,9.07224798564966,1,0.9770631094808013,0.22260586435174323,1.7315203546098594,,,
Poland,2022-05-30,2020-2022,0.1318517053704357,6.732411875426726,1,0.946738980426009,0.18123986700534467,1.7122380938466732,,,
Poland,2022-06-06,2020-2022,0.1143069219945309,5.686636454202342,1,0.9331857966380571,0.16268948257332128,1.7036821107027929,,,
Poland,2022-06-13,2020-2022,0.0845339562657229,5.288954697681834,1,0.9280318660466041,0.15562540955179227,1.700438322541416,,,
Poland,2022-06-20,2020-2022,0.0765590547312207,4.917855946276333,1,0.9232224495321198,0.1490287012784054,1.6974161977858344,,,
Poland,2022-06-27,2020-2022,0.0723057739128196,5.622837241926325,1,0.932358962853332,0.16155657124253098,1.7031613544641329,,,
Poland,2022-07-04,2020-2022,0.070179133503619,10.009033085902514,1,0.9892037855531812,0.23911199589734444,1.739295575209018,,,
Poland,2022-07-11,2020-2022,0.0728374340151197,17.267256802504082,1,1.0832699091287377,0.36585734840064,1.8006824698568353,,,
Poland,2022-07-18,2020-2022,0.0999520992324271,31.043633373305425,1,1.26181088437704,0.6000384901724691,1.9235832785816107,,,
Poland,2022-07-25,2020-2022,0.1972458979533534,51.31795971441911,1,1.524564880599591,0.925362777727301,2.123766983471881,,,
Poland,2022-08-01,2020-2022,0.2929447163673794,72.86561200054166,1,1.8038211011089473,1.2384761239630162,2.3691660782548785,,,
Poland,2022-08-08,2020-2022,0.3902385150883058,85.03318510178276,1,1.9615120844190985,1.397974503071225,2.5250496657669723,,,
Poland,2022-08-15,2020-2022,0.3695037710986001,92.44293194753986,1,2.057541938233377,1.4887857882744344,2.6262980881923195,,,
Poland,2022-08-22,2020-2022,0.5146469790265396,87.58409027261885,1,1.994571655245023,1.4297727460736884,2.5593705644163576,,,
Poland,2022-08-29,2020-2022,0.5194319199472409,94.90770818180332,1,2.0894852834499225,1.5179531540957216,2.6610174128041235,,,
Poland,2022-09-05,2020-2022,0.3934284757021067,80.26047236343436,1,1.899658027040123,1.336954742068266,2.4623613120119803,,,
Poland,2022-09-12,2020-2022,0.3790736529400028,84.0368540700723,1,1.9485996968143087,1.3854008279696426,2.5117985656589745,,,
Poland,2022-09-19,2020-2022,0.3609972094617979,110.70439314134524,1,2.2942093285478524,1.6932456278615273,2.8951730292341775,,,
Poland,2022-09-26,2020-2022,0.472114170842528,113.17235933622248,1,2.326194015453634,1.7189288706856085,2.9334591602216595,,,
Poland,2022-10-03,2020-2022,0.5826994721209581,97.44479018997964,1,2.1223657069558235,1.5474458323549343,2.697285581556713,,,
Poland,2022-10-10,2020-2022,0.5582431074151514,72.82307919235765,1,1.8032698785857972,1.2378959511358922,2.3686438060357022,,,
Poland,2022-10-17,2020-2022,0.5167736194357401,54.41009486939675,1,1.5646387580326,0.9725477359476329,2.1567297801175673,,,
Poland,2022-10-24,2020-2022,0.3902385150883058,35.17356904797294,1,1.31533459137491,0.6683542045100792,1.9623149782397407,,,
Poland,2022-10-31,2020-2022,0.2254238833752611,23.730117006064635,1,1.1670281715213882,0.47684649093328546,1.8572098521094909,,,
Poland,2022-11-07,2020-2022,0.1871443560096507,15.277784699696944,1,1.057486475608394,0.33132604511484365,1.7836469061019442,,,
Poland,2022-11-14,2020-2022,0.195650917646453,11.694927270296272,1,1.0110528683145414,0.2687352591453944,1.7533704774836885,,,
Poland,2022-11-21,2020-2022,0.1637513115084443,9.029715177465649,1,0.9765118869576512,0.2218556760443634,1.7311680978709392,,,
Poland,2022-11-28,2020-2022,0.1190918629152323,9.119565734754373,1,0.9776763445378057,0.22344037157368346,1.731912317501928,,,
Poland,2022-12-05,2020-2022,0.140358267007238,10.629480425286784,1,0.9972447441096326,0.2500264303181263,1.7444630579011389,,,
Poland,2022-12-12,2020-2022,0.1701312327360461,11.912376252137031,1,1.013870993464146,0.2725482829638196,1.7551937039644727,,,
Poland,2022-12-19,2020-2022,0.1738528534521471,13.629106722464195,1,1.03611971255479,0.3025873897134652,1.769652035396115,,,
Poland,2022-12-26,2020-2022,0.1754478337590475,14.399482210697103,1,1.0461037305053453,0.316029641568938,1.7761778194417528,,,
Poland,2023-01-02,2023-2026,0.2376520657281644,12.255828678222924,1,0.06384095188355557,0.04464632086300814,0.083035582904103,,,
Poland,2023-01-09,2023-2026,0.2222339227614602,11.633786358531754,1,0.06051569184435389,0.042127289900809606,0.07890409378789817,,,
Poland,2023-01-16,2023-2026,0.1674729322245454,8.194477156752123,1,0.042130130140426165,0.027881351162562226,0.056378909118290105,,,
Poland,2023-01-23,2023-2026,0.1249401240405338,7.576688117879355,1,0.03882760692200542,0.025241657844235706,0.052413555999775124,,,
Poland,2023-01-30,2023-2026,0.1222818235290331,9.539577215571487,1,0.04932064971237502,0.03353054599493964,0.0651107534298104,,,
Poland,2023-02-06,2023-2026,0.1100536411761298,14.45743316184782,1,0.0756100987402511,0.05347169293043976,0.09774850455006243,,,
Poland,2023-02-13,2023-2026,0.1478015084394401,21.87355992883253,1,0.11525458787428837,0.08261167290519246,0.14789750284338427,,,
Poland,2023-02-20,2023-2026,0.1610930109969436,33.25959267969242,1,0.17612105710466625,0.12666346117439498,0.22557865303493752,,,
Poland,2023-02-27,2023-2026,0.2520068884902683,49.31253780854298,1,0.261935502936849,0.18834903047327062,0.33552197540042733,,,
Poland,2023-03-06,2023-2026,0.3072995391294833,59.99837420467357,1,0.3190589230461767,0.22931156608129355,0.4088062800110599,,,
Poland,2023-03-13,2023-2026,0.3365408447559913,71.39610347778407,1,0.379987918533702,0.2729627028562419,0.4870131342111621,,,
Poland,2023-03-20,2023-2026,0.4322396631700172,76.94503996549066,1,0.4096509433449391,0.2942044724365752,0.525097414253303,,,
Poland,2023-03-27,2023-2026,0.4045933378504097,65.09858956603885,1,0.3463232132650325,0.24884830579301645,0.4437981207370486,,,
Poland,2023-04-03,2023-2026,0.3174010810731861,43.78114610421227,1,0.23236626751133302,0.16712169955286116,0.2976108354698049,,,
Poland,2023-04-10,2023-2026,0.1908659767257517,27.925978533417375,1,0.14760908384546045,0.10608270511348189,0.18913546257743902,,,
Poland,2023-04-17,2023-2026,0.1961825777487532,18.279005977181257,1,0.09603913221185913,0.06856639090442193,0.12351187351929632,,,
Poland,2023-04-24,2023-2026,0.1430165675187387,15.56062787412062,1,0.08150746163028821,0.057852805236182074,0.10516211802439435,,,
Poland,2023-05-01,2023-2026,0.059014271355316,8.835659240126095,1,0.04555770587314176,0.030589405365049782,0.06052600638123373,,,
Poland,2023-05-08,2023-2026,0.0648625324806175,4.431918612774002,1,0.022016570057152813,0.011147726145957482,0.03288541396834814,,,
Poland,2023-05-15,2023-2026,0.0637992122760172,3.4669555270992403,1,0.016858153842493808,0.00651651164514894,0.027199796039838676,,,
Poland,2023-05-22,2023-2026,0.0425328081840115,2.69073177774103,1,0.012708684049985824,0.0026542228064407695,0.02276314529353088,,,
Poland,2023-05-29,2023-2026,0.0329629263426089,2.1627932961569867,1,0.009886476170560864,-4.8653232855118064e-05,0.019821605573976844,,,
Poland,2023-06-05,2023-2026,0.0244563647058066,1.5513841785118208,1,0.006618058183311408,-0.0032592621565951446,0.01649537852321796,,,
Poland,2023-06-12,2023-2026,0.0090382217391024,1.1552974022982134,1,0.00450069174809327,-0.00538596090373696,0.0143873443999235,,,
Poland,2023-06-19,2023-2026,0.0058482611253015,0.840554621736528,1,0.0028181670103091623,-0.007102108181597317,0.012738442202215643,,,
Poland,2023-06-26,2023-2026,0.0058482611253015,0.6810565910464846,1,0.0019655362310266955,-0.007980565600222238,0.011911638062275628,,,
Poland,2023-07-03,2023-2026,0.0132915025575036,0.4997604961621355,1,0.0009963792452423153,-0.008986184559242485,0.010978943049727114,,,
Poland,2023-07-10,2023-2026,0.0090382217391024,0.3014512780041817,1,-6.372502366558938e-05,-0.01009473550662455,0.009967285459293372,,,
Poland,2023-07-17,2023-2026,0.0021266404092005,0.2743366127868744,1,-0.00020867225614356239,-0.010246995457516861,0.009829650945229735,,,
Poland,2023-07-24,2023-2026,0.007443241432202,0.2738049526845742,1,-0.0002115143587412349,-0.010249982593113723,0.009826953875631254,,,
Poland,2023-07-31,2023-2026,0.003721620716101,0.2291455040913621,1,-0.00045025097694029463,-0.010501127596403113,0.009600625642522523,,,
Poland,2023-08-07,2023-2026,0.0,0.269551671866173,1,-0.00023425117952206032,-0.010273881955501838,0.009805379596457718,,,
Poland,2023-08-14,2023-2026,0.0042532808184011,0.3913018352929061,1,0.0004165903153302026,-0.00959136863430599,0.010424549264966396,,,
Poland,2023-08-21,2023-2026,0.0058482611253015,0.5928010140646608,1,0.0014937471998236987,-0.008469164464714176,0.011456658864361575,,,
Poland,2023-08-28,2023-2026,0.0058482611253015,0.8761758485906376,1,0.003008587884348898,-0.0069067238721945805,0.012923899640892376,,,
Poland,2023-09-04,2023-2026,0.0069115813299018,1.202615151402926,1,0.004753638879280361,-0.005129961383809372,0.014637239142370095,,,
Poland,2023-09-11,2023-2026,0.0085065616368023,1.666754420710952,1,0.007234794446992378,-0.0026467398577114075,0.017116328751696164,,,
Poland,2023-09-18,2023-2026,0.0085065616368023,2.886382695387483,1,0.013754577805905588,0.0036399909707483073,0.023869164641062868,,,
Poland,2023-09-25,2023-2026,0.0212664040920057,4.176190103567633,1,0.02064951870770326,0.009937503563319771,0.031361533852086745,,,
Poland,2023-10-02,2023-2026,0.0116965222506031,5.027909587452464,1,0.02520256706907154,0.013924357756360908,0.03648077638178217,,,
Poland,2023-10-09,2023-2026,0.0053166010230014,5.333614146275046,1,0.026836776062696327,0.015326418426491612,0.03834713369890104,,,
Poland,2023-10-16,2023-2026,0.0207347439897056,5.911528677475303,1,0.029926141586296515,0.017939696680244633,0.0419125864923484,,,
Poland,2023-10-23,2023-2026,0.0446594485932121,8.176400713273917,1,0.04203349865210752,0.027804559855398654,0.05626243744881639,,,
Poland,2023-10-30,2023-2026,0.0797490153450216,12.445631334744077,1,0.0648555825109017,0.04541240544307466,0.08429875957872875,,,
Poland,2023-11-06,2023-2026,0.0967621386186262,21.90492787486824,1,0.11542227192754717,0.08273379964934624,0.1481107442057481,,,
Poland,2023-11-13,2023-2026,0.0893188971864242,23.174532199160986,1,0.1222092129306357,0.08767175305583039,0.15674667280544102,,,
Poland,2023-11-20,2023-2026,0.2381837258304646,27.77445540426183,1,0.1467990846051421,0.10549691477095624,0.18810125443932796,,,
Poland,2023-11-27,2023-2026,0.1116486214830302,36.1369371533408,1,0.191502516362922,0.13774199623269334,0.24526303649315068,,,
Poland,2023-12-04,2023-2026,0.1749161736567474,48.79416920880033,1,0.25916445290418094,0.18636057509149306,0.3319683307168688,,,
Poland,2023-12-11,2023-2026,0.4912539345253332,63.29360351872987,1,0.33667427494615254,0.2419349901897609,0.4314135597025442,,,
Poland,2023-12-18,2023-2026,0.5247485209702424,68.38105903763994,1,0.36387035470266577,0.26141856377583583,0.4663221456294957,,,
Poland,2023-12-25,2023-2026,0.2940080365719797,57.88608861823509,1,0.30776724942587935,0.22121802682433822,0.3943164720274205,,,
Poland,2024-01-01,2023-2026,0.7108295567752928,27.61070409275339,1,0.14592371700507864,0.104863767118842,0.1869836668913153,,,
Poland,2024-01-08,2023-2026,0.2530702086948686,32.05431922777799,1,0.1696780105158882,0.12201844356233349,0.21733757746944293,,,
Poland,2024-01-15,2023-2026,0.1972458979533535,18.511341441886422,1,0.09728113104701394,0.06947776360034372,0.12508449849368417,,,
Poland,2024-01-22,2023-2026,0.1004837593347272,15.872712354170805,1,0.08317577585508418,0.05908821917282829,0.10726333253734006,,,
Poland,2024-01-29,2023-2026,0.1525864493601413,12.83214822911628,1,0.06692179109936275,0.046969083953582035,0.08687449824514346,,,
Poland,2024-02-05,2023-2026,0.0893188971864242,8.909559994345816,1,0.045952758134209244,0.03089966301851914,0.06100585324989935,,,
Poland,2024-02-12,2023-2026,0.0855972764703232,6.672865943969109,1,0.033996032506071444,0.021316168684024153,0.046675896328118735,,,
Poland,2024-02-19,2023-2026,0.0446594485932121,4.838106930931311,1,0.024187936441725403,0.013046494008829386,0.03532937887462142,,,
Poland,2024-02-26,2023-2026,0.03721620716101,4.119834132723817,1,0.020348255832356738,0.009669199560607614,0.031027312104105864,,,
Poland,2024-03-04,2023-2026,0.011164862148303,2.541866949096989,1,0.011912895322655478,0.0018984774244288107,0.021927313220882146,,,
Poland,2024-03-11,2023-2026,0.0409378278771111,1.7379968744191712,1,0.00761563619507185,-0.0022700605653968448,0.017501332955540544,,,
Poland,2024-03-18,2023-2026,0.018608103580505,1.4142158721183835,1,0.005884795713128416,-0.0039915842440265865,0.015761175670283418,,,
Poland,2024-03-25,2023-2026,0.0,1.0308889383599795,1,0.003835639740252867,-0.006061539773237717,0.01373281925374345,,,
Poland,2024-04-01,2023-2026,0.003721620716101,0.9415700411735554,1,0.0033581665038547467,-0.006548800815790432,0.013265133823499926,,,
Poland,2024-04-08,2023-2026,0.007443241432202,0.6363971424532726,1,0.0017267996128276352,-0.008227584914277154,0.011681184139932424,,,
Poland,2024-04-15,2023-2026,0.0,0.5061404173897373,1,0.0010304844764136096,-0.008950668689879726,0.011011637642706946,,,
Poland,2024-04-22,2023-2026,0.007443241432202,0.3163377608685858,1,1.585384906746719e-05,-0.010011211921750123,0.010042919619885057,,,
Poland,2024-04-29,2023-2026,0.0,0.409378278771111,1,0.0005132218036488509,-0.009490319522262574,0.010516763129560278,,,
Poland,2024-05-06,2023-2026,0.0,0.409378278771111,1,0.0005132218036488509,-0.009490319522262574,0.010516763129560278,,,
Poland,2024-05-13,2023-2026,0.0,0.3758836923262019,1,0.0003341693399995841,-0.009677615917075466,0.010345954597074635,,,
Poland,2024-05-20,2023-2026,0.0,0.5805728317117574,1,0.0014283788400787831,-0.00853700278542114,0.011393760465578707,,,
Poland,2024-05-27,2023-2026,0.0,0.5247485209702424,1,0.0011299580673299302,-0.008847133695901266,0.011107049830561126,,,
Poland,2024-06-03,2023-2026,0.003721620716101,0.4652025895126261,1,0.0008116425763978146,-0.009178723100274299,0.010802008253069928,,,
Poland,2024-06-10,2023-2026,0.003721620716101,0.6363971424532726,1,0.0017267996128276352,-0.008227584914277154,0.011681184139932424,,,
Poland,2024-06-17,2023-2026,0.0,0.9490132826057572,1,0.0033979559402212765,-0.006508124688172058,0.013304036568614612,,,
Poland,2024-06-24,2023-2026,0.007443241432202,1.4328239756988883,1,0.0059842693040447386,-0.003891978937378579,0.015860517545468057,,,
Poland,2024-07-01,2023-2026,0.007443241432202,1.6784509429615553,1,0.00729732070413973,-0.0025848152998584947,0.017179456708137954,,,
Poland,2024-07-08,2023-2026,0.003721620716101,1.931521151656424,1,0.008650161540601255,-0.0012528410766126253,0.018553164157815133,,,
Poland,2024-07-15,2023-2026,0.0,2.9326371242875955,1,0.014001840731897554,0.003871809368554519,0.024131872095240592,,,
Poland,2024-07-22,2023-2026,0.014886482864404,3.4015613345163227,1,0.01650857522298807,0.006196049586811549,0.02682110085916459,,,
Poland,2024-07-29,2023-2026,0.014886482864404,6.323033596655614,1,0.03212592899684527,0.01977338012822564,0.044478477865464904,,,
Poland,2024-08-05,2023-2026,0.029772965728808,9.166351823756784,1,0.047325493688854046,0.031974972516677594,0.0626760148610305,,,
Poland,2024-08-12,2023-2026,0.029772965728808,12.069215982315573,1,0.06284337387179502,0.043891987138319905,0.08179476060527013,,,
Poland,2024-08-19,2023-2026,0.0558243107415151,15.608477283327632,1,0.08176325086407298,0.05804232725749479,0.10548417447065117,,,
Poland,2024-08-26,2023-2026,0.0669891728898181,23.82209420376256,1,0.12567089389452257,0.09018684828629536,0.16115493950274978,,,
Poland,2024-09-02,2023-2026,0.0632675521737171,30.46146556128676,1,0.16116307113345396,0.11587499848025641,0.20645114378665153,,,
Poland,2024-09-09,2023-2026,0.0632675521737171,34.905080696311366,1,0.18491736464426367,0.1330006866420016,0.23683404264652574,,,
Poland,2024-09-16,2023-2026,0.026051345012707,46.408610329779584,1,0.24641193854871288,0.17720748590876906,0.3156163911886567,,,
Poland,2024-09-23,2023-2026,0.0483810693093131,48.57087196583427,1,0.2579707698131855,0.18550396139859948,0.33043757822777153,,,
Poland,2024-09-30,2023-2026,0.0558243107415151,40.15628752672989,1,0.21298881200084005,0.1531978086505434,0.2727798153511367,,,
Poland,2024-10-07,2023-2026,0.03721620716101,26.22253956564771,1,0.1385029871227237,0.09949271469148817,0.1775132595539592,,,
Poland,2024-10-14,2023-2026,0.0781540350381212,21.518410980496036,1,0.11335606333908613,0.08122849640457971,0.14548363027359254,,,
Poland,2024-10-21,2023-2026,0.0818756557542222,14.30963165340838,1,0.0748199942181161,0.05288290662171753,0.09675708181451466,,,
Poland,2024-10-28,2023-2026,0.0483810693093131,12.061772740883372,1,0.06280358443542848,0.04386187601870482,0.08174529285215214,,,
Poland,2024-11-04,2023-2026,0.0483810693093131,7.677703537316383,1,0.039367606415551,0.02567550819147619,0.05305970463962582,,,
Poland,2024-11-11,2023-2026,0.0558243107415151,6.2039417337403835,1,0.03148929801498103,0.01924487727322441,0.04373371875673765,,,
Poland,2024-11-18,2023-2026,0.033494586444909,3.98213416622808,1,0.019612151259576178,0.009011131450116068,0.030213171069036288,,,
Poland,2024-11-25,2023-2026,0.029772965728808,4.425007031444101,1,0.021979622723383843,0.0111151713975982,0.03284407404916949,,,
Poland,2024-12-02,2023-2026,0.026051345012707,3.970969304079777,1,0.019552467105026384,0.008957617671750894,0.030147316538301876,,,
Poland,2024-12-09,2023-2026,0.018608103580505,3.773723406126423,1,0.01849804704131372,0.008008256408627281,0.028987837674000157,,,
Poland,2024-12-16,2023-2026,0.014886482864404,3.621136956766282,1,0.017682363595800214,0.007268620667277775,0.028096106524322654,,,
Poland,2024-12-23,2023-2026,0.007443241432202,4.421285410727998,1,0.021959728005200588,0.01109763842455976,0.03282181758584141,,,
Poland,2024-12-30,2023-2026,0.011164862148303,2.292518361118222,1,0.010579949204377218,0.0006213846095463917,0.020538513799208045,,,
Poland,2025-01-06,2023-2026,0.018608103580505,1.5816888043429287,1,0.006780058031375086,-0.003098066456501898,0.01665818251925207,,,
Poland,2025-01-13,2023-2026,0.0,2.2553021539572113,1,0.01038100202254469,0.00042955656834325895,0.020332447476746122,,,
Poland,2025-01-20,2023-2026,0.0,3.267582988736686,1,0.015792365368390782,0.005536727657835569,0.026048003078945996,,,
Poland,2025-01-27,2023-2026,0.0,3.985855786944181,1,0.019632045977759444,0.009028964109086752,0.030235127846432133,,,
Poland,2025-02-03,2023-2026,0.0,3.743950440397615,1,0.018338889295847715,0.007864299085497855,0.028813479506197573,,,
Poland,2025-02-10,2023-2026,0.0,2.873091192829979,1,0.013683525240965439,0.003573289984138965,0.023793760497791912,,,
Poland,2025-02-17,2023-2026,0.0,2.9475236071519992,1,0.014081419604630612,0.003946318352393457,0.02421652085686777,,,
Poland,2025-02-24,2023-2026,0.0,2.899142537842686,1,0.01382278826824818,0.0037039875461622844,0.023941588990334075,,,
Poland,2025-03-03,2023-2026,0.0,2.534423707664787,1,0.01187310588628895,0.0018605594790377968,0.021885652293540104,,,
Poland,2025-03-10,2023-2026,0.0,2.277631878253817,1,0.010500370331644165,0.0005446915391589986,0.020456049124129332,,,
Poland,2025-03-17,2023-2026,0.0,2.2255291882284034,1,0.010221844277078574,0.0002758650325340728,0.020167823521623076,,,
Poland,2025-03-24,2023-2026,0.0,1.4886482864404038,1,0.0062826900767935885,-0.0035936513739522396,0.016159031527539416,,,
Poland,2025-03-31,2023-2026,0.0,1.3881645271056764,1,0.005745532685845677,-0.004131168405745375,0.015622233777436729,,,
Poland,2025-04-07,2023-2026,0.0,1.1164862148303023,1,0.004293218258467836,-0.005596329694483928,0.0141827662114196,,,
Poland,2025-04-14,2023-2026,0.0,0.829921419690525,1,0.0027613249583570425,-0.007160488915348087,0.012683138832062171,,,
Poland,2025-04-21,2023-2026,0.0,0.9080754547286464,1,0.003179114040205368,-0.006732003001368913,0.01309023108177965,,,
Poland,2025-04-28,2023-2026,0.0,0.5247485209702424,1,0.0011299580673299302,-0.008847133695901266,0.011107049830561126,,,
Poland,2025-05-05,2023-2026,0.0,0.4205431409194141,1,0.0005729059581986432,-0.009427943753679047,0.010573755670076335,,,
Poland,2025-05-12,2023-2026,0.0,0.4912539345253332,1,0.0009509056036805527,-0.009033553463750222,0.01093536467111133,,,
Poland,2025-05-19,2023-2026,0.0,0.6029025560083635,1,0.0015477471491782573,-0.008413149936561184,0.011508644234917698,,,
Poland,2025-05-26,2023-2026,0.0,0.800148453961717,1,0.0026021672128909287,-0.007324094381269671,0.012528428807051527,,,
Poland,2025-06-02,2023-2026,0.0,0.9527349033218584,1,0.0034178506584045393,-0.006487791463704316,0.013323492780513395,,,
Poland,2025-06-09,2023-2026,0.0,1.094156490533697,1,0.004173849949368246,-0.0057175236261393664,0.014065223524875858,,,
Poland,2025-06-16,2023-2026,0.0,0.7629322468007069,1,0.002403220031058397,-0.007528889784708941,0.012335329846825734,,,
Poland,2025-06-23,2023-2026,0.0,0.844807902554929,1,0.002840903831089989,-0.007078763230369191,0.012760570892549169,,,
Poland,2025-06-30,2023-2026,0.0,0.9341267997413532,1,0.00331837706748822,-0.0065894898454267525,0.013226243980403191,,,
Poland,2025-07-07,2023-2026,0.0,0.8783024889998382,1,0.003019956294739366,-0.006895068456786876,0.012934981046265608,,,
Poland,2025-07-14,2023-2026,0.0,0.9787862483345656,1,0.0035571136856872767,-0.006345549266437364,0.013459776637811918,,,
Poland,2025-07-21,2023-2026,0.0,1.0457754212243835,1,0.003915218612985924,-0.005980510621913163,0.013810947847885011,,,
Poland,2025-07-28,2023-2026,0.003721620716101,1.2951240092031513,1,0.005248164731264182,-0.004630985179338455,0.01512731464186682,,,
Poland,2025-08-04,2023-2026,0.0,1.3360618370802624,1,0.005467006631280088,-0.004410815225608639,0.015344828488168816,,,
Poland,2025-08-11,2023-2026,0.0,2.0022319452623427,1,0.009028161186083166,-0.0008833456058998362,0.01893966797806617,,,
Poland,2025-08-18,2023-2026,0.007443241432202,2.7428344677664436,1,0.012987210104551415,0.0029175642121991117,0.02305685599690372,,,
Poland,2025-08-25,2023-2026,0.0,4.372904341418686,1,0.021701096668818254,0.010869486494109798,0.03253270684352671,,,
Poland,2025-09-01,2023-2026,0.011164862148303,7.223665809952059,1,0.03694045079719355,0.023718084664348757,0.05016281693003834,,,
Poland,2025-09-08,2023-2026,0.0,10.517300143701451,1,0.05454727638937651,0.03756923285529277,0.07152531992346026,,,
Poland,2025-09-15,2023-2026,0.0,16.981755327568905,1,0.08910440187369492,0.06346624497694651,0.11474255877044333,,,
Poland,2025-09-22,2023-2026,0.0,19.64643576029723,1,0.10334902009290743,0.07392253142143215,0.1327755087643827,,,
Poland,2025-09-29,2023-2026,0.0,18.76813327129739,1,0.09865386660165863,0.07048440932985746,0.12682332387345982,,,
Poland,2025-10-06,2023-2026,0.0,17.852614575136542,1,0.0937597659285772,0.06689225339945677,0.12062727845769762,,,
Poland,2025-10-13,2023-2026,0.0,17.644203815034885,1,0.09264566171031484,0.06607320800011546,0.11921811542051422,,,
Poland,2025-10-20,2023-2026,0.0,13.993293892539796,1,0.07312894317253918,0.05162114292930729,0.09463674341577107,,,
Poland,2025-10-27,2023-2026,0.0,11.756599842163087,1,0.06117221754440128,0.04262569763371491,0.07971873745508765,,,
Poland,2025-11-03,2023-2026,0.0,9.572008481811796,1,0.04949401797082917,0.03366532861735891,0.06532270732429943,,,
Poland,2025-11-10,2023-2026,0.0,7.219944189235958,1,0.03692055607901028,0.02370195958107489,0.050139152576945664,,,
Poland,2025-11-17,2023-2026,0.0,4.529212411494929,1,0.022536674832515015,0.011605107540665698,0.033468242124364334,,,
Poland,2025-11-24,2023-2026,0.0,4.640861032977959,1,0.023133516378012833,0.01212795128461248,0.03413908147141319,,,
Poland,2025-12-01,2023-2026,0.0,4.655747515842363,1,0.023213095250745778,0.012197502848768615,0.03422868765272294,,,
Poland,2025-12-08,2023-2026,0.0,5.638255384893029,1,0.028465300851125877,0.01670979497192272,0.04022080673032903,,,
Poland,2025-12-15,2023-2026,0.0,5.437287866223575,1,0.027390986069229933,0.015798705262733546,0.03898326687572632,,,
Poland,2025-12-22,2023-2026,0.0,4.830663689499111,1,0.024148147005358975,0.013011949174228658,0.03528434483648929,,,
Poland,2025-12-29,2023-2026,0.0,2.5009291212198788,1,0.011694053422639678,0.001689773959830233,0.021698332885449124,,,
Poland,2026-01-05,2023-2026,0.0,3.167099229401958,1,0.015255207977442762,0.005039766754421776,0.025470649200463748,,,
Poland,2026-01-12,2023-2026,0.0,2.2143643260801005,1,0.010162160122528891,0.00021817812749303812,0.020106142117564743,,,
Poland,2026-01-19,2023-2026,0.0,2.675845294876626,1,0.012629105177252764,0.002578871440764626,0.022679338913740903,,,
Poland,2026-01-26,2023-2026,0.0,3.8369909583001407,1,0.018836257250429207,0.00831358926862789,0.029358925232230524,,,
Poland,2026-02-02,2023-2026,0.0,4.1533287191687265,1,0.020527308296006,0.009828734100158162,0.031225882491853835,,,
Poland,2026-02-09,2023-2026,0.0,4.268698961367858,1,0.02114404455968708,0.010376661159406043,0.03191142795996811,,,
Poland,2026-02-16,2023-2026,0.0,3.50204509385105,1,0.017045732613935983,0.0066881054847338,0.027403359743138164,,,
Poland,2026-02-23,2023-2026,0.0,2.772607433495252,1,0.013146367850017477,0.0030677745311865155,0.023224961168848438,,,
Poland,2026-03-02,2023-2026,0.0,2.087829221732666,1,0.009485739704298078,-0.0004376170387928903,0.019409096447389047,,,
Poland,2026-03-09,2023-2026,0.0,1.5854104250590295,1,0.006799952749558299,-0.003078285369172382,0.016678190868288978,,,
Poland,2026-03-16,2023-2026,0.0,1.149980801275212,1,0.004472270722117163,-0.005414757689567779,0.014359299133802106,,,
Poland,2026-03-23,2023-2026,0.0,0.8783024889998382,1,0.003019956294739357,-0.006895068456786885,0.012934981046265599,,,
Poland,2026-03-30,2023-2026,0.0,0.6773349703303838,1,0.0019456415128434475,-0.008001133026948638,0.011892416052635534,,,
Poland,2026-04-06,2023-2026,0.0,0.5991809352922626,1,0.0015278524309950375,-0.008433784148680687,0.011489489010670763,,,
Poland,2026-04-13,2023-2026,0.0,0.4577593480804242,1,0.0007718531400312482,-0.009220228459909555,0.010763934739972052,,,
Poland,2026-04-20,2023-2026,0.0,0.2902864158558787,1,-0.00012340917821534385,-0.010157410825336138,0.009910592468905452,,,
Poland,2026-04-27,2023-2026,0.003721620716101,0.2865647951397777,1,-0.00014330389639860162,-0.01017830880855906,0.009891701015761856,,,
Poland,2020-01-13,2020-2022,0.0,,2,0.802361204559225,0.0291961524286396,1.5755262566898103,0.0,,
Poland,2020-01-20,2020-2022,0.0,,2,0.802361204559225,0.0291961524286396,1.5755262566898103,0.0,,
Poland,2020-01-27,2020-2022,0.0,,2,0.802361204559225,0.0291961524286396,1.5755262566898103,0.0,,
Poland,2020-02-03,2020-2022,0.0,,2,0.802361204559225,0.0291961524286396,1.5755262566898103,0.0,,
Poland,2020-02-10,2020-2022,0.0,,2,0.802361204559225,0.0291961524286396,1.5755262566898103,0.0,,
Poland,2020-02-17,2020-2022,0.0,,2,0.802361204559225,0.0291961524286396,1.5755262566898103,0.0,,
Poland,2020-02-24,2020-2022,0.0,,2,0.802361204559225,0.0291961524286396,1.5755262566898103,0.0,,
Poland,2020-03-02,2020-2022,0.0,,2,0.802361204559225,0.0291961524286396,1.5755262566898103,0.0,,
Poland,2020-03-09,2020-2022,0.0031899606138008,,2,0.802361204559225,0.0291961524286396,1.5755262566898103,0.0,,
Poland,2020-03-16,2020-2022,0.0138231626598037,,2,0.802453669279616,0.02932692612898813,1.575580412430244,0.0069115813299018,,
Poland,2020-03-23,2020-2022,0.029772965728808,,2,0.8044238790910251,0.03211306631554034,1.57673469186651,0.1541814296670418,,
Poland,2020-03-30,2020-2022,0.1318517053704357,,2,0.8153702794511641,0.047580632791070276,1.583159926111258,0.9724063271069638,,
Poland,2020-04-06,2020-2022,0.3780103327354025,,2,0.8411110350738692,0.08387046344348736,1.598351606704251,2.896484237331186,,
Poland,2020-04-13,2020-2022,0.5109253583104386,,2,0.8817243853379327,0.14088230756719855,1.622566463108667,5.9322634214650085,,
Poland,2020-04-20,2020-2022,0.5380400235277458,,2,0.9283408297566145,0.20592707704095026,1.6507545824722787,9.416763731940152,,
Poland,2020-04-27,2020-2022,0.6597901869544788,,2,0.9231272420607198,0.1986743224903439,1.6475801616310957,9.027056876954148,,
Poland,2020-05-04,2020-2022,0.4609493086942249,,2,0.9314704049083111,0.2102779929195353,1.652662816897087,9.650694176952216,,
Poland,2020-05-11,2020-2022,0.4667975698195266,,2,0.9172521759804892,0.19049464445394138,1.644009707507037,8.587905632454229,,
Poland,2020-05-18,2020-2022,0.3748203721216016,,2,0.9104738007087463,0.18104854856081531,1.6398990528566773,8.081233554962191,,
Poland,2020-05-25,2020-2022,0.2589184698201702,,2,0.9261287891380289,0.20285053962105337,1.6494070386550044,9.25141744012481,,
Poland,2020-06-01,2020-2022,0.2897547557535785,,2,0.9288173787001683,0.20658973477297093,1.6510450226273656,9.452384958794264,,
Poland,2020-06-08,2020-2022,0.3360091846536911,,2,0.9370823021689673,0.218074835149071,1.6560897691888634,10.07017399766703,,
Poland,2020-06-15,2020-2022,0.3588705690525973,,2,0.9191654844255038,0.19315926482981616,1.6451717040211915,8.730922199972968,,
Poland,2020-06-22,2020-2022,0.3748203721216017,,2,0.9548639791672437,0.2427354338055665,1.666992524528921,11.399324253417392,,
Poland,2020-06-29,2020-2022,0.306236218924883,,2,0.9382772308632514,0.21973414228763632,1.6568203194388667,10.159492894853456,,
Poland,2020-07-06,2020-2022,0.2419053465465655,,2,0.9140799248039967,0.186075074889006,1.6420847747189873,8.350785226828364,,
Poland,2020-07-13,2020-2022,0.199372538362554,,2,0.9002671181117355,0.16680738504612802,1.633726851177343,7.318301308161485,,
Poland,2020-07-20,2020-2022,0.1791694544751485,,2,0.8976354299159907,0.16313207204839042,1.632138787783591,7.121587070310431,,
Poland,2020-07-27,2020-2022,0.1972458979533534,,2,0.9060070434467792,0.17481875173343508,1.6371953351601234,7.747351010717701,,
Poland,2020-08-03,2020-2022,0.2387153859327647,,2,0.9247347056613641,0.200911106748356,1.6485583045743721,9.14721206007398,,
Poland,2020-08-10,2020-2022,0.2759315930937748,,2,0.9672400263580442,0.2598587546281165,1.6746212980879718,12.32441283141964,,
Poland,2020-08-17,2020-2022,0.291349736060479,,2,1.0189775937522296,0.3310662199745522,1.706888967529907,16.19170841555089,,
Poland,2020-08-24,2020-2022,0.2977296572880807,,2,1.0472291221670913,0.36968018686506476,1.7247780574691178,18.303462341887062,,
Poland,2020-08-31,2020-2022,0.3019829381064819,,2,1.0481466567002025,0.3709309369522584,1.7253623764481465,18.372046495083783,,
Poland,2020-09-07,2020-2022,0.2753999329914746,,2,1.0588796769363622,0.3855459151621121,1.7322134387106123,19.1743215894547,,
Poland,2020-09-14,2020-2022,0.3306925836306896,,2,1.0346752582063081,0.3525459986572068,1.7168045177554094,17.36508226132731,,
Poland,2020-09-21,2020-2022,0.4125682393849118,,2,0.9770199487070963,0.27336611558730606,1.6806737818268864,13.05544547208234,,
Poland,2020-09-28,2020-2022,0.6145990782589666,,2,0.9958614136544701,0.29932759490187777,1.6923952324070624,14.463813083075422,,
Poland,2020-10-05,2020-2022,1.0457754212243835,,2,1.1082558376251763,0.4523909143466044,1.7641207609037481,22.865106019622296,,
Poland,2020-10-12,2020-2022,1.6407030756982448,,2,1.3006109067217324,0.7058073557106076,1.895414457732857,37.243321826227394,,
Poland,2020-10-19,2020-2022,2.461586273649668,,2,1.645411849059913,1.1228984109521516,2.1679252871676744,63.016608605431486,,
Poland,2020-10-26,2020-2022,3.853472421471445,,2,2.5413025249286796,1.9088876167332218,3.1737174331241373,129.98292011085076,,
Poland,2020-11-02,2020-2022,6.105584614814856,,2,3.8695795713583374,2.651671768259078,5.087487374457597,229.26938089519808,,
Poland,2020-11-09,2020-2022,8.358228468260567,,2,5.685800059962301,3.5189830597003895,7.852617060224214,365.02878801753985,,
Poland,2020-11-16,2020-2022,10.371093615568912,,2,8.414206353236253,4.770430799806089,12.057981906666416,568.9725399396706,,
Poland,2020-11-23,2020-2022,14.553663640364148,,2,10.12908550829164,5.548701952464164,14.709469064119116,697.1568539244399,,
Poland,2020-11-30,2020-2022,12.077190883850076,,2,9.308510903516773,5.176714801812231,13.440307005221314,635.8202912422769,,
Poland,2020-12-07,2020-2022,10.730495844723809,,2,7.226141386273405,4.228537972173369,10.223744800373442,480.166694751966,,
Poland,2020-12-14,2020-2022,9.927689090250592,,2,5.07998543730182,3.2356454420760055,6.924325432527635,319.74517046422744,,
Poland,2020-12-21,2020-2022,8.354506847544465,,2,4.4966468543671585,2.9583815620014247,6.034912146732893,276.14159883418336,,
Poland,2020-12-28,2020-2022,6.929657773380079,,2,4.268038502206517,2.8479115529175347,5.688165451495499,259.05351148615443,,
Poland,2021-01-04,2020-2022,7.130093631947233,,2,4.005474259649966,2.7192296284825828,5.291718890817349,239.42727880974465,,
Poland,2021-01-11,2020-2022,7.992446317878067,,2,3.617919053137129,2.5243251644616453,4.711512941812613,210.45818315561436,,
Poland,2021-01-18,2020-2022,7.715983064681993,,2,3.9306631881828165,2.6821302393527953,5.179196137012838,233.8352778537517,,
Poland,2021-01-25,2020-2022,7.055661217625214,,2,3.714921657498127,2.5737986519272966,4.856044663068957,217.70896363078373,,
Poland,2021-02-01,2020-2022,6.971127261359491,,2,2.9995363411742653,2.1915233469437534,3.807549335404777,164.23512220153754,,
Poland,2021-02-08,2020-2022,6.688284086935814,,2,2.7113238077154,2.019262142366311,3.403385473064489,142.6917231962334,,
Poland,2021-02-15,2020-2022,5.568607911491711,,2,2.652153499335935,1.9817295082783055,3.3225774903935648,138.2688428051985,,
Poland,2021-02-22,2020-2022,5.568076251389409,,2,2.6611794785802605,1.9875116870362302,3.334847270124291,138.94351947501738,,
Poland,2021-03-01,2020-2022,5.664306729905737,,2,2.995787963663029,2.189376297010833,3.802199630315225,163.95493732762537,,
Poland,2021-03-08,2020-2022,6.374072966476429,,2,3.739716427904524,2.5863621538408563,4.893070701968192,219.56233074740203,,
Poland,2021-03-15,2020-2022,7.546383492048245,,2,4.683510941606648,3.0478261884884734,6.319195694724822,290.1093730418128,,
Poland,2021-03-22,2020-2022,8.904775053425114,,2,5.732893053324538,3.5408704481673454,7.924915658481732,368.5489095548692,,
Poland,2021-03-29,2020-2022,10.416284724264424,,2,7.496671820125184,4.352214409998576,10.641129230251792,500.388386742952,,
Poland,2021-04-05,2020-2022,11.46152848538651,,2,9.342025808323124,5.191921138028566,13.492130478617682,638.3254736443151,,
Poland,2021-04-12,2020-2022,14.218186115812754,,2,10.57591771324593,5.75101876278413,15.40081666370773,730.5568048711395,,
Poland,2021-04-19,2020-2022,13.09106669893645,,2,8.301676788520359,4.719225963662504,11.884127613378213,560.56114546118,,
Poland,2021-04-26,2020-2022,10.939969925030066,,2,7.5009323099339715,4.3541605976912905,10.647704022176653,500.7068511442298,,
Poland,2021-05-03,2020-2022,7.767554094605107,,2,5.270839732859721,3.3253074233156417,7.2163720424038,334.0112059892472,,
Poland,2021-05-10,2020-2022,7.296503243967178,,2,3.53495686093397,2.4815665772139255,4.588347144654015,204.2568997223855,,
Poland,2021-05-17,2020-2022,5.42293304346147,,2,2.538983794248104,1.907325424604058,3.1706421638921505,129.8095989175009,,
Poland,2021-05-24,2020-2022,3.6764296074054967,,2,2.134820501418877,1.6037075944823003,2.665933408355454,99.5990769244998,,
Poland,2021-05-31,2020-2022,2.2802901787653185,,2,1.5904949178184358,1.060342917293304,2.1206469183435672,58.911660955572074,,
Poland,2021-06-07,2020-2022,1.500876468793307,,2,1.225998990036964,0.6089485015319235,1.8430494785420048,31.666207353098887,,
Poland,2021-06-14,2020-2022,1.1590190230143145,,2,1.0294189944856176,0.3453603428784202,1.713477646092815,16.9721854457275,,
Poland,2021-06-21,2020-2022,0.7166778179005943,,2,0.9304532929840098,0.20886416962362375,1.6520424163443959,9.574666782323296,,
Poland,2021-06-28,2020-2022,0.4667975698195266,,2,0.8856434669483529,0.14636727857467957,1.6249196553220262,6.2252081378323885,,
Poland,2021-07-05,2020-2022,0.3195277214823866,,2,0.8554999681008746,0.10410437568642439,1.6068955605153248,3.9720326242843775,,
Poland,2021-07-12,2020-2022,0.2259555434775612,,2,0.837832093835387,0.07925430271246192,1.5964098849583122,2.651388930170819,,
Poland,2021-07-19,2020-2022,0.1435482276210389,,2,0.831259986016824,0.06999614228626982,1.5925238297473783,2.160134995645486,,
Poland,2021-07-26,2020-2022,0.0935721780048253,,2,0.8309612538432529,0.06957513354880562,1.5923473741377001,2.13780527134888,,
Poland,2021-08-02,2020-2022,0.0744324143220201,,2,0.8365447004207118,0.07744135459851331,1.5956480462429103,2.555158451654493,,
Poland,2021-08-09,2020-2022,0.0659258526852178,,2,0.8424197665009423,0.08571238013382498,1.5991271528680597,2.994309696154412,,
Poland,2021-08-16,2020-2022,0.066457512787518,,2,0.851801379285233,0.09890699349015197,1.6046957650803142,3.6955693710883017,,
Poland,2021-08-23,2020-2022,0.077622374935821,,2,0.8594972890900872,0.109718699245691,1.6092758789344832,4.270825601777058,,
Poland,2021-08-30,2020-2022,0.1148385820968311,,2,0.8685588316884089,0.12243477978470141,1.6146828835921163,4.948160572107442,,
Poland,2021-09-06,2020-2022,0.1616246710992438,,2,0.8747326299422105,0.1310896068672459,1.618375653017175,5.4096415409039675,,
Poland,2021-09-13,2020-2022,0.1972458979533535,,2,0.8981404295427416,0.1638374413921908,1.6324434176932925,7.159334937573741,,
Poland,2021-09-20,2020-2022,0.2748682728891745,,2,0.9376015271373169,0.21879588069644784,1.656407173578186,10.10898518513494,,
Poland,2021-09-27,2020-2022,0.3992767368274083,,2,0.9911172622313299,0.29279834415791794,1.689436180304742,14.109195794841224,,
Poland,2021-10-04,2020-2022,0.575256230688756,,2,1.0448961661449174,0.3664990287196044,1.7232933035702305,18.129077828332615,,
Poland,2021-10-11,2020-2022,0.7804770301766116,,2,1.1206887861823713,0.4691176493811231,1.7722599229836196,23.794447878442952,,
Poland,2021-10-18,2020-2022,1.0819283081807936,,2,1.2874595784138072,0.6888792481574011,1.8860399086702133,36.26028229707443,,
Poland,2021-10-25,2020-2022,1.708223908690363,,2,1.512596947224386,0.9689042895269042,2.0562896049218677,53.088919515180905,,
Poland,2021-11-01,2020-2022,2.294645001527422,,2,2.066297030938319,1.544690304042399,2.587903757834239,94.47706349894024,,
Poland,2021-11-08,2020-2022,3.79711645062763,,2,2.9564051054472458,2.166688411291978,3.7461217996025136,161.01113534118946,,
Poland,2021-11-15,2020-2022,5.79243681456007,,2,3.9579758440521693,2.695699921514536,5.2202517665898025,235.87685264658427,,
Poland,2021-11-22,2020-2022,7.915355603044547,,2,5.5712931727642,3.465691109887621,7.67689523564078,356.4695920306099,,
Poland,2021-11-29,2020-2022,9.191339848564894,,2,6.778583688897584,4.0234453797221965,9.53372199807297,446.7125144748317,,
Poland,2021-12-06,2020-2022,10.095693682577435,,2,8.459585192935855,4.7910738638471475,12.128096522024562,572.3645313923455,,
Poland,2021-12-13,2020-2022,10.88308229408395,,2,8.895264730076827,4.989109110344559,12.801420349809094,604.9308392986386,,
Poland,2021-12-20,2020-2022,11.25099108487565,,2,8.859487995956293,4.972857117866864,12.746118874045722,602.2565889840688,,
Poland,2021-12-27,2020-2022,11.20952159689624,,2,7.938518042849158,4.553822701647922,11.323213384050394,533.4156439579392,,
Poland,2022-01-03,2020-2022,10.048907593575024,,2,6.407601005347141,3.852878059204438,8.962323951489845,418.9821868590608,,
Poland,2022-01-10,2020-2022,8.661806386673948,,2,4.755569409474463,3.082143811408584,6.428995007540341,295.4956215382155,,
Poland,2022-01-17,2020-2022,7.406556885143309,,2,4.909700985695524,3.1552634720340316,6.664138499357017,307.0166959550597,,
Poland,2022-01-24,2020-2022,5.0140864247926595,,2,5.300712950216826,3.3393048642725827,7.262121036161069,336.2441784189078,,
Poland,2022-01-31,2020-2022,5.184217657528706,,2,8.143974651558045,4.647429393262671,11.640519909853419,548.7731776729812,,
Poland,2022-02-07,2020-2022,5.425591343972971,,2,14.89775430767704,7.702771042622232,22.09273757273185,1053.6067745312648,,
Poland,2022-02-14,2020-2022,6.229461418650788,,2,17.373824379003846,8.818744603998491,25.928904154009203,1238.6888210040931,,
Poland,2022-02-21,2020-2022,5.929605120953508,,2,14.360313789410332,7.460394986508146,21.26023259231252,1013.4340055413636,,
Poland,2022-02-28,2020-2022,4.94497061149364,,2,10.08266821865534,5.527676190262907,14.637660247047771,693.6872400968293,,
Poland,2022-03-07,2020-2022,3.922056574668163,,2,7.1507115124467155,4.194017483337127,10.107405541556304,474.52843936707296,,
Poland,2022-03-14,2020-2022,3.0012212774843143,,2,5.276849939685139,3.3281243322762397,7.225575547094039,334.4604587756908,,
Poland,2022-03-21,2020-2022,2.5126256434704817,,2,4.735796184652379,3.072735790128968,6.39885657917579,294.0176064538211,,
Poland,2022-03-28,2020-2022,2.0447647534463544,,2,4.544266185368543,2.9812412930861214,6.107291077650965,279.7010632190828,,
Poland,2022-04-04,2020-2022,1.4333556358011883,,2,3.8670759112369795,2.6504199756576847,5.083731846816274,229.0822365391884,,
Poland,2022-04-11,2020-2022,0.9117970754447472,,2,2.701031773068798,2.0127956094961874,3.3892679366414082,141.9224110282051,,
Poland,2022-04-18,2020-2022,0.4992288360598354,,2,1.5065867403989686,0.9617230999122353,2.0514503808857016,52.639666728737275,,
Poland,2022-04-25,2020-2022,0.446062825829821,,2,1.1870784554231366,0.5576710984934378,1.8164858123528353,28.756963273312497,,
Poland,2022-05-02,2020-2022,0.3147427805616853,,2,1.1006168291867169,0.4420923424861909,1.7591413158872429,22.294103069751944,,
Poland,2022-05-09,2020-2022,0.2844381547305771,,2,1.1087394992395294,0.4530424208520619,1.7644365776269968,22.90125890657871,,
Poland,2022-05-16,2020-2022,0.2456269672626666,,2,1.0154781597189688,0.32626964136344283,1.704686678074495,15.93013164521922,,
Poland,2022-05-23,2020-2022,0.2025624989763549,,2,0.9732360078418631,0.2681425327186938,1.6783294829650326,12.772602297658665,,
Poland,2022-05-30,2020-2022,0.1318517053704357,,2,0.9237318190786612,0.19951565358406098,1.6479479845732614,9.07224798564966,,
Poland,2022-06-06,2020-2022,0.1143069219945309,,2,0.8924289548908952,0.15585687491919864,1.6290010348625918,6.732411875426726,,
Poland,2022-06-13,2020-2022,0.0845339562657229,,2,0.8784383314286512,0.13628100704421864,1.6205956558130838,5.686636454202342,,
Poland,2022-06-20,2020-2022,0.0765590547312207,,2,0.8731180536707669,0.12882688987686242,1.6174092174646715,5.288954697681834,,
Poland,2022-06-27,2020-2022,0.0723057739128196,,2,0.8681534094528481,0.12186617995885085,1.6144406389468453,4.917855946276333,,
Poland,2022-07-04,2020-2022,0.070179133503619,,2,0.877584810932734,0.13508552428848108,1.6200840975769868,5.622837241926325,,
Poland,2022-07-11,2020-2022,0.0728374340151197,,2,0.9362643450270466,0.21693882598062142,1.6555898640734719,10.009033085902514,,
Poland,2022-07-18,2020-2022,0.0999520992324271,,2,1.033366526779235,0.3507575140758824,1.7159755394825873,17.267256802504082,,
Poland,2022-07-25,2020-2022,0.1972458979533534,,2,1.2176700525309716,0.5980167827192837,1.8373233223426595,31.043633373305425,,
Poland,2022-08-01,2020-2022,0.2929447163673794,,2,1.4889046407918822,0.9404947128876153,2.037314568696149,51.31795971441911,,
Poland,2022-08-08,2020-2022,0.3902385150883058,,2,1.777174075617142,1.2661154691504053,2.2882326820838785,72.86561200054166,,
Poland,2022-08-15,2020-2022,0.3695037710986001,,2,1.9399546595301647,1.4289927503997157,2.4509165686606136,85.03318510178276,,
Poland,2022-08-22,2020-2022,0.5146469790265396,,2,2.0390839524601563,1.5205391447548462,2.5576287601654664,92.44293194753986,,
Poland,2022-08-29,2020-2022,0.5194319199472409,,2,1.974081254025257,1.4611509865877133,2.487011521462801,87.58409027261885,,
Poland,2022-09-05,2020-2022,0.3934284757021067,,2,2.0720582942857604,1.549750526114404,2.5943660624571168,94.90770818180332,,
Poland,2022-09-12,2020-2022,0.3790736529400028,,2,1.8761042137647532,1.3669806009453829,2.3852278265841234,80.26047236343436,,
Poland,2022-09-19,2020-2022,0.3609972094617979,,2,1.9266255144522566,1.4162466684961745,2.4370043604083387,84.0368540700723,,
Poland,2022-09-26,2020-2022,0.472114170842528,,2,2.283389969074878,1.7234335160146097,2.843346422135146,110.70439314134524,,
Poland,2022-10-03,2020-2022,0.5826994721209581,,2,2.3164069869252772,1.7486380207451186,2.884175953105436,113.17235933622248,,
Poland,2022-10-10,2020-2022,0.5582431074151514,,2,2.105999959340071,1.5791933713103021,2.63280654736984,97.44479018997964,,
Poland,2022-10-17,2020-2022,0.5167736194357401,,2,1.7766050619531972,1.2655185641909321,2.287691559715462,72.82307919235765,,
Poland,2022-10-24,2020-2022,0.3902385150883058,,2,1.5302719341606728,0.9899202557817833,2.070623612539562,54.41009486939675,,
Poland,2022-10-31,2020-2022,0.2254238833752611,,2,1.2729212793000164,0.6700922235332558,1.875750335066777,35.17356904797294,,
Poland,2022-11-07,2020-2022,0.1871443560096507,,2,1.1198281530156546,0.46796119543178183,1.7716951105995276,23.730117006064635,,
Poland,2022-11-14,2020-2022,0.195650917646453,,2,1.0067509126482146,0.31429468263133575,1.6992071426650934,15.277784699696944,,
Poland,2022-11-21,2020-2022,0.1637513115084443,,2,0.9588186241316605,0.24821067606895642,1.6694265721943646,11.694927270296272,,
Poland,2022-11-28,2020-2022,0.1190918629152323,,2,0.9231628054147164,0.1987238146447875,1.6476017961846452,9.029715177465649,,
Poland,2022-12-05,2020-2022,0.140358267007238,,2,0.9243648467797999,0.20039649575813157,1.6483331978014681,9.119565734754373,,
Poland,2022-12-12,2020-2022,0.1701312327360461,,2,0.9445648318498421,0.2284602661787032,1.660669397520981,10.629480425286784,,
Poland,2022-12-19,2020-2022,0.1738528534521471,,2,0.9617277064885785,0.25223614404500405,1.671219268932153,11.912376252137031,,
Poland,2022-12-26,2020-2022,0.1754478337590475,,2,0.9846945204995524,0.28395063290994493,1.6854384080891598,13.629106722464195,,
Poland,2023-01-02,2023-2026,0.2376520657281644,,2,0.0761673977013342,0.054723692790376165,0.09761110261229222,14.399482210697103,,
Poland,2023-01-09,2023-2026,0.2222339227614602,,2,0.06402081537998341,0.04583598574940013,0.08220564501056671,12.255828678222924,,
Poland,2023-01-16,2023-2026,0.1674729322245454,,2,0.06049613747423435,0.04322600372068934,0.07776627122777936,11.633786358531754,,
Poland,2023-01-23,2023-2026,0.1249401240405338,,2,0.041007982455182355,0.028362645750491692,0.05365331915987302,8.194477156752123,,
Poland,2023-01-30,2023-2026,0.1222818235290331,,2,0.037507404911181985,0.025574172394408762,0.04944063742795521,7.576688117879355,,
Poland,2023-02-06,2023-2026,0.1100536411761298,,2,0.04862972185821242,0.03428558890565279,0.06297385481077206,9.539577215571487,,
Poland,2023-02-13,2023-2026,0.1478015084394401,,2,0.0764957651301604,0.05496212081481404,0.09802940944550677,14.45743316184782,,
Poland,2023-02-20,2023-2026,0.1610930109969436,,2,0.11851775838425804,0.08503816036822465,0.15199735640029144,21.87355992883253,,
Poland,2023-02-27,2023-2026,0.2520068884902683,,2,0.18303442678555934,0.13052166795245107,0.2355471856186676,33.25959267969242,,
Poland,2023-03-06,2023-2026,0.3072995391294833,,2,0.2739952171156348,0.1942662938695855,0.3537241403616841,49.31253780854298,,
Poland,2023-03-13,2023-2026,0.3365408447559913,,2,0.3345443634640545,0.2366143346054581,0.43247439232265084,59.99837420467357,,
Poland,2023-03-20,2023-2026,0.4322396631700172,,2,0.399127307860165,0.28175040843143917,0.5165042072888908,71.39610347778407,,
Poland,2023-03-27,2023-2026,0.4045933378504097,,2,0.430569242306578,0.3037169205798833,0.5574215640332727,76.94503996549066,,
Poland,2023-04-03,2023-2026,0.3174010810731861,,2,0.3634437097459786,0.25681483177363096,0.4700725877183263,65.09858956603885,,
Poland,2023-04-10,2023-2026,0.1908659767257517,,2,0.24265269666143516,0.1723256019794744,0.31297979134339593,43.78114610421227,,
Poland,2023-04-17,2023-2026,0.1961825777487532,,2,0.15281257315267474,0.10926667218977176,0.19635847411557772,27.925978533417375,,
Poland,2023-04-24,2023-2026,0.1430165675187387,,2,0.09814994016137801,0.07054431345095,0.12575556687180603,18.279005977181257,,
Poland,2023-05-01,2023-2026,0.059014271355316,,2,0.08274679645873255,0.059486583835386575,0.10600700908207852,15.56062787412062,,
Poland,2023-05-08,2023-2026,0.0648625324806175,,2,0.04464111198880058,0.031208438339196964,0.05807378563840419,8.835659240126095,,
Poland,2023-05-15,2023-2026,0.0637992122760172,,2,0.01968819994322821,0.010307234820221304,0.029069165066235116,4.431918612774002,,
Poland,2023-05-22,2023-2026,0.0425328081840115,,2,0.014220430371489217,0.005113378585956299,0.023327482157022135,3.4669555270992403,,
Poland,2023-05-29,2023-2026,0.0329629263426089,,2,0.009822114352349327,0.000721138934881729,0.018923089769816923,2.69073177774103,,
Poland,2023-06-05,2023-2026,0.0244563647058066,,2,0.006830656950290385,-0.002376479043634502,0.01603779294421527,2.1627932961569867,,
Poland,2023-06-12,2023-2026,0.0090382217391024,,2,0.003366229948913159,-0.006071185994730181,0.0128036458925565,1.5513841785118208,,
Poland,2023-06-19,2023-2026,0.0058482611253015,,2,0.0011218837610643263,-0.008522614055518692,0.010766381577647345,1.1552974022982134,,
Poland,2023-06-26,2023-2026,0.0058482611253015,,2,-0.0006615430083403464,-0.010500869522734671,0.009177783506053978,0.840554621736528,,
Poland,2023-07-03,2023-2026,0.0132915025575036,,2,-0.001565306573917086,-0.011513059568515458,0.008382446420681285,0.6810565910464846,,
Poland,2023-07-10,2023-2026,0.0090382217391024,,2,-0.0025925844934559174,-0.01267115614868697,0.007485987161775136,0.4997604961621355,,
Poland,2023-07-17,2023-2026,0.0021266404092005,,2,-0.0037162638599895297,-0.013946806509322809,0.006514278789343748,0.3014512780041817,,
Poland,2023-07-24,2023-2026,0.007443241432202,,2,-0.003869903666137546,-0.014121924234707131,0.006382116902432041,0.2743366127868744,,
Poland,2023-07-31,2023-2026,0.003721620716101,,2,-0.00387291621135616,-0.014125359567684022,0.006379527144971701,0.2738049526845742,,
Poland,2023-08-07,2023-2026,0.0,,2,-0.004125970009717683,-0.014414153112619663,0.006162213093184297,0.2291455040913621,,
Poland,2023-08-14,2023-2026,0.0042532808184011,,2,-0.0038970165731048553,-0.01415284451335507,0.00635881136714536,0.269551671866173,,
Poland,2023-08-21,2023-2026,0.0058482611253015,,2,-0.0032071437180479804,-0.013367706432760758,0.006953418996664798,0.3913018352929061,,
Poland,2023-08-28,2023-2026,0.0058482611253015,,2,-0.002065389080202792,-0.012075836058980712,0.00794505789857513,0.5928010140646608,,
Poland,2023-09-04,2023-2026,0.0069115813299018,,2,-0.00045970247869482866,-0.010275688264193932,0.009356283306804276,0.8761758485906376,,
Poland,2023-09-11,2023-2026,0.0085065616368023,,2,0.0013900002855187026,-0.008227477973708075,0.01100747854474548,1.202615151402926,,
Poland,2023-09-18,2023-2026,0.0085065616368023,,2,0.004019952261346881,-0.005365507702292047,0.01340541222498581,1.666754420710952,,
Poland,2023-09-25,2023-2026,0.0212664040920057,,2,0.010930730992789977,0.0018465372096823935,0.020014924775897558,2.886382695387483,,
Poland,2023-10-02,2023-2026,0.0116965222506031,,2,0.018239165693086878,0.008958614267491194,0.027519717118682563,4.176190103567633,,
Poland,2023-10-09,2023-2026,0.0053166010230014,,2,0.023065263133266387,0.01337722417182792,0.03275330209470485,5.027909587452464,,
Poland,2023-10-16,2023-2026,0.0207347439897056,,2,0.02479747663395506,0.0149146685397184,0.03468028472819172,5.333614146275046,,
Poland,2023-10-23,2023-2026,0.0446594485932121,,2,0.028072113286561225,0.01775837586293745,0.038385850710185,5.911528677475303,,
Poland,2023-10-30,2023-2026,0.0797490153450216,,2,0.04090555591775025,0.02828174380340954,0.053529368032090956,8.176400713273917,,
Poland,2023-11-06,2023-2026,0.0967621386186262,,2,0.06509629402301974,0.04662915265070579,0.08356343539533369,12.445631334744077,,
Poland,2023-11-13,2023-2026,0.0893188971864242,,2,0.11869549855215465,0.08516419722091798,0.15222679988339133,21.90492787486824,,
Poland,2023-11-20,2023-2026,0.2381837258304646,,2,0.12588945653414518,0.09026049396121905,0.16151841910707132,23.174532199160986,,
Poland,2023-11-27,2023-2026,0.1116486214830302,,2,0.15195399776537682,0.10866182203156671,0.19524617349918694,27.77445540426183,,
Poland,2023-12-04,2023-2026,0.1749161736567474,,2,0.1993383215085629,0.1419664019945385,0.25671024102258727,36.1369371533408,,
Poland,2023-12-11,2023-2026,0.4912539345253332,,2,0.27105798552751054,0.19221085528004236,0.34990511577497874,48.79416920880033,,
Poland,2023-12-18,2023-2026,0.5247485209702424,,2,0.35321611872886893,0.24966646212576182,0.45676577533197604,63.29360351872987,,
Poland,2023-12-25,2023-2026,0.2940080365719797,,2,0.3820431639255468,0.26981291850140066,0.494273409349693,68.38105903763994,,
Poland,2024-01-01,2023-2026,0.7108295567752928,,2,0.3225755213106004,0.22824630493676396,0.41690473768443687,57.88608861823509,,
Poland,2024-01-08,2023-2026,0.2530702086948686,,2,0.15102613383805144,0.10800808246274422,0.19404418521335864,27.61070409275339,,
Poland,2024-01-15,2023-2026,0.1972458979533535,,2,0.1762049867750182,0.12572374161455668,0.2266862319354797,32.05431922777799,,
Poland,2024-01-22,2023-2026,0.1004837593347272,,2,0.09946642242190139,0.07148478305805324,0.12744806178574952,18.511341441886422,,
Poland,2024-01-29,2023-2026,0.1525864493601413,,2,0.08451516050204415,0.06076202751245412,0.10826829349163418,15.872712354170805,,
Poland,2024-02-05,2023-2026,0.0893188971864242,,2,0.06728641439693385,0.048240159448693684,0.08633266934517402,12.83214822911628,,
Poland,2024-02-12,2023-2026,0.0855972764703232,,2,0.045059855774184455,0.03153365339263427,0.058586058155734644,8.909559994345816,,
Poland,2024-02-19,2023-2026,0.0446594485932121,,2,0.032386078039580685,0.021393877183892344,0.043378278895269025,6.672865943969109,,
Poland,2024-02-26,2023-2026,0.03721620716101,,2,0.021989784490230174,0.012410262762621183,0.03156930621783917,4.838106930931311,,
Poland,2024-03-04,2023-2026,0.011164862148303,,2,0.017919835899916393,0.008658774828281972,0.027180896971550815,4.119834132723817,,
Poland,2024-03-11,2023-2026,0.0409378278771111,,2,0.008978601691144327,-0.00014336812584197708,0.01810057150813063,2.541866949096989,,
Poland,2024-03-18,2023-2026,0.018608103580505,,2,0.004423633320637806,-0.004931682761853065,0.013778949403128677,1.7379968744191712,,
Poland,2024-03-25,2023-2026,0.0,,2,0.0025889932825171255,-0.00691517042845587,0.01209315699349012,1.4142158721183835,,
Poland,2024-04-01,2023-2026,0.003721620716101,,2,0.0004169481799144904,-0.00930145476945899,0.01013535112928797,1.0308889383599795,,
Poland,2024-04-08,2023-2026,0.007443241432202,,2,-8.915941680844451e-05,-0.00986314161587422,0.009684822782257333,0.9415700411735554,,
Poland,2024-04-15,2023-2026,0.0,,2,-0.0018183603722784984,-0.011797601225812034,0.008160880481255038,0.6363971424532726,,
Poland,2024-04-22,2023-2026,0.007443241432202,,2,-0.0025564339508327635,-0.012630268448161418,0.007517400546495891,0.5061404173897373,,
Poland,2024-04-29,2023-2026,0.0,,2,-0.0036319125938690964,-0.013850733953108128,0.006586908765369936,0.3163377608685858,,
Poland,2024-05-06,2023-2026,0.0,,2,-0.00310471718061597,-0.013251424665797441,0.007041990304565501,0.409378278771111,,
Poland,2024-05-13,2023-2026,0.0,,2,-0.00310471718061597,-0.013251424665797441,0.007041990304565501,0.409378278771111,,
Poland,2024-05-20,2023-2026,0.0,,2,-0.00329450752938714,-0.013466947456170775,0.006877932397396494,0.3758836923262019,,
Poland,2024-05-27,2023-2026,0.0,,2,-0.0021346776202303738,-0.012153959969295346,0.007884604728834598,0.5805728317117574,,
Poland,2024-06-03,2023-2026,0.003721620716101,,2,-0.002450994868182139,-0.012511067676859479,0.007609077940495201,0.5247485209702424,,
Poland,2024-06-10,2023-2026,0.003721620716101,,2,-0.0027883999326642054,-0.01289279786680089,0.007315998001472481,0.4652025895126261,,
Poland,2024-06-17,2023-2026,0.0,,2,-0.0018183603722784984,-0.011797601225812034,0.008160880481255038,0.6363971424532726,,
Poland,2024-06-24,2023-2026,0.007443241432202,,2,-4.69837837481711e-05,-0.009816254999808854,0.009722287432312512,0.9490132826057572,,
Poland,2024-07-01,2023-2026,0.007443241432202,,2,0.0026944323651677525,-0.006800363276664962,0.012189228007000466,1.4328239756988883,,
Poland,2024-07-08,2023-2026,0.003721620716101,,2,0.004086228256155847,-0.005294180504487699,0.013466637016799394,1.6784509429615553,,
Poland,2024-07-15,2023-2026,0.0,,2,0.005520199780204217,-0.0037608358144481328,0.014801235374856567,1.931521151656424,,
Poland,2024-07-22,2023-2026,0.014886482864404,,2,0.011192822426807232,0.0021107941566511947,0.02027485069696327,2.9326371242875955,,
Poland,2024-07-29,2023-2026,0.014886482864404,,2,0.01384988730960272,0.00475083395181437,0.02294894066739107,3.4015613345163227,,
Poland,2024-08-05,2023-2026,0.029772965728808,,2,0.03040382328574911,0.01973779303317335,0.04106985353832487,6.323033596655614,,
Poland,2024-08-12,2023-2026,0.029772965728808,,2,0.04651491511476292,0.032659639508813,0.060370190720712834,9.166351823756784,,
Poland,2024-08-19,2023-2026,0.0558243107415151,,2,0.06296341200825878,0.04505473763743184,0.08087208637908572,12.069215982315573,,
Poland,2024-08-26,2023-2026,0.0669891728898181,,2,0.08301792552840544,0.05968225590669102,0.10635359515011986,15.608477283327632,,
Poland,2024-09-02,2023-2026,0.0632675521737171,,2,0.12955873661038653,0.09285643892640101,0.16626103429437206,23.82209420376256,,
Poland,2024-09-09,2023-2026,0.0632675521737171,,2,0.16717940130012565,0.11937869297014983,0.21498010963010147,30.46146556128676,,
Poland,2024-09-16,2023-2026,0.026051345012707,,2,0.19235825423709213,0.13706812247555045,0.2476483859986338,34.905080696311366,,
Poland,2024-09-23,2023-2026,0.0483810693093131,,2,0.2575406951317018,0.18274984063885796,0.33233154962454564,46.408610329779584,,
Poland,2024-09-30,2023-2026,0.0558243107415151,,2,0.2697927165357032,0.19132539500138723,0.34826003807001915,48.57087196583427,,
Poland,2024-10-07,2023-2026,0.03721620716101,,2,0.22211316336109552,0.15793617146679512,0.2862901552553959,40.15628752672989,,
Poland,2024-10-14,2023-2026,0.0781540350381212,,2,0.14316037827231576,0.1024627183194812,0.18385803822515032,26.22253956564771,,
Poland,2024-10-21,2023-2026,0.0818756557542222,,2,0.11650537817824053,0.08361071756544139,0.14940003879103966,21.518410980496036,,
Poland,2024-10-28,2023-2026,0.0483810693093131,,2,0.07565827755939264,0.05435385682331529,0.09696269829547,14.30963165340838,,
Poland,2024-11-04,2023-2026,0.0483810693093131,,2,0.0629212363751985,0.04502354679223573,0.08081892595816127,12.061772740883372,,
Poland,2024-11-11,2023-2026,0.0558243107415151,,2,0.03807978850271389,0.02603359292755695,0.050125984077870826,7.677703537316383,,
Poland,2024-11-18,2023-2026,0.033494586444909,,2,0.029729013156785184,0.019168563934832752,0.040289462378737616,6.2039417337403835,,
Poland,2024-11-25,2023-2026,0.029772965728808,,2,0.01713958668830185,0.007922070578005948,0.026357102798597754,3.98213416622808,,
Poland,2024-12-02,2023-2026,0.026051345012707,,2,0.01964903685538655,0.0102710403236635,0.029027033387109602,4.425007031444101,,
Poland,2024-12-09,2023-2026,0.018608103580505,,2,0.017076323238711496,0.007862082365764522,0.02629056411165847,3.970969304079777,,
Poland,2024-12-16,2023-2026,0.014886482864404,,2,0.015958668962615007,0.006795903937150769,0.025121433988079245,3.773723406126423,,
Poland,2024-12-23,2023-2026,0.007443241432202,,2,0.015094068484880032,0.005962749221381217,0.024225387748378846,3.621136956766282,,
Poland,2024-12-30,2023-2026,0.011164862148303,,2,0.019627949038856368,0.01025154518110234,0.029004352896610394,4.421285410727998,,
Poland,2025-01-06,2023-2026,0.018608103580505,,2,0.007565717983626146,-0.0016071932825272453,0.01673862924977954,2.292518361118222,,
Poland,2025-01-13,2023-2026,0.0,,2,0.003537945026372643,-0.005885450176752939,0.012961340229498224,1.5816888043429287,,
Poland,2025-01-20,2023-2026,0.0,,2,0.007354839818324899,-0.0018273533789938765,0.016537033015643673,2.2553021539572113,,
Poland,2025-01-27,2023-2026,0.0,,2,0.013090725914518268,0.004003770920113564,0.02217768090892297,3.267582988736686,,
Poland,2025-02-03,2023-2026,0.0,,2,0.017160674504832045,0.00794205809649483,0.026379290913169262,3.985855786944181,,
Poland,2025-02-10,2023-2026,0.0,,2,0.015789966430374027,0.006633914153745731,0.024946018707002325,3.743950440397615,,
Poland,2025-02-17,2023-2026,0.0,,2,0.010855417362325277,0.0017704736787972231,0.019940361045853332,2.873091192829979,,
Poland,2025-02-24,2023-2026,0.0,,2,0.011277173692927779,0.0021956955427333835,0.020358651843122175,2.9475236071519992,,
Poland,2025-03-03,2023-2026,0.0,,2,0.011003032078036178,0.0019195046061663713,0.020086559549905986,2.899142537842686,,
Poland,2025-03-10,2023-2026,0.0,,2,0.008936426058084165,-0.00018677917527353503,0.018059631291441863,2.534423707664787,,
Poland,2025-03-17,2023-2026,0.0,,2,0.007481366717505607,-0.0016952053406190572,0.016657938775630272,2.277631878253817,,
Poland,2025-03-24,2023-2026,0.0,,2,0.00718613728608392,-0.0020037928919548796,0.01637606746412272,2.2255291882284034,,
Poland,2025-03-31,2023-2026,0.0,,2,0.0030107496131196254,-0.006456529676685277,0.012478028902924529,1.4886482864404038,,
Poland,2025-04-07,2023-2026,0.0,,2,0.0024413785668063394,-0.0070760641692458204,0.011958821302858498,1.3881645271056764,,
Poland,2025-04-14,2023-2026,0.0,,2,0.0009019679601073475,-0.008765142554336114,0.01056907847455081,1.1164862148303023,,
Poland,2025-04-21,2023-2026,0.0,,2,-0.0007217939127120843,-0.010568150317879478,0.009124562492455308,0.829921419690525,,
Poland,2025-04-28,2023-2026,0.0,,2,-0.000278949765579504,-0.010074308580365624,0.009516409049206614,0.9080754547286464,,
Poland,2025-05-05,2023-2026,0.0,,2,-0.002450994868182139,-0.012511067676859479,0.007609077940495201,0.5247485209702424,,
Poland,2025-05-12,2023-2026,0.0,,2,-0.0030414537310256176,-0.013179641326759629,0.007096733864708393,0.4205431409194141,,
Poland,2025-05-19,2023-2026,0.0,,2,-0.0026407852169533083,-0.01272568803048426,0.007444117596577644,0.4912539345253332,,
Poland,2025-05-26,2023-2026,0.0,,2,-0.002008150721049557,-0.012011326088777823,0.007995024646678709,0.6029025560083635,,
Poland,2025-06-02,2023-2026,0.0,,2,-0.0008904964449530626,-0.010756688661399515,0.008975695771493389,0.800148453961717,,
Poland,2025-06-09,2023-2026,0.0,,2,-2.5895967218091625e-05,-0.009792817076823467,0.009741025142387283,0.9527349033218584,,
Poland,2025-06-16,2023-2026,0.0,,2,0.0007754410609266367,-0.008904862331530776,0.01045574445338405,1.094156490533697,,
Poland,2025-06-23,2023-2026,0.0,,2,-0.0011013746102543135,-0.010992675181159484,0.008789925960650858,0.7629322468007069,,
Poland,2025-06-30,2023-2026,0.0,,2,-0.0006374426465916502,-0.010473965234930832,0.009199079941747531,0.844807902554929,,
Poland,2025-07-07,2023-2026,0.0,,2,-0.00013133504986871533,-0.009910042574763554,0.009647372475026124,0.9341267997413532,,
Poland,2025-07-14,2023-2026,0.0,,2,-0.00044765229782048143,-0.01026225484257028,0.009366950246929316,0.8783024889998382,,
Poland,2025-07-21,2023-2026,0.0,,2,0.00012171874849280463,-0.009628852378622025,0.009872289875607633,0.9787862483345656,,
Poland,2025-07-28,2023-2026,0.003721620716101,,2,0.0005012994460350355,-0.009208043600430196,0.010210642492500267,1.0457754212243835,,
Poland,2025-08-04,2023-2026,0.0,,2,0.0019141831535532123,-0.007652232430736706,0.01148059873784313,1.2951240092031513,,
Poland,2025-08-11,2023-2026,0.0,,2,0.0021461491353845434,-0.007398421724862186,0.011690719995631274,1.3360618370802624,,
Poland,2025-08-18,2023-2026,0.007443241432202,,2,0.0059208682942765295,-0.003335837323798198,0.015177573912351257,2.0022319452623427,,
Poland,2025-08-25,2023-2026,0.0,,2,0.010117343783771012,0.0010220398742354694,0.019212647693306557,2.7428344677664436,,
Poland,2025-09-01,2023-2026,0.011164862148303,,2,0.019353807423964756,0.009997737988686863,0.02870987685924265,4.372904341418686,,
Poland,2025-09-08,2023-2026,0.0,,2,0.03550707488603883,0.023956944339181996,0.04705720543289567,7.223665809952059,,
Poland,2025-09-15,2023-2026,0.0,,2,0.054169792515197504,0.03849368394693439,0.06984590108346062,10.517300143701451,,
Poland,2025-09-22,2023-2026,0.0,,2,0.09079932982802084,0.06528100920920397,0.11631765044683771,16.981755327568905,,
Poland,2025-09-29,2023-2026,0.0,,2,0.10589820646358876,0.07607138228309808,0.13572503064407945,19.64643576029723,,
Poland,2025-10-06,2023-2026,0.0,,2,0.10092148176247974,0.07252355739824895,0.12931940612671053,18.76813327129739,,
Poland,2025-10-13,2023-2026,0.0,,2,0.09573387889606948,0.06881669298441355,0.1226510648077254,17.852614575136542,,
Poland,2025-10-20,2023-2026,0.0,,2,0.09455296117038274,0.06797146042874828,0.1211344619120172,17.644203815034885,,
Poland,2025-10-27,2023-2026,0.0,,2,0.07386581315433222,0.05305013844297447,0.09468148786568996,13.993293892539796,,
Poland,2025-11-03,2023-2026,0.0,,2,0.06119203541972846,0.043742660380216083,0.07864141045924083,11.756599842163087,,
Poland,2025-11-10,2023-2026,0.0,,2,0.04881348711654636,0.03442631887751266,0.06320065535558006,9.572008481811796,,
Poland,2025-11-17,2023-2026,0.0,,2,0.03548598706950875,0.02393979437540328,0.04703217976361422,7.219944189235958,,
Poland,2025-11-24,2023-2026,0.0,,2,0.020239495718229916,0.01081526387324346,0.02966372756321637,4.529212411494929,,
Poland,2025-12-01,2023-2026,0.0,,2,0.02087213021413367,0.011394882077329423,0.030349378350937914,4.640861032977959,,
Poland,2025-12-08,2023-2026,0.0,,2,0.0209564814802541,0.011471895723352518,0.03044106723715568,4.655747515842363,,
Poland,2025-12-15,2023-2026,0.0,,2,0.0265236650442065,0.01642348527052153,0.03662384481789147,5.638255384893029,,
Poland,2025-12-22,2023-2026,0.0,,2,0.025384922951579916,0.015430675687774053,0.03533917021538578,5.437287866223575,,
Poland,2025-12-29,2023-2026,0.0,,2,0.02194760885716989,0.01237214297889313,0.03152307473544665,4.830663689499111,,
Poland,2026-01-05,2023-2026,0.0,,2,0.00874663570931299,-0.00038234704082715926,0.017875618459453138,2.5009291212198788,,
Poland,2026-01-12,2023-2026,0.0,,2,0.012521354868204982,0.003439680122697141,0.021603029613712823,3.167099229401958,,
Poland,2026-01-19,2023-2026,0.0,,2,0.007122873836493566,-0.0020700289235737997,0.016315776596560933,2.2143643260801005,,
Poland,2026-01-26,2023-2026,0.0,,2,0.00973776308622878,0.0006350072717950933,0.018840518900662465,2.675845294876626,,
Poland,2026-02-02,2023-2026,0.0,,2,0.01631716184362715,0.007139208182577114,0.025495115504677188,3.8369909583001407,,
Poland,2026-02-09,2023-2026,0.0,,2,0.018109626248687557,0.008837097418427812,0.027382155078947302,4.1533287191687265,,
Poland,2026-02-16,2023-2026,0.0,,2,0.018763348561121388,0.009448724171930906,0.02807797295031187,4.268698961367858,,
Poland,2026-02-23,2023-2026,0.0,,2,0.014419258355916008,0.005307350294096505,0.023531166417735512,3.50204509385105,,
Poland,2026-03-02,2023-2026,0.0,,2,0.01028604631601198,0.0011935917918349335,0.01937850084018903,2.772607433495252,,
Poland,2026-03-09,2023-2026,0.0,,2,0.0064058880744693875,-0.002823405235446958,0.015635181384385733,2.087829221732666,,
Poland,2026-03-16,2023-2026,0.0,,2,0.0035590328429028085,-0.005862658781397979,0.012980724467203596,1.5854104250590295,,
Poland,2026-03-23,2023-2026,0.0,,2,0.0010917583088784419,-0.008555813209155024,0.010739329826911908,1.149980801275212,,
Poland,2026-03-30,2023-2026,0.0,,2,-0.0004476522978205232,-0.010262254842570321,0.009366950246929275,0.8783024889998382,,
Poland,2026-04-06,2023-2026,0.0,,2,-0.0015863943904471526,-0.011536752731151036,0.00836396395025673,0.6773349703303838,,
Poland,2026-04-13,2023-2026,0.0,,2,-0.002029238537579732,-0.012035090055744577,0.007976612980585114,0.5991809352922626,,
Poland,2026-04-20,2023-2026,0.0,,2,-0.0028305755657243984,-0.012940572782646617,0.007279421651197821,0.4577593480804242,,
Poland,2026-04-27,2023-2026,0.003721620716101,,2,-0.003779527309579925,-0.014018893766800752,0.0064598391476409014,0.2902864158558787,,
Poland,2020-01-20,2020-2022,0.0,,3,0.8650527342502041,0.07825380875588417,1.651851659744524,,0.0,
Poland,2020-01-27,2020-2022,0.0,,3,0.8650527342502041,0.07825380875588417,1.651851659744524,,0.0,
Poland,2020-02-03,2020-2022,0.0,,3,0.8650527342502041,0.07825380875588417,1.651851659744524,,0.0,
Poland,2020-02-10,2020-2022,0.0,,3,0.8650527342502041,0.07825380875588417,1.651851659744524,,0.0,
Poland,2020-02-17,2020-2022,0.0,,3,0.8650527342502041,0.07825380875588417,1.651851659744524,,0.0,
Poland,2020-02-24,2020-2022,0.0,,3,0.8650527342502041,0.07825380875588417,1.651851659744524,,0.0,
Poland,2020-03-02,2020-2022,0.0,,3,0.8650527342502041,0.07825380875588417,1.651851659744524,,0.0,
Poland,2020-03-09,2020-2022,0.0031899606138008,,3,0.8650527342502041,0.07825380875588417,1.651851659744524,,0.0,
Poland,2020-03-16,2020-2022,0.0138231626598037,,3,0.8650527342502041,0.07825380875588417,1.651851659744524,,0.0,
Poland,2020-03-23,2020-2022,0.029772965728808,,3,0.8651426658697028,0.07838045771647273,1.6519048740229327,,0.0069115813299018,
Poland,2020-03-30,2020-2022,0.1318517053704357,,3,0.867058901146712,0.08107867324456708,1.653039129048857,,0.1541814296670418,
Poland,2020-04-06,2020-2022,0.3780103327354025,,3,0.8777054213319727,0.09605647926401628,1.6593543633999293,,0.9724063271069638,
Poland,2020-04-13,2020-2022,0.5109253583104386,,3,0.9027410006370139,0.1311861802716685,1.6742958210023593,,2.896484237331186,
Poland,2020-04-20,2020-2022,0.5380400235277458,,3,0.9422417350475651,0.18634315843248783,1.6981403116626423,,5.9322634214650085,
Poland,2020-04-27,2020-2022,0.6597901869544788,,3,0.9875811069086428,0.24922140417067806,1.7259408096466076,,9.416763731940152,
Poland,2020-05-04,2020-2022,0.4609493086942249,,3,0.9825103471322971,0.24221296349015387,1.7228077307744405,,9.027056876954148,
Poland,2020-05-11,2020-2022,0.4667975698195266,,3,0.9906249463378272,0.25342542084182607,1.7278244718338283,,9.650694176952216,
Poland,2020-05-18,2020-2022,0.3748203721216016,,3,0.976796230385692,0.23430798822411603,1.719284472547268,,8.587905632454229,
Poland,2020-05-25,2020-2022,0.2589184698201702,,3,0.9702035508947541,0.22517803145884152,1.7152290703306665,,8.081233554962191,
Poland,2020-06-01,2020-2022,0.2897547557535785,,3,0.9854296658575603,0.2462485872357454,1.7246107444793752,,9.25141744012481,
Poland,2020-06-08,2020-2022,0.3360091846536911,,3,0.988044600639905,0.24986170499060967,1.7262274962892001,,9.452384958794264,
Poland,2020-06-15,2020-2022,0.3588705690525973,,3,0.9960831038597054,0.26095838674945104,1.73120782096996,,10.07017399766703,
Poland,2020-06-22,2020-2022,0.3748203721216017,,3,0.9786571231276251,0.23688321804649148,1.7204310282087587,,8.730922199972968,
Poland,2020-06-29,2020-2022,0.306236218924883,,3,1.01337764607098,0.2847789736340882,1.7419763185078718,,11.399324253417392,
Poland,2020-07-06,2020-2022,0.2419053465465655,,3,0.997245297096303,0.26256143108187413,1.731929163110732,,10.159492894853456,
Poland,2020-07-13,2020-2022,0.199372538362554,,3,0.9737108840552006,0.23003647705683716,1.717385291053564,,8.350785226828364,
Poland,2020-07-20,2020-2022,0.1791694544751485,,3,0.9602764836654823,0.21141128772839746,1.7091416796025674,,7.318301308161485,
Poland,2020-07-27,2020-2022,0.1972458979533534,,3,0.9577168914182137,0.2078579852034712,1.7075757976329562,,7.121587070310431,
Poland,2020-08-03,2020-2022,0.2387153859327647,,3,0.9658591618912818,0.21915609361306687,1.712562230169497,,7.747351010717701,
Poland,2020-08-10,2020-2022,0.2759315930937748,,3,0.9840737737481963,0.24437447460580186,1.7237730728905907,,9.14721206007398,
Poland,2020-08-17,2020-2022,0.291349736060479,,3,1.0254146474500272,0.3013141388992946,1.7495151560007598,,12.32441283141964,
Poland,2020-08-24,2020-2022,0.2977296572880807,,3,1.075734847467952,0.3700316231254589,1.7814380718104452,,16.19170841555089,
Poland,2020-08-31,2020-2022,0.3019829381064819,,3,1.103212416133225,0.407264707933389,1.7991601243330613,,18.303462341887062,
Poland,2020-09-07,2020-2022,0.2753999329914746,,3,1.104104814511327,0.4084703607842568,1.7997392682383972,,18.372046495083783,
Poland,2020-09-14,2020-2022,0.3306925836306896,,3,1.1145438001900523,0.42255664424317574,1.8065309561369287,,19.1743215894547,
Poland,2020-09-21,2020-2022,0.4125682393849118,,3,1.0910024693320652,0.3907459715336725,1.791258967130458,,17.36508226132731,
Poland,2020-09-28,2020-2022,0.6145990782589666,,3,1.0349266456662283,0.31435468263210675,1.75549860870035,,13.05544547208234,
Poland,2020-10-05,2020-2022,1.0457754212243835,,3,1.053251942593295,0.33941173975999084,1.767092145426599,,14.463813083075422,
Poland,2020-10-12,2020-2022,1.6407030756982448,,3,1.1625672850023197,0.4869421403189189,1.8381924296857204,,22.865106019622296,
Poland,2020-10-19,2020-2022,2.461586273649668,,3,1.3496527248270045,0.7303868229264752,1.9689186267275338,,37.243321826227394,
Poland,2020-10-26,2020-2022,3.853472421471445,,3,1.6850077339373892,1.128937557806945,2.2410779100678333,,63.016608605431486,
Poland,2020-11-02,2020-2022,6.105584614814856,,3,2.556355195259598,1.8814156559308592,3.231294734588337,,129.98292011085076,
Poland,2020-11-09,2020-2022,8.358228468260567,,3,3.848243662808046,2.593503817069948,5.102983508546144,,229.26938089519808,
Poland,2020-11-16,2020-2022,10.371093615568912,,3,5.614708204267639,3.412968646595705,7.816447761939572,,365.02878801753985,
Poland,2020-11-23,2020-2022,14.553663640364148,,3,8.268368925531854,4.58730810974511,11.9494297413186,,568.9725399396706,
Poland,2020-11-30,2020-2022,12.077190883850076,,3,9.93626841202095,5.31608398859545,14.556452835446452,,697.1568539244399,
Poland,2020-12-07,2020-2022,10.730495844723809,,3,9.138173713688817,4.967835361491522,13.308512065886111,,635.8202912422769,
Poland,2020-12-14,2020-2022,9.927689090250592,,3,7.112851382227749,4.079357568703201,10.146345195752296,,480.166694751966,
Poland,2020-12-21,2020-2022,8.354506847544465,,3,5.025490068946397,3.146135147986854,6.904844989905939,,319.74517046422744,
Poland,2020-12-28,2020-2022,6.929657773380079,,3,4.458132234980204,2.8843254501914863,6.031939019768922,,276.14159883418336,
Poland,2021-01-04,2020-2022,7.130093631947233,,3,4.235786682495172,2.7797511710152025,5.691822193975142,,259.05351148615443,
Poland,2021-01-11,2020-2022,7.992446317878067,,3,3.9804154722034917,2.657698660105526,5.303132284301457,,239.42727880974465,
Poland,2021-01-18,2020-2022,7.715983064681993,,3,3.6034774658003177,2.4722468108461078,4.734708120754528,,210.45818315561436,
Poland,2021-01-25,2020-2022,7.055661217625214,,3,3.9076538742122167,2.6224567826972556,5.192850965727178,,233.8352778537517,
Poland,2021-02-01,2020-2022,6.971127261359491,,3,3.697822652471263,2.5193952889867965,4.87625001595573,,217.70896363078373,
Poland,2021-02-08,2020-2022,6.688284086935814,,3,3.002035548044146,2.1536175501208183,3.8504535459674734,,164.23512220153754,
Poland,2021-02-15,2020-2022,5.568607911491711,,3,2.721718690066922,1.987799185741244,3.4556381943926,,142.6917231962334,
Poland,2021-02-22,2020-2022,5.568076251389409,,3,2.664169371404684,1.9516265816465177,3.3767121611628506,,138.2688428051985,
Poland,2021-03-01,2020-2022,5.664306729905737,,3,2.6729480810311275,1.9571996874463973,3.3886964746158577,,138.94351947501738,
Poland,2021-03-08,2020-2022,6.374072966476429,,3,2.9983898585460094,2.1515538071225526,3.845225909969466,,163.95493732762537,
Poland,2021-03-15,2020-2022,7.546383492048245,,3,3.7219381621306646,2.531359946187565,4.912516378073764,,219.56233074740203,
Poland,2021-03-22,2020-2022,8.904775053425114,,3,4.6398771201700475,2.968877631992707,6.310876608347388,,290.1093730418128,
Poland,2021-03-29,2020-2022,10.416284724264424,,3,5.6605110698599805,3.4335584412267255,7.887463698493235,,368.5489095548692,
Poland,2021-04-05,2020-2022,11.46152848538651,,3,7.375970547430081,4.195340669650756,10.556600425209407,,500.388386742952,
Poland,2021-04-12,2020-2022,14.218186115812754,,3,9.170770466848627,4.9820738858694975,13.359467047827756,,638.3254736443151,
Poland,2021-04-19,2020-2022,13.09106669893645,,3,10.370859504339629,5.505441837610341,15.236277171068917,,730.5568048711395,
Poland,2021-04-26,2020-2022,10.939969925030066,,3,8.158922144602023,4.539333543967679,11.778510745236368,,560.56114546118,
Poland,2021-05-03,2020-2022,7.767554094605107,,3,7.380114319743903,4.197165505736408,10.563063133751399,,500.7068511442298,
Poland,2021-05-10,2020-2022,7.296503243967178,,3,5.21111584940845,3.2306393265809596,7.19159237223594,,334.0112059892472,
Poland,2021-05-17,2020-2022,5.42293304346147,,3,3.522788049659395,2.4314537685271684,4.614122330791622,,204.2568997223855,
Poland,2021-05-24,2020-2022,3.6764296074054967,,3,2.5540999869552476,1.8799099989669261,3.228289974943569,,129.8095989175009,
Poland,2021-05-31,2020-2022,2.2802901787653185,,3,2.1610088781267436,1.5879285776254326,2.7340891786280546,,99.5990769244998,
Poland,2021-06-07,2020-2022,1.500876468793307,,3,1.6315952697720886,1.069292604388572,2.193897935155605,,58.911660955572074,
Poland,2021-06-14,2020-2022,1.1590190230143145,,3,1.2770848257084961,0.6374630624901209,1.9167065889268713,,31.666207353098887,
Poland,2021-06-21,2020-2022,0.7166778179005943,,3,1.0858902026544124,0.3838171291855206,1.7879632761233042,,16.9721854457275,
Poland,2021-06-28,2020-2022,0.4667975698195266,,3,0.9896356985233422,0.2520593598968285,1.7272120371498558,,9.574666782323296,
Poland,2021-07-05,2020-2022,0.3195277214823866,,3,0.9460534521509301,0.19164753969998005,1.7004593646018802,,6.2252081378323885,
Poland,2021-07-12,2020-2022,0.2259555434775612,,3,0.9167357441943773,0.15076637461035725,1.6827051137783973,,3.9720326242843775,
Poland,2021-07-19,2020-2022,0.1435482276210389,,3,0.8995518870532548,0.126718463376169,1.6723853107303408,,2.651388930170819,
Poland,2021-07-26,2020-2022,0.0935721780048253,,3,0.8931598242519677,0.11775725036692397,1.6685623981370115,,2.160134995645486,
Poland,2021-08-02,2020-2022,0.0744324143220201,,3,0.8928692759428183,0.117349720749789,1.6683888311358475,,2.13780527134888,
Poland,2021-08-09,2020-2022,0.0659258526852178,,3,0.8982997621971586,0.12496374488149586,1.6716357795128212,,2.555158451654493,
Poland,2021-08-16,2020-2022,0.066457512787518,,3,0.9040138789437637,0.1329687939399229,1.6750589639476046,,2.994309696154412,
Poland,2021-08-23,2020-2022,0.077622374935821,,3,0.9131384794144322,0.14573738583616613,1.6805395729926982,,3.6955693710883017,
Poland,2021-08-30,2020-2022,0.1148385820968311,,3,0.9206235572834719,0.1561984234598658,1.685048691107078,,4.270825601777058,
Poland,2021-09-06,2020-2022,0.1616246710992438,,3,0.9294368559943375,0.16850022378150642,1.6903734882071686,,4.948160572107442,
Poland,2021-09-13,2020-2022,0.1972458979533535,,3,0.935441521050092,0.17687193228610376,1.6940111098140802,,5.4096415409039675,
Poland,2021-09-20,2020-2022,0.2748682728891745,,3,0.9582080564170139,0.20853995168767558,1.7078761611463522,,7.159334937573741,
Poland,2021-09-27,2020-2022,0.3992767368274083,,3,0.9965881044922746,0.2616549880567506,1.7315212209277986,,10.10898518513494,
Poland,2021-10-04,2020-2022,0.575256230688756,,3,1.048637758731327,0.33311084600498275,1.764164671457671,,14.109195794841224,
Poland,2021-10-11,2020-2022,0.7804770301766116,,3,1.1009433721951059,0.40419814503406437,1.7976885993561473,,18.129077828332615,
Poland,2021-10-18,2020-2022,1.0819283081807936,,3,1.174659628916443,0.5030426132237581,1.8462766446091279,,23.794447878442952,
Poland,2021-10-25,2020-2022,1.708223908690363,,3,1.3368616814075458,0.7141575940415633,1.9595657687735284,,36.26028229707443,
Poland,2021-11-01,2020-2022,2.294645001527422,,3,1.5558313392529366,0.9820458904202012,2.129616788085672,,53.088919515180905,
Poland,2021-11-08,2020-2022,3.79711645062763,,3,2.0943626302613763,1.5313994597802378,2.6573258007425147,,94.47706349894024,
Poland,2021-11-15,2020-2022,5.79243681456007,,3,2.960085906456478,2.129740723166192,3.7904310897467646,,161.01113534118946,
Poland,2021-11-22,2020-2022,7.915355603044547,,3,3.9342182910487344,2.6353500244364207,5.233086557661048,,235.87685264658427,
Poland,2021-11-29,2020-2022,9.191339848564894,,3,5.5033382702439155,3.3628238997391677,7.643852640748664,,356.4695920306099,
Poland,2021-12-06,2020-2022,10.095693682577435,,3,6.67755467258685,3.8869331712784483,9.468176173895252,,446.7125144748317,
Poland,2021-12-13,2020-2022,10.88308229408395,,3,8.312504597255026,4.6066477751577155,12.018361419352338,,572.3645313923455,
Poland,2021-12-20,2020-2022,11.25099108487565,,3,8.736248552698795,4.792148800762845,12.680348304634744,,604.9308392986386,
Poland,2021-12-27,2020-2022,11.20952159689624,,3,8.70145193376971,4.776927390955682,12.625976476583737,,602.2565889840688,
Poland,2022-01-03,2020-2022,10.048907593575024,,3,7.805712250112718,4.384335490386233,11.227089009839203,,533.4156439579392,
Poland,2022-01-10,2020-2022,8.661806386673948,,3,6.316735179524584,3.7267988703269115,8.906671488722257,,418.9821868590608,
Poland,2022-01-17,2020-2022,7.406556885143309,,3,4.709961523027017,3.001292912522263,6.418630133531771,,295.4956215382155,
Poland,2022-01-24,2020-2022,5.0140864247926595,,3,4.859870614914346,3.070316809833356,6.649424419995336,,307.0166959550597,
Poland,2022-01-31,2020-2022,5.184217657528706,,3,5.2401706803233905,3.243825691505435,7.236515669141346,,336.2441784189078,
Poland,2022-02-07,2020-2022,5.425591343972971,,3,8.00554030863867,4.472059271153905,11.539021346123434,,548.7731776729812,
Poland,2022-02-14,2020-2022,6.229461418650788,,3,14.574297988789937,7.3311584022942435,21.81743757528563,,1053.6067745312648,
Poland,2022-02-21,2020-2022,5.929605120953508,,3,16.98253532044239,8.374613453384274,25.59045718750051,,1238.6888210040931,
Poland,2022-02-28,2020-2022,4.94497061149364,,3,14.051580827179487,7.104501659651638,20.998659994707335,,1013.4340055413636,
Poland,2022-03-07,2020-2022,3.922056574668163,,3,9.89112273903264,5.296403216427601,14.48584226163768,,693.6872400968293,
Poland,2022-03-14,2020-2022,3.0012212774843143,,3,7.039487934167521,4.046977624803462,10.03199824353158,,474.52843936707296,
Poland,2022-03-21,2020-2022,2.5126256434704817,,3,5.21696140467586,3.2332931329794987,7.2006296763722215,,334.4604587756908,
Poland,2022-03-28,2020-2022,2.0447647534463544,,3,4.690729992088079,2.9924077276300176,6.389052256546141,,294.0176064538211,
Poland,2022-04-04,2020-2022,1.4333556358011883,,3,4.504447019021997,2.905944284603529,6.102949753440465,,279.7010632190828,
Poland,2022-04-11,2020-2022,0.9117970754447472,,3,3.845808591264698,2.5923135116968696,5.099303670832526,,229.0822365391884,
Poland,2022-04-18,2020-2022,0.4992288360598354,,3,2.711708609035036,1.9815675523391953,3.4418496657308766,,141.9224110282051,
Poland,2022-04-25,2020-2022,0.446062825829821,,3,1.5499857839855258,0.9751899827956632,2.1247815851753886,,52.639666728737275,
Poland,2022-05-02,2020-2022,0.3147427805616853,,3,1.239230531716458,0.5882064663401196,1.8902545970927964,,28.756963273312497,
Poland,2022-05-09,2020-2022,0.2844381547305771,,3,1.1551375496683562,0.4770269806087678,1.8332481187279446,,22.294103069751944,
Poland,2022-05-16,2020-2022,0.2456269672626666,,3,1.1630376965504665,0.48756933587814,1.838506057222793,,22.90125890657871,
Poland,2022-05-23,2020-2022,0.2025624989763549,,3,1.072331281560773,0.3654050498601976,1.7792575132613484,,15.93013164521922,
Poland,2022-05-30,2020-2022,0.1318517053704357,,3,1.0312463670836691,0.3093119291910035,1.7531808049763349,,12.772602297658665,
Poland,2022-06-06,2020-2022,0.1143069219945309,,3,0.9830983615674804,0.243025989554718,1.7231707335802429,,9.07224798564966,
Poland,2022-06-13,2020-2022,0.0845339562657229,,3,0.9526530494587525,0.2008237927121207,1.7044823062053842,,6.732411875426726,
Poland,2022-06-20,2020-2022,0.0765590547312207,,3,0.9390457036469216,0.18189305975252001,1.6961983475413231,,5.686636454202342,
Poland,2022-06-27,2020-2022,0.0723057739128196,,3,0.9338711766173082,0.17468332424915523,1.6930590289854612,,5.288954697681834,
Poland,2022-07-04,2020-2022,0.070179133503619,,3,0.9290425404319204,0.16795019137562783,1.6901348894882129,,4.917855946276333,
Poland,2022-07-11,2020-2022,0.0728374340151197,,3,0.9382155656207805,0.18073681767186212,1.6956943135696987,,5.622837241926325,
Poland,2022-07-18,2020-2022,0.0999520992324271,,3,0.9952875549179868,0.25986087537896796,1.7307142344570057,,10.009033085902514,
Poland,2022-07-25,2020-2022,0.1972458979533534,,3,1.0897295910253155,0.3890214779923882,1.7904377040582429,,17.267256802504082,
Poland,2022-08-01,2020-2022,0.2929447163673794,,3,1.2689840621367352,0.6269657669952285,1.911002357278242,,31.043633373305425,
Poland,2022-08-08,2020-2022,0.3902385150883058,,3,1.532788091210634,0.9549194008093785,2.1106567816118895,,51.31795971441911,
Poland,2022-08-15,2020-2022,0.3695037710986001,,3,1.8131602917229344,1.265438426198929,2.3608821572469396,,72.86561200054166,
Poland,2022-08-22,2020-2022,0.5146469790265396,,3,1.971481448941827,1.4207983990460913,2.522164498837563,,85.03318510178276,
Poland,2022-08-29,2020-2022,0.5194319199472409,,3,2.067895062861241,1.508289499686363,2.6275006260361193,,92.44293194753986,
Poland,2022-09-05,2020-2022,0.3934284757021067,,3,2.0046731343537054,1.4515139412107427,2.5578323274966683,,87.58409027261885,
Poland,2022-09-12,2020-2022,0.3790736529400028,,3,2.0999660619378284,1.5362431789810829,2.6636889448945738,,94.90770818180332,
Poland,2022-09-19,2020-2022,0.3609972094617979,,3,1.909380206769582,1.3616141400594683,2.4571462734796956,,80.26047236343436,
Poland,2022-09-26,2020-2022,0.472114170842528,,3,1.9585174601002557,1.4086289608555136,2.508405959344998,,84.0368540700723,
Poland,2022-10-03,2020-2022,0.5826994721209581,,3,2.305508237210386,1.7028583800838952,2.908158094336877,,110.70439314134524,
Poland,2022-10-10,2020-2022,0.5582431074151514,,3,2.3376207431882805,1.7270937458575861,2.9481477405189747,,113.17235933622248,
Poland,2022-10-17,2020-2022,0.5167736194357401,,3,2.1329778841107103,1.564437979146669,2.7015177890747517,,97.44479018997964,
Poland,2022-10-24,2020-2022,0.3902385150883058,,3,1.8126068663721737,1.2648694776479334,2.3603442550964138,,72.82307919235765,
Poland,2022-10-31,2020-2022,0.2254238833752611,,3,1.5730221142109435,1.0021063658647984,2.1439378625570886,,54.41009486939675,
Poland,2022-11-07,2020-2022,0.1871443560096507,,3,1.3227216636956076,0.6961406773631262,1.949302650028089,,35.17356904797294,
Poland,2022-11-14,2020-2022,0.195650917646453,,3,1.1738225730734173,0.5019295990854041,1.8457155470614306,,23.730117006064635,
Poland,2022-11-21,2020-2022,0.1637513115084443,,3,1.0638431202434795,0.35385306571527453,1.7738331747716845,,15.277784699696944,
Poland,2022-11-28,2020-2022,0.1190918629152323,,3,1.0172239522587676,0.2900665897863093,1.744381314731226,,11.694927270296272,
Poland,2022-12-05,2020-2022,0.140358267007238,,3,0.9825449362167197,0.24226079083196017,1.7228290816014793,,9.029715177465649,
Poland,2022-12-12,2020-2022,0.1701312327360461,,3,0.9837140472702018,0.2438771873773874,1.7235509071630162,,9.119565734754373,
Poland,2022-12-19,2020-2022,0.1738528534521471,,3,1.0033606472222099,0.27099106423125796,1.7357302302131616,,10.629480425286784,
Poland,2022-12-26,2020-2022,0.1754478337590475,,3,1.0200533393645321,0.29395385006081964,1.7461528286682446,,11.912376252137031,
Poland,2023-01-02,2023-2026,0.2376520657281644,,3,0.070717633258319,0.04899046065191043,0.09244480586472756,,13.629106722464195,
Poland,2023-01-09,2023-2026,0.2222339227614602,,3,0.07492677295860822,0.05191546531979097,0.09793808059742548,,14.399482210697103,
Poland,2023-01-16,2023-2026,0.1674729322245454,,3,0.06321438422736818,0.04372839243465468,0.08270037602008168,,12.255828678222924,
Poland,2023-01-23,2023-2026,0.1249401240405338,,3,0.059815699997320906,0.04131973359384339,0.07831166640079842,,11.633786358531754,
Poland,2023-01-30,2023-2026,0.1222818235290331,,3,0.04102417154930699,0.027538829986406273,0.0545095131122077,,8.194477156752123,
Poland,2023-02-06,2023-2026,0.1100536411761298,,3,0.037648726185789856,0.024935635638296455,0.05036181673328326,,7.576688117879355,
Poland,2023-02-13,2023-2026,0.1478015084394401,,3,0.04837346308949478,0.03304655757082229,0.06370036860816727,,9.539577215571487,
Poland,2023-02-20,2023-2026,0.1610930109969436,,3,0.07524340251508287,0.05213483850410866,0.09835196652605707,,14.45743316184782,
Poland,2023-02-27,2023-2026,0.2520068884902683,,3,0.1157632711688695,0.07974719175241418,0.15177935058532482,,21.87355992883253,
Poland,2023-03-06,2023-2026,0.3072995391294833,,3,0.1779737168703173,0.12141103050232177,0.23453640323831282,,33.25959267969242,
Poland,2023-03-13,2023-2026,0.3365408447559913,,3,0.26568300887206897,0.1797515870425233,0.35161443070161463,,49.31253780854298,
Poland,2023-03-20,2023-2026,0.4322396631700172,,3,0.32406775617097633,0.21849836797581196,0.4296371443661407,,59.99837420467357,
Poland,2023-03-27,2023-2026,0.4045933378504097,,3,0.38634210875538233,0.25979173220105367,0.512892485309711,,71.39610347778407,
Poland,2023-04-03,2023-2026,0.3174010810731861,,3,0.41666011500239425,0.2798870805225703,0.5534331494822182,,76.94503996549066,
Poland,2023-04-10,2023-2026,0.1908659767257517,,3,0.35193406199904825,0.23697948850105563,0.46688863549704085,,65.09858956603885,
Poland,2023-04-17,2023-2026,0.1961825777487532,,3,0.235460862949494,0.1596741210827598,0.3112476048162282,,43.78114610421227,
Poland,2023-04-24,2023-2026,0.1430165675187387,,3,0.1488321782413985,0.10194787522673607,0.19571648125606092,,27.925978533417375,
Poland,2023-05-01,2023-2026,0.059014271355316,,3,0.09612352409250187,0.0664521812514923,0.12579486693351144,,18.279005977181257,
Poland,2023-05-08,2023-2026,0.0648625324806175,,3,0.08127098352136339,0.05629569712983738,0.1062462699128894,,15.56062787412062,
Poland,2023-05-15,2023-2026,0.0637992122760172,,3,0.04452743067874033,0.030188435506239883,0.05886642585124077,,8.835659240126095,
Poland,2023-05-22,2023-2026,0.0425328081840115,,3,0.020466489244994963,0.010516062769451372,0.030416915720538555,,4.431918612774002,
Poland,2023-05-29,2023-2026,0.0329629263426089,,3,0.015194171400947193,0.005533375855380105,0.024854966946514283,,3.4669555270992403,
Poland,2023-06-05,2023-2026,0.0244563647058066,,3,0.01095307825917873,0.0012900672417345497,0.02061608927662291,,2.69073177774103,
Poland,2023-06-12,2023-2026,0.0090382217391024,,3,0.00806855395111288,-0.0017167569476295719,0.017853864849855332,,2.1627932961569867,
Poland,2023-06-19,2023-2026,0.0058482611253015,,3,0.004727966887391097,-0.005316131556036483,0.014772065330818679,,1.5513841785118208,
Poland,2023-06-26,2023-2026,0.0058482611253015,,3,0.0025638474417626553,-0.00771087825658833,0.01283857314011364,,1.1552974022982134,
Poland,2023-07-03,2023-2026,0.0132915025575036,,3,0.0008441713185250705,-0.009646639447090181,0.011334982084140322,,0.840554621736528,
Poland,2023-07-10,2023-2026,0.0090382217391024,,3,-2.7286176358911276e-05,-0.010638087092761197,0.010583514740043374,,0.6810565910464846,
Poland,2023-07-17,2023-2026,0.0021266404092005,,3,-0.0010178428622103352,-0.011773211093749372,0.0097375253693287,,0.4997604961621355,
Poland,2023-07-24,2023-2026,0.007443241432202,,3,-0.002101355014182607,-0.013024428371831171,0.008821718343465956,,0.3014512780041817,
Poland,2023-07-31,2023-2026,0.003721620716101,,3,-0.002249502788312966,-0.013196259349530655,0.008697253772904723,,0.2743366127868744,
Poland,2023-08-07,2023-2026,0.0,,3,-0.0022524076466291804,-0.01319963036299202,0.00869481506973366,,0.2738049526845742,
Poland,2023-08-14,2023-2026,0.0042532808184011,,3,-0.002496415745196713,-0.013483038298913329,0.008490206808519902,,0.2291455040913621,
Poland,2023-08-21,2023-2026,0.0058482611253015,,3,-0.0022756465131594473,-0.013226600927086826,0.008675307900767933,,0.269551671866173,
Poland,2023-08-28,2023-2026,0.0058482611253015,,3,-0.0016104339587313273,-0.012456311342110294,0.009235443424647641,,0.3913018352929061,
Poland,2023-09-04,2023-2026,0.0069115813299018,,3,-0.0005094926568613273,-0.011189602190038334,0.010170616876315678,,0.5928010140646608,
Poland,2023-09-11,2023-2026,0.0085065616368023,,3,0.0010387968257157432,-0.009426161385704884,0.011503755037136371,,0.8761758485906376,
Poland,2023-09-18,2023-2026,0.0085065616368023,,3,0.0028223798319115937,-0.007422319412068477,0.013067079075891663,,1.202615151402926,
Poland,2023-09-25,2023-2026,0.0212664040920057,,3,0.005358321142023873,-0.004627685273178254,0.015344327557226,,1.666754420710952,
Poland,2023-10-02,2023-2026,0.0116965222506031,,3,0.012022066119569599,0.0023796912931593178,0.021664440945979878,,2.886382695387483,
Poland,2023-10-09,2023-2026,0.0053166010230014,,3,0.019069252394864355,0.009226142355403269,0.02891236243432544,,4.176190103567633,
Poland,2023-10-16,2023-2026,0.0207347439897056,,3,0.02372283541754465,0.013442094771275778,0.03400357606381352,,5.027909587452464,
Poland,2023-10-23,2023-2026,0.0446594485932121,,3,0.02539312894940549,0.014902085648927125,0.035884172249883856,,5.333614146275046,
Poland,2023-10-30,2023-2026,0.0797490153450216,,3,0.028550709939201568,0.017593402297693364,0.03950801758070977,,5.911528677475303,
Poland,2023-11-06,2023-2026,0.0967621386186262,,3,0.04092540636655349,0.02746340553626546,0.05438740719684153,,8.176400713273917,
Poland,2023-11-13,2023-2026,0.0893188971864242,,3,0.06425141864628013,0.04445991941455662,0.08404291787800364,,12.445631334744077,
Poland,2023-11-20,2023-2026,0.2381837258304646,,3,0.11593465780952991,0.07986274315169742,0.1520065724673624,,21.90492787486824,
Poland,2023-11-27,2023-2026,0.1116486214830302,,3,0.12287145946880607,0.08453438389890937,0.16120853503870275,,23.174532199160986,
Poland,2023-12-04,2023-2026,0.1749161736567474,,3,0.14800429362125864,0.1013938792844683,0.19461470795804897,,27.77445540426183,
Poland,2023-12-11,2023-2026,0.4912539345253332,,3,0.1936948100780235,0.13188804764117737,0.25550157251486966,,36.1369371533408,
Poland,2023-12-18,2023-2026,0.5247485209702424,,3,0.26285077201369617,0.17787079204955725,0.3478307519778351,,48.79416920880033,
Poland,2023-12-25,2023-2026,0.2940080365719797,,3,0.3420720680152783,0.2304396435124065,0.45370449251815004,,63.29360351872987,
Poland,2024-01-01,2023-2026,0.7108295567752928,,3,0.36986865724375956,0.2488708638926242,0.4908664505948949,,68.38105903763994,
Poland,2024-01-08,2023-2026,0.2530702086948686,,3,0.3125267540803967,0.21084234259204104,0.41421116556875237,,57.88608861823509,
Poland,2024-01-15,2023-2026,0.1972458979533535,,3,0.14710959725984468,0.10079509410226226,0.1934241004174271,,27.61070409275339,
Poland,2024-01-22,2023-2026,0.1004837593347272,,3,0.17138840306731104,0.11701827516881202,0.22575853096581006,,32.05431922777799,
Poland,2024-01-29,2023-2026,0.1525864493601413,,3,0.09739294717671605,0.06731536240916346,0.12747053194426866,,18.511341441886422,
Poland,2024-02-05,2023-2026,0.0893188971864242,,3,0.08297613535301947,0.05746801494567455,0.10848425576036438,,15.872712354170805,
Poland,2024-02-12,2023-2026,0.0855972764703232,,3,0.06636325064221552,0.0459451302372254,0.08678137104720562,,12.83214822911628,
Poland,2024-02-19,2023-2026,0.0446594485932121,,3,0.044931205984703286,0.030490820604319405,0.05937159136508717,,8.909559994345816,
Poland,2024-02-26,2023-2026,0.03721620716101,,3,0.03271046704811426,0.021017884521012255,0.04440304957521627,,6.672865943969109,
Poland,2024-03-04,2023-2026,0.011164862148303,,3,0.0226858009986327,0.012522023887326032,0.03284957810993937,,4.838106930931311,
Poland,2024-03-11,2023-2026,0.0409378278771111,,3,0.018761337413338783,0.008938979396377073,0.028583695430300492,,4.119834132723817,
Poland,2024-03-18,2023-2026,0.018608103580505,,3,0.010139717930620363,0.0004519985250210374,0.019827437336219687,,2.541866949096989,
Poland,2024-03-25,2023-2026,0.0,,3,0.005747572156405329,-0.004204671789904876,0.015699816102715536,,1.7379968744191712,
Poland,2024-04-01,2023-2026,0.003721620716101,,3,0.003978513441790882,-0.006140061249419736,0.0140970881330015,,1.4142158721183835,
Poland,2024-04-08,2023-2026,0.007443241432202,,3,0.0018841105957532437,-0.008472665655941451,0.012240886847447938,,1.0308889383599795,
Poland,2024-04-15,2023-2026,0.0,,3,0.0013960943986181778,-0.009022317986620345,0.011814506783856699,,0.9415700411735554,
Poland,2024-04-22,2023-2026,0.007443241432202,,3,-0.0002712942749264447,-0.010916911385162646,0.010374322835309757,,0.6363971424532726,
Poland,2024-04-29,2023-2026,0.0,,3,-0.0009829845624149893,-0.011733121275077819,0.009767152150247841,,0.5061404173897373,
Poland,2024-05-06,2023-2026,0.0,,3,-0.0020200189813268372,-0.012930165712312225,0.00889012774965855,,0.3163377608685858,
Poland,2024-05-13,2023-2026,0.0,,3,-0.0015116687759778287,-0.012342256458252161,0.009318918906296506,,0.409378278771111,
Poland,2024-05-20,2023-2026,0.0,,3,-0.0015116687759778287,-0.012342256458252161,0.009318918906296506,,0.409378278771111,
Poland,2024-05-27,2023-2026,0.0,,3,-0.0016946748499035336,-0.012553657576283107,0.009164307876476041,,0.3758836923262019,
Poland,2024-06-03,2023-2026,0.003721620716101,,3,-0.000576304398135805,-0.011266177599127528,0.010113568802855917,,0.5805728317117574,
Poland,2024-06-10,2023-2026,0.003721620716101,,3,-0.000881314521345166,-0.011616251975837034,0.009853622933146702,,0.5247485209702424,
Poland,2024-06-17,2023-2026,0.0,,3,-0.0012066586527684682,-0.011990544000448357,0.00957722669491142,,0.4652025895126261,
Poland,2024-06-24,2023-2026,0.007443241432202,,3,-0.0002712942749264447,-0.010916911385162646,0.010374322835309757,,0.6363971424532726,
Poland,2024-07-01,2023-2026,0.007443241432202,,3,0.001436762415046175,-0.008976427710705259,0.01184995254079761,,0.9490132826057572,
Poland,2024-07-08,2023-2026,0.003721620716101,,3,0.004080183482860707,-0.00602794764037755,0.014188314606098965,,1.4328239756988883,
Poland,2024-07-15,2023-2026,0.0,,3,0.005422228024982024,-0.004558124072454611,0.015402580122418658,,1.6784509429615553,
Poland,2024-07-22,2023-2026,0.014886482864404,,3,0.006804940583531117,-0.0030638690751828507,0.016673750242245086,,1.931521151656424,
Poland,2024-07-29,2023-2026,0.014886482864404,,3,0.012274788793085996,0.002635318456044018,0.021914259130127976,,2.9326371242875955,
Poland,2024-08-05,2023-2026,0.029772965728808,,3,0.014836873828044756,0.0051841042395755245,0.02448964341651399,,3.4015613345163227,
Poland,2024-08-12,2023-2026,0.029772965728808,,3,0.030799070276002108,0.019460073646692617,0.0421380669053116,,6.323033596655614,
Poland,2024-08-19,2023-2026,0.0558243107415151,,3,0.04633425255146645,0.03153716366044868,0.061131341442484215,,9.166351823756784,
Poland,2024-08-26,2023-2026,0.0669891728898181,,3,0.06219477895835396,0.04300765631897057,0.08138190159773734,,12.069215982315573,
Poland,2024-09-02,2023-2026,0.0632675521737171,,3,0.08153242076982843,0.05647556467224314,0.10658927686741372,,15.608477283327632,
Poland,2024-09-09,2023-2026,0.0632675521737171,,3,0.12640957689803475,0.08691355472046425,0.16590559907560526,,23.82209420376256,
Poland,2024-09-16,2023-2026,0.026051345012707,,3,0.1626854475517367,0.11120848024532695,0.21416241485814644,,30.46146556128676,
Poland,2024-09-23,2023-2026,0.0483810693093131,,3,0.18696425335920322,0.12740414090197832,0.24652436581642811,,34.905080696311366,
Poland,2024-09-30,2023-2026,0.0558243107415151,,3,0.24981667274854874,0.16921341280763497,0.3304199326894625,,46.408610329779584,
Poland,2024-10-07,2023-2026,0.03721620716101,,3,0.2616307315208587,0.17706056096092285,0.34620090208079457,,48.57087196583427,
Poland,2024-10-14,2023-2026,0.0781540350381212,,3,0.21565553894909859,0.14650518283400568,0.2848058950641915,,40.15628752672989,
Poland,2024-10-21,2023-2026,0.0818756557542222,,3,0.13952501219603813,0.09571542054291876,0.1833346038491575,,26.22253956564771,
Poland,2024-10-28,2023-2026,0.0483810693093131,,3,0.11382282581359453,0.0784384419102567,0.14920720971693235,,21.518410980496036,
Poland,2024-11-04,2023-2026,0.0483810693093131,,3,0.07443585190315694,0.05157516321738477,0.0972965405889291,,14.30963165340838,
Poland,2024-11-11,2023-2026,0.0558243107415151,,3,0.06215411094192606,0.04297887709668344,0.08132934478716869,,12.061772740883372,
Poland,2024-11-18,2023-2026,0.033494586444909,,3,0.038200649265883076,0.025365047859709864,0.05103625067205629,,7.677703537316383,
Poland,2024-11-25,2023-2026,0.029772965728808,,3,0.03014838201315549,0.018923806312598393,0.041372957713712584,,6.2039417337403835,
Poland,2024-12-02,2023-2026,0.026051345012707,,3,0.01800897910942224,0.008232847339565863,0.027785110879278617,,3.98213416622808,
Poland,2024-12-09,2023-2026,0.018608103580505,,3,0.02042872608688329,0.010481479792217072,0.03037597238154951,,4.425007031444101,
Poland,2024-12-16,2023-2026,0.014886482864404,,3,0.017947977084780412,0.008175312802339015,0.02772064136722181,,3.970969304079777,
Poland,2024-12-23,2023-2026,0.007443241432202,,3,0.016870274649440572,0.007151853950314998,0.026588695348566144,,3.773723406126423,
Poland,2024-12-30,2023-2026,0.011164862148303,,3,0.016036580312668258,0.006350922787155461,0.025722237838181054,,3.621136956766282,
Poland,2025-01-06,2023-2026,0.018608103580505,,3,0.020408392078669353,0.01046285182166477,0.030353932335673937,,4.421285410727998,
Poland,2025-01-13,2023-2026,0.0,,3,0.0087773393802851,-0.0009690232949479214,0.01852370205551812,,2.292518361118222,
Poland,2025-01-20,2023-2026,0.0,,3,0.004893543811419076,-0.0051348894560714325,0.014921977078909585,,1.5816888043429287,
Poland,2025-01-27,2023-2026,0.0,,3,0.008573999298145566,-0.0011829509431663752,0.018330949539457506,,2.2553021539572113,
Poland,2025-02-03,2023-2026,0.0,,3,0.014104849532342274,0.0044638160358425605,0.023745883028841987,,3.267582988736686,
Poland,2025-02-10,2023-2026,0.0,,3,0.018029313117636184,0.008252016124298002,0.027806610110974364,,3.985855786944181,
Poland,2025-02-17,2023-2026,0.0,,3,0.016707602583728918,0.006996208391196258,0.026418996776261576,,3.743950440397615,
Poland,2025-02-24,2023-2026,0.0,,3,0.011949444661662693,0.002306095345553238,0.021592793977772147,,2.873091192829979,
Poland,2025-03-03,2023-2026,0.0,,3,0.012356124825941768,0.00271742834300134,0.021994821308882195,,2.9475236071519992,
Poland,2025-03-10,2023-2026,0.0,,3,0.012091782719160405,0.0024502846726664716,0.02173328076565434,,2.899142537842686,
Poland,2025-03-17,2023-2026,0.0,,3,0.01009904991419248,0.00040989187436360486,0.019788207954021354,,2.534423707664787,
Poland,2025-03-24,2023-2026,0.0,,3,0.008696003347429334,-0.0010545375691242038,0.018446544263982873,,2.277631878253817,
Poland,2025-03-31,2023-2026,0.0,,3,0.008411327232433914,-0.0013544332483387527,0.01817708771320658,,2.2255291882284034,
Poland,2025-04-07,2023-2026,0.0,,3,0.004385193606070065,-0.0056922453712784146,0.014462632583418544,,1.4886482864404038,
Poland,2025-04-14,2023-2026,0.0,,3,0.003836175384293173,-0.006297198107327692,0.013969548875914038,,1.3881645271056764,
Poland,2025-04-21,2023-2026,0.0,,3,0.002351792784674259,-0.007948049740231677,0.012651635309580196,,1.1164862148303023,
Poland,2025-04-28,2023-2026,0.0,,3,0.0007860741521994572,-0.009712521384174892,0.011284669688573806,,0.829921419690525,
Poland,2025-05-05,2023-2026,0.0,,3,0.001213088324692583,-0.009229015949631623,0.01165519259901679,,0.9080754547286464,
Poland,2025-05-12,2023-2026,0.0,,3,-0.000881314521345166,-0.011616251975837034,0.009853622933146702,,0.5247485209702424,
Poland,2025-05-19,2023-2026,0.0,,3,-0.0014506667513360014,-0.012271851476535152,0.009370517973863148,,0.4205431409194141,
Poland,2025-05-26,2023-2026,0.0,,3,-0.0010643205952707594,-0.01182668030438919,0.00969803911384767,,0.4912539345253332,
Poland,2025-06-02,2023-2026,0.0,,3,-0.00045430034885203866,-0.011126373566868549,0.010217772869164471,,0.6029025560083635,
Poland,2025-06-09,2023-2026,0.0,,3,0.0006234020864878055,-0.009897155258380136,0.011143959431355746,,0.800148453961717,
Poland,2025-06-16,2023-2026,0.0,,3,0.0014570964232601164,-0.008953488400024905,0.011867681246545136,,0.9527349033218584,
Poland,2025-06-23,2023-2026,0.0,,3,0.0022297887353904876,-0.008084702680730617,0.012544280151511593,,1.094156490533697,
Poland,2025-06-30,2023-2026,0.0,,3,0.00042006200434815754,-0.010128286548421425,0.01096841055711774,,0.7629322468007069,
Poland,2025-07-07,2023-2026,0.0,,3,0.000867410185055339,-0.009620295354586458,0.011355115724697135,,0.844807902554929,
Poland,2025-07-14,2023-2026,0.0,,3,0.001355426382190294,-0.00906822378247056,0.01177907654685115,,0.9341267997413532,
Poland,2025-07-21,2023-2026,0.0,,3,0.0010504162589809322,-0.00941300958541609,0.011513842103377955,,0.8783024889998382,
Poland,2025-07-28,2023-2026,0.003721620716101,,3,0.001599434480757824,-0.008793022273285296,0.011991891234800945,,0.9787862483345656,
Poland,2025-08-04,2023-2026,0.0,,3,0.0019654466286090143,-0.008381277035065516,0.012312170292283545,,1.0457754212243835,
Poland,2025-08-11,2023-2026,0.0,,3,0.003327825178944275,-0.0068600814227274855,0.013515731780616037,,1.2951240092031513,
Poland,2025-08-18,2023-2026,0.007443241432202,,3,0.0035514992692977543,-0.00661209076071427,0.013715089299309778,,1.3360618370802624,
Poland,2025-08-25,2023-2026,0.0,,3,0.0071912867395963614,-0.0026501005160174847,0.017032673995210208,,2.0022319452623427,
Poland,2025-09-01,2023-2026,0.011164862148303,,3,0.01123775437417415,0.0015815559612929238,0.02089395278705538,,2.7428344677664436,
Poland,2025-09-08,2023-2026,0.0,,3,0.020144049971887873,0.010220281501777556,0.03006781844199819,,4.372904341418686,
Poland,2025-09-15,2023-2026,0.0,,3,0.035719900263780094,0.02342229439699524,0.04801750613056495,,7.223665809952059,
Poland,2025-09-22,2023-2026,0.0,,3,0.053715497533133254,0.03694554241406542,0.07048545265220109,,10.517300143701451,
Poland,2025-09-29,2023-2026,0.0,,3,0.08903566980077923,0.06161973981793088,0.11645159978362758,,16.981755327568905,
Poland,2025-10-06,2023-2026,0.0,,3,0.10359481968197341,0.07152391499638439,0.13566572436756244,,19.64643576029723,
Poland,2025-10-13,2023-2026,0.0,,3,0.09879599374347921,0.06826867447348599,0.1293233130134724,,18.76813327129739,
Poland,2025-10-20,2023-2026,0.0,,3,0.09379382772284556,0.06486631305803904,0.12272134238765207,,17.852614575136542,
Poland,2025-10-27,2023-2026,0.0,,3,0.09265512326286389,0.06409032074653842,0.12121992577918936,,17.644203815034885,
Poland,2025-11-03,2023-2026,0.0,,3,0.07270746120497046,0.050375325671955413,0.09503959673798551,,13.993293892539796,
Poland,2025-11-10,2023-2026,0.0,,3,0.060486722268381456,0.041796731306847454,0.07917671322991546,,11.756599842163087,
Poland,2025-11-17,2023-2026,0.0,,3,0.04855065944678784,0.033177117925732254,0.06392420096784342,,9.572008481811796,
Poland,2025-11-24,2023-2026,0.0,,3,0.03569956625556615,0.023406231035944317,0.04799290147518798,,7.219944189235958,
Poland,2025-12-01,2023-2026,0.0,,3,0.020998078316874124,0.011001261581491728,0.03099489505225652,,4.529212411494929,
Poland,2025-12-08,2023-2026,0.0,,3,0.021608098563292957,0.011554351360878847,0.03166184576570707,,4.640861032977959,
Poland,2025-12-15,2023-2026,0.0,,3,0.021689434596148725,0.011627801588608658,0.03175106760368879,,4.655747515842363,
Poland,2025-12-22,2023-2026,0.0,,3,0.02705761276463379,0.01633149404684059,0.03778373148242699,,5.638255384893029,
Poland,2025-12-29,2023-2026,0.0,,3,0.025959576321079994,0.015391309825169544,0.036527842816990445,,5.437287866223575,
Poland,2026-01-05,2023-2026,0.0,,3,0.022645132982204802,0.01248572355686553,0.032804542407544074,,4.830663689499111,
Poland,2026-01-12,2023-2026,0.0,,3,0.009916043840266769,0.0002201733021644104,0.01961191437836913,,2.5009291212198788,
Poland,2026-01-19,2023-2026,0.0,,3,0.013555831310565383,0.003919437098384691,0.023192225522746076,,3.167099229401958,
Poland,2026-01-26,2023-2026,0.0,,3,0.008350325207791975,-0.0014188168890362507,0.0181194673046202,,2.2143643260801005,
Poland,2026-02-02,2023-2026,0.0,,3,0.010871742226322848,0.0012066095943248853,0.02053687485832081,,2.675845294876626,
Poland,2026-02-09,2023-2026,0.0,,3,0.017215952789077924,0.007481585836915461,0.02695031974124039,,3.8369909583001407,
Poland,2026-02-16,2023-2026,0.0,,3,0.018944343487264374,0.009109779283626681,0.028778907690902064,,4.1533287191687265,
Poland,2026-02-23,2023-2026,0.0,,3,0.019574697741897035,0.00969523905992145,0.02945415642387262,,4.268698961367858,
Poland,2026-03-02,2023-2026,0.0,,3,0.01538589204982165,0.005720170243812229,0.025051613855831073,,3.50204509385105,
Poland,2026-03-09,2023-2026,0.0,,3,0.011400426439885765,0.0017476922289409898,0.02105316065083054,,2.772607433495252,
Poland,2026-03-16,2023-2026,0.0,,3,0.007658968928517411,-0.002151447328826408,0.01746938518586123,,2.087829221732666,
Poland,2026-03-23,2023-2026,0.0,,3,0.0049138778196330165,-0.005112651515060226,0.01494040715432626,,1.5854104250590295,
Poland,2026-03-30,2023-2026,0.0,,3,0.0025347988585998783,-0.007743341568817388,0.012812939286017145,,1.149980801275212,
Poland,2026-04-06,2023-2026,0.0,,3,0.0010504162589809116,-0.009413009585416111,0.011513842103377935,,0.8783024889998382,
Poland,2026-04-13,2023-2026,0.0,,3,-4.7620184572846544e-05,-0.010661302321694599,0.010566061952548906,,0.6773349703303838,
Poland,2026-04-20,2023-2026,0.0,,3,-0.00047463435706597383,-0.01114966523180615,0.010200396517674203,,0.5991809352922626,
Poland,2026-04-27,2023-2026,0.003721620716101,,3,-0.0012473266691963953,-0.01203739373285058,0.009542740394457787,,0.4577593480804242,
Poland,2020-01-27,2020-2022,0.0,,4,1.0427575325221239,0.18506329642615027,1.9004517686180975,,,0.0
Poland,2020-02-03,2020-2022,0.0,,4,1.0427575325221239,0.18506329642615027,1.9004517686180975,,,0.0
Poland,2020-02-10,2020-2022,0.0,,4,1.0427575325221239,0.18506329642615027,1.9004517686180975,,,0.0
Poland,2020-02-17,2020-2022,0.0,,4,1.0427575325221239,0.18506329642615027,1.9004517686180975,,,0.0
Poland,2020-02-24,2020-2022,0.0,,4,1.0427575325221239,0.18506329642615027,1.9004517686180975,,,0.0
Poland,2020-03-02,2020-2022,0.0,,4,1.0427575325221239,0.18506329642615027,1.9004517686180975,,,0.0
Poland,2020-03-09,2020-2022,0.0031899606138008,,4,1.0427575325221239,0.18506329642615027,1.9004517686180975,,,0.0
Poland,2020-03-16,2020-2022,0.0138231626598037,,4,1.0427575325221239,0.18506329642615027,1.9004517686180975,,,0.0
Poland,2020-03-23,2020-2022,0.029772965728808,,4,1.0427575325221239,0.18506329642615027,1.9004517686180975,,,0.0
Poland,2020-03-30,2020-2022,0.1318517053704357,,4,1.0428398144205409,0.18517676028927743,1.9005028685518042,,,0.0069115813299018
Poland,2020-04-06,2020-2022,0.3780103327354025,,4,1.044593051794501,0.1875939987505707,1.9015921048384312,,,0.1541814296670418
Poland,2020-04-13,2020-2022,0.5109253583104386,,4,1.0543339626917025,0.20100957148019805,1.907658353903207,,,0.9724063271069638
Poland,2020-04-20,2020-2022,0.5380400235277458,,4,1.0772399773356092,0.232458327585366,1.9220216270858523,,,2.896484237331186
Poland,2020-04-27,2020-2022,0.6597901869544788,,4,1.1133807188710352,0.2817884682425795,1.9449729694994908,,,5.9322634214650085
Poland,2020-05-04,2020-2022,0.4609493086942249,,4,1.154863454426759,0.3379542262504319,1.9717726826030861,,,9.416763731940152
Poland,2020-05-11,2020-2022,0.4667975698195266,,4,1.1502240212314057,0.3316976140886052,1.968750428374206,,,9.027056876954148
Poland,2020-05-18,2020-2022,0.3748203721216016,,4,1.1576483802193311,0.3417068225129942,1.973589937925668,,,9.650694176952216
Poland,2020-05-25,2020-2022,0.2589184698201702,,4,1.1449959559935314,0.32463955013973744,1.9653523618473254,,,8.587905632454229
Poland,2020-06-01,2020-2022,0.2897547557535785,,4,1.138964059901892,0.3164862986025806,1.9614418212012033,,,8.081233554962191
Poland,2020-06-08,2020-2022,0.3360091846536911,,4,1.1528950182415545,0.33530042843196695,1.970489608051142,,,9.25141744012481
Poland,2020-06-15,2020-2022,0.3588705690525973,,4,1.1552875226724462,0.33852579368650515,1.9720492516583872,,,9.452384958794264
Poland,2020-06-22,2020-2022,0.3748203721216017,,4,1.1626422585155574,0.34843009604179664,1.976854420989318,,,10.07017399766703
Poland,2020-06-29,2020-2022,0.306236218924883,,4,1.1466985583530813,0.3269390063110521,1.9664581103951106,,,8.730922199972968
Poland,2020-07-06,2020-2022,0.2419053465465655,,4,1.1784657005188088,0.36968344812583975,1.987247952911778,,,11.399324253417392
Poland,2020-07-13,2020-2022,0.199372538362554,,4,1.163705593818176,0.349860700008112,1.97755048762824,,,10.159492894853456
Poland,2020-07-20,2020-2022,0.1791694544751485,,4,1.1421730539401513,0.320825190324435,1.9635209175558677,,,8.350785226828364
Poland,2020-07-27,2020-2022,0.1972458979533534,,4,1.1298814041920258,0.30418935200478414,1.9555734563792675,,,7.318301308161485
Poland,2020-08-03,2020-2022,0.2387153859327647,,4,1.1275395347755446,0.3010148391324309,1.9540642304186582,,,7.121587070310431
Poland,2020-08-10,2020-2022,0.2759315930937748,,4,1.1349892112706754,0.31110772507970974,1.958870697461641,,,7.747351010717701
Poland,2020-08-17,2020-2022,0.291349736060479,,4,1.1516544603884997,0.33362734666921334,1.9696815741077862,,,9.14721206007398
Poland,2020-08-24,2020-2022,0.2977296572880807,,4,1.1894788161530716,0.3844304965656249,1.9945271357405183,,,12.32441283141964
Poland,2020-08-31,2020-2022,0.3019829381064819,,4,1.2355187030057317,0.44566497183737264,2.025372434174091,,,16.19170841555089
Poland,2020-09-07,2020-2022,0.2753999329914746,,4,1.2606589876604974,0.47880985060292747,2.0425081247180676,,,18.303462341887062
Poland,2020-09-14,2020-2022,0.3306925836306896,,4,1.2614754772678654,0.479882741468472,2.043068213067259,,,18.372046495083783
Poland,2020-09-21,2020-2022,0.4125682393849118,,4,1.2710265068610278,0.49241616553779444,2.049636848184261,,,19.1743215894547
Poland,2020-09-28,2020-2022,0.6145990782589666,,4,1.249487637606202,0.464107710001734,2.03486756521067,,,17.36508226132731
Poland,2020-10-05,2020-2022,1.0457754212243835,,4,1.19818170925486,0.3960573690474136,2.0003060494623064,,,13.05544547208234
Poland,2020-10-12,2020-2022,1.6407030756982448,,4,1.214948228401505,0.41838963252293315,2.011506824280077,,,14.463813083075422
Poland,2020-10-19,2020-2022,2.461586273649668,,4,1.3149650406156561,0.5496648984475246,2.0802651827837875,,,22.865106019622296
Poland,2020-10-26,2020-2022,3.853472421471445,,4,1.4861367068300277,0.7656870574905776,2.2065863561694776,,,37.243321826227394
Poland,2020-11-02,2020-2022,6.105584614814856,,4,1.792965906026674,1.1198748872467577,2.4660569248065904,,,63.016608605431486
Poland,2020-11-09,2020-2022,8.358228468260567,,4,2.590195219788086,1.8140788404489456,3.3663115991272266,,,129.98292011085076
Poland,2020-11-16,2020-2022,10.371093615568912,,4,3.772193678677359,2.477463976579642,5.066923380775076,,,229.26938089519808
Poland,2020-11-23,2020-2022,14.553663640364148,,4,5.388400044889451,3.1991033883926123,7.57769670138629,,,365.02878801753985
Poland,2020-11-30,2020-2022,12.077190883850076,,4,7.816336327114735,4.203368954307626,11.429303699921844,,,568.9725399396706
Poland,2020-12-07,2020-2022,10.730495844723809,,4,9.342361732661898,4.8208008120619,13.863922653261895,,,697.1568539244399
Poland,2020-12-14,2020-2022,9.927689090250592,,4,8.612154189849457,4.52606518508915,12.698243194609764,,,635.8202912422769
Poland,2020-12-21,2020-2022,8.354506847544465,,4,6.7591088731095,3.771063863622557,9.747153882596443,,,480.166694751966
Poland,2020-12-28,2020-2022,6.929657773380079,,4,4.849301705215479,2.9673348316717076,6.731268578759251,,,319.74517046422744
Poland,2021-01-04,2020-2022,7.130093631947233,,4,4.330204196233616,2.737347327997566,5.923061064469666,,,276.14159883418336
Poland,2021-01-11,2020-2022,7.992446317878067,,4,4.126771696463016,2.644523419254365,5.609019973671667,,,259.05351148615443
Poland,2021-01-18,2020-2022,7.715983064681993,,4,3.8931227518430074,2.535321376421945,5.25092412726407,,,239.42727880974465
Poland,2021-01-25,2020-2022,7.055661217625214,,4,3.548247668693743,2.3672930017432874,4.729202335644199,,,210.45818315561436
Poland,2021-02-01,2020-2022,6.971127261359491,,4,3.826550366646928,2.503596828350582,5.149503904943274,,,233.8352778537517
Poland,2021-02-08,2020-2022,6.688284086935814,,4,3.63456770950988,2.410274232266277,4.858861186753483,,,217.70896363078373
Poland,2021-02-15,2020-2022,5.568607911491711,,4,2.9979653202118732,2.0717906316641335,3.924140008759613,,,164.23512220153754
Poland,2021-02-22,2020-2022,5.568076251389409,,4,2.741492642846374,1.9150585585267474,3.5679267271660002,,,142.6917231962334
Poland,2021-03-01,2020-2022,5.664306729905737,,4,2.688838557236355,1.8807312425176215,3.4969458719550883,,,138.2688428051985
Poland,2021-03-08,2020-2022,6.374072966476429,,4,2.6968705363972054,1.8860213818814322,3.5077196909129786,,,138.94351947501738
Poland,2021-03-15,2020-2022,7.546383492048245,,4,2.9946297386375877,2.0698495654491578,3.9194099118260177,,,163.95493732762537
Poland,2021-03-22,2020-2022,8.904775053425114,,4,3.6566319170392134,2.4211518768747227,4.892111957203705,,,219.56233074740203
Poland,2021-03-29,2020-2022,10.416284724264424,,4,4.496489583557385,2.811965045630588,6.181014121484182,,,290.1093730418128
Poland,2021-04-05,2020-2022,11.46152848538651,,4,5.430306848690863,3.2169028980124827,7.643710799369243,,,368.5489095548692
Poland,2021-04-12,2020-2022,14.218186115812754,,4,6.999846719746966,3.869975304862362,10.12971813463157,,,500.388386742952
Poland,2021-04-19,2020-2022,13.09106669893645,,4,8.641978213337184,4.538125513683289,12.74583091299108,,,638.3254736443151
Poland,2021-04-26,2020-2022,10.939969925030066,,4,9.7399858420732,4.980880587768404,14.499091096377995,,,730.5568048711395
Poland,2021-05-03,2020-2022,7.767554094605107,,4,7.716199256741359,4.162625441120107,11.26977307236261,,,560.56114546118
Poland,2021-05-10,2020-2022,7.296503243967178,,4,7.003638016450945,3.8715304560195394,10.13574557688235,,,500.7068511442298
Poland,2021-05-17,2020-2022,5.42293304346147,,4,5.019137872924777,3.04097592778306,6.997299818066493,,,334.0112059892472
Poland,2021-05-24,2020-2022,3.6764296074054967,,4,3.474421817683374,2.3299524147252235,4.618891220641524,,,204.2568997223855
Poland,2021-05-31,2020-2022,2.2802901787653185,,4,2.5881318429508617,1.8126498980756405,3.363613787826083,,,129.8095989175009
Poland,2021-06-07,2020-2022,1.500876468793307,,4,2.2284776649705615,1.5376795808754917,2.9192757490656316,,,99.5990769244998
Poland,2021-06-14,2020-2022,1.1590190230143145,,4,1.7440967877438327,1.06662464762851,2.4215689278591555,,,58.911660955572074
Poland,2021-06-21,2020-2022,0.7166778179005943,,4,1.4197415441843853,0.6832907308186511,2.156192357550119,,,31.666207353098887
Poland,2021-06-28,2020-2022,0.4667975698195266,,4,1.244810228150041,0.45793950759111257,2.0316809487089698,,,16.9721854457275
Poland,2021-07-05,2020-2022,0.3195277214823866,,4,1.1567432793367454,0.3404874827300933,1.9729990759433975,,,9.574666782323296
Poland,2021-07-12,2020-2022,0.2259555434775612,,4,1.116868205488552,0.28652945120022777,1.9472069597768762,,,6.2252081378323885
Poland,2021-07-19,2020-2022,0.1435482276210389,,4,1.0900443066046401,0.24997666678645813,1.930111946422822,,,3.9720326242843775
Poland,2021-07-26,2020-2022,0.0935721780048253,,4,1.0743221346302096,0.2284600518416111,1.9201842174188082,,,2.651388930170819
Poland,2021-08-02,2020-2022,0.0744324143220201,,4,1.068473790465808,0.22043928245520328,1.9165082984764126,,,2.160134995645486
Poland,2021-08-09,2020-2022,0.0659258526852178,,4,1.0682079566401534,0.2200744850310934,1.9163414282492135,,,2.13780527134888
Poland,2021-08-16,2020-2022,0.066457512787518,,4,1.0731765174291743,0.22688960465755437,1.9194634302007942,,,2.555158451654493
Poland,2021-08-23,2020-2022,0.077622374935821,,4,1.0784045826670485,0.23405352861122297,1.922755636722874,,,2.994309696154412
Poland,2021-08-30,2020-2022,0.1148385820968311,,4,1.086753030667964,0.24547794256441025,1.9280281187715178,,,3.6955693710883017
Poland,2021-09-06,2020-2022,0.1616246710992438,,4,1.0936014163669712,0.254835411582782,1.9323674211511603,,,4.270825601777058
Poland,2021-09-13,2020-2022,0.1972458979533535,,4,1.101665042411828,0.265836795743285,1.9374932890803709,,,4.948160572107442
Poland,2021-09-20,2020-2022,0.2748682728891745,,4,1.1071589414753569,0.27332189502855553,1.9409959879221583,,,5.4096415409039675
Poland,2021-09-27,2020-2022,0.3992767368274083,,4,1.127988920528437,0.30162412489984847,1.9543537161570255,,,7.159334937573741
Poland,2021-10-04,2020-2022,0.575256230688756,,4,1.1631043030220523,0.34905176936017024,1.9771568366839343,,,10.10898518513494
Poland,2021-10-11,2020-2022,0.7804770301766116,,4,1.2107265340750375,0.4127749593948855,2.0086781087551895,,,14.109195794841224
Poland,2021-10-18,2020-2022,1.0819283081807936,,4,1.258582952069671,0.47608086001718886,2.041085044122153,,,18.129077828332615
Poland,2021-10-25,2020-2022,1.708223908690363,,4,1.3260287912643294,0.5639712845200043,2.0880862980086543,,,23.794447878442952
Poland,2021-11-01,2020-2022,2.294645001527422,,4,1.4744336891244232,0.7512991982871946,2.1975681799616518,,,36.26028229707443
Poland,2021-11-08,2020-2022,3.79711645062763,,4,1.6747774530159891,0.9889586884959001,2.360596217536078,,,53.088919515180905
Poland,2021-11-15,2020-2022,5.79243681456007,,4,2.1675004488668326,1.485226788423615,2.84977410931005,,,94.47706349894024
Poland,2021-11-22,2020-2022,7.915355603044547,,4,2.959583979288787,2.049315336090492,3.8698526224870817,,,161.01113534118946
Poland,2021-11-29,2020-2022,9.191339848564894,,4,3.850855173563922,2.5152138734955907,5.186496473632253,,,235.87685264658427
Poland,2021-12-06,2020-2022,10.095693682577435,,4,5.286503407765314,3.155708506895574,7.417298308635053,,,356.4695920306099
Poland,2021-12-13,2020-2022,10.88308229408395,,4,6.360839167264465,3.6066249905582364,9.115053343970693,,,446.7125144748317
Poland,2021-12-20,2020-2022,11.25099108487565,,4,7.856717751107032,4.219789373651443,11.493646128562622,,,572.3645313923455
Poland,2021-12-27,2020-2022,11.20952159689624,,4,8.244417397693896,4.377175553053205,12.111659242334586,,,604.9308392986386
Poland,2022-01-03,2020-2022,10.048907593575024,,4,8.212580632383354,4.3642684605900985,12.060892804176609,,,602.2565889840688
Poland,2022-01-10,2020-2022,8.661806386673948,,4,7.393033936020556,4.030879356246171,10.755188515794941,,,533.4156439579392
Poland,2022-01-17,2020-2022,7.406556885143309,,4,6.030711532062231,3.4693939952207398,8.592029068903722,,,418.9821868590608
Poland,2022-01-24,2020-2022,5.0140864247926595,,4,4.56061249993136,2.840479042632962,6.280745957229758,,,295.4956215382155
Poland,2022-01-31,2020-2022,5.184217657528706,,4,4.697770095215543,2.901039127274655,6.494501063156431,,,307.0166959550597
Poland,2022-02-07,2020-2022,5.425591343972971,,4,5.045721255490239,3.0524453451404163,7.038997165840062,,,336.2441784189078
Poland,2022-02-14,2020-2022,6.229461418650788,,4,7.575864314302923,4.105464802383007,11.046263826222841,,,548.7731776729812
Poland,2022-02-21,2020-2022,5.929605120953508,,4,13.585873420963441,6.520474976627237,20.651271865299645,,,1053.6067745312648
Poland,2022-02-28,2020-2022,4.94497061149364,,4,15.789262402408983,7.398700418876382,24.179824385941586,,,1238.6888210040931
Poland,2022-03-07,2020-2022,3.922056574668163,,4,13.10761938048037,6.32959350667887,19.88564525428187,,,1013.4340055413636
Poland,2022-03-14,2020-2022,3.0012212774843143,,4,9.301056219656612,4.804156377658471,13.797956061654753,,,693.6872400968293
Poland,2022-03-21,2020-2022,2.5126256434704817,,4,6.691985832131707,3.7434242944941465,9.64054736976927,,,474.52843936707296
Poland,2022-03-28,2020-2022,2.0447647534463544,,4,5.024486196321876,3.043284646176981,7.00568774646677,,,334.4604587756908
Poland,2022-04-04,2020-2022,1.4333556358011883,,4,4.543016832423745,2.832668068702716,6.253365596144773,,,294.0176064538211
Poland,2022-04-11,2020-2022,0.9117970754447472,,4,4.372579373918324,2.756460824924506,5.9886979229121415,,,279.7010632190828
Poland,2022-04-18,2020-2022,0.4992288360598354,,4,3.7699657380433007,2.4763882367542225,5.063543239332379,,,229.0822365391884
Poland,2022-04-25,2020-2022,0.446062825829821,,4,2.732334034614892,1.9091465607846159,3.5555215084451683,,,141.9224110282051
Poland,2022-05-02,2020-2022,0.3147427805616853,,4,1.6694291296188901,0.9828645993701567,2.3559936598676234,,,52.639666728737275
Poland,2022-05-09,2020-2022,0.2844381547305771,,4,1.3851071943276687,0.6395902247980403,2.130624163857297,,,28.756963273312497
Poland,2022-05-16,2020-2022,0.2456269672626666,,4,1.3081672899310592,0.5408527804718867,2.0754817993902317,,,22.294103069751944
Poland,2022-05-23,2020-2022,0.2025624989763549,,4,1.3153954382381445,0.5502222727904279,2.0805686036858613,,,22.90125890657871
Poland,2022-05-30,2020-2022,0.1318517053704357,,4,1.2324046496194918,0.4415447790182935,2.0232645202206903,,,15.93013164521922
Poland,2022-06-06,2020-2022,0.1143069219945309,,4,1.194814480796568,0.3915616397758761,1.9980673218172598,,,12.772602297658665
Poland,2022-06-13,2020-2022,0.0845339562657229,,4,1.1507620182595162,0.3324234696382359,1.9691005668807966,,,9.07224798564966
Poland,2022-06-20,2020-2022,0.0765590547312207,,4,1.1229064309569925,0.29472980740481514,1.9510830545091697,,,6.732411875426726
Poland,2022-06-27,2020-2022,0.0723057739128196,,4,1.1104565467888345,0.2778106215033683,1.9431024720743006,,,5.686636454202342
Poland,2022-07-04,2020-2022,0.070179133503619,,4,1.1057221729414617,0.27136520055917224,1.9400791453237511,,,5.288954697681834
Poland,2022-07-11,2020-2022,0.0728374340151197,,4,1.1013042679341538,0.26534496825731657,1.937263567610991,,,4.917855946276333
Poland,2022-07-18,2020-2022,0.0999520992324271,,4,1.1096970215726785,0.2767770205230792,1.9426170226222776,,,5.622837241926325
Poland,2022-07-25,2020-2022,0.1972458979533534,,4,1.1619143801834078,0.34745061734739013,1.9763781430194254,,,10.009033085902514
Poland,2022-08-01,2020-2022,0.2929447163673794,,4,1.2483230322747627,0.46257260371751285,2.034073460832013,,,17.267256802504082
Poland,2022-08-08,2020-2022,0.3902385150883058,,4,1.4123298439500624,0.6739793184047884,2.1506803694953365,,,31.043633373305425
Poland,2022-08-15,2020-2022,0.3695037710986001,,4,1.653694298890857,0.9648526366824393,2.3425359610992746,,,51.31795971441911
Poland,2022-08-22,2020-2022,0.5146469790265396,,4,1.9102176112707665,1.2424200476961678,2.5780151748453655,,,72.86561200054166
Poland,2022-08-29,2020-2022,0.5194319199472409,,4,2.0550717287453306,1.3834902227598473,2.726653234730814,,,85.03318510178276
Poland,2022-09-05,2020-2022,0.3934284757021067,,4,2.143284253225056,1.4638720822171187,2.8226964242329933,,,92.44293194753986
Poland,2022-09-12,2020-2022,0.3790736529400028,,4,2.0854400786379705,1.4116273861703774,2.7592527711055634,,,87.58409027261885
Poland,2022-09-19,2020-2022,0.3609972094617979,,4,2.172627244075885,1.4897091755168574,2.855545312634913,,,94.90770818180332
Poland,2022-09-26,2020-2022,0.472114170842528,,4,1.9982529132000557,1.3295147249598767,2.6669911014402348,,,80.26047236343436
Poland,2022-10-03,2020-2022,0.5826994721209581,,4,2.0432104766196937,1.3723663679770404,2.714054585262347,,,84.0368540700723
Poland,2022-10-10,2020-2022,0.5582431074151514,,4,2.3606856875961273,1.645222422485601,3.076148952706654,,,110.70439314134524
Poland,2022-10-17,2020-2022,0.5167736194357401,,4,2.390066654707764,1.6680373976810041,3.112095911734524,,,113.17235933622248
Poland,2022-10-24,2020-2022,0.3902385150883058,,4,2.202831030171692,1.5158456859226326,2.8898163744207515,,,97.44479018997964
Poland,2022-10-31,2020-2022,0.2254238833752611,,4,1.9097112611266627,1.2419068778493267,2.5775156444039986,,,72.82307919235765
Poland,2022-11-07,2020-2022,0.1871443560096507,,4,1.690505954367221,1.0067967135775575,2.3742151951568844,,,54.41009486939675
Poland,2022-11-14,2020-2022,0.195650917646453,,4,1.461496442942565,0.7353255164329061,2.1876673694522237,,,35.17356904797294
Poland,2022-11-21,2020-2022,0.1637513115084443,,4,1.3252629366713722,0.5629824092711747,2.0875434640715698,,,23.730117006064635
Poland,2022-11-28,2020-2022,0.1190918629152323,,4,1.2246385042842962,0.4312555716885276,2.0180214368800646,,,15.277784699696944
Poland,2022-12-05,2020-2022,0.140358267007238,,4,1.1819848340203318,0.37439979711060756,1.989569870930056,,,11.694927270296272
Poland,2022-12-12,2020-2022,0.1701312327360461,,4,1.1502556681154121,0.3317403138478284,1.9687710223829957,,,9.029715177465649
Poland,2022-12-19,2020-2022,0.1738528534521471,,4,1.151325332794832,0.3331833911466191,1.969467274443045,,,9.119565734754373
Poland,2022-12-26,2020-2022,0.1754478337590475,,4,1.1693007629105256,0.35738277734998225,1.981218748471069,,,10.629480425286784
Poland,2023-01-02,2023-2026,0.2376520657281644,,4,0.06019352269655985,0.038351752982763304,0.0820352924103564,,,11.912376252137031
Poland,2023-01-09,2023-2026,0.2222339227614602,,4,0.0686297452490144,0.043897721658261626,0.09336176883976717,,,13.629106722464195
Poland,2023-01-16,2023-2026,0.1674729322245454,,4,0.07241546419559411,0.04635293372550246,0.09847799466568576,,,14.399482210697103
Poland,2023-01-23,2023-2026,0.1249401240405338,,4,0.06188128973554585,0.039470877560555166,0.08429170191053653,,,12.255828678222924
Poland,2023-01-30,2023-2026,0.1222818235290331,,4,0.05882449803954962,0.03743990970478065,0.08020908637431859,,,11.633786358531754
Poland,2023-02-06,2023-2026,0.1100536411761298,,4,0.04192331386741347,0.025760909689789842,0.0580857180450371,,,8.194477156752123
Poland,2023-02-13,2023-2026,0.1478015084394401,,4,0.038887423311219006,0.02354496241083031,0.0542298842116077,,,7.576688117879355
Poland,2023-02-20,2023-2026,0.1610930109969436,,4,0.048533299329695787,0.030440289863998077,0.0666263087953935,,,9.539577215571487
Poland,2023-02-27,2023-2026,0.2520068884902683,,4,0.07270024222539206,0.04653692547778764,0.09886355897299648,,,14.45743316184782
Poland,2023-03-06,2023-2026,0.3072995391294833,,4,0.10914399211210216,0.06957454476844979,0.14871343945575452,,,21.87355992883253
Poland,2023-03-13,2023-2026,0.3365408447559913,,4,0.1650963433612084,0.10409981293330844,0.22609287378910836,,,33.25959267969242
Poland,2023-03-20,2023-2026,0.4322396631700172,,4,0.24398247025771158,0.15228441101402146,0.3356805295014017,,,49.31253780854298
Poland,2023-03-27,2023-2026,0.4045933378504097,,4,0.29649397136696576,0.18424702500942514,0.4087409177245064,,,59.99837420467357
Poland,2023-04-03,2023-2026,0.3174010810731861,,4,0.3525038007505265,0.21829419114832266,0.48671341035273036,,,71.39610347778407
Poland,2023-04-10,2023-2026,0.1908659767257517,,4,0.37977195026429766,0.23485932050033834,0.524684580028257,,,76.94503996549066
Poland,2023-04-17,2023-2026,0.1961825777487532,,4,0.3215570506316592,0.1994866235616695,0.4436274777016489,,,65.09858956603885
Poland,2023-04-24,2023-2026,0.1430165675187387,,4,0.21680053794562246,0.13571292870015508,0.2978881471910898,,,43.78114610421227
Poland,2023-05-01,2023-2026,0.059014271355316,,4,0.1388863140498975,0.08799171242516171,0.18978091567463332,,,27.925978533417375
Poland,2023-05-08,2023-2026,0.0648625324806175,,4,0.09147991633720452,0.05850775124668372,0.12445208142772532,,,18.279005977181257
Poland,2023-05-15,2023-2026,0.0637992122760172,,4,0.07812147536145368,0.05002308089668803,0.10621986982621934,,,15.56062787412062
Poland,2023-05-22,2023-2026,0.0425328081840115,,4,0.04507416069251715,0.02801375873089873,0.06213456265413557,,,8.835659240126095
Poland,2023-05-29,2023-2026,0.0329629263426089,,4,0.023433643070349484,0.011259222388891823,0.03560806375180715,,,4.431918612774002
Poland,2023-06-05,2023-2026,0.0244563647058066,,4,0.01869169697784249,0.0070160055477146,0.030367388407970382,,,3.4669555270992403
Poland,2023-06-12,2023-2026,0.0090382217391024,,4,0.014877238964035259,0.003396121462181252,0.026358356465889264,,,2.69073177774103
Poland,2023-06-19,2023-2026,0.0058482611253015,,4,0.012282884986151273,0.0008229310303949043,0.02374283894190764,,,2.1627932961569867
Poland,2023-06-26,2023-2026,0.0058482611253015,,4,0.009278346139659353,-0.0022705740136383726,0.02082726629295708,,,1.5513841785118208
Poland,2023-07-03,2023-2026,0.0132915025575036,,4,0.0073319274956276615,-0.00433848002614873,0.019002335017404053,,,1.1552974022982134
Poland,2023-07-10,2023-2026,0.0090382217391024,,4,0.005785243150303129,-0.006016365728650284,0.01758685202925654,,,0.840554621736528
Poland,2023-07-17,2023-2026,0.0021266404092005,,4,0.005001450407739866,-0.006878022957915499,0.016880923773395232,,,0.6810565910464846
Poland,2023-07-24,2023-2026,0.007443241432202,,4,0.004110539323693154,-0.007866490018531194,0.0160875686659175,,,0.4997604961621355
Poland,2023-07-31,2023-2026,0.003721620716101,,4,0.003136023680439795,-0.008958477229691675,0.015230524590571264,,,0.3014512780041817
Poland,2023-08-07,2023-2026,0.0,,4,0.0030027789142038535,-0.009108640455682222,0.015114198284089927,,,0.2743366127868744
Poland,2023-08-14,2023-2026,0.0042532808184011,,4,0.0030001662717288264,-0.009111586869264197,0.015111919412721851,,,0.2738049526845742
Poland,2023-08-21,2023-2026,0.0058482611253015,,4,0.0027807043038109882,-0.009359364203653945,0.014920772811275922,,,0.2291455040913621
Poland,2023-08-28,2023-2026,0.0058482611253015,,4,0.002979265131927054,-0.009135160993182265,0.015093691257036374,,,0.269551671866173
Poland,2023-09-04,2023-2026,0.0069115813299018,,4,0.003577560258750277,-0.008462342469419222,0.015617462986919775,,,0.3913018352929061
Poland,2023-09-11,2023-2026,0.0085065616368023,,4,0.00456775175685491,-0.007358022414445405,0.016493525928155225,,,0.5928010140646608
Poland,2023-09-18,2023-2026,0.0085065616368023,,4,0.005960290196142173,-0.005824963238226747,0.017745543630511094,,,0.8761758485906376
Poland,2023-09-25,2023-2026,0.0212664040920057,,4,0.007564452675921304,-0.004088856225700143,0.01921776157754275,,,1.202615151402926
Poland,2023-10-02,2023-2026,0.0116965222506031,,4,0.009845289556780028,-0.0016775978629115177,0.021368176976471573,,,1.666754420710952
Poland,2023-10-09,2023-2026,0.0053166010230014,,4,0.015838691394912813,0.004326685856404857,0.02735069693342077,,,2.886382695387483
Poland,2023-10-16,2023-2026,0.0207347439897056,,4,0.02217696203977319,0.010160936003021774,0.03419298807652461,,,4.176190103567633
Poland,2023-10-23,2023-2026,0.0446594485932121,,4,0.02636241528506028,0.013751000975589641,0.03897382959453092,,,5.027909587452464
Poland,2023-10-30,2023-2026,0.0797490153450216,,4,0.027864684708306244,0.014994719213900927,0.04073465020271156,,,5.333614146275046
Poland,2023-11-06,2023-2026,0.0967621386186262,,4,0.030704627078859893,0.017288091683824645,0.04412116247389514,,,5.911528677475303
Poland,2023-11-13,2023-2026,0.0893188971864242,,4,0.04183448402325633,0.025696737736311002,0.05797223031020166,,,8.176400713273917
Poland,2023-11-20,2023-2026,0.2381837258304646,,4,0.06281400309919588,0.040087104328807945,0.08554090186958382,,,12.445631334744077
Poland,2023-11-27,2023-2026,0.1116486214830302,,4,0.10929813801813965,0.06967057806905123,0.14892569796722804,,,21.90492787486824
Poland,2023-12-04,2023-2026,0.1749161736567474,,4,0.11553712824894208,0.0735513174042721,0.15752293909361204,,,23.174532199160986
Poland,2023-12-11,2023-2026,0.4912539345253332,,4,0.13814171094446256,0.08753279501943415,0.18875062686949098,,,27.77445540426183
Poland,2023-12-18,2023-2026,0.5247485209702424,,4,0.1792359644370472,0.1127615496387196,0.2457103792353748,,,36.1369371533408
Poland,2023-12-25,2023-2026,0.2940080365719797,,4,0.24143514384438147,0.15073237907213438,0.33213790861662856,,,48.79416920880033
Poland,2024-01-01,2023-2026,0.7108295567752928,,4,0.3126871294283199,0.19409417017481917,0.4312800886818206,,,63.29360351872987
Poland,2024-01-08,2023-2026,0.2530702086948686,,4,0.3376875052736083,0.20929089726073577,0.4660841132864808,,,68.38105903763994
Poland,2024-01-15,2023-2026,0.1972458979533535,,4,0.28611394281295477,0.17793292485396245,0.3942949607719471,,,57.88608861823509
Poland,2024-01-22,2023-2026,0.1004837593347272,,4,0.13733701706209772,0.08703674421866017,0.18763728990553527,,,27.61070409275339
Poland,2024-01-29,2023-2026,0.1525864493601413,,4,0.15917348286990646,0.1004664682484965,0.2178804974913164,,,32.05431922777799
Poland,2024-02-05,2023-2026,0.0893188971864242,,4,0.0926216410988716,0.05922746923732884,0.12601581296041436,,,18.511341441886422
Poland,2024-02-12,2023-2026,0.0855972764703232,,4,0.07965509649440218,0.05100412803309175,0.10830606495571261,,,15.872712354170805
Poland,2024-02-19,2023-2026,0.0446594485932121,,4,0.06471339417867399,0.04133739763529271,0.08808939072205527,,,12.83214822911628
Poland,2024-02-26,2023-2026,0.03721620716101,,4,0.045437317996571476,0.02827066901586738,0.06260396697727558,,,8.909559994345816
Poland,2024-03-04,2023-2026,0.011164862148303,,4,0.034445931103361256,0.020206897603408797,0.048684964603313716,,,6.672865943969109
Poland,2024-03-11,2023-2026,0.0409378278771111,,4,0.025429701921410253,0.012967374237382187,0.03789202960543832,,,4.838106930931311
Poland,2024-03-18,2023-2026,0.018608103580505,,4,0.02190002193740098,0.009916434555643573,0.03388360931915838,,,4.119834132723817
Poland,2024-03-25,2023-2026,0.0,,4,0.014145699070976318,0.0026797589184064663,0.02561163922354617,,,2.541866949096989
Poland,2024-04-01,2023-2026,0.003721620716101,,4,0.010195383648458116,-0.0013135625069338273,0.021704329803850057,,,1.7379968744191712
Poland,2024-04-08,2023-2026,0.007443241432202,,4,0.008604284381055009,-0.0029811121594109733,0.020189680921520993,,,1.4142158721183835
Poland,2024-04-15,2023-2026,0.0,,4,0.0067205691564284145,-0.004998090109368943,0.01843922842222577,,,1.0308889383599795
Poland,2024-04-22,2023-2026,0.007443241432202,,4,0.0062816452205929595,-0.005474575716938034,0.01803786615812395,,,0.9415700411735554
Poland,2024-04-29,2023-2026,0.0,,4,0.004781988439822249,-0.00712063040934327,0.01668460728898777,,,0.6363971424532726
Poland,2024-05-06,2023-2026,0.0,,4,0.004141891033395702,-0.007831544194266196,0.016115326261057602,,,0.5061404173897373
Poland,2024-05-13,2023-2026,0.0,,4,0.003209177669745667,-0.00887612149810137,0.015294476837592705,,,0.3163377608685858
Poland,2024-05-20,2023-2026,0.0,,4,0.003666390102907423,-0.008362802182153064,0.01569558238796791,,,0.409378278771111
Poland,2024-05-27,2023-2026,0.0,,4,0.003666390102907423,-0.008362802182153064,0.01569558238796791,,,0.409378278771111
Poland,2024-06-03,2023-2026,0.003721620716101,,4,0.0035017936269691554,-0.008547317226499816,0.015550904480438126,,,0.3758836923262019
Poland,2024-06-10,2023-2026,0.003721620716101,,4,0.004507660979925062,-0.0074247070507339865,0.016440029010584112,,,0.5805728317117574
Poland,2024-06-17,2023-2026,0.0,,4,0.0042333335200280976,-0.007729685500376201,0.016196352540432397,,,0.5247485209702424
Poland,2024-06-24,2023-2026,0.007443241432202,,4,0.003940717562804388,-0.008055982047819843,0.01593741717342862,,,0.4652025895126261
Poland,2024-07-01,2023-2026,0.007443241432202,,4,0.004781988439822249,-0.00712063040934327,0.01668460728898777,,,0.6363971424532726
Poland,2024-07-08,2023-2026,0.003721620716101,,4,0.006318222215246008,-0.005434776056480749,0.018071220486972763,,,0.9490132826057572
Poland,2024-07-15,2023-2026,0.0,,4,0.008695726867687405,-0.002884371260523046,0.020275824995897855,,,1.4328239756988883
Poland,2024-07-22,2023-2026,0.014886482864404,,4,0.009902767691234625,-0.0016177187972955705,0.02142325417976482,,,1.6784509429615553
Poland,2024-07-29,2023-2026,0.014886482864404,,4,0.011146385509434895,-0.0003329674687540772,0.022625738487623868,,,1.931521151656424
Poland,2024-08-05,2023-2026,0.029772965728808,,4,0.016065991290255956,0.00454487647995017,0.027587106100561743,,,2.9326371242875955
Poland,2024-08-12,2023-2026,0.029772965728808,,4,0.018370341953391704,0.0067183865988142185,0.030022297307969188,,,3.4015613345163227
Poland,2024-08-19,2023-2026,0.0558243107415151,,4,0.03272681235467293,0.018879111187708644,0.04657451352163722,,,6.323033596655614
Poland,2024-08-26,2023-2026,0.0669891728898181,,4,0.04669922431209805,0.029159321801008213,0.06423912682318789,,,9.166351823756784
Poland,2024-09-02,2023-2026,0.0632675521737171,,4,0.060964252226746875,0.038863473435717055,0.0830650310177767,,,12.069215982315573
Poland,2024-09-09,2023-2026,0.0632675521737171,,4,0.0783566131842228,0.050173633972413784,0.10653959239603181,,,15.608477283327632
Poland,2024-09-16,2023-2026,0.026051345012707,,4,0.1187193267837483,0.0755264422615505,0.1619122113059461,,,23.82209420376256
Poland,2024-09-23,2023-2026,0.0483810693093131,,4,0.1513460060141761,0.09565925288234184,0.20703275914601038,,,30.46146556128676
Poland,2024-09-30,2023-2026,0.0558243107415151,,4,0.1731824718219846,0.10905518005869583,0.23730976358527336,,,34.905080696311366
Poland,2024-10-07,2023-2026,0.03721620716101,,4,0.2297122170581123,0.14358747111681658,0.315836962999408,,,46.408610329779584
Poland,2024-10-14,2023-2026,0.0781540350381212,,4,0.24033783400479314,0.1500637572449562,0.3306119107646301,,,48.57087196583427
Poland,2024-10-21,2023-2026,0.0818756557542222,,4,0.19898754154963802,0.12483842337099567,0.2731366597282804,,,40.15628752672989
Poland,2024-10-28,2023-2026,0.0483810693093131,,4,0.13051540755932334,0.08282722370944827,0.1782035914091984,,,26.22253956564771
Poland,2024-11-04,2023-2026,0.0483810693093131,,4,0.10739874693866176,0.06848669943477076,0.14631079444255277,,,21.518410980496036
Poland,2024-11-11,2023-2026,0.0558243107415151,,4,0.07197392761728362,0.04606747730739007,0.09788037792717717,,,14.30963165340838
Poland,2024-11-18,2023-2026,0.033494586444909,,4,0.06092767523209404,0.0388392140344269,0.08301613642976118,,,12.061772740883372
Poland,2024-11-25,2023-2026,0.029772965728808,,4,0.03938382538150906,0.02391064126742186,0.05485700949559626,,,7.677703537316383
Poland,2024-12-02,2023-2026,0.026051345012707,,4,0.03214158044022572,0.018422021200028615,0.045861139680422824,,,6.2039417337403835
Poland,2024-12-09,2023-2026,0.018608103580505,,4,0.02122334753632138,0.00931518913741947,0.03313150593522329,,,3.98213416622808
Poland,2024-12-16,2023-2026,0.014886482864404,,4,0.023399678718171682,0.011229776516411058,0.03556958091993231,,,4.425007031444101
Poland,2024-12-23,2023-2026,0.007443241432202,,4,0.021168482044342032,0.009266198928286722,0.03307076516039734,,,3.970969304079777
Poland,2024-12-30,2023-2026,0.011164862148303,,4,0.020199191686038953,0.008394663815281759,0.03200371955679615,,,3.773723406126423
Poland,2025-01-06,2023-2026,0.018608103580505,,4,0.019449363295653485,0.007712495443173151,0.03118623114813382,,,3.621136956766282
Poland,2025-01-13,2023-2026,0.0,,4,0.023381390220845167,0.011213915650471747,0.03554886479121859,,,4.421285410727998
Poland,2025-01-20,2023-2026,0.0,,4,0.012920369750102792,0.001463653447572412,0.02437708605263317,,,2.292518361118222
Poland,2025-01-27,2023-2026,0.0,,4,0.009427266760746348,-0.002114402684512448,0.020968936206005144,,,1.5816888043429287
Poland,2025-02-03,2023-2026,0.0,,4,0.012737484776838004,0.001280402320856246,0.024194567232819764,,,2.2553021539572113
Poland,2025-02-10,2023-2026,0.0,,4,0.017711956049638638,0.0061044716607945235,0.029319440438482752,,,3.267582988736686
Poland,2025-02-17,2023-2026,0.0,,4,0.021241636033647905,0.009331511139308628,0.03315176092798718,,,3.985855786944181
Poland,2025-02-24,2023-2026,0.0,,4,0.020052883707427208,0.008262108095082366,0.03184365931977205,,,3.743950440397615
Poland,2025-03-03,2023-2026,0.0,,4,0.01577337533303247,0.004263859946811069,0.02728289071925387,,,2.873091192829979
Poland,2025-03-10,2023-2026,0.0,,4,0.01613914527956183,0.004614952363422116,0.02766333819570154,,,2.9475236071519992
Poland,2025-03-17,2023-2026,0.0,,4,0.015901394814317692,0.004386945168622772,0.027415844460012613,,,2.899142537842686
Poland,2025-03-24,2023-2026,0.0,,4,0.014109122076323493,0.002643751270693306,0.02557449288195368,,,2.534423707664787
Poland,2025-03-31,2023-2026,0.0,,4,0.012847215760796702,0.0013904073348906393,0.024304024186702765,,,2.277631878253817
Poland,2025-04-07,2023-2026,0.0,,4,0.012591176798226258,0.001133475411452263,0.024048878185000254,,,2.2255291882284034
Poland,2025-04-14,2023-2026,0.0,,4,0.00897005432758459,-0.0025948069157820733,0.020534915570951252,,,1.4886482864404038
Poland,2025-04-21,2023-2026,0.0,,4,0.008476264899769789,-0.0031167333052150165,0.020069263104754594,,,1.3881645271056764
Poland,2025-04-28,2023-2026,0.0,,4,0.0071412045949373485,-0.004543744747574202,0.018826153937448898,,,1.1164862148303023
Poland,2025-05-05,2023-2026,0.0,,4,0.005732990300798809,-0.006073574428140335,0.017539555029737953,,,0.829921419690525
Poland,2025-05-12,2023-2026,0.0,,4,0.006117048744654691,-0.005653881441129701,0.017887978930439082,,,0.9080754547286464
Poland,2025-05-19,2023-2026,0.0,,4,0.0042333335200280976,-0.007729685500376201,0.016196352540432397,,,0.5247485209702424
Poland,2025-05-26,2023-2026,0.0,,4,0.003721255594886771,-0.00830136750746685,0.015743878697240393,,,0.4205431409194141
Poland,2025-06-02,2023-2026,0.0,,4,0.00406873704408983,-0.00791310256753962,0.01605057665571928,,,0.4912539345253332
Poland,2025-06-09,2023-2026,0.0,,4,0.0046173919638839815,-0.00730296779450065,0.016537751722268613,,,0.6029025560083635
Poland,2025-06-16,2023-2026,0.0,,4,0.005586682322187064,-0.006233938339078142,0.01740730298345227,,,0.800148453961717
Poland,2025-06-23,2023-2026,0.0,,4,0.0063365107125725306,-0.005414882517007381,0.018087903942152442,,,0.9527349033218584
Poland,2025-06-30,2023-2026,0.0,,4,0.007031473610978425,-0.004662052727447133,0.01872499994940398,,,1.094156490533697
Poland,2025-07-07,2023-2026,0.0,,4,0.005403797348922273,-0.006434764169746551,0.017242358867591095,,,0.7629322468007069
Poland,2025-07-14,2023-2026,0.0,,4,0.005806144290104681,-0.005993491715717112,0.017605780295926472,,,0.844807902554929
Poland,2025-07-21,2023-2026,0.0,,4,0.006245068225940136,-0.005514392141241824,0.018004528593122095,,,0.9341267997413532
Poland,2025-07-28,2023-2026,0.003721620716101,,4,0.005970740766042948,-0.005813548263956355,0.01775502979604225,,,0.8783024889998382
Poland,2025-08-04,2023-2026,0.0,,4,0.00646453019385775,-0.005275745328139343,0.01820480571585484,,,0.9787862483345656
Poland,2025-08-11,2023-2026,0.0,,4,0.006793723145734287,-0.00491891217837092,0.018506358469839494,,,1.0457754212243835
Poland,2025-08-18,2023-2026,0.007443241432202,,4,0.008019052466608032,-0.003602839671598577,0.019640944604814643,,,1.2951240092031513
Poland,2025-08-25,2023-2026,0.0,,4,0.008220225937199125,-0.00338861762302424,0.01982906949742249,,,1.3360618370802624
Poland,2025-09-01,2023-2026,0.011164862148303,,4,0.011493866958637734,2.22951104356002e-05,0.022965438806839867,,,2.0022319452623427
Poland,2025-09-08,2023-2026,0.0,,4,0.015133277926605924,0.003645145935146827,0.026621409918065022,,,2.7428344677664436
Poland,2025-09-15,2023-2026,0.0,,4,0.02314363975560102,0.011007379573448772,0.03527989993775327,,,4.372904341418686
Poland,2025-09-22,2023-2026,0.0,,4,0.037152628707679186,0.02225586495139821,0.05204939246396016,,,7.223665809952059
Poland,2025-09-29,2023-2026,0.0,,4,0.053337948841607884,0.03374369274524863,0.07293220493796713,,,10.517300143701451
Poland,2025-10-06,2023-2026,0.0,,4,0.08510506869769109,0.054474722317282426,0.11573541507809976,,,16.981755327568905
Poland,2025-10-13,2023-2026,0.0,,4,0.09819963278344573,0.06273393932539512,0.13366532624149635,,,19.64643576029723
Poland,2025-10-20,2023-2026,0.0,,4,0.09388354741439818,0.06002211886422473,0.12774497596457163,,,18.76813327129739
Poland,2025-10-27,2023-2026,0.0,,4,0.08938457707208583,0.05718494827849615,0.1215842058656755,,,17.852614575136542
Poland,2025-11-03,2023-2026,0.0,,4,0.0883604212218034,0.05653742859164662,0.12018341385196019,,,17.644203815034885
Poland,2025-11-10,2023-2026,0.0,,4,0.07041940534453354,0.0450606231573651,0.09577818753170199,,,13.993293892539796
Poland,2025-11-17,2023-2026,0.0,,4,0.059428018451323346,0.03784235289451091,0.08101368400813577,,,11.756599842163087
Poland,2025-11-24,2023-2026,0.0,,4,0.04869267052068378,0.030551037216108964,0.0668343038252586,,,9.572008481811796
Poland,2025-12-01,2023-2026,0.0,,4,0.03713434021035288,0.022242179151530844,0.05202650126917492,,,7.219944189235958
Poland,2025-12-08,2023-2026,0.0,,4,0.023911756643313006,0.011672355226748882,0.036151158059877134,,,4.529212411494929
Poland,2025-12-15,2023-2026,0.0,,4,0.02446041156310716,0.012143316990013761,0.03677750613620056,,,4.640861032977959
Poland,2025-12-22,2023-2026,0.0,,4,0.024533565552413032,0.012205862714180813,0.036861268390645255,,,4.655747515842363
Poland,2025-12-29,2023-2026,0.0,,4,0.029361728846601928,0.016212667993627798,0.04251078969957606,,,5.638255384893029
Poland,2026-01-05,2023-2026,0.0,,4,0.028374149990972316,0.01541153993774942,0.04133676004419521,,,5.437287866223575
Poland,2026-01-12,2023-2026,0.0,,4,0.025393124926757195,0.012936459399008846,0.037849790454505546,,,4.830663689499111
Poland,2026-01-19,2023-2026,0.0,,4,0.01394452560038522,0.0024814931748571543,0.025407558025913286,,,2.5009291212198788
Poland,2026-01-26,2023-2026,0.0,,4,0.017218166621823836,0.005640335906310629,0.028795997337337044,,,3.167099229401958
Poland,2026-02-02,2023-2026,0.0,,4,0.012536311306246687,0.001078303119760319,0.023994319492733056,,,2.2143643260801005
Poland,2026-02-09,2023-2026,0.0,,4,0.014804084974729384,0.0033248096993318977,0.02628336025012687,,,2.675845294876626
Poland,2026-02-16,2023-2026,0.0,,4,0.020510096140588963,0.008675466206379248,0.03234472607479868,,,3.8369909583001407
Poland,2026-02-23,2023-2026,0.0,,4,0.022064618413339242,0.010061860366033225,0.03406737646064526,,,4.1533287191687265
Poland,2026-03-02,2023-2026,0.0,,4,0.022631561830459695,0.01056033964386406,0.03470278401705533,,,4.268698961367858
Poland,2026-03-09,2023-2026,0.0,,4,0.018864131381206285,0.007175158438873104,0.030553104323539464,,,3.50204509385105
Poland,2026-03-16,2023-2026,0.0,,4,0.015279585905217694,0.0037870502982558975,0.02677212151217949,,,2.772607433495252
Poland,2026-03-23,2023-2026,0.0,,4,0.011914502397146677,0.0004501709393934534,0.023378833854899903,,,2.087829221732666
Poland,2026-03-30,2023-2026,0.0,,4,0.009445555258072835,-0.002095243985428402,0.020986354501574073,,,1.5854104250590295
Poland,2026-04-06,2023-2026,0.0,,4,0.00730580107087551,-0.004366570979198045,0.018978173120949064,,,1.149980801275212
Poland,2026-04-13,2023-2026,0.0,,4,0.00597074076604299,-0.005813548263953312,0.017755029796039292,,,0.8783024889998382
Poland,2026-04-20,2023-2026,0.0,,4,0.0049831619104134545,-0.006898217952042245,0.016864541772869154,,,0.6773349703303838
Poland,2026-04-27,2023-2026,0.003721620716101,,4,0.004599103466557522,-0.00732324763177554,0.016521454564890584,,,0.5991809352922626
United Kingdom,2020-01-06,2020-2022,0.0,0.0,1,2.5187271737752455,1.074751562003321,3.9627027855471697,,,
United Kingdom,2020-01-13,2020-2022,0.0,0.0,1,2.5187271737752455,1.074751562003321,3.9627027855471697,,,
United Kingdom,2020-01-20,2020-2022,0.0,0.0,1,2.5187271737752455,1.074751562003321,3.9627027855471697,,,
United Kingdom,2020-01-27,2020-2022,0.0005986614346391,0.0,1,2.5187271737752455,1.074751562003321,3.9627027855471697,,,
United Kingdom,2020-02-03,2020-2022,0.0032926378905151,0.0005986614346391,1,2.5187278773986526,1.0747527763111506,3.9627029784861545,,,
United Kingdom,2020-02-10,2020-2022,0.0002993307173195,0.031130394601234,1,2.518763762192418,1.0748147047669157,3.96271281961792,,,
United Kingdom,2020-02-17,2020-2022,0.0,0.0281370874280384,1,2.518760244075382,1.0748086334575342,3.9627118546932296,,,
United Kingdom,2020-02-24,2020-2022,0.0020953150212369,0.0092792522369063,1,2.5187380799380565,1.074770383669294,3.9627057762068194,,,
United Kingdom,2020-03-02,2020-2022,0.0041906300424738,0.0317290560358731,1,2.518764465815825,1.0748159190259783,3.962713012605672,,,
United Kingdom,2020-03-09,2020-2022,0.0419063004247381,0.3211818596838861,1,2.519104667733188,1.0754029034156256,3.9628064320507503,,,
United Kingdom,2020-03-16,2020-2022,0.4531867060218112,1.9468469854464072,1,2.5210153570953353,1.0786955280467416,3.963335186143929,,,
United Kingdom,2020-03-23,2020-2022,2.446729283370069,7.65777774118626,1,2.5277275725879536,1.0902073176132907,3.9652478275626164,,,
United Kingdom,2020-03-30,2020-2022,8.193879055905589,22.504581320236355,1,2.545177433085562,1.1197278518092804,3.9706270143618436,,,
United Kingdom,2020-04-06,2020-2022,16.260243226233047,48.52569990754288,1,2.575760776289546,1.170011627523387,3.981509925055705,,,
United Kingdom,2020-04-13,2020-2022,19.371486702052533,67.15634308422952,1,2.5976578885321193,1.2048388933121523,3.9904768837520863,,,
United Kingdom,2020-04-20,2020-2022,17.494683104458904,64.87005506534273,1,2.594970750740169,1.2006189367219935,3.9893225647583446,,,
United Kingdom,2020-04-27,2020-2022,13.893435244387302,69.2193303879959,1,2.6000825747931984,1.2086336095329235,3.991531540053473,,,
United Kingdom,2020-05-04,2020-2022,10.614267236151536,67.50745801564535,1,2.5980705636604196,1.2054856211535083,3.9906555061673306,,,
United Kingdom,2020-05-11,2020-2022,7.885269086349124,58.94719816174062,1,2.5880094525614155,1.1896161940454568,3.986402711077374,,,
United Kingdom,2020-05-18,2020-2022,6.014751433819206,45.55663852245018,1,2.5722711560017277,1.1643697409562352,3.98017257104722,,,
United Kingdom,2020-05-25,2020-2022,4.539050997433782,38.17723834837111,1,2.5635979420733497,1.1502396732856806,3.976956210861019,,,
United Kingdom,2020-06-01,2020-2022,3.4761276202320306,29.372724629133614,1,2.553249752624224,1.133182147334375,3.973317357914073,,,
United Kingdom,2020-06-08,2020-2022,2.510187395441816,21.371913885899144,1,2.543846177599212,1.1174966578555108,3.9701956973429136,,,
United Kingdom,2020-06-15,2020-2022,1.8241213913453884,16.066576252127295,1,2.537610666964946,1.10699964028478,3.968221693645112,,,
United Kingdom,2020-06-22,2020-2022,1.3748259846487314,14.806393932211952,1,2.5361295396928707,1.104495116412109,3.967763962973632,,,
United Kingdom,2020-06-29,2020-2022,1.1634984982211232,12.70179965873814,1,2.533655951604994,1.1003028810603679,3.96700902214962,,,
United Kingdom,2020-07-06,2020-2022,0.8037029760030141,9.856960521333054,1,2.530312333174162,1.0946172925667244,3.9660073737815997,,,
United Kingdom,2020-07-13,2020-2022,0.6273971835017943,8.713517181172344,1,2.528968412466483,1.0923259734723125,3.965610851460654,,,
United Kingdom,2020-07-20,2020-2022,0.4651599347145936,8.962560337982215,1,2.5292611198038624,1.0928253213163128,3.965696918291412,,,
United Kingdom,2020-07-27,2020-2022,0.3906265861020235,9.723459021408532,1,2.5301554251543648,1.0943499514031776,3.9659608989055517,,,
United Kingdom,2020-08-03,2020-2022,0.3289644583341946,11.091101068841594,1,2.5317628528280256,1.0970864516481875,3.966439254007864,,,
United Kingdom,2020-08-10,2020-2022,0.3154945760548145,12.377923822598374,1,2.5332752913417194,1.0996566851653453,3.9668938975180934,,,
United Kingdom,2020-08-17,2020-2022,0.2828675278669826,15.137453705567385,1,2.536518643437031,1.10515348777114,3.9678837991029217,,,
United Kingdom,2020-08-24,2020-2022,0.2086335099717321,15.936666720810605,1,2.5374579806855917,1.1067416515980733,3.96817430977311,,,
United Kingdom,2020-08-31,2020-2022,0.1888776826286413,17.334241839975622,1,2.5391005895296104,1.109514725519287,3.9686864535399335,,,
United Kingdom,2020-09-07,2020-2022,0.2179127622086384,24.401440075890395,1,2.547406863851154,1.1234565754121044,3.971357152290203,,,
United Kingdom,2020-09-14,2020-2022,0.3136985917508971,43.1449309330065,1,2.5694366091059773,1.1597686303549304,3.979104587857024,,,
United Kingdom,2020-09-21,2020-2022,0.490004384252117,48.62896900501812,1,2.5758821513272814,1.1702074128771691,3.9815568897773934,,,
United Kingdom,2020-09-28,2020-2022,0.7154004143937444,76.21079795242882,1,2.6082998407537357,1.221401133412311,3.9951985480951606,,,
United Kingdom,2020-10-05,2020-2022,1.0527461328128866,121.68541985833345,1,2.6617474265734367,1.3008615879645231,4.02263326518235,,,
United Kingdom,2020-10-12,2020-2022,1.6095012670272653,201.59265283894152,1,2.7556646162794465,1.4246662209320562,4.086663011626837,,,
United Kingdom,2020-10-19,2020-2022,2.5320385378061436,242.5889878830282,1,2.803848747201875,1.479985111757132,4.127712382646617,,,
United Kingdom,2020-10-26,2020-2022,3.627588963195727,286.37867718114103,1,2.8553159849421195,1.5327758429060934,4.177856126978146,,,
United Kingdom,2020-11-02,2020-2022,4.924888292058694,322.3663113323196,1,2.89761325062853,1.5712758523612353,4.2239506488958245,,,
United Kingdom,2020-11-09,2020-2022,6.01834340242704,333.26584074207665,1,2.9104237701910187,1.5820713664348622,4.238776173947175,,,
United Kingdom,2020-11-16,2020-2022,6.613712199175642,357.66099487290336,1,2.9390960722211514,1.6047900912464552,4.273402053195848,,,
United Kingdom,2020-11-23,2020-2022,7.202495720143212,334.7110094452955,1,2.9121223170959065,1.5834727206745418,4.240771913517271,,,
United Kingdom,2020-11-30,2020-2022,6.951057917594783,249.3918770955498,1,2.811844371789156,1.4886146130422626,4.13507413053605,,,
United Kingdom,2020-12-07,2020-2022,6.694830823569242,217.429941761602,1,2.7742786217042035,1.4467079556215519,4.101849287786855,,,
United Kingdom,2020-12-14,2020-2022,7.191121152885069,251.1606223041911,1,2.813923227145615,1.4908325081740297,4.1370139461172,,,
United Kingdom,2020-12-21,2020-2022,8.298644806967435,378.48363689252113,1,2.9635695015690473,1.6226198265770095,4.304519176561085,,,
United Kingdom,2020-12-28,2020-2022,10.024585723032008,521.0123525899673,1,3.1310874587226816,1.7081623745771215,4.554012542868241,,,
United Kingdom,2021-01-04,2020-2022,12.427612721673423,655.3073782461045,1,3.288928131345918,1.7378914097239782,4.839964852967858,,,
United Kingdom,2021-01-11,2020-2022,16.531736186841886,868.2710063745815,1,3.539230196845747,1.710804937073992,5.367655456617502,,,
United Kingdom,2021-01-18,2020-2022,19.9509909707832,738.9439726337969,1,3.387228543066841,1.7364326904759928,5.03802439565769,,,
United Kingdom,2021-01-25,2020-2022,19.044916889456896,583.6607750713644,1,3.2047198892236284,1.7274840991265477,4.681955679320709,,,
United Kingdom,2021-02-01,2020-2022,15.778919432783198,421.6794540474719,1,3.014338744889388,1.6551193163651803,4.3735581734135955,,,
United Kingdom,2021-02-08,2020-2022,11.988793890082947,314.21373991540406,1,2.888031307069803,1.562938964338934,4.213123649800672,,,
United Kingdom,2021-02-15,2020-2022,9.153832666349413,229.62467518520083,1,2.788611430508086,1.4631049867117636,4.114117874304409,,,
United Kingdom,2021-02-22,2020-2022,6.619998144239352,178.4735455560481,1,2.7284920875416785,1.3909877271879225,4.065996447895435,,,
United Kingdom,2021-03-01,2020-2022,4.487865444772138,150.22510710116674,1,2.6952909134513496,1.347452089088985,4.0431297378137145,,,
United Kingdom,2021-03-08,2020-2022,3.084603041978049,101.85356251304344,1,2.6384384939643932,1.2669827816637025,4.009894206265084,,,
United Kingdom,2021-03-15,2020-2022,2.116567502166597,84.64384225147275,1,2.6182114318787177,1.2366090107255747,3.9998138530318608,,,
United Kingdom,2021-03-22,2020-2022,1.5616083522561357,82.37072478414802,1,2.615539773801725,1.232530558677618,3.998548988925832,,,
United Kingdom,2021-03-29,2020-2022,1.0416708962720629,80.6226333950018,1,2.613485193452813,1.2293836441932025,3.997586742712424,,,
United Kingdom,2021-04-05,2020-2022,0.7728719121190996,68.7035835620543,1,2.5994764032279285,1.2076860958256328,3.9912667106302244,,,
United Kingdom,2021-04-12,2020-2022,0.6414657272158134,45.94157782492313,1,2.5727235858525326,1.1651026189805749,3.9803445527244903,,,
United Kingdom,2021-04-19,2020-2022,0.5202367867013924,40.1635969885037,1,2.565932564538312,1.154058170942391,3.9778069581342335,,,
United Kingdom,2021-04-26,2020-2022,0.392422570405941,35.27672369754459,1,2.5601888866656517,1.1446440713951842,3.975733701936119,,,
United Kingdom,2021-05-03,2020-2022,0.2687989841529634,32.91620166076255,1,2.5574144995712134,1.140072958432608,3.974756040709819,,,
United Kingdom,2021-05-10,2020-2022,0.2388659124210075,29.972284055924693,1,2.5539544314664964,1.1343505119818906,3.973558350951102,,,
United Kingdom,2021-05-17,2020-2022,0.1948642969750324,32.60280239972898,1,2.5570461527175645,1.1394649051622867,3.9746274002728423,,,
United Kingdom,2021-05-24,2020-2022,0.1652305559603961,33.25624135563756,1,2.5578141576664812,1.1407323917278582,3.9748959236051045,,,
United Kingdom,2021-05-31,2020-2022,0.1724144931760656,40.5509309367152,1,2.566387808882746,1.1548014807418818,3.97797413702361,,,
United Kingdom,2021-06-07,2020-2022,0.1754078003492611,57.88337679238691,1,2.5867591137668895,1.1876292276575735,3.9858889998762055,,,
United Kingdom,2021-06-14,2020-2022,0.2047422106465779,91.10100448549026,1,2.6258007139483635,1.2481101644146366,4.00349126348209,,,
United Kingdom,2021-06-21,2020-2022,0.2478458339405942,123.13837116020258,1,2.663455120582618,1.3032956693921973,4.023614571773039,,,
United Kingdom,2021-06-28,2020-2022,0.3080113081218255,180.60597758623263,1,2.730998394117988,1.394168219645455,4.067828568590521,,,
United Kingdom,2021-07-05,2020-2022,0.4418121387636681,305.79566215222616,1,2.8781373065299998,1.5540944087979232,4.202180204262076,,,
United Kingdom,2021-07-12,2020-2022,0.6273971835017943,428.6987593686155,1,3.022588729338358,1.6598407433538493,4.385336715322866,,,
United Kingdom,2021-07-19,2020-2022,0.9111627035207356,557.8171595994282,1,3.1743451703598677,1.7207414118939823,4.627948928825753,,,
United Kingdom,2021-07-26,2020-2022,1.1266808199908176,660.4537712689797,1,3.294976829965583,1.7382016258065858,4.85175203412458,,,
United Kingdom,2021-08-02,2020-2022,1.329028384898839,434.2645147264554,1,3.0291303161547396,1.6634753789538566,4.394785253355622,,,
United Kingdom,2021-08-09,2020-2022,1.3637507481079076,392.67939616140114,1,2.9802541716113677,1.6339618075212714,4.326546535701464,,,
United Kingdom,2021-08-16,2020-2022,1.4325968130914062,419.7831939532525,1,3.012110017747203,1.6538173559552674,4.370402679539139,,,
United Kingdom,2021-08-23,2020-2022,1.710675049481276,458.7737138605808,1,3.057936658443937,1.6783493702014334,4.43752394668644,,,
United Kingdom,2021-08-30,2020-2022,1.8639323767488896,506.0374354639045,1,3.1134870228159404,1.701997050808523,4.524976994823358,,,
United Kingdom,2021-09-06,2020-2022,2.155779826135459,516.49156076629,1,3.1257740465635004,1.7063664275779233,4.5451816655490775,,,
United Kingdom,2021-09-13,2020-2022,2.241089080571533,552.6174857088703,1,3.1682338492569655,1.7191803835286281,4.617287314985303,,,
United Kingdom,2021-09-20,2020-2022,2.2497696713738,453.23699358232096,1,3.0514291973628023,1.6751489026203932,4.427709492105212,,,
United Kingdom,2021-09-27,2020-2022,1.968698127810735,473.2688038467805,1,3.074973140189838,1.6862943041403387,4.463651976239337,,,
United Kingdom,2021-10-04,2020-2022,1.814243477673843,506.9081885205871,1,3.1145104430616573,1.7023726073118002,4.526648278811514,,,
United Kingdom,2021-10-11,2020-2022,1.8642317074662091,504.1633258427667,1,3.1112843297398207,1.7011815362631049,4.521387123216536,,,
United Kingdom,2021-10-18,2020-2022,2.1222547857956684,589.5593861868635,1,3.211652690654392,1.728791356810168,4.694514024498615,,,
United Kingdom,2021-10-25,2020-2022,2.3820738484290453,682.1950592600512,1,3.3205299694317687,1.7389090800568703,4.902150858806667,,,
United Kingdom,2021-11-01,2020-2022,2.635008304564072,632.1026623780577,1,3.261654984460926,1.7357891384356468,4.787520830486206,,,
United Kingdom,2021-11-08,2020-2022,2.4530152284337805,570.1627557045562,1,3.188855292262355,1.7241711723378423,4.653539412186868,,,
United Kingdom,2021-11-15,2020-2022,2.232109159051946,522.9367497716147,1,3.1333492561650025,1.7089098854913347,4.55778862683867,,,
United Kingdom,2021-11-22,2020-2022,2.0204823419070186,598.1163534028777,1,3.2217099318246567,1.7305385858558593,4.712881277793454,,,
United Kingdom,2021-11-29,2020-2022,1.9636095056163028,629.2045423729697,1,3.2582487435468566,1.7354438770887355,4.781053610004978,,,
United Kingdom,2021-12-06,2020-2022,2.007311790344958,661.475087676474,1,3.296177211498201,1.7382565929039666,4.854097830092435,,,
United Kingdom,2021-12-13,2020-2022,1.8525578094907469,732.9127580105251,1,3.380139889051391,1.7369769725902524,5.02330280551253,,,
United Kingdom,2021-12-20,2020-2022,1.799276941807865,992.7803122201076,1,3.6855694412555198,1.6655340675138066,5.705604814997233,,,
United Kingdom,2021-12-27,2020-2022,1.893566117763526,1635.4005580126225,1,4.44085885976992,1.2615789156384323,7.620138803901407,,,
United Kingdom,2022-01-03,2020-2022,2.5089900725725376,2267.808537722346,1,5.184145518393252,0.7487499978522116,9.619541038934292,,,
United Kingdom,2022-01-10,2020-2022,3.2552215508501967,2947.9241464891784,1,5.983504278144999,0.15412781562191036,11.812880740668088,,,
United Kingdom,2022-01-17,2020-2022,3.5198299049606865,2061.7166448713742,1,4.941919994172528,0.9219979957937161,8.961841992551339,,,
United Kingdom,2022-01-24,2020-2022,3.238459030680301,1501.2085021232433,1,4.283139210372714,1.36050889713542,7.205769523610009,,,
United Kingdom,2022-01-31,2020-2022,2.9115898873673443,1525.125026437076,1,4.311248965488821,1.3432538355027819,7.27924409547486,,,
United Kingdom,2022-02-07,2020-2022,2.453613889868419,1359.016832813499,1,4.116017393197312,1.4590560122614584,6.772978774133167,,,
United Kingdom,2022-02-14,2020-2022,2.0417348228367076,1026.343666891715,1,3.7250173839546292,1.650595061219052,5.799439706690206,,,
United Kingdom,2022-02-21,2020-2022,1.8375912736247688,743.2474503567001,1,3.3922865399292226,1.7360053310809596,5.048567748777486,,,
United Kingdom,2022-02-28,2020-2022,1.7007971358097305,595.0254644158359,1,3.2180771241734814,1.729927688867829,4.706226559479134,,,
United Kingdom,2022-03-07,2020-2022,1.6349443779994275,522.4230982606944,1,3.1327455472816577,1.7087113521476631,4.556779742415652,,,
United Kingdom,2022-03-14,2020-2022,1.8016715875464215,755.5622153979441,1,3.4067604252262407,1.7346060750830967,5.078914775369385,,,
United Kingdom,2022-03-21,2020-2022,2.312629122010907,1114.851868703783,1,3.82904353115133,1.606624928852749,6.0514621334499115,,,
United Kingdom,2022-03-28,2020-2022,2.5293445613502676,1260.5888110294604,1,4.000332206143943,1.5224159821158283,6.478248430172058,,,
United Kingdom,2022-04-04,2020-2022,2.8355598851681765,1145.1573078480849,1,3.8646623552686665,1.5902154082137732,6.1391093023235594,,,
United Kingdom,2022-04-11,2020-2022,2.9499042191842473,770.3695073223081,1,3.4241638465789768,1.7325858910800516,5.115741802077902,,,
United Kingdom,2022-04-18,2020-2022,2.5838227519024275,520.896810933082,1,3.1309516594050995,1.708117171753525,4.553786147056674,,,
United Kingdom,2022-04-25,2020-2022,2.1243501008169057,360.1511271102848,1,2.94202279378324,1.6069976071876224,4.277047980378858,,,
United Kingdom,2022-05-02,2020-2022,1.660986150406229,244.61605550071627,1,2.806231216058524,1.4825729041568068,4.129889527960241,,,
United Kingdom,2022-05-09,2020-2022,1.3571654723268776,165.48378974724852,1,2.713224866853085,1.3712911641245107,4.05515856958166,,,
United Kingdom,2022-05-16,2020-2022,1.0377795969469088,141.3478560176206,1,2.6848572337582532,1.3332375786722925,4.036476888844214,,,
United Kingdom,2022-05-23,2020-2022,0.8141795511091986,116.066682963528,1,2.655143569085521,1.2913866992029535,4.018900438968089,,,
United Kingdom,2022-05-30,2020-2022,0.6115326554838577,96.2147704601776,1,2.631811065092338,1.2571294497138292,4.006492680470847,,,
United Kingdom,2022-06-06,2020-2022,0.5411899369137615,89.82316165325305,1,2.6242988297857766,1.2458440751353377,4.002753584436215,,,
United Kingdom,2022-06-13,2020-2022,0.572021000797676,127.0883393059515,1,2.6680976278230704,1.3098794826213205,4.0263157730248205,,,
United Kingdom,2022-06-20,2020-2022,0.7246796666306506,181.53749477853108,1,2.7320932321395315,1.3955528599304954,4.068633604348568,,,
United Kingdom,2022-06-27,2020-2022,0.9590556182918648,240.49217620820468,1,2.8013843062182913,1.477293602716928,4.125475009719654,,,
United Kingdom,2022-07-04,2020-2022,1.2458144454840017,306.812787929678,1,2.8793327626987675,1.555175828383892,4.203489697013643,,,
United Kingdom,2022-07-11,2020-2022,1.694810521463339,385.7813197807719,1,2.9721466709023474,1.6285322102960988,4.315761131508596,,,
United Kingdom,2022-07-18,2020-2022,2.071069233134024,382.0956606584162,1,2.967814813396157,1.6255678744325035,4.31006175235981,,,
United Kingdom,2022-07-25,2020-2022,1.984562655828672,279.7754415570716,1,2.8475550187611267,1.5252335321984662,4.169876505323787,,,
United Kingdom,2022-08-01,2020-2022,1.5253893354604693,186.7216034717885,1,2.7381862590338475,1.4032063450056602,4.0731661730620345,,,
United Kingdom,2022-08-08,2020-2022,1.3203477940965718,133.7415631598133,1,2.675917346558561,1.320858075024993,4.030976618092129,,,
United Kingdom,2022-08-15,2020-2022,1.2817341315623487,104.63195023120356,1,2.6417040101970306,1.2718021195629372,4.011605900831124,,,
United Kingdom,2022-08-22,2020-2022,0.9779134534829972,84.06284132915549,1,2.6175285653620675,1.2355680391227268,3.999489091601408,,,
United Kingdom,2022-08-29,2020-2022,0.8132815589572399,66.11287620365353,1,2.596431472933437,1.2029147834216316,3.989948162445242,,,
United Kingdom,2022-09-05,2020-2022,0.7255776587826094,59.79340609960302,1,2.5890040242474384,1.191194382101395,3.9868136663934814,,,
United Kingdom,2022-09-12,2020-2022,0.6462550186929265,62.51192767429924,1,2.5921991781393596,1.1962504679866484,3.9881478882920707,,,
United Kingdom,2022-09-19,2020-2022,0.6453570265409677,62.76246748469571,1,2.5924936445352564,1.1967153625946256,3.9882719264758872,,,
United Kingdom,2022-09-26,2020-2022,0.7737699042710583,75.99108920591627,1,2.608041610963307,1.2210021000952733,3.995081121831341,,,
United Kingdom,2022-10-03,2020-2022,1.098543732562779,105.23809493377568,1,2.6424164288967815,1.2728503858575801,4.011982471935983,,,
United Kingdom,2022-10-10,2020-2022,1.4574412626289297,129.75358001296482,1,2.671230159231754,1.3142942046084718,4.028166113855036,,,
United Kingdom,2022-10-17,2020-2022,1.6367403623033447,134.29322967183325,1,2.6765657355282606,1.3217621096121823,4.031369361444339,,,
United Kingdom,2022-10-24,2020-2022,1.5975280383344828,119.27371226888977,1,2.658912879677686,1.2968067720172878,4.021018987338085,,,
United Kingdom,2022-10-31,2020-2022,1.384404567602957,92.37645267198889,1,2.627299783617321,1.2503671013694173,4.004232465865225,,,
United Kingdom,2022-11-07,2020-2022,1.1278781428600957,67.54756833176617,1,2.5981177064286998,1.2055594785164476,3.9906759343409517,,,
United Kingdom,2022-11-14,2020-2022,0.8806309703541405,52.82378967753442,1,2.580812440541263,1.1781346471966838,3.983490233885842,,,
United Kingdom,2022-11-21,2020-2022,0.8477045914489892,47.283477430666714,1,2.5743007577196857,1.1676541596990953,3.980947355740276,,,
United Kingdom,2022-11-28,2020-2022,0.7782598650308516,46.6650601686845,1,2.5735739147400873,1.1664789093552101,3.9806689201249643,,,
United Kingdom,2022-12-05,2020-2022,0.8462079378623913,51.64412732057803,1,2.5794259506174506,1.1759104230138084,3.982941478221093,,,
United Kingdom,2022-12-12,2020-2022,1.0383782583815475,59.66289790685168,1,2.588850634344677,1.1909511173924512,3.986750151296903,,,
United Kingdom,2022-12-19,2020-2022,1.3682407088677009,75.7130109695264,1,2.607714777890681,1.2204968522362873,3.994932703545074,,,
United Kingdom,2022-12-26,2020-2022,1.8654290303354877,96.88287662123484,1,2.63259630881473,1.2583019600151242,4.006890657614337,,,
United Kingdom,2023-01-02,2023-2026,2.0423334842713463,89.4780333361836,1,2.095499235292589,1.9372828453288937,2.2537156252562847,,,
United Kingdom,2023-01-09,2023-2026,1.8417819036672425,82.23482863848494,1,1.9183279410918446,1.772074921449001,2.064580960734688,,,
United Kingdom,2023-01-16,2023-2026,1.5607103601041772,54.78051457665237,1,1.2467859156022127,1.1453002865151363,1.3482715446892892,,,
United Kingdom,2023-01-23,2023-2026,1.2033094836246243,33.128427139342115,1,0.7171683618369894,0.6494648006850602,0.7848719229889186,,,
United Kingdom,2023-01-30,2023-2026,1.0623247157671123,31.5410763453965,1,0.6783412119425128,0.6129965941636089,0.7436858297214168,,,
United Kingdom,2023-02-06,2023-2026,1.0042545566071182,40.062722536767005,1,0.886783627621536,0.8085321755754745,0.9650350796675974,,,
United Kingdom,2023-02-13,2023-2026,0.9979686115434072,47.142193332091885,1,1.0599499338923775,0.9706310212122743,1.1492688465724805,,,
United Kingdom,2023-02-20,2023-2026,1.082379873827523,53.549068005599715,1,1.2166643061988793,1.1171526220135606,1.316175990384198,,,
United Kingdom,2023-02-27,2023-2026,1.160205860330608,60.18942063861679,1,1.379089630215299,1.2688879430502928,1.4892913173803053,,,
United Kingdom,2023-03-06,2023-2026,1.3407022828743018,56.44060273490664,1,1.2873922466063177,1.1832390982161267,1.3915453949965086,,,
United Kingdom,2023-03-13,2023-2026,1.4305014980701691,59.44348849105644,1,1.3608438716754088,1.251848254482177,1.4698394888686406,,,
United Kingdom,2023-03-20,2023-2026,1.513416106767687,67.1623296985759,1,1.5496493995518703,1.4281210767066637,1.671177722397077,,,
United Kingdom,2023-03-27,2023-2026,1.5400565406091276,67.7789509762542,1,1.5647321694524212,1.4421981683791107,1.6872661705257317,,,
United Kingdom,2023-04-03,2023-2026,1.295802675276368,59.64523739452983,1,1.3657787196914144,1.2564570209837314,1.4751004183990974,,,
United Kingdom,2023-04-10,2023-2026,1.2179766887732828,43.10541927832031,1,0.9612090431744978,0.8782309966466172,1.0441870897023784,,,
United Kingdom,2023-04-17,2023-2026,1.1111156226902004,32.20918250645376,1,0.6946833199124305,0.6283488109641671,0.7610178288606939,,,
United Kingdom,2023-04-24,2023-2026,0.9776141227656776,29.194024190893845,1,0.6209315037919203,0.559026884067343,0.6828361235164976,,,
United Kingdom,2023-05-01,2023-2026,0.7785591957481712,24.849538159717778,1,0.5146638715896883,0.45894322711007773,0.5703845160692989,,,
United Kingdom,2023-05-08,2023-2026,0.69803923278921,23.6959175751682,1,0.48644591275632737,0.4323189973646427,0.540572828148012,,,
United Kingdom,2023-05-15,2023-2026,0.5995594267910753,20.728352843662098,1,0.4138582521766852,0.3637159897116559,0.4640005146417145,,,
United Kingdom,2023-05-22,2023-2026,0.5477752126947918,17.10555317194348,1,0.32524331814446705,0.2796900728661076,0.3707965634228265,,,
United Kingdom,2023-05-29,2023-2026,0.4636632811279959,14.912357006143074,1,0.2715969807360504,0.2286364480507793,0.31455751342132143,,,
United Kingdom,2023-06-05,2023-2026,0.3885312710807866,12.179467557015508,1,0.20474955879817128,0.16477427453360072,0.24472484306274184,,,
United Kingdom,2023-06-12,2023-2026,0.3681767823030567,10.70885574282452,1,0.16877788475865357,0.13027571133666488,0.20728005818064227,,,
United Kingdom,2023-06-19,2023-2026,0.3098072924257428,8.843127381771712,1,0.12314152321004428,0.08635162748932296,0.1599314189307656,,,
United Kingdom,2023-06-26,2023-2026,0.2188107543605971,6.520321015371939,1,0.06632487542932791,0.031385961994026455,0.10126378886462936,,,
United Kingdom,2023-07-03,2023-2026,0.1879796904766826,5.1266371955320755,1,0.032234886760897905,-0.0017626506254795615,0.06623242414727537,,,
United Kingdom,2023-07-10,2023-2026,0.1403861064228728,4.674348481662222,1,0.021171748256173177,-0.012549943278370994,0.05489343979071735,,,
United Kingdom,2023-07-17,2023-2026,0.1355968149457599,6.062943679307653,1,0.055137267464258725,0.020522102786154427,0.08975243214236303,,,
United Kingdom,2023-07-24,2023-2026,0.1487673665078204,6.999549493800552,1,0.07804696990058119,0.04275389551819394,0.11334004428296843,,,
United Kingdom,2023-07-31,2023-2026,0.2071368563851343,8.693761353829252,1,0.11948797846228953,0.08282691785898397,0.1561490390655951,,,
United Kingdom,2023-08-07,2023-2026,0.2529344561350267,11.90797459640667,1,0.19810874700215197,0.1584129918292289,0.23780450217507504,,,
United Kingdom,2023-08-14,2023-2026,0.382245326017076,14.74652778874804,1,0.26754074067541717,0.22476959826000803,0.3103118830908263,,,
United Kingdom,2023-08-21,2023-2026,0.4765345019727368,17.444096213231898,1,0.33352419812384726,0.28755718896870924,0.3794912072789853,,,
United Kingdom,2023-08-28,2023-2026,0.4229543035725359,18.411233760891395,1,0.3571807173222356,0.3100135130416871,0.4043479216027841,,,
United Kingdom,2023-09-04,2023-2026,0.5007802900756211,19.650163599877043,1,0.38748537004960515,0.3387439176793927,0.4362268224198176,,,
United Kingdom,2023-09-11,2023-2026,0.6405677350638548,27.091824563158585,1,0.5695109732037796,0.5106316443837069,0.6283903020238524,,,
United Kingdom,2023-09-18,2023-2026,0.5798035994479845,27.51687418175236,1,0.5799078340090137,0.5204214853873396,0.6393941826306878,,,
United Kingdom,2023-09-25,2023-2026,0.5857902137943756,26.58505765873657,1,0.557115279300074,0.49895637824036687,0.6152741803597811,,,
United Kingdom,2023-10-02,2023-2026,0.6708001375131303,32.78659146016318,1,0.7088069427950336,0.6416134147060396,0.7760004708840277,,,
United Kingdom,2023-10-09,2023-2026,0.7797565186174494,37.041577606860706,1,0.8128853768417975,0.7392725562709112,0.8864981974126839,,,
United Kingdom,2023-10-16,2023-2026,0.7471294704296175,31.64733875004494,1,0.6809404271438212,0.6154386657613977,0.7464421885262447,,,
United Kingdom,2023-10-23,2023-2026,0.3684761130203763,22.343541394318432,1,0.4533663232365753,0.40107717328295744,0.5056554731901931,,,
United Kingdom,2023-10-30,2023-2026,0.0,17.135785574392752,1,0.32598281317357164,0.2803927568865569,0.3715728694605864,,,
United Kingdom,2023-11-06,2023-2026,0.0,20.499065514195312,1,0.4082498047282277,0.3584077085095425,0.4580919009469129,,,
United Kingdom,2023-11-13,2023-2026,0.0,10.250281083890956,1,0.15756098986173878,0.11949669582786888,0.19562528389560868,,,
United Kingdom,2023-11-20,2023-2026,0.0,10.989927286387584,1,0.17565299200943849,0.1368772333163265,0.21442875070255046,,,
United Kingdom,2023-11-27,2023-2026,0.0,9.956936980917789,1,0.1503856915595349,0.11259584384325243,0.18817553927581737,,,
United Kingdom,2023-12-04,2023-2026,0.0,11.354512100082806,1,0.1845708627564633,0.1454345052621523,0.22370722025077433,,,
United Kingdom,2023-12-11,2023-2026,0.0,15.89925038114566,1,0.29573673430989367,0.25162914257846636,0.339844326041321,,,
United Kingdom,2023-12-18,2023-2026,0.0,19.962066207324025,1,0.39511461579541757,0.34597075943988004,0.4442584721509551,,,
United Kingdom,2023-12-25,2023-2026,0.0,22.58749592893387,1,0.4593335356001427,0.40671545210157556,0.5119516190987098,,,
United Kingdom,2024-01-01,2023-2026,0.0,21.37849916168017,1,0.42976105616891647,0.3787612956708908,0.48076081666694215,,,
United Kingdom,2024-01-08,2023-2026,0.0,18.64620837398725,1,0.36292827769696023,0.3154655747650626,0.41039098062885787,,,
United Kingdom,2024-01-15,2023-2026,0.0,14.23347493926232,1,0.2549912903795217,0.2127997117389613,0.297182869020082,,,
United Kingdom,2024-01-22,2023-2026,0.0,13.806030674929987,1,0.24453585571059586,0.20281954580113218,0.2862521656200595,,,
United Kingdom,2024-01-29,2023-2026,0.0,13.919177686076782,1,0.2473034707700176,0.205462040535348,0.2891449010046872,,,
United Kingdom,2024-02-05,2023-2026,0.0,10.874684960219554,1,0.17283412481928678,0.13417100940225096,0.2114972402363226,,,
United Kingdom,2024-02-12,2023-2026,0.0,8.571933751880191,1,0.11650803314698659,0.07995110244067004,0.15306496385330315,,,
United Kingdom,2024-02-19,2023-2026,0.0,6.0449838362684805,1,0.05469796348657303,0.020095221592496028,0.08930070538065002,,,
United Kingdom,2024-02-26,2023-2026,0.0,4.171772207282684,1,0.00887855861392811,-0.02455441254765873,0.04231152977551495,,,
United Kingdom,2024-03-04,2023-2026,0.0,3.304311788490604,1,-0.012339823508303408,-0.045319905624030016,0.020640258607423204,,,
United Kingdom,2024-03-11,2023-2026,0.0,3.3944103344037915,1,-0.010135981886912315,-0.04316036930556657,0.022888405531741936,,,
United Kingdom,2024-03-18,2023-2026,0.0,3.6395621918885097,1,-0.004139482591499234,-0.03728765617899911,0.029008690996000643,,,
United Kingdom,2024-03-25,2023-2026,0.0,3.168116312110205,1,-0.015671212005755265,-0.048585542518724656,0.017243118507214123,,,
United Kingdom,2024-04-01,2023-2026,0.0,3.065445876069597,1,-0.018182566411526883,-0.05104830702963499,0.014683174206581221,,,
United Kingdom,2024-04-08,2023-2026,0.0,3.314788363596789,1,-0.012083562854653321,-0.04506876376011101,0.020901638050804368,,,
United Kingdom,2024-04-15,2023-2026,0.0,3.1262100116854667,1,-0.016696254620356014,-0.04959065084963299,0.016198141608920958,,,
United Kingdom,2024-04-22,2023-2026,0.0,3.4384119498497663,1,-0.009059687141581563,-0.04210594496211043,0.023986570678947307,,,
United Kingdom,2024-04-29,2023-2026,0.0,4.322634888811742,1,0.01256871202649009,-0.020948931613258448,0.04608635566623863,,,
United Kingdom,2024-05-06,2023-2026,0.0,6.011458795928689,1,0.053877929394892325,0.01929831748944237,0.08845754130034228,,,
United Kingdom,2024-05-13,2023-2026,0.0,6.210513722946196,1,0.05874688181424509,0.024028808663438837,0.09346495496505133,,,
United Kingdom,2024-05-20,2023-2026,0.0,5.475058150492041,1,0.04075738392800539,0.006537242405900957,0.07497752545010983,,,
United Kingdom,2024-05-27,2023-2026,0.0,4.835987069014784,1,0.02512548405534685,-0.008693067303474633,0.05894403541416833,,,
United Kingdom,2024-06-03,2023-2026,0.0,5.09580613164816,1,0.03148074826587047,-0.002497511618865203,0.06545900815060614,,,
United Kingdom,2024-06-10,2023-2026,0.0,6.088985451714455,1,0.05577425823190333,0.02114104127060635,0.0904074751932003,,,
United Kingdom,2024-06-17,2023-2026,0.0,8.134012912441678,1,0.10579633782441081,0.06960653058895883,0.1419861450598628,,,
United Kingdom,2024-06-24,2023-2026,0.0,10.254471713933428,1,0.1576634941231988,0.11959524707545133,0.19573174117094627,,,
United Kingdom,2024-07-01,2023-2026,0.0,10.292187384315692,1,0.15858603247633904,0.12048216763302765,0.19668989731965042,,,
United Kingdom,2024-07-08,2023-2026,0.0,10.155991907935292,1,0.15525464397888758,0.11727905300938145,0.1932302349483937,,,
United Kingdom,2024-07-15,2023-2026,0.0,11.243460403957249,1,0.18185449982777205,0.14282865537625222,0.22088034427929187,,,
United Kingdom,2024-07-22,2023-2026,0.0,10.908210000559343,1,0.17365415891096744,0.13495834163634526,0.21234997618558962,,,
United Kingdom,2024-07-29,2023-2026,0.0,8.936518565575414,1,0.1254259038940114,0.08855480621928413,0.16229700156873866,,,
United Kingdom,2024-08-05,2023-2026,0.0,7.45513084556092,1,0.08919064746788154,0.05354711677903584,0.12483417815672723,,,
United Kingdom,2024-08-12,2023-2026,0.0,5.554680121299044,1,0.04270496489574642,0.008432738811340802,0.07697719098015204,,,
United Kingdom,2024-08-19,2023-2026,0.0,4.754269783186545,1,0.02312665095687582,-0.010642691431434065,0.056895993345185705,,,
United Kingdom,2024-08-26,2023-2026,0.0,4.333111463917926,1,0.012824972680140146,-0.020698614921536598,0.046348560281816886,,,
United Kingdom,2024-09-02,2023-2026,0.0,4.77731824842015,1,0.023690424394905974,-0.010092747649739716,0.05747359643955166,,,
United Kingdom,2024-09-09,2023-2026,0.0,4.955420025225288,1,0.028046855506958582,-0.005844498546156068,0.06193820956007323,,,
United Kingdom,2024-09-16,2023-2026,0.0,5.227810977986087,1,0.034709632501861876,0.0006483527045328119,0.06877091229919094,,,
United Kingdom,2024-09-23,2023-2026,0.0,7.344079149435364,1,0.0864742845391903,0.05091739585677377,0.12203117322160684,,,
United Kingdom,2024-09-30,2023-2026,0.0,7.5137996661555535,1,0.0906257071283224,0.05493609053104214,0.12631532372560264,,,
United Kingdom,2024-10-07,2023-2026,0.0,8.226206773376102,1,0.10805143157653191,0.07178527911006433,0.1443175840429995,,,
United Kingdom,2024-10-14,2023-2026,0.0,8.500693041158138,1,0.11476546070216567,0.0782690221508941,0.15126189925343725,,,
United Kingdom,2024-10-21,2023-2026,0.0,8.190586418015075,1,0.10718014535412121,0.0709435501101765,0.14341674059806592,,,
United Kingdom,2024-10-28,2023-2026,0.0,6.294326323795672,1,0.06079696704344612,0.026019787621768806,0.09557414646512344,,,
United Kingdom,2024-11-04,2023-2026,0.0,4.502831980638115,1,0.016976395269272235,-0.016644634744278478,0.05059742528282295,,,
United Kingdom,2024-11-11,2023-2026,0.0,3.6626106571221153,1,-0.0035757091534686348,-0.036735762713930024,0.029584344406992754,,,
United Kingdom,2024-11-18,2023-2026,0.0,2.9124878795193028,1,-0.021923971954818856,-0.054718889536230095,0.010870945626592382,,,
United Kingdom,2024-11-25,2023-2026,0.0,2.973252015135173,1,-0.020437660163647977,-0.05326048793689328,0.01238516760959733,,,
United Kingdom,2024-12-02,2023-2026,0.0,2.94810823488033,1,-0.021052685732408167,-0.05386392843161393,0.011758556966797593,,,
United Kingdom,2024-12-09,2023-2026,0.0,2.977442645177647,1,-0.020335155902187953,-0.053159919461780364,0.012489607657404454,,,
United Kingdom,2024-12-16,2023-2026,0.0,2.927155084667961,1,-0.02156520703970831,-0.054366834357529044,0.011236420278112426,,,
United Kingdom,2024-12-23,2023-2026,0.0,3.157639737004021,1,-0.01592747265940533,-0.04883680647147852,0.016981861152667862,,,
United Kingdom,2024-12-30,2023-2026,0.0,2.510187395441816,1,-0.031764381054983956,-0.0643820533289148,0.0008532912189469014,,,
United Kingdom,2025-01-06,2023-2026,0.0,2.5458077508028434,1,-0.030893094832573704,-0.06352592903284388,0.001739739367696471,,,
United Kingdom,2025-01-13,2023-2026,0.0,2.1916995122138063,1,-0.03955470492594844,-0.07204144595332526,-0.0070679638985716095,,,
United Kingdom,2025-01-20,2023-2026,0.0,2.08064781608825,1,-0.04227106785463968,-0.07471412682057849,-0.009828008888700876,,,
United Kingdom,2025-01-27,2023-2026,0.0,2.011502420387432,1,-0.04396238816873061,-0.07637876701949475,-0.011546009317966462,,,
United Kingdom,2025-02-03,2023-2026,0.0,2.0429321457059855,1,-0.0431936062077804,-0.0756220630002881,-0.010765149415272693,,,
United Kingdom,2025-02-10,2023-2026,0.0,1.9758820650264044,1,-0.04483367439114132,-0.07723646452984467,-0.01243088425243797,,,
United Kingdom,2025-02-17,2023-2026,0.0,2.070171240982065,1,-0.04252732850828976,-0.07496631943466718,-0.01008833758191234,,,
United Kingdom,2025-02-24,2023-2026,0.0,2.3593247139127587,1,-0.035454534467545915,-0.06800914507958644,-0.0028999238555053805,,,
United Kingdom,2025-03-03,2023-2026,0.0,2.1078869113643295,1,-0.04160479015514949,-0.07405846875969925,-0.009151111550599736,,,
United Kingdom,2025-03-10,2023-2026,0.0,2.197985457277517,1,-0.0394009485337584,-0.07189019273432647,-0.006911704333190327,,,
United Kingdom,2025-03-17,2023-2026,0.0,2.2000807722987537,1,-0.039349696403028385,-0.07183977572225858,-0.006859617083798196,,,
United Kingdom,2025-03-24,2023-2026,0.0,2.621239091567372,1,-0.02904801812629272,-0.061713302241686335,0.003617265989100893,,,
United Kingdom,2025-03-31,2023-2026,0.0,2.5458077508028434,1,-0.030893094832573704,-0.06352592903284388,0.001739739367696471,,,
United Kingdom,2025-04-07,2023-2026,0.0,2.746957992841587,1,-0.02597289028249093,-0.058693287736972924,0.0067475071719910636,,,
United Kingdom,2025-04-14,2023-2026,0.0,2.8014361833937467,1,-0.02464033488351009,-0.05738501331509952,0.008104343548079339,,,
United Kingdom,2025-04-21,2023-2026,0.0,2.631715666673557,1,-0.028791757472642635,-0.06146158524011153,0.003878070294826258,,,
United Kingdom,2025-04-28,2023-2026,0.0,2.8622003190096166,1,-0.023154023092339222,-0.05592606750585768,0.009618021321179233,,,
United Kingdom,2025-05-05,2023-2026,0.0,2.925059769646724,1,-0.021616459170438765,-0.05441712689378098,0.011184208552903453,,,
United Kingdom,2025-05-12,2023-2026,0.0,2.453613889868419,1,-0.03314818858469481,-0.06574199375325208,-0.0005543834161375327,,,
United Kingdom,2025-05-19,2023-2026,0.0,2.5751421611001604,1,-0.030175565002353043,-0.06282096340416529,0.0024698333994591995,,,
United Kingdom,2025-05-26,2023-2026,0.0,2.7029563773956116,1,-0.027049185027821693,-0.05975014664643256,0.005651776590789172,,,
United Kingdom,2025-06-02,2023-2026,0.0,2.9145831945405396,1,-0.02187271982408884,-0.05466859487841212,0.010923155230234443,,,
United Kingdom,2025-06-09,2023-2026,0.0,3.03611146577228,1,-0.018900096241747096,-0.05175210884673728,0.013951916363243094,,,
United Kingdom,2025-06-16,2023-2026,0.0,3.5578449060602706,1,-0.006138315689970254,-0.03924470362882062,0.026968072248880114,,,
United Kingdom,2025-06-23,2023-2026,0.0,3.471936990189557,1,-0.00823965304990132,-0.04130267637519596,0.024823370275393324,,,
United Kingdom,2025-06-30,2023-2026,0.0,2.7322907876929285,1,-0.02633165519760103,-0.059045556576143784,0.006382246180941718,,,
United Kingdom,2025-07-07,2023-2026,0.0,2.4808529851444994,1,-0.03248191088520461,-0.06508717487201879,0.00012335310160957458,,,
United Kingdom,2025-07-14,2023-2026,0.0,2.7679111430539556,1,-0.025460368975190786,-0.05819007680620264,0.007269338855821067,,,
United Kingdom,2025-07-21,2023-2026,0.0,3.071731821133308,1,-0.01802881001933639,-0.05089750131872761,0.01483988128005483,,,
United Kingdom,2025-07-28,2023-2026,0.0,2.6882891722469533,1,-0.027407949942931793,-0.06010246789828559,0.005286568012422003,,,
United Kingdom,2025-08-04,2023-2026,0.0,3.283358638278235,1,-0.012852344815604004,-0.045822215439315694,0.02011752580810769,,,
United Kingdom,2025-08-11,2023-2026,0.0,3.8155686536724103,1,0.0001656963898233597,-0.0330742438841898,0.03340563666383652,,,
United Kingdom,2025-08-18,2023-2026,0.0,4.28282390340824,1,0.011594921542619345,-0.02190021061850258,0.04509005370374127,,,
United Kingdom,2025-08-25,2023-2026,0.0,3.832331173842306,1,0.0005757134356634858,-0.03267309184233755,0.033824518713664514,,,
United Kingdom,2025-09-01,2023-2026,0.0,4.314253628726794,1,0.012363703503570017,-0.02114919093004903,0.04587659793718906,,,
United Kingdom,2025-09-08,2023-2026,0.0,4.7060775376980954,1,0.021947851950085022,-0.011792700608603879,0.05568840450877392,,,
United Kingdom,2025-09-15,2023-2026,0.0,5.049709201180948,1,0.03035320138980969,-0.0035963642933073033,0.06430276707292669,,,
United Kingdom,2025-09-22,2023-2026,0.0,6.413759280006176,1,0.06371833849505787,0.028856113274407152,0.09858056371570859,,,
United Kingdom,2025-09-29,2023-2026,0.0,7.180644577778885,1,0.0824766183422478,0.04704582108817553,0.11790741559632006,,,
United Kingdom,2025-10-06,2023-2026,0.0,8.601268162177508,1,0.1172255629772068,0.08064363785248692,0.15380748810192668,,,
United Kingdom,2025-10-13,2023-2026,0.0,7.2015977279912535,1,0.08298913964954838,0.04754227181365525,0.1184360074854415,,,
United Kingdom,2025-10-20,2023-2026,0.0,5.8501195392934475,1,0.049931515328680294,0.015462133452621388,0.0844008972047392,,,
United Kingdom,2025-10-27,2023-2026,0.0,4.630646196933567,1,0.02010277524380404,-0.013593060064558609,0.053798610552166684,,,
United Kingdom,2025-11-03,2023-2026,0.0,3.830235858821069,1,0.0005244613049334726,-0.0327232346592625,0.033772157269129445,,,
United Kingdom,2025-11-10,2023-2026,0.0,2.899915989391881,1,-0.022231484739198955,-0.055020664911982084,0.010557695433584174,,,
United Kingdom,2025-11-17,2023-2026,0.0,1.9884539551538256,1,-0.04452616160676079,-0.07693373566723362,-0.01211858754628796,,,
United Kingdom,2025-11-24,2023-2026,0.0,1.596630046182524,1,-0.054110310053276246,-0.08637501730900185,-0.021845602797550635,,,
United Kingdom,2025-12-01,2023-2026,0.0,1.8920694641769285,1,-0.04688375962034235,-0.07925499459212784,-0.014512524648556867,,,
United Kingdom,2025-12-08,2023-2026,0.0,2.1770323070651476,1,-0.03991346984105855,-0.0723943828675562,-0.007432556814560905,,,
United Kingdom,2025-12-15,2023-2026,0.0,2.1078869113643295,1,-0.04160479015514949,-0.07405846875969925,-0.009151111550599736,,,
United Kingdom,2025-12-22,2023-2026,0.0,1.6804426470320004,1,-0.0520602248240752,-0.08435440554093457,-0.019766044107215823,,,
United Kingdom,2025-12-29,2023-2026,0.0,1.5337705955454168,1,-0.055647873975177134,-0.08789086604544702,-0.023404881904907242,,,
United Kingdom,2026-01-05,2023-2026,0.0,1.7097770573293172,1,-0.05134269499385455,-0.08364733152145648,-0.019038058466252616,,,
United Kingdom,2026-01-12,2023-2026,0.0,1.6867285920957111,1,-0.05190646843188516,-0.08420288357021279,-0.019610053293557528,,,
United Kingdom,2026-01-19,2023-2026,0.0,1.829210013539821,1,-0.048421323542243246,-0.080769278206646,-0.016073368877840485,,,
United Kingdom,2026-01-26,2023-2026,0.0,2.005216475323721,1,-0.04411614456092067,-0.07653011770885079,-0.011702171412990542,,,
United Kingdom,2026-02-02,2023-2026,0.0,1.8522584787734269,1,-0.047857550104212644,-0.08021400240368647,-0.015501097804738823,,,
United Kingdom,2026-02-09,2023-2026,0.0,2.2755121130632823,1,-0.037504619696747406,-0.07002500532829509,-0.004984234065199725,,,
United Kingdom,2026-02-16,2023-2026,0.0,2.1204588014917514,1,-0.041297277370769395,-0.07375587815439019,-0.008838676587148597,,,
United Kingdom,2026-02-23,2023-2026,0.0,1.8836882040919805,1,-0.04708876814326239,-0.07945687993418854,-0.014720656352336235,,,
United Kingdom,2026-03-02,2023-2026,0.0,1.5987253612037609,1,-0.05405905792254617,-0.08632449477868884,-0.021793621066403507,,,
United Kingdom,2026-03-09,2023-2026,0.0,1.2529983826996711,1,-0.06251565949300077,-0.09466575590238455,-0.03036556308361698,,,
United Kingdom,2026-03-16,2023-2026,0.0,1.164995151807721,1,-0.06466824898366193,-0.09679061367453398,-0.03254588429278987,,,
United Kingdom,2026-03-23,2023-2026,0.0,1.1524232616802996,1,-0.0649757617680421,-0.09709421894486697,-0.03285730459121721,,,
United Kingdom,2026-03-30,2023-2026,0.0,1.003655895172479,1,-0.06861466304987407,-0.10068791188449983,-0.03654141421524831,,,
United Kingdom,2026-04-06,2023-2026,0.0,0.9303198694291872,1,-0.07040848762542505,-0.10246015157217357,-0.03835682367867653,,,
United Kingdom,2026-04-13,2023-2026,0.0,0.7019305321143643,1,-0.07599496987499808,-0.10798238991312645,-0.044007549836869726,,,
United Kingdom,2026-04-20,2023-2026,0.0,0.5091615501605686,1,-0.08071016590216064,-0.11264688487513233,-0.04877344692918894,,,
United Kingdom,2026-04-27,2023-2026,0.0,0.3666801287164589,1,-0.08419531079180254,-0.11609663765566344,-0.05229398392794162,,,
United Kingdom,2020-01-13,2020-2022,0.0,,2,2.497035462429607,1.055670624671818,3.938400300187396,0.0,,
United Kingdom,2020-01-20,2020-2022,0.0,,2,2.497035462429607,1.055670624671818,3.938400300187396,0.0,,
United Kingdom,2020-01-27,2020-2022,0.0005986614346391,,2,2.497035462429607,1.055670624671818,3.938400300187396,0.0,,
United Kingdom,2020-02-03,2020-2022,0.0032926378905151,,2,2.497035462429607,1.055670624671818,3.938400300187396,0.0,,
United Kingdom,2020-02-10,2020-2022,0.0002993307173195,,2,2.497036237149085,1.0556719320977657,3.9384005422004043,0.0005986614346391,,
United Kingdom,2020-02-17,2020-2022,0.0,,2,2.4970757478424472,1.0557386094288612,3.9384128862560335,0.031130394601234,,
United Kingdom,2020-02-24,2020-2022,0.0020953150212369,,2,2.4970718742450586,1.0557320725563633,3.9384116759337537,0.0281370874280384,,
United Kingdom,2020-03-02,2020-2022,0.0041906300424738,,2,2.4970474705815113,1.055690889656021,3.9384040515070016,0.0092792522369063,,
United Kingdom,2020-03-09,2020-2022,0.0419063004247381,,2,2.497076522561925,1.0557399168002108,3.9384131283236394,0.0317290560358731,,
United Kingdom,2020-03-16,2020-2022,0.4531867060218112,,2,2.497451099429392,1.0563719078420224,3.938530291016762,0.3211818596838861,,
United Kingdom,2020-03-23,2020-2022,2.446729283370069,,2,2.499554850171083,1.0599168170998938,3.9391928832422725,1.9468469854464072,,
United Kingdom,2020-03-30,2020-2022,8.193879055905589,,2,2.50694528662859,1.0723082685767533,3.941582304680427,7.65777774118626,,
United Kingdom,2020-04-06,2020-2022,16.260243226233047,,2,2.5261583296755186,1.1040666521806806,3.9482500071703566,22.504581320236355,,
United Kingdom,2020-04-13,2020-2022,19.371486702052533,,2,2.5598318991334326,1.1580955247649158,3.9615682735019493,48.52569990754288,,
United Kingdom,2020-04-20,2020-2022,17.494683104458904,,2,2.583941556639156,1.1954597573339614,3.9724233559443505,67.15634308422952,,
United Kingdom,2020-04-27,2020-2022,13.893435244387302,,2,2.5809829029538243,1.19093514236483,3.9710306635428188,64.87005506534273,,
United Kingdom,2020-05-04,2020-2022,10.614267236151536,,2,2.5866112399593058,1.1995277545823289,3.9736947253362827,69.2193303879959,,
United Kingdom,2020-05-11,2020-2022,7.885269086349124,,2,2.584395929612826,1.196153105668022,3.9726387535576304,67.50745801564535,,
United Kingdom,2020-05-18,2020-2022,6.014751433819206,,2,2.573318215801212,1.1791344182927046,3.967502013309719,58.94719816174062,,
United Kingdom,2020-05-25,2020-2022,4.539050997433782,,2,2.555989677883786,1.1520380279107783,3.9599413278567934,45.55663852245018,,
United Kingdom,2020-06-01,2020-2022,3.4761276202320306,,2,2.5464400982419324,1.1368617774912704,3.9560184189925947,38.17723834837111,,
United Kingdom,2020-06-08,2020-2022,2.510187395441816,,2,2.535046298883417,1.1185317021724661,3.951560895594368,29.372724629133614,,
United Kingdom,2020-06-15,2020-2022,1.8241213913453884,,2,2.5246925604237127,1.1016672655891824,3.947717855258243,21.371913885899144,,
United Kingdom,2020-06-22,2020-2022,1.3748259846487314,,2,2.5178269964123463,1.090376837525311,3.9452771552993817,16.066576252127295,,
United Kingdom,2020-06-29,2020-2022,1.1634984982211232,,2,2.5161962119117907,1.0876825037609643,3.944709920062617,14.806393932211952,,
United Kingdom,2020-07-06,2020-2022,0.8037029760030141,,2,2.513472685587941,1.083172124487674,3.943773246688208,12.70179965873814,,
United Kingdom,2020-07-13,2020-2022,0.6273971835017943,,2,2.5097912186299163,1.0770542207816867,3.942528216478146,9.856960521333054,,
United Kingdom,2020-07-20,2020-2022,0.4651599347145936,,2,2.5083115044275117,1.074588406620956,3.9420346022340675,8.713517181172344,,
United Kingdom,2020-07-27,2020-2022,0.3906265861020235,,2,2.5086337877302345,1.0751257953193287,3.9421417801411405,8.962560337982215,,
United Kingdom,2020-08-03,2020-2022,0.3289644583341946,,2,2.5096184561863897,1.076766528224138,3.942470384148641,9.723459021408532,,
United Kingdom,2020-08-10,2020-2022,0.3154945760548145,,2,2.5113883028331925,1.0797112453839612,3.9430653602824237,11.091101068841594,,
United Kingdom,2020-08-17,2020-2022,0.2828675278669826,,2,2.513053562350506,1.0824768423311049,3.9436302823699068,12.377923822598374,,
United Kingdom,2020-08-24,2020-2022,0.2086335099717321,,2,2.516624631782958,1.088390789621916,3.9448584739440005,15.137453705567385,,
United Kingdom,2020-08-31,2020-2022,0.1888776826286413,,2,2.517658882285686,1.0900993055998343,3.9452184589715373,15.936666720810605,,
United Kingdom,2020-09-07,2020-2022,0.2179127622086384,,2,2.5194674649063735,1.0930823384634127,3.9458525913493343,17.334241839975622,,
United Kingdom,2020-09-14,2020-2022,0.3136985917508971,,2,2.528613028340607,1.1080760956284603,3.949149961052754,24.401440075890395,,
United Kingdom,2020-09-21,2020-2022,0.490004384252117,,2,2.5528687204678766,1.1470970729710754,3.9586403679646778,43.1449309330065,,
United Kingdom,2020-09-28,2020-2022,0.7154004143937444,,2,2.5599655382433357,1.1583057104861991,3.9616253660004723,48.62896900501812,,
United Kingdom,2020-10-05,2020-2022,1.0527461328128866,,2,2.59565880137961,1.2132099131759821,3.978107689583238,76.21079795242882,,
United Kingdom,2020-10-12,2020-2022,1.6095012670272653,,2,2.654506880265344,1.2981730563074665,4.010840704223222,121.68541985833345,,
United Kingdom,2020-10-19,2020-2022,2.5320385378061436,,2,2.757913724630398,1.4296818980519292,4.086145551208867,201.59265283894152,,
United Kingdom,2020-10-26,2020-2022,3.627588963195727,,2,2.810966514463207,1.4879591166441632,4.133973912282251,242.5889878830282,,
United Kingdom,2020-11-02,2020-2022,4.924888292058694,,2,2.867634145378958,1.5431830982350894,4.192085192522827,286.37867718114103,,
United Kingdom,2020-11-09,2020-2022,6.01834340242704,,2,2.9142052447016007,1.5831501193052715,4.24526037009793,322.3663113323196,,
United Kingdom,2020-11-16,2020-2022,6.613712199175642,,2,2.9283101748723226,1.594300514810808,4.262319834933837,333.26584074207665,,
United Kingdom,2020-11-23,2020-2022,7.202495720143212,,2,2.9598796062288066,1.617671450864011,4.302087761593603,357.66099487290336,,
United Kingdom,2020-11-30,2020-2022,6.951057917594783,,2,2.930180347691487,1.5957459180786948,4.2646147773042795,334.7110094452955,,
United Kingdom,2020-12-07,2020-2022,6.694830823569242,,2,2.8197700392480365,1.497015094278131,4.142524984217942,249.3918770955498,,
United Kingdom,2020-12-14,2020-2022,7.191121152885069,,2,2.7784085410531794,1.452945995778324,4.103871086328034,217.429941761602,,
United Kingdom,2020-12-21,2020-2022,8.298644806967435,,2,2.8220589479448974,1.4993409108429476,4.144776985046847,251.1606223041911,,
United Kingdom,2020-12-28,2020-2022,10.024585723032008,,2,2.986825899102124,1.6359107105540938,4.337741087650154,378.48363689252113,,
United Kingdom,2021-01-04,2020-2022,12.427612721673423,,2,3.171270337633159,1.7213656831289403,4.6211749921373775,521.0123525899673,,
United Kingdom,2021-01-11,2020-2022,16.531736186841886,,2,3.3450596718276646,1.7482278517546446,4.941891491900685,655.3073782461045,,
United Kingdom,2021-01-18,2020-2022,19.9509909707832,,2,3.6206529557878655,1.7152461087304096,5.526059802845321,868.2710063745815,,
United Kingdom,2021-01-25,2020-2022,19.044916889456896,,2,3.4532926311790426,1.7444754982284971,5.162109764129588,738.9439726337969,,
United Kingdom,2021-02-01,2020-2022,15.778919432783198,,2,3.2523427941756364,1.7395494501894135,4.765136138161859,583.6607750713644,,
United Kingdom,2021-02-08,2020-2022,11.988793890082947,,2,3.0427250082959976,1.668868220806911,4.416581795785084,421.6794540474719,,
United Kingdom,2021-02-15,2020-2022,9.153832666349413,,2,2.9036551148542995,1.574521178983663,4.232789050724936,314.21373991540406,,
United Kingdom,2021-02-22,2020-2022,6.619998144239352,,2,2.7941895768139022,1.4702158352844164,4.118163318343388,229.62467518520083,,
United Kingdom,2021-03-01,2020-2022,4.487865444772138,,2,2.727995607840629,1.3940377301282554,4.061953485553002,178.4735455560481,,
United Kingdom,2021-03-08,2020-2022,3.084603041978049,,2,2.6914396945659367,1.34780819802453,4.035071191107344,150.22510710116674,,
United Kingdom,2021-03-15,2020-2022,2.116567502166597,,2,2.6288427481276186,1.2619911043646996,3.9956943918905377,101.85356251304344,,
United Kingdom,2021-03-22,2020-2022,1.5616083522561357,,2,2.6065718873022132,1.2294971228735216,3.983646651730905,84.64384225147275,,
United Kingdom,2021-03-29,2020-2022,1.0416708962720629,,2,2.6036302774453914,1.2251303280994166,3.9821302267913663,82.37072478414802,,
United Kingdom,2021-04-05,2020-2022,0.7728719121190996,,2,2.601368096570511,1.2217603666387746,3.9809758265022475,80.6226333950018,,
United Kingdom,2021-04-12,2020-2022,0.6414657272158134,,2,2.5859438191292683,1.1985120651520393,3.9733755731064972,68.7035835620543,,
United Kingdom,2021-04-19,2020-2022,0.5202367867013924,,2,2.556487822507946,1.1528249628765928,3.9601506821392993,45.94157782492313,,
United Kingdom,2021-04-26,2020-2022,0.392422570405941,,2,2.549010617468937,1.1409637253813343,3.9570575095565395,40.1635969885037,,
United Kingdom,2021-05-03,2020-2022,0.2687989841529634,,2,2.542686582372482,1.1308498558239917,3.9545233089209724,35.27672369754459,,
United Kingdom,2021-05-10,2020-2022,0.2388659124210075,,2,2.539631863471916,1.1259378196571275,3.953325907286705,32.91620166076255,,
United Kingdom,2021-05-17,2020-2022,0.1948642969750324,,2,2.5358221804403325,1.1197875540006748,3.95185680687999,29.972284055924693,,
United Kingdom,2021-05-24,2020-2022,0.1652305559603961,,2,2.5392262978253406,1.1252843612308991,3.953168234419782,32.60280239972898,,
United Kingdom,2021-05-31,2020-2022,0.1724144931760656,,2,2.540071904135249,1.1266464802123242,3.953497328058174,33.25624135563756,,
United Kingdom,2021-06-07,2020-2022,0.1754078003492611,,2,2.5495118609710077,1.141762149510374,3.9572615724316416,40.5509309367152,,
United Kingdom,2021-06-14,2020-2022,0.2047422106465779,,2,2.5719415392893414,1.1770027965871181,3.966880281991565,57.88337679238691,,
United Kingdom,2021-06-21,2020-2022,0.2478458339405942,,2,2.6149280115886717,1.2418068535569837,3.9880491696203597,91.10100448549026,,
United Kingdom,2021-06-28,2020-2022,0.3080113081218255,,2,2.6563871244377193,1.300769883855444,4.012004365019995,123.13837116020258,,
United Kingdom,2021-07-05,2020-2022,0.4418121387636681,,2,2.730755158620192,1.3974085523259145,4.0641017649144695,180.60597758623263,,
United Kingdom,2021-07-12,2020-2022,0.6273971835017943,,2,2.8927613969186385,1.5653506410955613,4.220172152741716,305.79566215222616,,
United Kingdom,2021-07-19,2020-2022,0.9111627035207356,,2,3.0518085941720154,1.673618528759841,4.429998659584189,428.6987593686155,,
United Kingdom,2021-07-26,2020-2022,1.1266808199908176,,2,3.21889892904286,1.7333304362506463,4.704467421835073,557.8171595994282,,
United Kingdom,2021-08-02,2020-2022,1.329028384898839,,2,3.3517195478177015,1.748402727321449,4.955036368313954,660.4537712689797,,
United Kingdom,2021-08-09,2020-2022,1.3637507481079076,,2,3.0590111611561803,1.6772677059920018,4.440754616320358,434.2645147264554,,
United Kingdom,2021-08-16,2020-2022,1.4325968130914062,,2,3.005196434717055,1.647459021450961,4.3629338479831485,392.67939616140114,,
United Kingdom,2021-08-23,2020-2022,1.710675049481276,,2,3.040271084350387,1.6675563971454783,4.412985771555295,419.7831939532525,,
United Kingdom,2021-08-30,2020-2022,1.8639323767488896,,2,3.0907281765731662,1.6921226373138414,4.489333715832491,458.7737138605808,,
United Kingdom,2021-09-06,2020-2022,2.155779826135459,,2,3.151891504618003,1.7153972038542509,4.588385805381755,506.0374354639045,,
United Kingdom,2021-09-13,2020-2022,2.241089080571533,,2,3.165420043497317,1.7196327002381253,4.611207386756509,516.49156076629,,
United Kingdom,2021-09-20,2020-2022,2.2497696713738,,2,3.2121701030193077,1.7318662886252159,4.6924739174134,552.6174857088703,,
United Kingdom,2021-09-27,2020-2022,1.968698127810735,,2,3.0835631834836694,1.6889378596394662,4.478188507327872,453.23699358232096,,
United Kingdom,2021-10-04,2020-2022,1.814243477673843,,2,3.1094860719269466,1.6999970231722192,4.518975120681674,473.2688038467805,,
United Kingdom,2021-10-11,2020-2022,1.8642317074662091,,2,3.1530183340983156,1.7157622527339946,4.590274415462637,506.9081885205871,,
United Kingdom,2021-10-18,2020-2022,2.1222547857956684,,2,3.149466245293067,1.7146038976798086,4.584328592906326,504.1633258427667,,
United Kingdom,2021-10-25,2020-2022,2.3820738484290453,,2,3.259976105189402,1.740728269984347,4.779223940394457,589.5593861868635,,
United Kingdom,2021-11-01,2020-2022,2.635008304564072,,2,3.3798546477295472,1.7485274621938856,5.0111818332652085,682.1950592600512,,
United Kingdom,2021-11-08,2020-2022,2.4530152284337805,,2,3.315030770152584,1.746720513368439,4.883341026936729,632.1026623780577,,
United Kingdom,2021-11-15,2020-2022,2.232109159051946,,2,3.234875194111963,1.7365183937928728,4.733231994431053,570.1627557045562,,
United Kingdom,2021-11-22,2020-2022,2.0204823419070186,,2,3.1737606733942214,1.7220854962623777,4.625435850526065,522.9367497716147,,
United Kingdom,2021-11-29,2020-2022,1.9636095056163028,,2,3.2710495580438885,1.7422839264324756,4.799815189655302,598.1163534028777,,
United Kingdom,2021-12-06,2020-2022,2.007311790344958,,2,3.311280353161045,1.7464475669440558,4.876113139378034,629.2045423729697,,
United Kingdom,2021-12-13,2020-2022,1.8525578094907469,,2,3.3530412192466557,1.7484307062615132,4.957651732231798,661.475087676474,,
United Kingdom,2021-12-20,2020-2022,1.799276941807865,,2,3.445487719800967,1.7451894407977682,5.145785998804166,732.9127580105251,,
United Kingdom,2021-12-27,2020-2022,1.893566117763526,,2,3.781778725399908,1.6668073290532135,5.896750121746602,992.7803122201076,,
United Kingdom,2022-01-03,2020-2022,2.5089900725725376,,2,4.613384692266835,1.2528023409761828,7.9739670435574865,1635.4005580126225,,
United Kingdom,2022-01-10,2020-2022,3.2552215508501967,,2,5.431775106923438,0.7361617777865161,10.127388436060361,2267.808537722346,,
United Kingdom,2022-01-17,2020-2022,3.5198299049606865,,2,6.3119033041175925,0.1400683569263217,12.483738251308864,2947.9241464891784,,
United Kingdom,2022-01-24,2020-2022,3.238459030680301,,2,5.165074440488002,0.9102831704035381,9.419865710572466,2061.7166448713742,,
United Kingdom,2022-01-31,2020-2022,2.9115898873673443,,2,4.4397286098224935,1.3531185501629288,7.526338669482058,1501.2085021232433,,
United Kingdom,2022-02-07,2020-2022,2.453613889868419,,2,4.470678652956558,1.3355954278803561,7.605761878032759,1525.125026437076,,
United Kingdom,2022-02-14,2020-2022,2.0417348228367076,,2,4.255720338357403,1.4534761695932517,7.057964507121554,1359.016832813499,,
United Kingdom,2022-02-21,2020-2022,1.8375912736247688,,2,3.8252125981976093,1.6510866614589288,5.99933853493629,1026.343666891715,,
United Kingdom,2022-02-28,2020-2022,1.7007971358097305,,2,3.45886170214448,1.7439269242450783,5.173796480043881,743.2474503567001,,
United Kingdom,2022-03-07,2020-2022,1.6349443779994275,,2,3.26704968138053,1.7417429215375617,4.7923564412234985,595.0254644158359,,
United Kingdom,2022-03-14,2020-2022,1.8016715875464215,,2,3.1730959640823557,1.7218944075249465,4.6242975206397645,522.4230982606944,,
United Kingdom,2022-03-21,2020-2022,2.312629122010907,,2,3.4747980691604816,1.7421803340658044,5.207415804255159,755.5622153979441,,
United Kingdom,2022-03-28,2020-2022,2.5293445613502676,,2,3.939749837298761,1.6052111184506654,6.274288556146857,1114.851868703783,,
United Kingdom,2022-04-04,2020-2022,2.8355598851681765,,2,4.128345997510784,1.5183373676284093,6.738354627393158,1260.5888110294604,,
United Kingdom,2022-04-11,2020-2022,2.9499042191842473,,2,3.978967686698826,1.5882004561153544,6.3697349172822975,1145.1573078480849,,
United Kingdom,2022-04-18,2020-2022,2.5838227519024275,,2,3.493959980721882,1.7397422336278912,5.248177727815873,770.3695073223081,,
United Kingdom,2022-04-25,2020-2022,2.1243501008169057,,2,3.171120816773963,1.7213221264399137,4.620919507108012,520.896810933082,,
United Kingdom,2022-05-02,2020-2022,1.660986150406229,,2,2.9631020518962945,1.619934879811905,4.306269223980684,360.1511271102848,,
United Kingdom,2022-05-09,2020-2022,1.3571654723268776,,2,2.813589714614695,1.4906758825292539,4.136503546700136,244.61605550071627,,
United Kingdom,2022-05-16,2020-2022,1.0377795969469088,,2,2.711185744613522,1.3731422079630478,4.049229281263996,165.48378974724852,,
United Kingdom,2022-05-23,2020-2022,0.8141795511091986,,2,2.6799517667908814,1.3326811724739334,4.02722236110783,141.3478560176206,,
United Kingdom,2022-05-30,2020-2022,0.6115326554838577,,2,2.6472357506074027,1.2880610721900774,4.0064104290247275,116.066682963528,,
United Kingdom,2022-06-06,2020-2022,0.5411899369137615,,2,2.6215456653671745,1.251455388845341,3.991635941889008,96.2147704601776,,
United Kingdom,2022-06-13,2020-2022,0.572021000797676,,2,2.6132743728635237,1.2393819888245814,3.9871667569024662,89.82316165325305,,
United Kingdom,2022-06-20,2020-2022,0.7246796666306506,,2,2.6614987235515755,1.307791965081788,4.015205482021363,127.0883393059515,,
United Kingdom,2022-06-27,2020-2022,0.9590556182918648,,2,2.7319606221274912,1.398875759640484,4.065045484614498,181.53749477853108,,
United Kingdom,2022-07-04,2020-2022,1.2458144454840017,,2,2.8082530594925674,1.4851324984373606,4.131373620547774,240.49217620820468,,
United Kingdom,2022-07-11,2020-2022,1.694810521463339,,2,2.8940776453112487,1.5664727810046437,4.221682509617853,306.812787929678,,
United Kingdom,2022-07-18,2020-2022,2.071069233134024,,2,2.996269729535271,1.6419363018567295,4.350603157213813,385.7813197807719,,
United Kingdom,2022-07-25,2020-2022,1.984562655828672,,2,2.991500169070819,1.6389167030459768,4.344083635095661,382.0956606584162,,
United Kingdom,2022-08-01,2020-2022,1.5253893354604693,,2,2.8590889895399414,1.5353205181408407,4.182857460939042,279.7754415570716,,
United Kingdom,2022-08-08,2020-2022,1.3203477940965718,,2,2.738669305444623,1.4069823570938904,4.070356253795356,186.7216034717885,,
United Kingdom,2022-08-15,2020-2022,1.2817341315623487,,2,2.67010856846698,1.3194949255904656,4.020722211343495,133.7415631598133,,
United Kingdom,2022-08-22,2020-2022,0.9779134534829972,,2,2.6324382212236186,1.2671422200866487,3.9977342223605885,104.63195023120356,,
United Kingdom,2022-08-29,2020-2022,0.8132815589572399,,2,2.6058200220491066,1.2283826344721107,3.9832574096261024,84.06284132915549,,
United Kingdom,2022-09-05,2020-2022,0.7255776587826094,,2,2.582591220589527,1.1933968346275987,3.971785606551455,66.11287620365353,,
United Kingdom,2022-09-12,2020-2022,0.6462550186929265,,2,2.574413281782939,1.1808273834311322,3.967999180134746,59.79340609960302,,
United Kingdom,2022-09-19,2020-2022,0.6453570265409677,,2,2.577931282931169,1.1862504708735626,3.9696120949887757,62.51192767429924,,
United Kingdom,2022-09-26,2020-2022,0.7737699042710583,,2,2.578255503032586,1.1867490553199074,3.969761950745265,62.76246748469571,,
United Kingdom,2022-10-03,2020-2022,1.098543732562779,,2,2.5953744793312947,1.2127824092047972,3.9779665494577925,75.99108920591627,,
United Kingdom,2022-10-10,2020-2022,1.4574412626289297,,2,2.6332226246947883,1.2682624764181127,3.9981827729714636,105.23809493377568,,
United Kingdom,2022-10-17,2020-2022,1.6367403623033447,,2,2.66494777466629,1.3124989538065353,4.017396595526044,129.75358001296482,,
United Kingdom,2022-10-24,2020-2022,1.5975280383344828,,2,2.6708224724656793,1.3204582404017096,4.021186704529649,134.29322967183325,,
United Kingdom,2022-10-31,2020-2022,1.384404567602957,,2,2.651385922849435,1.2938462864705897,4.00892555922828,119.27371226888977,,
United Kingdom,2022-11-07,2020-2022,1.1278781428600957,,2,2.616578551435909,1.244221656847167,3.988935446024651,92.37645267198889,,
United Kingdom,2022-11-14,2020-2022,0.8806309703541405,,2,2.5844478358178318,1.1962322859786547,3.972663385657009,67.54756833176617,,
United Kingdom,2022-11-21,2020-2022,0.8477045914489892,,2,2.5653939976235707,1.166814735555927,3.9639732596912145,52.82378967753442,,
United Kingdom,2022-11-28,2020-2022,0.7782598650308516,,2,2.558224356217208,1.1555645435916486,3.960884168842767,47.283477430666714,,
United Kingdom,2022-12-05,2020-2022,0.8462079378623913,,2,2.557424070996745,1.1543027124241942,3.960545429569296,46.6650601686845,,
United Kingdom,2022-12-12,2020-2022,1.0383782583815475,,2,2.5638674128927654,1.164427524836142,3.963307300949389,51.64412732057803,,
United Kingdom,2022-12-19,2020-2022,1.3682407088677009,,2,2.574244392936801,1.1805664336361528,3.9679223522374496,59.66289790685168,,
United Kingdom,2022-12-26,2020-2022,1.8654290303354877,,2,2.595014622133904,1.2122411015656391,3.9777881427021686,75.7130109695264,,
United Kingdom,2023-01-02,2023-2026,2.0423334842713463,,2,2.1248418124996395,1.9588895786383431,2.290794046360936,96.88287662123484,,
United Kingdom,2023-01-09,2023-2026,1.8417819036672425,,2,1.9558237054469223,1.802132951832394,2.1095144590614505,89.4780333361836,,
United Kingdom,2023-01-16,2023-2026,1.5607103601041772,,2,1.7904950550118985,1.6487518246029405,1.9322382854208566,82.23482863848494,,
United Kingdom,2023-01-23,2023-2026,1.2033094836246243,,2,1.163840848496897,1.0666704425519973,1.2610112544417966,54.78051457665237,,
United Kingdom,2023-01-30,2023-2026,1.0623247157671123,,2,0.6696244699029023,0.6056674592893945,0.73358148051641,33.128427139342115,,
United Kingdom,2023-02-06,2023-2026,1.0042545566071182,,2,0.6333926394517522,0.5717170739511721,0.6950682049523322,31.5410763453965,,
United Kingdom,2023-02-13,2023-2026,0.9979686115434072,,2,0.8279021588018927,0.7536597125081882,0.9021446050955971,40.062722536767005,,
United Kingdom,2023-02-20,2023-2026,1.082379873827523,,2,0.9894935263297364,0.9043616321329496,1.074625420526523,47.142193332091885,,
United Kingdom,2023-02-27,2023-2026,1.160205860330608,,2,1.1357326549317395,1.0405189022875574,1.2309464075759216,53.549068005599715,,
United Kingdom,2023-03-06,2023-2026,1.3407022828743018,,2,1.287300998648186,1.1814784638074154,1.3931235334889567,60.18942063861679,,
United Kingdom,2023-03-13,2023-2026,1.4305014980701691,,2,1.201732934426009,1.1019166042800717,1.3015492645719464,56.44060273490664,,
United Kingdom,2023-03-20,2023-2026,1.513416106767687,,2,1.270274839590244,1.1656506045766877,1.3748990746038001,59.44348849105644,,
United Kingdom,2023-03-27,2023-2026,1.5400565406091276,,2,1.4464600577391808,1.3293704107976834,1.5635497046806783,67.1623296985759,,
United Kingdom,2023-04-03,2023-2026,1.295802675276368,,2,1.4605346515029696,1.3424435962666679,1.5786257067392713,67.7789509762542,,
United Kingdom,2023-04-10,2023-2026,1.2179766887732828,,2,1.2748798280352893,1.1699316433162035,1.3798280127543752,59.64523739452983,,
United Kingdom,2023-04-17,2023-2026,1.1111156226902004,,2,0.8973527634664114,0.8184690134130556,0.9762365135197671,43.10541927832031,,
United Kingdom,2023-04-24,2023-2026,0.9776141227656776,,2,0.6486423934715462,0.5860105033938496,0.7112742835492427,32.20918250645376,,
United Kingdom,2023-05-01,2023-2026,0.7785591957481712,,2,0.579820362897449,0.5214548246851061,0.6381859011097919,29.194024190893845,,
United Kingdom,2023-05-08,2023-2026,0.69803923278921,,2,0.48065596780636954,0.4281740428496801,0.533137892763059,24.849538159717778,,
United Kingdom,2023-05-15,2023-2026,0.5995594267910753,,2,0.4543241792793593,0.40334036250453015,0.5053079960541884,23.6959175751682,,
United Kingdom,2023-05-22,2023-2026,0.5477752126947918,,2,0.3865884887093607,0.3393056428124632,0.43387133460625815,20.728352843662098,,
United Kingdom,2023-05-29,2023-2026,0.4636632811279959,,2,0.30389683418356933,0.26076792187701237,0.3470257464901263,17.10555317194348,,
United Kingdom,2023-06-05,2023-2026,0.3885312710807866,,2,0.25383637374314344,0.21297938028341296,0.2946933672028739,14.912357006143074,,
United Kingdom,2023-06-12,2023-2026,0.3681767823030567,,2,0.1914572275958678,0.15311522235651046,0.22979923283522516,12.179467557015508,,
United Kingdom,2023-06-19,2023-2026,0.3098072924257428,,2,0.15789000470193956,0.12073304866312684,0.19504696074075228,10.70885574282452,,
United Kingdom,2023-06-26,2023-2026,0.2188107543605971,,2,0.1153041100758753,0.07945765048082469,0.15115056967092588,8.843127381771712,,
United Kingdom,2023-07-03,2023-2026,0.1879796904766826,,2,0.06228525201422578,0.027734710103704596,0.09683579392474696,6.520321015371939,,
United Kingdom,2023-07-10,2023-2026,0.1403861064228728,,2,0.0304739371772366,-0.003494364107844851,0.06444223846231806,5.1266371955320755,,
United Kingdom,2023-07-17,2023-2026,0.1355968149457599,,2,0.02015029097476841,-0.013662298151891555,0.05396288010142837,4.674348481662222,,
United Kingdom,2023-07-24,2023-2026,0.1487673665078204,,2,0.05184545625157147,0.017502767803012333,0.08618814470013061,6.062943679307653,,
United Kingdom,2023-07-31,2023-2026,0.2071368563851343,,2,0.07322380765297581,0.03843832230788243,0.10800929299806919,6.999549493800552,,
United Kingdom,2023-08-07,2023-2026,0.2529344561350267,,2,0.11189477886804515,0.07614324750892966,0.14764631022716063,8.693761353829252,,
United Kingdom,2023-08-14,2023-2026,0.382245326017076,,2,0.1852603069435593,0.14714654036670374,0.22337407352041486,11.90797459640667,,
United Kingdom,2023-08-21,2023-2026,0.4765345019727368,,2,0.25005126454647403,0.20935743571167914,0.2907450933812689,14.74652778874804,,
United Kingdom,2023-08-28,2023-2026,0.4229543035725359,,2,0.31162419609951325,0.26812692472207517,0.35512146747695134,17.444096213231898,,
United Kingdom,2023-09-04,2023-2026,0.5007802900756211,,2,0.3336994448620375,0.28912603055790764,0.3782728591661674,18.411233760891395,,
United Kingdom,2023-09-11,2023-2026,0.6405677350638548,,2,0.3619784466039404,0.3159780884552585,0.4079788047526223,19.650163599877043,,
United Kingdom,2023-09-18,2023-2026,0.5798035994479845,,2,0.5318369298862423,0.4763621496487595,0.5873117101237251,27.091824563158585,,
United Kingdom,2023-09-25,2023-2026,0.5857902137943756,,2,0.5415388343253583,0.4854857612371977,0.5975919074135189,27.51687418175236,,
United Kingdom,2023-10-02,2023-2026,0.6708001375131303,,2,0.5202698001570706,0.4654801193010595,0.5750594810130817,26.58505765873657,,
United Kingdom,2023-10-09,2023-2026,0.7797565186174494,,2,0.6618219523891903,0.5983589336028513,0.7252849711755293,32.78659146016318,,
United Kingdom,2023-10-16,2023-2026,0.7471294704296175,,2,0.7589434816863998,0.6892386253145315,0.8286483380582681,37.041577606860706,,
United Kingdom,2023-10-23,2023-2026,0.3684761130203763,,2,0.635818115561531,0.5739908407932476,0.6976453903298144,31.64733875004494,,
United Kingdom,2023-10-30,2023-2026,0.0,,2,0.4234557255780024,0.3741875492723088,0.47272390188369595,22.343541394318432,,
United Kingdom,2023-11-06,2023-2026,0.0,,2,0.3045868992176187,0.26142527347947936,0.3477485249557581,17.135785574392752,,
United Kingdom,2023-11-13,2023-2026,0.0,,2,0.3813549261738936,0.33434781710897765,0.42836203523880956,20.499065514195312,,
United Kingdom,2023-11-20,2023-2026,0.0,,2,0.14742287963100564,0.11060881333774769,0.1842369459242636,10.250281083890956,,
United Kingdom,2023-11-27,2023-2026,0.0,,2,0.16430555982048226,0.1269320226826455,0.201679096958319,10.989927286387584,,
United Kingdom,2023-12-04,2023-2026,0.0,,2,0.1407271991026018,0.10412552432883547,0.17732887387636814,9.956936980917789,,
United Kingdom,2023-12-11,2023-2026,0.0,,2,0.1726273341914988,0.13496576379626773,0.21028890458672989,11.354512100082806,,
United Kingdom,2023-12-18,2023-2026,0.0,,2,0.27636255609227456,0.2345087314378667,0.3182163807466824,15.89925038114566,,
United Kingdom,2023-12-25,2023-2026,0.0,,2,0.369097731410672,0.3227301092813091,0.4154653535400349,19.962066207324025,,
United Kingdom,2024-01-01,2023-2026,0.0,,2,0.42902407213988913,0.37944983820095796,0.4785983060788203,22.58749592893387,,
United Kingdom,2024-01-08,2023-2026,0.0,,2,0.4014283031049666,0.35335516123332955,0.4495014449766036,21.37849916168017,,
United Kingdom,2024-01-15,2023-2026,0.0,,2,0.3390628216118308,0.2942228224513145,0.38390282077234716,18.64620837398725,,
United Kingdom,2024-01-22,2023-2026,0.0,,2,0.2383406559488367,0.19814341450524153,0.27853789739243184,14.23347493926232,,
United Kingdom,2024-01-29,2023-2026,0.0,,2,0.22858409289316187,0.18879083383090503,0.26837735195541873,13.806030674929987,,
United Kingdom,2024-02-05,2023-2026,0.0,,2,0.23116671252554633,0.19126739592065506,0.2710660291304376,13.919177686076782,,
United Kingdom,2024-02-12,2023-2026,0.0,,2,0.16167511389860897,0.12439095955117413,0.19895926824604382,10.874684960219554,,
United Kingdom,2024-02-19,2023-2026,0.0,,2,0.10911402175063623,0.07343877691770143,0.14478926658357102,8.571933751880191,,
United Kingdom,2024-02-26,2023-2026,0.0,,2,0.051435516627383125,0.017100659385276593,0.08577037386948966,6.0449838362684805,,
United Kingdom,2024-03-04,2023-2026,0.0,,2,0.008678813824573986,-0.024980339239644767,0.04233796688879274,4.171772207282684,,
United Kingdom,2024-03-11,2023-2026,0.0,,2,-0.011121270023706923,-0.04456488473134554,0.022322344683931697,3.304311788490604,,
United Kingdom,2024-03-18,2023-2026,0.0,,2,-0.009064739575696985,-0.04252780694702024,0.02439832779562627,3.3944103344037915,,
United Kingdom,2024-03-25,2023-2026,0.0,,2,-0.0034690637055309905,-0.0369885165882708,0.03005038917720882,3.6395621918885097,,
United Kingdom,2024-04-01,2023-2026,0.0,,2,-0.014229978840466251,-0.047645488412664326,0.019185530731731827,3.168116312110205,,
United Kingdom,2024-04-08,2023-2026,0.0,,2,-0.01657346702540763,-0.04996882623680627,0.016821892185991012,3.065445876069597,,
United Kingdom,2024-04-15,2023-2026,0.0,,2,-0.010882138576263885,-0.044327980067510556,0.02256370291498279,3.314788363596789,,
United Kingdom,2024-04-22,2023-2026,0.0,,2,-0.015186504630237914,-0.04859368182045244,0.018220672559976614,3.1262100116854667,,
United Kingdom,2024-04-29,2023-2026,0.0,,2,-0.008060387496436462,-0.041533203475003166,0.02541242848213024,3.4384119498497663,,
United Kingdom,2024-05-06,2023-2026,0.0,,2,0.012122306667753213,-0.02158072232738175,0.04582533566288818,4.322634888811742,,
United Kingdom,2024-05-13,2023-2026,0.0,,2,0.050670295995565606,0.016349989727854015,0.0849906022632772,6.011458795928689,,
United Kingdom,2024-05-20,2023-2026,0.0,,2,0.055213793496982654,0.02080580891912745,0.08962177807483786,6.210513722946196,,
United Kingdom,2024-05-27,2023-2026,0.0,,2,0.03842676588648377,0.004327272152155226,0.07252625962081231,5.475058150492041,,
United Kingdom,2024-06-03,2023-2026,0.0,,2,0.02383974759246056,-0.010026584459539786,0.05770607964446091,4.835987069014784,,
United Kingdom,2024-06-10,2023-2026,0.0,,2,0.02977020748904687,-0.004186953805890344,0.06372736878398408,5.09580613164816,,
United Kingdom,2024-06-17,2023-2026,0.0,,2,0.05243986870664409,0.0180857803883231,0.08679395702496509,6.088985451714455,,
United Kingdom,2024-06-24,2023-2026,0.0,,2,0.09911832724751848,0.06370873898955982,0.13452791550547716,8.134012912441678,,
United Kingdom,2024-07-01,2023-2026,0.0,,2,0.1475185322099829,0.11070139210513441,0.1843356723148314,10.254471713933428,,
United Kingdom,2024-07-08,2023-2026,0.0,,2,0.1483794054207777,0.11153455108837926,0.18522425975317616,10.292187384315692,,
United Kingdom,2024-07-15,2023-2026,0.0,,2,0.14527069660401878,0.10852549697612118,0.18201589623191639,10.155991907935292,,
United Kingdom,2024-07-22,2023-2026,0.0,,2,0.1700925408486028,0.1325195445323541,0.20766553716485153,11.243460403957249,,
United Kingdom,2024-07-29,2023-2026,0.0,,2,0.16244033453042644,0.12513026103801703,0.19975040802283586,10.908210000559343,,
United Kingdom,2024-08-05,2023-2026,0.0,,2,0.11743579612165281,0.0815292054327215,0.1533423868105841,8.936518565575414,,
United Kingdom,2024-08-12,2023-2026,0.0,,2,0.08362260945321205,0.048597809234031786,0.11864740967239232,7.45513084556092,,
United Kingdom,2024-08-19,2023-2026,0.0,,2,0.04024416488705069,0.006113330765562655,0.07437499900853872,5.554680121299044,,
United Kingdom,2024-08-26,2023-2026,0.0,,2,0.02197452230240478,-0.011864373850356106,0.05581341845516567,4.754269783186545,,
United Kingdom,2024-09-02,2023-2026,0.0,,2,0.012361438115196221,-0.02134470755070462,0.046067583781097064,4.333111463917926,,
United Kingdom,2024-09-09,2023-2026,0.0,,2,0.022500611486779697,-0.011345968005287588,0.05634719097884698,4.77731824842015,,
United Kingdom,2024-09-16,2023-2026,0.0,,2,0.02656584609331069,-0.007341559830229369,0.06047325201685075,4.955420025225288,,
United Kingdom,2024-09-23,2023-2026,0.0,,2,0.03278326372682892,-0.001222131124967142,0.06678865857862498,5.227810977986087,,
United Kingdom,2024-09-30,2023-2026,0.0,,2,0.08108781611031607,0.046122767710820196,0.11605286450981195,7.344079149435364,,
United Kingdom,2024-10-07,2023-2026,0.0,,2,0.0849617455588929,0.04990501248689376,0.12001847863089203,7.5137996661555535,,
United Kingdom,2024-10-14,2023-2026,0.0,,2,0.1012226839850173,0.06575829038439879,0.1366870775856358,8.226206773376102,,
United Kingdom,2024-10-21,2023-2026,0.0,,2,0.10748792790802396,0.07185681547126718,0.14311904034478073,8.500693041158138,,
United Kingdom,2024-10-28,2023-2026,0.0,,2,0.10040963706371092,0.06496648967279217,0.13585278445462967,8.190586418015075,,
United Kingdom,2024-11-04,2023-2026,0.0,,2,0.05712684507652685,0.022681023918701193,0.0915726662343525,6.294326323795672,,
United Kingdom,2024-11-11,2023-2026,0.0,,2,0.016235367563773046,-0.017522526163292283,0.04999326129083838,4.502831980638115,,
United Kingdom,2024-11-18,2023-2026,0.0,,2,-0.0029429745211560767,-0.03646798792204079,0.030582038879728636,3.6626106571221153,,
United Kingdom,2024-11-25,2023-2026,0.0,,2,-0.020064786158075262,-0.053431781922175355,0.01330220960602483,2.9124878795193028,,
United Kingdom,2024-12-02,2023-2026,0.0,,2,-0.01867782376290598,-0.05205584960557373,0.014700202079761773,2.973252015135173,,
United Kingdom,2024-12-09,2023-2026,0.0,,2,-0.01925173923676934,-0.052625162899418515,0.014121684425879837,2.94810823488033,,
United Kingdom,2024-12-16,2023-2026,0.0,,2,-0.018582171183928686,-0.051960969271748834,0.014796626903891462,2.977442645177647,,
United Kingdom,2024-12-23,2023-2026,0.0,,2,-0.019730002131655384,-0.053099631631742666,0.013639627368431897,2.927155084667961,,
United Kingdom,2024-12-30,2023-2026,0.0,,2,-0.014469110287909268,-0.04788252283966408,0.018944302263845546,3.157639737004021,,
United Kingdom,2025-01-06,2023-2026,0.0,,2,-0.02924743373988665,-0.06254932669777066,0.004054459217997356,2.510187395441816,,
United Kingdom,2025-01-13,2023-2026,0.0,,2,-0.02843438681858072,-0.061741487355669256,0.004872713718507813,2.5458077508028434,,
United Kingdom,2025-01-20,2023-2026,0.0,,2,-0.03651702974215426,-0.06977718332100015,-0.0032568761633083726,2.1916995122138063,,
United Kingdom,2025-01-27,2023-2026,0.0,,2,-0.03905182308505025,-0.07229946622303815,-0.005804179947062359,2.08064781608825,,
United Kingdom,2025-02-03,2023-2026,0.0,,2,-0.040630090638174125,-0.07387047895460956,-0.007389702321738689,2.011502420387432,,
United Kingdom,2025-02-10,2023-2026,0.0,,2,-0.039912696295845054,-0.07315633136404967,-0.006669061227640431,2.0429321457059855,,
United Kingdom,2025-02-17,2023-2026,0.0,,2,-0.04144313755948006,-0.07467994880008771,-0.0082063263188724,1.9758820650264044,,
United Kingdom,2025-02-24,2023-2026,0.0,,2,-0.039290954532493275,-0.07253747206768846,-0.0060444369972980985,2.070171240982065,,
United Kingdom,2025-03-03,2023-2026,0.0,,2,-0.032690926583066306,-0.06597196608910616,0.0005901129229735486,2.3593247139127587,,
United Kingdom,2025-03-10,2023-2026,0.0,,2,-0.03843008132169847,-0.07168069511796199,-0.005179467525434946,2.1078869113643295,,
United Kingdom,2025-03-17,2023-2026,0.0,,2,-0.036373550873688536,-0.06963444422326978,-0.003112657524107283,2.197985457277517,,
United Kingdom,2025-03-24,2023-2026,0.0,,2,-0.03632572458419967,-0.06958686527687061,-0.0030645838915287354,2.2000807722987537,,
United Kingdom,2025-03-31,2023-2026,0.0,,2,-0.026712640396991116,-0.060031126293822554,0.006605845499840321,2.621239091567372,,
United Kingdom,2025-04-07,2023-2026,0.0,,2,-0.02843438681858072,-0.061741487355669256,0.004872713718507813,2.5458077508028434,,
United Kingdom,2025-04-14,2023-2026,0.0,,2,-0.023843063027674805,-0.05718160273329284,0.009495476677943232,2.746957992841587,,
United Kingdom,2025-04-21,2023-2026,0.0,,2,-0.022599579500971245,-0.055947227234866295,0.010748068232923805,2.8014361833937467,,
United Kingdom,2025-04-28,2023-2026,0.0,,2,-0.02647350894954808,-0.05979361454074054,0.00684659664164438,2.631715666673557,,
United Kingdom,2025-05-05,2023-2026,0.0,,2,-0.02121261710580197,-0.05457072163972526,0.012145487428121323,2.8622003190096166,,
United Kingdom,2025-05-12,2023-2026,0.0,,2,-0.01977782842114381,-0.05314708055488496,0.013591423712597334,2.925059769646724,,
United Kingdom,2025-05-19,2023-2026,0.0,,2,-0.030538743556079082,-0.06383258843951957,0.002755101327361408,2.453613889868419,,
United Kingdom,2025-05-26,2023-2026,0.0,,2,-0.027764818765740065,-0.061076289242618494,0.005546651711138363,2.5751421611001604,,
United Kingdom,2025-06-02,2023-2026,0.0,,2,-0.024847415106935337,-0.058178782785062,0.00848395257119133,2.7029563773956116,,
United Kingdom,2025-06-09,2023-2026,0.0,,2,-0.02001695986858684,-0.0533843307622741,0.013350411025100418,2.9145831945405396,,
United Kingdom,2025-06-16,2023-2026,0.0,,2,-0.01724303507824784,-0.05063280097639848,0.016146730819902807,3.03611146577228,,
United Kingdom,2025-06-23,2023-2026,0.0,,2,-0.005334288995586316,-0.03883438604237963,0.028165808051207004,3.5578449060602706,,
United Kingdom,2025-06-30,2023-2026,0.0,,2,-0.007295166864618956,-0.040775519677470416,0.026185185948232503,3.471936990189557,,
United Kingdom,2025-07-07,2023-2026,0.0,,2,-0.024177847054095127,-0.057513977762754895,0.009158283654564642,2.7322907876929285,,
United Kingdom,2025-07-14,2023-2026,0.0,,2,-0.029917001792727296,-0.0632146875347989,0.0033806839493443104,2.4808529851444994,,
United Kingdom,2025-07-21,2023-2026,0.0,,2,-0.02336480013278876,-0.0567068130340231,0.00997721276844558,2.7679111430539556,,
United Kingdom,2025-07-28,2023-2026,0.0,,2,-0.0164299881569419,-0.04982655541986292,0.01696657910597912,3.071731821133308,,
United Kingdom,2025-08-04,2023-2026,0.0,,2,-0.02518219913335566,-0.058511212785762295,0.008146814519050975,2.6882891722469533,,
United Kingdom,2025-08-11,2023-2026,0.0,,2,-0.011599532918592975,-0.045038721831901045,0.021839655994715095,3.283358638278235,,
United Kingdom,2025-08-18,2023-2026,0.0,,2,0.0005483446115115761,-0.0330146963698849,0.03411138559290805,3.8155686536724103,,
United Kingdom,2025-08-25,2023-2026,0.0,,2,0.011213607167469521,-0.022477660989522526,0.044904875324461566,4.28282390340824,,
United Kingdom,2025-09-01,2023-2026,0.0,,2,0.000930954927420334,-0.032636372276267596,0.03449828213110826,3.832331173842306,,
United Kingdom,2025-09-08,2023-2026,0.0,,2,0.011931001509798603,-0.021769540660931674,0.04563154368052888,4.314253628726794,,
United Kingdom,2025-09-15,2023-2026,0.0,,2,0.020874517644166944,-0.012948453144107676,0.054697488432441564,4.7060775376980954,,
United Kingdom,2025-09-22,2023-2026,0.0,,2,0.02871802912029791,-0.0052226191479499764,0.0626586773885458,5.049709201180948,,
United Kingdom,2025-09-29,2023-2026,0.0,,2,0.05985294357737699,0.025352268871456828,0.09435361828329716,6.413759280006176,,
United Kingdom,2025-10-06,2023-2026,0.0,,2,0.07735736553020496,0.04247859705259987,0.11223613400781005,7.180644577778885,,
United Kingdom,2025-10-13,2023-2026,0.0,,2,0.10978358980347688,0.07409007023610895,0.14547710937084482,8.601268162177508,,
United Kingdom,2025-10-20,2023-2026,0.0,,2,0.077835628425091,0.042945909097275387,0.1127253477529066,7.2015977279912535,,
United Kingdom,2025-10-27,2023-2026,0.0,,2,0.04698767170494337,0.012736163272117136,0.0812391801377696,5.8501195392934475,,
United Kingdom,2025-11-03,2023-2026,0.0,,2,0.01915277122257734,-0.01464565316222943,0.05295119560738411,4.630646196933567,,
United Kingdom,2025-11-10,2023-2026,0.0,,2,0.0008831286379319082,-0.03268366150607936,0.03444991878194317,3.830235858821069,,
United Kingdom,2025-11-17,2023-2026,0.0,,2,-0.02035174389500717,-0.053716496711605596,0.013013008921591254,2.899915989391881,,
United Kingdom,2025-11-24,2023-2026,0.0,,2,-0.041156179822548614,-0.07439424111353574,-0.007918118531561484,1.9884539551538256,,
United Kingdom,2025-12-01,2023-2026,0.0,,2,-0.050099695956916955,-0.08330518788612296,-0.016894204027710955,1.596630046182524,,
United Kingdom,2025-12-08,2023-2026,0.0,,2,-0.043356189139024254,-0.076585013839301,-0.01012736443874751,1.8920694641769285,,
United Kingdom,2025-12-15,2023-2026,0.0,,2,-0.03685181376857459,-0.07011025439155648,-0.0035933731455927015,2.1770323070651476,,
United Kingdom,2025-12-22,2023-2026,0.0,,2,-0.03843008132169847,-0.07168069511796199,-0.005179467525434946,2.1078869113643295,,
United Kingdom,2025-12-29,2023-2026,0.0,,2,-0.04818664437737275,-0.08139799199531525,-0.014975296759430247,1.6804426470320004,,
United Kingdom,2026-01-05,2023-2026,0.0,,2,-0.05153448464157511,-0.08473598200528279,-0.018332987277867425,1.5337705955454168,,
United Kingdom,2026-01-12,2023-2026,0.0,,2,-0.047517076324532545,-0.08073061637351814,-0.014303536275546945,1.7097770573293172,,
United Kingdom,2026-01-19,2023-2026,0.0,,2,-0.048043165508907026,-0.08125497669528395,-0.014831354322530098,1.6867285920957111,,
United Kingdom,2026-01-26,2023-2026,0.0,,2,-0.04479097782368241,-0.07801420897729444,-0.011567746670070385,1.829210013539821,,
United Kingdom,2026-02-02,2023-2026,0.0,,2,-0.04077356950663985,-0.0740133186540014,-0.007533820359278298,2.005216475323721,,
United Kingdom,2026-02-09,2023-2026,0.0,,2,-0.04426488863930749,-0.07749013129951596,-0.011039645979099025,1.8522584787734269,,
United Kingdom,2026-02-16,2023-2026,0.0,,2,-0.034603978162610065,-0.06787427382826132,-0.0013336824969588101,2.2755121130632823,,
United Kingdom,2026-02-23,2023-2026,0.0,,2,-0.03814312358476657,-0.07139512993077407,-0.0048911172387590685,2.1204588014917514,,
United Kingdom,2026-03-02,2023-2026,0.0,,2,-0.04354749429697858,-0.07677555355683811,-0.010319435037119046,1.8836882040919805,,
United Kingdom,2026-03-09,2023-2026,0.0,,2,-0.05005186966742834,-0.08325750061322496,-0.016846238721631726,1.5987253612037609,,
United Kingdom,2026-03-16,2023-2026,0.0,,2,-0.057943207433047525,-0.09113102219356344,-0.024755392672531615,1.2529983826996711,,
United Kingdom,2026-03-23,2023-2026,0.0,,2,-0.05995191159156877,-0.09313683786764525,-0.026766985315492292,1.164995151807721,,
United Kingdom,2026-03-30,2023-2026,0.0,,2,-0.06023886932850038,-0.09342343753720986,-0.027054301119790895,1.1524232616802996,,
United Kingdom,2026-04-06,2023-2026,0.0,,2,-0.06363453588219106,-0.09681590311652644,-0.030453168647855695,1.003655895172479,,
United Kingdom,2026-04-13,2023-2026,0.0,,2,-0.06530845601429211,-0.09848894855732823,-0.032127963471255995,0.9303198694291872,,
United Kingdom,2026-04-20,2023-2026,0.0,,2,-0.07052152156854963,-0.10370226576077199,-0.037340777376327274,0.7019305321143643,,
United Kingdom,2026-04-27,2023-2026,0.0,,2,-0.07492154020150094,-0.10810600236322791,-0.04173707803977396,0.5091615501605686,,
United Kingdom,2020-01-20,2020-2022,0.0,,3,2.549507062656972,1.073976062626615,4.0250380626873286,,0.0,
United Kingdom,2020-01-27,2020-2022,0.0005986614346391,,3,2.549507062656972,1.073976062626615,4.0250380626873286,,0.0,
United Kingdom,2020-02-03,2020-2022,0.0032926378905151,,3,2.549507062656972,1.073976062626615,4.0250380626873286,,0.0,
United Kingdom,2020-02-10,2020-2022,0.0002993307173195,,3,2.549507062656972,1.073976062626615,4.0250380626873286,,0.0,
United Kingdom,2020-02-17,2020-2022,0.0,,3,2.5495077722215593,1.0739773321881552,4.025038212254963,,0.0005986614346391,
United Kingdom,2020-02-24,2020-2022,0.0020953150212369,,3,2.5495439600155323,1.0740420785464997,4.025045841484565,,0.031130394601234,
United Kingdom,2020-03-02,2020-2022,0.0041906300424738,,3,2.5495404121925938,1.0740357309753399,4.025045093409847,,0.0281370874280384,
United Kingdom,2020-03-09,2020-2022,0.0419063004247381,,3,2.549518060908081,1.0739957407219969,4.025040381094166,,0.0092792522369063,
United Kingdom,2020-03-16,2020-2022,0.4531867060218112,,3,2.5495446695801203,1.0740433480578357,4.025045991102405,,0.0317290560358731,
United Kingdom,2020-03-23,2020-2022,2.446729283370069,,3,2.549887744058276,1.0746570436800276,4.025118444436524,,0.3211818596838861,
United Kingdom,2020-03-30,2020-2022,8.193879055905589,,3,2.5518145666961902,1.0780995669719653,4.025529566420415,,1.9468469854464072,
United Kingdom,2020-04-06,2020-2022,16.260243226233047,,3,2.5585834580806077,1.0901362975138116,4.027030618647403,,7.65777774118626,
United Kingdom,2020-04-13,2020-2022,19.371486702052533,,3,2.5761806598557055,1.1210089470840985,4.031352372627312,,22.504581320236355,
United Kingdom,2020-04-20,2020-2022,17.494683104458904,,3,2.607022239442622,1.1736144077052242,4.04043007118002,,48.52569990754288,
United Kingdom,2020-04-27,2020-2022,13.893435244387302,,3,2.629104244194313,1.2100619214784556,4.04814656691017,,67.15634308422952,
United Kingdom,2020-05-04,2020-2022,10.614267236151536,,3,2.6263944170338656,1.2056451675662536,4.047143666501477,,64.87005506534273,
United Kingdom,2020-05-11,2020-2022,7.885269086349124,,3,2.6315494037635467,1.2140337080946166,4.049065099432477,,69.2193303879959,
United Kingdom,2020-05-18,2020-2022,6.014751433819206,,3,2.6295204038250026,1.2107388202633127,4.048301987386693,,67.50745801564535,
United Kingdom,2020-05-25,2020-2022,4.539050997433782,,3,2.619374339785401,1.1941299079544103,4.044618771616391,,58.94719816174062,
United Kingdom,2020-06-01,2020-2022,3.4761276202320306,,3,2.6035031538698963,1.167710935964105,4.039295371775688,,45.55663852245018,
United Kingdom,2020-06-08,2020-2022,2.510187395441816,,3,2.5947567059795436,1.1529269002640292,4.036586511695058,,38.17723834837111,
United Kingdom,2020-06-15,2020-2022,1.8241213913453884,,3,2.584321139588158,1.1350822375210738,4.033560041655242,,29.372724629133614,
United Kingdom,2020-06-22,2020-2022,1.3748259846487314,,3,2.574838163655767,1.1186752655964578,4.0310010617150756,,21.371913885899144,
United Kingdom,2020-06-29,2020-2022,1.1634984982211232,,3,2.56855000227952,1.1076967149708066,4.029403289588233,,16.066576252127295,
United Kingdom,2020-07-06,2020-2022,0.8037029760030141,,3,2.5670563688223997,1.1050774569598927,4.029035280684907,,14.806393932211952,
United Kingdom,2020-07-13,2020-2022,0.6273971835017943,,3,2.5645618945143207,1.1006933087088333,4.028430480319808,,12.70179965873814,
United Kingdom,2020-07-20,2020-2022,0.4651599347145936,,3,2.561190043593544,1.09474771958833,4.027632367598758,,9.856960521333054,
United Kingdom,2020-07-27,2020-2022,0.3906265861020235,,3,2.5598347752310264,1.0923517092215282,4.027317841240524,,8.713517181172344,
United Kingdom,2020-08-03,2020-2022,0.3289644583341946,,3,2.5601299540995117,1.0928738680304182,4.027386040168605,,8.962560337982215,
United Kingdom,2020-08-10,2020-2022,0.3154945760548145,,3,2.5610318106904857,1.0944681608221425,4.027595460558829,,9.723459021408532,
United Kingdom,2020-08-17,2020-2022,0.2828675278669826,,3,2.562652810991099,1.0973297536416182,4.0279758683405795,,11.091101068841594,
United Kingdom,2020-08-24,2020-2022,0.2086335099717321,,3,2.5641780200723723,1.1000175464213808,4.028338493723364,,12.377923822598374,
United Kingdom,2020-08-31,2020-2022,0.1888776826286413,,3,2.5674487580394008,1.105765982914745,4.0291315331640565,,15.137453705567385,
United Kingdom,2020-09-07,2020-2022,0.2179127622086384,,3,2.568396026763988,1.1074269048182575,4.029365148709719,,15.936666720810605,
United Kingdom,2020-09-14,2020-2022,0.3136985917508971,,3,2.5700525052939867,1.1103270792345357,4.029777931353438,,17.334241839975622,
United Kingdom,2020-09-21,2020-2022,0.490004384252117,,3,2.578428915251851,1.1249090502705674,4.031948780233135,,24.401440075890395,
United Kingdom,2020-09-28,2020-2022,0.7154004143937444,,3,2.6006446729283246,1.1628966908108425,4.038392655045807,,43.1449309330065,
United Kingdom,2020-10-05,2020-2022,1.0527461328128866,,3,2.607144639334001,1.1738192752886039,4.040470003379399,,48.62896900501812,
United Kingdom,2020-10-12,2020-2022,1.6095012670272653,,3,2.639836053801066,1.2273976868857046,4.052274420716428,,76.21079795242882,
United Kingdom,2020-10-19,2020-2022,2.5320385378061436,,3,2.693734934665475,1.3105880191326176,4.076881850198332,,121.68541985833345,
United Kingdom,2020-10-26,2020-2022,3.627588963195727,,3,2.7884451323563573,1.4401888014079247,4.13670146330479,,201.59265283894152,
United Kingdom,2020-11-02,2020-2022,4.924888292058694,,3,2.8370361153224346,1.4980290356720092,4.17604319497286,,242.5889878830282,
United Kingdom,2020-11-09,2020-2022,6.01834340242704,,3,2.888937926654746,1.5531245599336359,4.224751293375856,,286.37867718114103,
United Kingdom,2020-11-16,2020-2022,6.613712199175642,,3,2.9315923374977846,1.593197570856689,4.26998710413888,,322.3663113323196,
United Kingdom,2020-11-23,2020-2022,7.202495720143212,,3,2.944511025163846,1.6044103587725531,4.284611691555138,,333.26584074207665,
United Kingdom,2020-11-30,2020-2022,6.951057917594783,,3,2.9734254273305543,1.6279617976264809,4.318889057034628,,357.66099487290336,
United Kingdom,2020-12-07,2020-2022,6.694830823569242,,3,2.9462239140785673,1.605864949647135,4.28658287851,,334.7110094452955,
United Kingdom,2020-12-14,2020-2022,7.191121152885069,,3,2.8450992525148266,1.5070437451053087,4.183154759924345,,249.3918770955498,
United Kingdom,2020-12-21,2020-2022,8.298644806967435,,3,2.8072163087418143,1.4632442382255377,4.151188379258091,,217.429941761602,
United Kingdom,2020-12-28,2020-2022,10.024585723032008,,3,2.8471956610892026,1.509360191996157,4.1850311301822485,,251.1606223041911,
United Kingdom,2021-01-04,2020-2022,12.427612721673423,,3,2.9981055028201293,1.6463909819583555,4.349820023681903,,378.48363689252113,
United Kingdom,2021-01-11,2020-2022,16.531736186841886,,3,3.167037930296483,1.733353958887936,4.60072190170503,,521.0123525899673,
United Kingdom,2021-01-18,2020-2022,19.9509909707832,,3,3.3262113612158286,1.7606845631208439,4.891738159310814,,655.3073782461045,
United Kingdom,2021-01-25,2020-2022,19.044916889456896,,3,3.5786269006940934,1.7248217412332276,5.432432060154959,,868.2710063745815,
United Kingdom,2021-02-01,2020-2022,15.778919432783198,,3,3.4253417915058226,1.7563495280477455,5.0943340549639,,738.9439726337969,
United Kingdom,2021-02-08,2020-2022,11.988793890082947,,3,3.2412920904884017,1.7519479198831631,4.7306362610936405,,583.6607750713644,
United Kingdom,2021-02-15,2020-2022,9.153832666349413,,3,3.049303426081437,1.679807745212303,4.418799106950571,,421.6794540474719,
United Kingdom,2021-02-22,2020-2022,6.619998144239352,,3,2.92192948694241,1.584530458661528,4.259328515223292,,314.21373991540406,
United Kingdom,2021-03-01,2020-2022,4.487865444772138,,3,2.8216701393933765,1.4803881251261528,4.1629521536606005,,229.62467518520083,
United Kingdom,2021-03-08,2020-2022,3.084603041978049,,3,2.7610431671083435,1.4049456193901468,4.11714071482654,,178.4735455560481,
United Kingdom,2021-03-15,2020-2022,2.116567502166597,,3,2.7275616524728687,1.3593701261727318,4.0957531787730055,,150.22510710116674,
United Kingdom,2021-03-22,2020-2022,1.5616083522561357,,3,2.6702291885685527,1.2751160959250647,4.0653422812120406,,101.85356251304344,
United Kingdom,2021-03-29,2020-2022,1.0416708962720629,,3,2.6498313353657807,1.2433173118393255,4.056345358892236,,84.64384225147275,
United Kingdom,2021-04-05,2020-2022,0.7728719121190996,,3,2.6471371186262624,1.2390478546273007,4.055226382625224,,82.37072478414802,
United Kingdom,2021-04-12,2020-2022,0.6414657272158134,,3,2.645065190030162,1.235753624286509,4.054376755773815,,80.6226333950018,
United Kingdom,2021-04-19,2020-2022,0.5202367867013924,,3,2.630938113871238,1.213041972064495,4.048834255677981,,68.7035835620543,
United Kingdom,2021-04-26,2020-2022,0.392422570405941,,3,2.603959403899791,1.168477778957297,4.039441028842285,,45.94157782492313,
United Kingdom,2021-05-03,2020-2022,0.2687989841529634,,3,2.5971110412815506,1.1569219576943002,4.037300124868801,,40.1635969885037,
United Kingdom,2021-05-10,2020-2022,0.2388659124210075,,3,2.59131886555211,1.1470727983764104,4.0355649327278105,,35.27672369754459,
United Kingdom,2021-05-17,2020-2022,0.1948642969750324,,3,2.588521052382787,1.142290719101566,4.034751385664008,,32.91620166076255,
United Kingdom,2021-05-24,2020-2022,0.1652305559603961,,3,2.585031768522745,1.1363044341678992,4.033759102877591,,29.972284055924693,
United Kingdom,2021-05-31,2020-2022,0.1724144931760656,,3,2.588149595321123,1.141654616977261,4.034644573664985,,32.60280239972898,
United Kingdom,2021-06-07,2020-2022,0.1754078003492611,,3,2.5889240850686037,1.1429805751026048,4.034867595034603,,33.25624135563756,
United Kingdom,2021-06-14,2020-2022,0.2047422106465779,,3,2.5975701295697964,1.1576996512883468,4.037440607851246,,40.5509309367152,
United Kingdom,2021-06-21,2020-2022,0.2478458339405942,,3,2.6181134435130478,1.192050481603623,4.044176405422473,,57.88337679238691,
United Kingdom,2021-06-28,2020-2022,0.3080113081218255,,3,2.657484699008773,1.2553575613681411,4.059611836649404,,91.10100448549026,
United Kingdom,2021-07-05,2020-2022,0.4418121387636681,,3,2.6954570479198363,1.313136637274372,4.077777458565301,,123.13837116020258,
United Kingdom,2021-07-12,2020-2022,0.6273971835017943,,3,2.7635706361697507,1.4082745071558904,4.118866765183611,,180.60597758623263,
United Kingdom,2021-07-19,2020-2022,0.9111627035207356,,3,2.9119519444923885,1.5753287695053582,4.248575119479419,,305.79566215222616,
United Kingdom,2021-07-26,2020-2022,1.1266808199908176,,3,3.0576230708722845,1.6846370521885594,4.430609089556009,,428.6987593686155,
United Kingdom,2021-08-02,2020-2022,1.329028384898839,,3,3.21066089680174,1.7455950696427414,4.6757267239607385,,557.8171595994282,
United Kingdom,2021-08-09,2020-2022,1.3637507481079076,,3,3.3323111331940396,1.7608443831379519,4.903777883250127,,660.4537712689797,
United Kingdom,2021-08-16,2020-2022,1.4325968130914062,,3,3.064219892844183,1.6883491492181215,4.440090636470245,,434.2645147264554,
United Kingdom,2021-08-23,2020-2022,1.710675049481276,,3,3.0149310531060975,1.6580828199727127,4.371779286239482,,392.67939616140114,
United Kingdom,2021-08-30,2020-2022,1.8639323767488896,,3,3.0470558802498795,1.67847468337595,4.415637077123809,,419.7831939532525,
United Kingdom,2021-09-06,2020-2022,2.155779826135459,,3,3.0932694670648493,1.7034802266687366,4.4830587074609625,,458.7737138605808,
United Kingdom,2021-09-13,2020-2022,2.241089080571533,,3,3.1492888816996163,1.7272489098282777,4.571328853570955,,506.0374354639045,
United Kingdom,2021-09-20,2020-2022,2.2497696713738,,3,3.1616796533124245,1.7315810442411772,4.591778262383672,,516.49156076629,
United Kingdom,2021-09-27,2020-2022,1.968698127810735,,3,3.2044979735752235,1.7440976280334277,4.664898319117019,,552.6174857088703,
United Kingdom,2021-10-04,2020-2022,1.814243477673843,,3,3.0867070589754544,1.7002335529096908,4.473180565041218,,453.23699358232096,
United Kingdom,2021-10-11,2020-2022,1.8642317074662091,,3,3.11044979964467,1.7115138226562807,4.509385776633059,,473.2688038467805,
United Kingdom,2021-10-18,2020-2022,2.1222547857956684,,3,3.1503209433924337,1.7276222256691136,4.573019661115754,,506.9081885205871,
United Kingdom,2021-10-25,2020-2022,2.3820738484290453,,3,3.1470675897578038,1.7264376828742807,4.567697496641327,,504.1633258427667,
United Kingdom,2021-11-01,2020-2022,2.635008304564072,,3,3.248283430371065,1.7531494799693677,4.743417380772762,,589.5593861868635,
United Kingdom,2021-11-08,2020-2022,2.4530152284337805,,3,3.358080035543449,1.7608757020607329,4.955284369026165,,682.1950592600512,
United Kingdom,2021-11-15,2020-2022,2.232109159051946,,3,3.298707928231773,1.7592121606049849,4.838203695858561,,632.1026623780577,
United Kingdom,2021-11-22,2020-2022,2.0204823419070186,,3,3.2252935377294043,1.748853720465925,4.701733354992884,,570.1627557045562,
United Kingdom,2021-11-29,2020-2022,1.9636095056163028,,3,3.1693188256636624,1.734090409833784,4.604547241493541,,522.9367497716147,
United Kingdom,2021-12-06,2020-2022,2.007311790344958,,3,3.258425591805434,1.754732695777224,4.762118487833644,,598.1163534028777,
United Kingdom,2021-12-13,2020-2022,1.8525578094907469,,3,3.2952729260626903,1.7589398448494629,4.8316060072759175,,629.2045423729697,
United Kingdom,2021-12-20,2020-2022,1.799276941807865,,3,3.333521650380665,1.7608690550149004,4.9061742457464295,,661.475087676474,
United Kingdom,2021-12-27,2020-2022,1.893566117763526,,3,3.418193283066983,1.7571297448803587,5.0792568212536064,,732.9127580105251,
United Kingdom,2022-01-03,2020-2022,2.5089900725725376,,3,3.7262017888628036,1.6727470336653827,5.7796565440602246,,992.7803122201076,
United Kingdom,2022-01-10,2020-2022,3.2552215508501967,,3,4.4878686398967105,1.2269364994959648,7.748800780297456,,1635.4005580126225,
United Kingdom,2022-01-17,2020-2022,3.5198299049606865,,3,5.237431383411241,0.6702350191816171,9.804627747640865,,2267.808537722346,
United Kingdom,2022-01-24,2020-2022,3.238459030680301,,3,6.043539683702323,0.028097280196748287,12.058982087207898,,2947.9241464891784,
United Kingdom,2022-01-31,2020-2022,2.9115898873673443,,3,4.993160581052955,0.8578476682799083,9.128473493826,,2061.7166448713742,
United Kingdom,2022-02-07,2020-2022,2.453613889868419,,3,4.3288172540864505,1.3350250697283408,7.322609438444561,,1501.2085021232433,
United Kingdom,2022-02-14,2020-2022,2.0417348228367076,,3,4.357164359365288,1.3161453941465222,7.398183324584053,,1525.125026437076,
United Kingdom,2022-02-21,2020-2022,1.8375912736247688,,3,4.160284311472974,1.4431364370701147,6.8774321858758345,,1359.016832813499,
United Kingdom,2022-02-28,2020-2022,1.7007971358097305,,3,3.7659828179079287,1.655843045267789,5.876122590548068,,1026.343666891715,
United Kingdom,2022-03-07,2020-2022,1.6349443779994275,,3,3.430442496544544,1.7557513658355217,5.105133627253566,,743.2474503567001,
United Kingdom,2022-03-14,2020-2022,1.8016715875464215,,3,3.25476210983911,1.7541824871378702,4.75534173254035,,595.0254644158359,
United Kingdom,2022-03-21,2020-2022,2.312629122010907,,3,3.168710019247411,1.7338949016442746,4.603525136850548,,522.4230982606944,
United Kingdom,2022-03-28,2020-2022,2.5293445613502676,,3,3.4450385948959417,1.7538523305895148,5.136224859202368,,755.5622153979441,
United Kingdom,2022-04-04,2020-2022,2.8355598851681765,,3,3.8708873300303765,1.6064961011334358,6.135278558927317,,1114.851868703783,
United Kingdom,2022-04-11,2020-2022,2.9499042191842473,,3,4.043622314132245,1.512987019069043,6.574257609195446,,1260.5888110294604,
United Kingdom,2022-04-18,2020-2022,2.5838227519024275,,3,3.9068069085892083,1.588191808260241,6.2254220089181755,,1145.1573078480849,
United Kingdom,2022-04-25,2020-2022,2.1243501008169057,,3,3.462588965408251,1.7512103602233318,5.17396757059317,,770.3695073223081,
United Kingdom,2022-05-02,2020-2022,1.660986150406229,,3,3.166900984331056,1.7333093963167403,4.600492572345371,,520.896810933082,
United Kingdom,2022-05-09,2020-2022,1.3571654723268776,,3,2.9763768612331156,1.6302464051815317,4.3225073172847,,360.1511271102848,
United Kingdom,2022-05-16,2020-2022,1.0377795969469088,,3,2.8394387010164057,1.5007326277626334,4.178144774270178,,244.61605550071627,
United Kingdom,2022-05-23,2020-2022,0.8141795511091986,,3,2.7456470346843083,1.3843278711603804,4.106966198208236,,165.48378974724852,
United Kingdom,2022-05-30,2020-2022,0.6115326554838577,,3,2.7170398739840764,1.344487368545046,4.089592379423107,,141.3478560176206,
United Kingdom,2022-06-06,2020-2022,0.5411899369137615,,3,2.6870753162275642,1.3006673458241398,4.073483286630989,,116.066682963528,
United Kingdom,2022-06-13,2020-2022,0.572021000797676,,3,2.6635457997169536,1.264800046722833,4.062291552711074,,96.2147704601776,
United Kingdom,2022-06-20,2020-2022,0.7246796666306506,,3,2.6559701333963153,1.2529852015002394,4.058955065292391,,89.82316165325305,
United Kingdom,2022-06-27,2020-2022,0.9590556182918648,,3,2.7001387550695175,1.320030270144939,4.080247239994096,,127.0883393059515,
United Kingdom,2022-07-04,2020-2022,1.2458144454840017,,3,2.764674718668221,1.4097237168305798,4.119625720505862,,181.53749477853108,
United Kingdom,2022-07-11,2020-2022,1.694810521463339,,3,2.8345508653539957,1.4952168382334368,4.173884892474555,,240.49217620820468,
United Kingdom,2022-07-18,2020-2022,2.071069233134024,,3,2.9131574947269,1.5764542081399742,4.249860781313826,,306.812787929678,
United Kingdom,2022-07-25,2020-2022,1.984562655828672,,3,3.00675509514426,1.6524891653509801,4.36102102493754,,385.7813197807719,
United Kingdom,2022-08-01,2020-2022,1.5253893354604693,,3,3.0023866607600507,1.6494325663607614,4.3553407551593395,,382.0956606584162,
United Kingdom,2022-08-08,2020-2022,1.3203477940965718,,3,2.8811114292523534,1.5452616418773983,4.2169612166273085,,279.7754415570716,
United Kingdom,2022-08-15,2020-2022,1.2817341315623487,,3,2.770819193215457,1.4177336933214746,4.12390469310944,,186.7216034717885,
United Kingdom,2022-08-22,2020-2022,0.9779134534829972,,3,2.7080245011149833,1.3315254812929975,4.084523520936969,,133.7415631598133,
United Kingdom,2022-08-29,2020-2022,0.8132815589572399,,3,2.673522277820094,1.2801618795518728,4.066882676088316,,104.63195023120356,
United Kingdom,2022-09-05,2020-2022,0.7255776587826094,,3,2.6491427029334123,1.2422275800971236,4.056057825769701,,84.06284132915549,
United Kingdom,2022-09-12,2020-2022,0.6462550186929265,,3,2.6278674731179423,1.2080480655848638,4.047686880651021,,66.11287620365353,
United Kingdom,2022-09-19,2020-2022,0.6453570265409677,,3,2.6203773093301224,1.1957815551535889,4.044973063506656,,59.79340609960302,
United Kingdom,2022-09-26,2020-2022,0.7737699042710583,,3,2.6235994421228934,1.2010731072994763,4.046125776946311,,62.51192767429924,
United Kingdom,2022-10-03,2020-2022,1.098543732562779,,3,2.623896394902848,1.201559661752588,4.046233128053108,,62.76246748469571,
United Kingdom,2022-10-10,2020-2022,1.4574412626289297,,3,2.6395756435973783,1.2269799965456423,4.052171290649114,,75.99108920591627,
United Kingdom,2022-10-17,2020-2022,1.6367403623033447,,3,2.674240711965146,1.2812594106017436,4.067222013328548,,105.23809493377568,
United Kingdom,2022-10-24,2020-2022,1.5975280383344828,,3,2.7032977366139828,1.3246527418631409,4.081942731364824,,129.75358001296482,
United Kingdom,2022-10-31,2020-2022,1.384404567602957,,3,2.7086783648825543,1.3324720532216905,4.084884676543418,,134.29322967183325,
United Kingdom,2022-11-07,2020-2022,1.1278781428600957,,3,2.690876453723903,1.3063424141463023,4.075410493301504,,119.27371226888977,
United Kingdom,2022-11-14,2020-2022,0.8806309703541405,,3,2.6589964263628794,1.2577203635974676,4.060272489128291,,92.37645267198889,
United Kingdom,2022-11-21,2020-2022,0.8477045914489892,,3,2.6295679446523788,1.210816123378225,4.048319765926532,,67.54756833176617,
United Kingdom,2022-11-28,2020-2022,0.7782598650308516,,3,2.612116558400054,1.1821145023075987,4.04211861449251,,52.82378967753442,
United Kingdom,2022-12-05,2020-2022,0.8462079378623913,,3,2.605549892923133,1.1711476045004967,4.03995218134577,,47.283477430666714,
United Kingdom,2022-12-12,2020-2022,1.0383782583815475,,3,2.6048169127040333,1.169917865012821,4.039715960395245,,46.6650601686845,
United Kingdom,2022-12-19,2020-2022,1.3682407088677009,,3,2.6107183613799805,1.1797869761752215,4.041649746584739,,51.64412732057803,
United Kingdom,2022-12-26,2020-2022,1.8654290303354877,,3,2.6202226242500024,1.195526966119073,4.044918282380932,,59.66289790685168,
United Kingdom,2023-01-02,2023-2026,2.0423334842713463,,3,1.5522361160569476,1.3598482267027734,1.7446240054111217,,75.7130109695264,
United Kingdom,2023-01-09,2023-2026,1.8417819036672425,,3,2.008692316221582,1.761021592343005,2.256363040100159,,96.88287662123484,
United Kingdom,2023-01-16,2023-2026,1.5607103601041772,,3,1.849032038526984,1.6207393310752878,2.0773247459786806,,89.4780333361836,
United Kingdom,2023-01-23,2023-2026,1.2033094836246243,,3,1.6928569475877868,1.4834799924893,1.9022339026862736,,82.23482863848494,
United Kingdom,2023-01-30,2023-2026,1.0623247157671123,,3,1.1008979771831136,0.962585745802109,1.2392102085641181,,54.78051457665237,
United Kingdom,2023-02-06,2023-2026,1.0042545566071182,,3,0.6340443031982023,0.5498417126363213,0.7182468937600832,,33.128427139342115,
United Kingdom,2023-02-13,2023-2026,0.9979686115434072,,3,0.599818478450266,0.5194086784892873,0.6802282784112448,,31.5410763453965,
United Kingdom,2023-02-20,2023-2026,1.082379873827523,,3,0.7835588150048582,0.6824087951995333,0.8847088348101831,,40.062722536767005,
United Kingdom,2023-02-27,2023-2026,1.160205860330608,,3,0.9362035408418271,0.8173206495246084,1.0550864321590459,,47.142193332091885,
United Kingdom,2023-03-06,2023-2026,1.3407022828743018,,3,1.0743460173466037,0.9391817327110215,1.209510301982186,,53.549068005599715,
United Kingdom,2023-03-13,2023-2026,1.4305014980701691,,3,1.2175226524980693,1.0653283247726493,1.3697169802234894,,60.18942063861679,
United Kingdom,2023-03-20,2023-2026,1.513416106767687,,3,1.1366921359709798,0.9941283312083155,1.2792559407336443,,56.44060273490664,
United Kingdom,2023-03-27,2023-2026,1.5400565406091276,,3,1.2014391610268533,1.0511641047527482,1.3517142173009584,,59.44348849105644,
United Kingdom,2023-04-03,2023-2026,1.295802675276368,,3,1.3678697366962929,1.1976736424855718,1.5380658309070139,,67.1623296985759,
United Kingdom,2023-04-10,2023-2026,1.2179766887732828,,3,1.381165078763189,1.2093724625932114,1.5529576949331667,,67.7789509762542,
United Kingdom,2023-04-17,2023-2026,1.1111156226902004,,3,1.2057891904215565,1.054995176908853,1.35658320393426,,59.64523739452983,
United Kingdom,2023-04-24,2023-2026,0.9776141227656776,,3,0.849164228650488,0.7404339469043844,0.9578945103965917,,43.10541927832031,
United Kingdom,2023-05-01,2023-2026,0.7785591957481712,,3,0.6142239170392525,0.5322226011356449,0.6962252329428601,,32.20918250645376,
United Kingdom,2023-05-08,2023-2026,0.69803923278921,,3,0.54921227595195,0.47433064509873346,0.6240939068051665,,29.194024190893845,
United Kingdom,2023-05-15,2023-2026,0.5995594267910753,,3,0.4555382008262573,0.3905629817012779,0.5205134199512367,,24.849538159717778,
United Kingdom,2023-05-22,2023-2026,0.5477752126947918,,3,0.43066429387197697,0.3682278974056433,0.4931006903383106,,23.6959175751682,
United Kingdom,2023-05-29,2023-2026,0.4636632811279959,,3,0.3666788466626537,0.3105375286402643,0.42282016468504313,,20.728352843662098,
United Kingdom,2023-06-05,2023-2026,0.3885312710807866,,3,0.28856548499486684,0.23949631610316666,0.337634653886567,,17.10555317194348,
United Kingdom,2023-06-12,2023-2026,0.3681767823030567,,3,0.2412766639637277,0.19603654674561874,0.28651678118183666,,14.912357006143074,
United Kingdom,2023-06-19,2023-2026,0.3098072924257428,,3,0.18235119159928095,0.14122974751224088,0.22347263568632103,,12.179467557015508,
United Kingdom,2023-06-26,2023-2026,0.2188107543605971,,3,0.15064244617468914,0.11136318285656077,0.1899217094928175,,10.70885574282452,
United Kingdom,2023-07-03,2023-2026,0.1879796904766826,,3,0.11041435534800838,0.07301719808220765,0.1478115126138091,,8.843127381771712,
United Kingdom,2023-07-10,2023-2026,0.1403861064228728,,3,0.0603309308630024,0.024455926910666177,0.09620593481533862,,6.520321015371939,
United Kingdom,2023-07-17,2023-2026,0.1355968149457599,,3,0.030280876171998802,-0.005164455608509873,0.06572620795250747,,5.1266371955320755,
United Kingdom,2023-07-24,2023-2026,0.1487673665078204,,3,0.02052880730642608,-0.014858673128214619,0.05591628774106677,,4.674348481662222,
United Kingdom,2023-07-31,2023-2026,0.2071368563851343,,3,0.050469143155130194,0.01477656774554733,0.08616171856471305,,6.062943679307653,
United Kingdom,2023-08-07,2023-2026,0.2529344561350267,,3,0.07066386418780855,0.03455515256252103,0.10677257581309607,,6.999549493800552,
United Kingdom,2023-08-14,2023-2026,0.382245326017076,,3,0.10719378462403702,0.06992312737604595,0.1444644418720281,,8.693761353829252,
United Kingdom,2023-08-21,2023-2026,0.4765345019727368,,3,0.17649736866011864,0.13573770959620918,0.2172570277240281,,11.90797459640667,
United Kingdom,2023-08-28,2023-2026,0.4229543035725359,,3,0.23770112051466927,0.19273331328627283,0.2826689277430657,,14.74652778874804,
United Kingdom,2023-09-04,2023-2026,0.5007802900756211,,3,0.29586501503256535,0.24617067080853047,0.3455593592566002,,17.444096213231898,
United Kingdom,2023-09-11,2023-2026,0.6405677350638548,,3,0.31671804911904156,0.26519367671079785,0.36824242152728526,,18.411233760891395,
United Kingdom,2023-09-18,2023-2026,0.5798035994479845,,3,0.3434313601942268,0.2894759073555855,0.39738681303286816,,19.650163599877043,
United Kingdom,2023-09-25,2023-2026,0.5857902137943756,,3,0.5038854859831102,0.43385803235503057,0.5739129396111899,,27.091824563158585,
United Kingdom,2023-10-02,2023-2026,0.6708001375131303,,3,0.5130502363399025,0.4420496933435313,0.5840507793362738,,27.51687418175236,
United Kingdom,2023-10-09,2023-2026,0.7797565186174494,,3,0.4929587800999766,0.4240854544426594,0.5618321057572938,,26.58505765873657,
United Kingdom,2023-10-16,2023-2026,0.7471294704296175,,3,0.6266737786154865,0.5432912687906162,0.7100562884403567,,32.78659146016318,
United Kingdom,2023-10-23,2023-2026,0.3684761130203763,,3,0.7184180929266151,0.6247167221870956,0.8121194636661345,,37.041577606860706,
United Kingdom,2023-10-30,2023-2026,0.0,,3,0.6021096660394641,0.5214472269345067,0.6827721051444215,,31.64733875004494,
United Kingdom,2023-11-06,2023-2026,0.0,,3,0.4015048980184648,0.34198320773753244,0.46102658829939713,,22.343541394318432,
United Kingdom,2023-11-13,2023-2026,0.0,,3,0.28921734399911714,0.24009268689435143,0.33834200110388285,,17.135785574392752,
United Kingdom,2023-11-20,2023-2026,0.0,,3,0.36173504470962364,0.3060636294282265,0.4174064599910208,,20.499065514195312,
United Kingdom,2023-11-27,2023-2026,0.0,,3,0.1407548422686287,0.10198796381786365,0.17952172071939373,,10.250281083890956,
United Kingdom,2023-12-04,2023-2026,0.0,,3,0.1567027986993565,0.11709437651818619,0.1963112208805268,,10.989927286387584,
United Kingdom,2023-12-11,2023-2026,0.0,,3,0.1344298737125324,0.09597425330735088,0.17288549411771392,,9.956936980917789,
United Kingdom,2023-12-18,2023-2026,0.0,,3,0.16456383104764766,0.12451189530141835,0.20461576679387697,,11.354512100082806,
United Kingdom,2023-12-25,2023-2026,0.0,,3,0.26255566532030833,0.2156427117145161,0.30946861892610056,,15.89925038114566,
United Kingdom,2024-01-01,2023-2026,0.0,,3,0.35015647982223935,0.29557502586523715,0.40473793377924155,,19.962066207324025,
United Kingdom,2024-01-08,2023-2026,0.0,,3,0.4067649483992997,0.34672278557705316,0.4668071112215463,,22.58749592893387,
United Kingdom,2024-01-15,2023-2026,0.0,,3,0.3806970422788177,0.32320936871245715,0.4381847158451782,,21.37849916168017,
United Kingdom,2024-01-22,2023-2026,0.0,,3,0.3217844780134654,0.2698061828132057,0.3737627732137251,,18.64620837398725,
United Kingdom,2024-01-29,2023-2026,0.0,,3,0.22663887959104811,0.18249656757345048,0.2707811916086458,,14.23347493926232,
United Kingdom,2024-02-05,2023-2026,0.0,,3,0.21742249683787923,0.17394752192968738,0.2608974717460711,,13.806030674929987,
United Kingdom,2024-02-12,2023-2026,0.0,,3,0.21986212756665954,0.17621236449705152,0.26351189063626757,,13.919177686076782,
United Kingdom,2024-02-19,2023-2026,0.0,,3,0.1542179896237476,0.11474588940583878,0.19369008984165642,,10.874684960219554,
United Kingdom,2024-02-26,2023-2026,0.0,,3,0.104566986458393,0.06739671278424492,0.1417372601325411,,8.571933751880191,
United Kingdom,2024-03-04,2023-2026,0.0,,3,0.050081900182307904,0.014395669536798453,0.08576813082781735,,6.0449838362684805,
United Kingdom,2024-03-11,2023-2026,0.0,,3,0.00969245811695119,-0.025678168568841756,0.04506308480274414,,4.171772207282684,
United Kingdom,2024-03-18,2023-2026,0.0,,3,-0.009011377470361829,-0.044470452441594734,0.02644769750087108,,3.304311788490604,
United Kingdom,2024-03-25,2023-2026,0.0,,3,-0.007068708556703353,-0.04251168814937899,0.028374271035972284,,3.3944103344037915,
United Kingdom,2024-04-01,2023-2026,0.0,,3,-0.0017828419776801485,-0.03719011910407514,0.03362443514871485,,3.6395621918885097,
United Kingdom,2024-04-08,2023-2026,0.0,,3,-0.01194797001426341,-0.047434402699345235,0.02353846267081841,,3.168116312110205,
United Kingdom,2024-04-15,2023-2026,0.0,,3,-0.014161709008896866,-0.04967116975892793,0.0213477517411342,,3.065445876069597,
United Kingdom,2024-04-22,2023-2026,0.0,,3,-0.008785485736215473,-0.04424260714703287,0.026671635674601922,,3.314788363596789,
United Kingdom,2024-04-29,2023-2026,0.0,,3,-0.01285153695084879,-0.048347119447360046,0.02264404554566246,,3.1262100116854667,
United Kingdom,2024-05-06,2023-2026,0.0,,3,-0.006119963273289336,-0.04155566276419063,0.029315736217611958,,3.4384119498497663,
United Kingdom,2024-05-13,2023-2026,0.0,,3,0.012945299088657757,-0.022425134996246723,0.048315733173562234,,4.322634888811742,
United Kingdom,2024-05-20,2023-2026,0.0,,3,0.04935904663303977,0.013684493145837417,0.08503360012024212,,6.011458795928689,
United Kingdom,2024-05-27,2023-2026,0.0,,3,0.05365098958181898,0.017903931112252934,0.08939804805138502,,6.210513722946196,
United Kingdom,2024-06-03,2023-2026,0.0,,3,0.0377933898447498,0.002276040786362961,0.07331073890313664,,5.475058150492041,
United Kingdom,2024-06-10,2023-2026,0.0,,3,0.024013994061825937,-0.01138952571253845,0.059417513836190324,,4.835987069014784,
United Kingdom,2024-06-17,2023-2026,0.0,,3,0.0296161090686541,-0.005823998322291812,0.06505621645960001,,5.09580613164816,
United Kingdom,2024-06-24,2023-2026,0.0,,3,0.05103064546572236,0.015328759762264332,0.0867325311691804,,6.088985451714455,
United Kingdom,2024-07-01,2023-2026,0.0,,3,0.09512471197107787,0.05829422455209282,0.13195519939006292,,8.134012912441678,
United Kingdom,2024-07-08,2023-2026,0.0,,3,0.1408451989622873,0.10207377946066672,0.17961661846390792,,10.254471713933428,
United Kingdom,2024-07-15,2023-2026,0.0,,3,0.1416584092052136,0.10284600155913205,0.18047081685129518,,10.292187384315692,
United Kingdom,2024-07-22,2023-2026,0.0,,3,0.13872181666131198,0.10005641191378717,0.17738722140883678,,10.155991907935292,
United Kingdom,2024-07-29,2023-2026,0.0,,3,0.16216937866569692,0.12225448416826523,0.2020842731631286,,11.243460403957249,
United Kingdom,2024-08-05,2023-2026,0.0,,3,0.1549408431730157,0.11542927993707507,0.19445240640895634,,10.908210000559343,
United Kingdom,2024-08-12,2023-2026,0.0,,3,0.11242801880668372,0.07494986600168055,0.1499061716116869,,8.936518565575414,
United Kingdom,2024-08-19,2023-2026,0.0,,3,0.08048692759839862,0.044116408384068294,0.11685744681272894,,7.45513084556092,
United Kingdom,2024-08-26,2023-2026,0.0,,3,0.039510167024261494,0.003973022496510062,0.07504731155201293,,5.554680121299044,
United Kingdom,2024-09-02,2023-2026,0.0,,3,0.022252038535484717,-0.013142727257943323,0.057646804328912754,,4.754269783186545,
United Kingdom,2024-09-09,2023-2026,0.0,,3,0.013171190822804085,-0.02219939722419709,0.04854177886980526,,4.333111463917926,
United Kingdom,2024-09-16,2023-2026,0.0,,3,0.022749000350606934,-0.012648100964646577,0.05814610166586044,,4.77731824842015,
United Kingdom,2024-09-23,2023-2026,0.0,,3,0.026589159831093452,-0.008829525536609949,0.06200784519879685,,4.955420025225288,
United Kingdom,2024-09-30,2023-2026,0.0,,3,0.03246234491889708,-0.0030014442957770338,0.0679261341335712,,5.227810977986087,
United Kingdom,2024-10-07,2023-2026,0.0,,3,0.07809247521644791,0.041789290025578185,0.11439566040731763,,7.344079149435364,
United Kingdom,2024-10-14,2023-2026,0.0,,3,0.0817519213096176,0.04534492196285519,0.11815892065638,,7.5137996661555535,
United Kingdom,2024-10-21,2023-2026,0.0,,3,0.09711255923156543,0.06021330250741141,0.13401181595571945,,8.226206773376102,
United Kingdom,2024-10-28,2023-2026,0.0,,3,0.10303092266619816,0.06591817799612668,0.14014366733626965,,8.500693041158138,
United Kingdom,2024-11-04,2023-2026,0.0,,3,0.09634452733546778,0.059472016739521565,0.13321703793141398,,8.190586418015075,
United Kingdom,2024-11-11,2023-2026,0.0,,3,0.055458123454989725,0.019678260240627667,0.09123798666935179,,6.294326323795672,
United Kingdom,2024-11-18,2023-2026,0.0,,3,0.016830636915973782,-0.01854547259011167,0.05220674642205923,,4.502831980638115,
United Kingdom,2024-11-25,2023-2026,0.0,,3,-0.0012858801625583774,-0.036690410188402606,0.034118649863285846,,3.6626106571221153,
United Kingdom,2024-12-02,2023-2026,0.0,,3,-0.01745972832743295,-0.05300732037161835,0.01808786371675245,,2.9124878795193028,
United Kingdom,2024-12-09,2023-2026,0.0,,3,-0.016149556269384423,-0.05168145308438607,0.01938234054561722,,2.973252015135173,
United Kingdom,2024-12-16,2023-2026,0.0,,3,-0.0166916964313353,-0.05223000041641351,0.018846607553742914,,2.94810823488033,
United Kingdom,2024-12-23,2023-2026,0.0,,3,-0.0160591995757258,-0.05159004053178058,0.019471641380328985,,2.977442645177647,
United Kingdom,2024-12-30,2023-2026,0.0,,3,-0.017143479899627983,-0.05268721746617866,0.01840025766692269,,2.927155084667961,
United Kingdom,2025-01-06,2023-2026,0.0,,3,-0.012173861748409747,-0.0476625496179253,0.02331482612110581,,3.157639737004021,
United Kingdom,2025-01-13,2023-2026,0.0,,3,-0.026133970918650436,-0.06180359465821332,0.009535652820912451,,2.510187395441816,
United Kingdom,2025-01-20,2023-2026,0.0,,3,-0.02536593902255322,-0.061023492095932746,0.010291614050826306,,2.5458077508028434,
United Kingdom,2025-01-27,2023-2026,0.0,,3,-0.03300107963669759,-0.06878948475503005,0.002787325481634871,,2.1916995122138063,
United Kingdom,2025-02-03,2023-2026,0.0,,3,-0.03539553201864832,-0.07122992329463143,0.0004388592573347991,,2.08064781608825,
United Kingdom,2025-02-10,2023-2026,0.0,,3,-0.03688641746401365,-0.07275062839710733,-0.0010222065309199724,,2.011502420387432,
United Kingdom,2025-02-17,2023-2026,0.0,,3,-0.03620874226157507,-0.07205928609804452,-0.0003581984251056283,,2.0429321457059855,
United Kingdom,2025-02-24,2023-2026,0.0,,3,-0.037654449360111315,-0.07353437646490613,-0.0017745222553165116,,1.9758820650264044,
United Kingdom,2025-03-03,2023-2026,0.0,,3,-0.03562142375279466,-0.0714602746988503,0.00021742719326098975,,2.070171240982065,
United Kingdom,2025-03-10,2023-2026,0.0,,3,-0.02938681189035699,-0.06511027100539685,0.006336647224682877,,2.3593247139127587,
United Kingdom,2025-03-17,2023-2026,0.0,,3,-0.034808213509867916,-0.07063110746733475,0.0010146804475989132,,2.1078869113643295,
United Kingdom,2025-03-24,2023-2026,0.0,,3,-0.032865544596209884,-0.06865141712974225,0.002920327937322484,,2.197985457277517,
United Kingdom,2025-03-31,2023-2026,0.0,,3,-0.03282036624938079,-0.0686053962665786,0.0029646637678170176,,2.2000807722987537,
United Kingdom,2025-04-07,2023-2026,0.0,,3,-0.023739518536699724,-0.05937231990326007,0.01189328282986062,,2.621239091567372,
United Kingdom,2025-04-14,2023-2026,0.0,,3,-0.02536593902255322,-0.061023492095932746,0.010291614050826306,,2.5458077508028434,
United Kingdom,2025-04-21,2023-2026,0.0,,3,-0.021028817726944034,-0.056622815902695245,0.01456518044880718,,2.746957992841587,
United Kingdom,2025-04-28,2023-2026,0.0,,3,-0.019854180709383662,-0.055432317226938047,0.015723955808170723,,2.8014361833937467,
United Kingdom,2025-05-05,2023-2026,0.0,,3,-0.02351362680255337,-0.05914307752627625,0.012115823921169503,,2.631715666673557,
United Kingdom,2025-05-12,2023-2026,0.0,,3,-0.018544008651335143,-0.05410513451735352,0.017017117214683238,,2.8622003190096166,
United Kingdom,2025-05-19,2023-2026,0.0,,3,-0.017188658246457517,-0.05273294388315907,0.018355627390244038,,2.925059769646724,
United Kingdom,2025-05-26,2023-2026,0.0,,3,-0.027353786283040343,-0.06304308443567531,0.008335511869594633,,2.453613889868419,
United Kingdom,2025-06-02,2023-2026,0.0,,3,-0.024733442166943276,-0.06038123879054652,0.010914354456659964,,2.5751421611001604,
United Kingdom,2025-06-09,2023-2026,0.0,,3,-0.021977563010358504,-0.057584793509371825,0.013629667488654816,,2.7029563773956116,
United Kingdom,2025-06-16,2023-2026,0.0,,3,-0.017414549980603416,-0.05296158881581452,0.018132488854607682,,2.9145831945405396,
United Kingdom,2025-06-23,2023-2026,0.0,,3,-0.014794205864506813,-0.05031062510062275,0.02072221337160913,,3.03611146577228,
United Kingdom,2025-06-30,2023-2026,0.0,,3,-0.0035447975040213586,-0.038962659062497705,0.03187306405445498,,3.5578449060602706,
United Kingdom,2025-07-07,2023-2026,0.0,,3,-0.00539710972402121,-0.04082751834065581,0.030033298892613393,,3.471936990189557,
United Kingdom,2025-07-14,2023-2026,0.0,,3,-0.021345066154749005,-0.05694343332918167,0.014253301019683657,,2.7322907876929285,
United Kingdom,2025-07-21,2023-2026,0.0,,3,-0.02676646777425993,-0.06244621599642638,0.00891328044790652,,2.4808529851444994,
United Kingdom,2025-07-28,2023-2026,0.0,,3,-0.0205770342586518,-0.05616486351528774,0.015010794997984144,,2.7679111430539556,
United Kingdom,2025-08-04,2023-2026,0.0,,3,-0.014026173968409144,-0.0495341655177879,0.021481817580969616,,3.071731821133308,
United Kingdom,2025-08-11,2023-2026,0.0,,3,-0.022293811438163474,-0.05790553623188362,0.013317913355556668,,2.6882891722469533,
United Kingdom,2025-08-18,2023-2026,0.0,,3,-0.009463160938654075,-0.04492620773410638,0.02599988585679823,,3.283358638278235,
United Kingdom,2025-08-25,2023-2026,0.0,,3,0.002012139155977281,-0.03337681864352173,0.0374010969554763,,3.8155686536724103,
United Kingdom,2025-09-01,2023-2026,0.0,,3,0.012086910498901902,-0.02328313672382443,0.04745695772162824,,4.28282390340824,
United Kingdom,2025-09-08,2023-2026,0.0,,3,0.002373565930611348,-0.033013966420558316,0.03776109828178101,,3.832331173842306,
United Kingdom,2025-09-15,2023-2026,0.0,,3,0.012764585701340937,-0.022605740860600333,0.04813491226328221,,4.314253628726794,
United Kingdom,2025-09-22,2023-2026,0.0,,3,0.021212936558412058,-0.014177285075504881,0.056603158192329,,4.7060775376980954,
United Kingdom,2025-09-29,2023-2026,0.0,,3,0.028622185438410098,-0.006810459745075732,0.06405483062189593,,5.049709201180948,
United Kingdom,2025-10-06,2023-2026,0.0,,3,0.05803328922425725,0.02220435868145469,0.09386221976705982,,6.413759280006176,
United Kingdom,2025-10-13,2023-2026,0.0,,3,0.07456856416376546,0.03836036341475735,0.11077676491277358,,7.180644577778885,
United Kingdom,2025-10-20,2023-2026,0.0,,3,0.1051994833140025,0.0680052693304017,0.14239369729760332,,8.601268162177508,
United Kingdom,2025-10-27,2023-2026,0.0,,3,0.07502034763205814,0.03880024409314393,0.11124045117097237,,7.2015977279912535,
United Kingdom,2025-11-03,2023-2026,0.0,,3,0.045880313927186875,0.010258919623483374,0.08150170823089037,,5.8501195392934475,
United Kingdom,2025-11-10,2023-2026,0.0,,3,0.01958651607255856,-0.015797514631148188,0.05497054677626531,,4.630646196933567,
United Kingdom,2025-11-17,2023-2026,0.0,,3,0.0023283875837822585,-0.033059319910553324,0.037716095078117844,,3.830235858821069,
United Kingdom,2025-11-24,2023-2026,0.0,,3,-0.017730798408408393,-0.0532817276879866,0.01782013087116981,,2.899915989391881,
United Kingdom,2025-12-01,2023-2026,0.0,,3,-0.03738337927913544,-0.07325773200251534,-0.0015090265557555424,,1.9884539551538256,
United Kingdom,2025-12-08,2023-2026,0.0,,3,-0.04583173013620701,-0.08189384459705126,-0.009769615675362768,,1.596630046182524,
United Kingdom,2025-12-15,2023-2026,0.0,,3,-0.03946158323328161,-0.07537943833422384,-0.0035437281323393854,,1.8920694641769285,
United Kingdom,2025-12-22,2023-2026,0.0,,3,-0.03331732806450257,-0.06911167191521528,0.0024770157862101447,,2.1770323070651476,
United Kingdom,2025-12-29,2023-2026,0.0,,3,-0.034808213509867916,-0.07063110746733475,0.0010146804475989132,,2.1078869113643295,
United Kingdom,2026-01-05,2023-2026,0.0,,3,-0.0440245962630367,-0.08004412051046225,-0.008005072015611146,,1.6804426470320004,
United Kingdom,2026-01-12,2023-2026,0.0,,3,-0.04718708054108463,-0.08328199912262607,-0.011092161959543184,,1.5337705955454168,
United Kingdom,2026-01-19,2023-2026,0.0,,3,-0.043392099407426755,-0.07939702797873832,-0.0073871708361151825,,1.7097770573293172,
United Kingdom,2026-01-26,2023-2026,0.0,,3,-0.04388906122254898,-0.07990544423706142,-0.007872678208036547,,1.6867285920957111,
United Kingdom,2026-02-02,2023-2026,0.0,,3,-0.040816933638159233,-0.07676410659092991,-0.004869760685388545,,1.829210013539821,
United Kingdom,2026-02-09,2023-2026,0.0,,3,-0.03702195250450137,-0.07288891937778189,-0.0011549856312208576,,2.005216475323721,
United Kingdom,2026-02-16,2023-2026,0.0,,3,-0.04031997182303746,-0.07625630826421287,-0.004383635381862053,,1.8522584787734269,
United Kingdom,2026-02-23,2023-2026,0.0,,3,-0.031193945763527298,-0.06694920468860324,0.004561313161548647,,2.2755121130632823,
United Kingdom,2026-03-02,2023-2026,0.0,,3,-0.03453714342889247,-0.07035477861758165,0.0012804917597967064,,2.1204588014917514,
United Kingdom,2026-03-09,2023-2026,0.0,,3,-0.03964229662059855,-0.07556401764184467,-0.0037205755993524256,,1.8836882040919805,
United Kingdom,2026-03-16,2023-2026,0.0,,3,-0.045786551789377634,-0.08184758548149335,-0.009725518097261923,,1.5987253612037609,
United Kingdom,2026-03-23,2023-2026,0.0,,3,-0.0532409790162052,-0.08949138119855243,-0.016990576833857962,,1.2529983826996711,
United Kingdom,2026-03-30,2023-2026,0.0,,3,-0.05513846958303403,-0.0914405989012482,-0.018836340264819874,,1.164995151807721,
United Kingdom,2026-04-06,2023-2026,0.0,,3,-0.055409539664009584,-0.09171917449692613,-0.019099904831093036,,1.1524232616802996,
United Kingdom,2026-04-13,2023-2026,0.0,,3,-0.05861720228888691,-0.09501784387893449,-0.02221656069883933,,1.003655895172479,
United Kingdom,2026-04-20,2023-2026,0.0,,3,-0.06019844442791093,-0.09664542980883703,-0.023751459046984835,,0.9303198694291872,
United Kingdom,2026-04-27,2023-2026,0.0,,3,-0.06512288423230005,-0.10172041538844259,-0.028525353076157507,,0.7019305321143643,
United Kingdom,2020-01-27,2020-2022,0.0005986614346391,,4,2.661719302491883,1.1254074550022661,4.1980311499814995,,,0.0
United Kingdom,2020-02-03,2020-2022,0.0032926378905151,,4,2.661719302491883,1.1254074550022661,4.1980311499814995,,,0.0
United Kingdom,2020-02-10,2020-2022,0.0002993307173195,,4,2.661719302491883,1.1254074550022661,4.1980311499814995,,,0.0
United Kingdom,2020-02-17,2020-2022,0.0,,4,2.661719302491883,1.1254074550022661,4.1980311499814995,,,0.0
United Kingdom,2020-02-24,2020-2022,0.0020953150212369,,4,2.6617198390560795,1.1254085801129137,4.1980310979992455,,,0.0005986614346391
United Kingdom,2020-03-02,2020-2022,0.0041906300424738,,4,2.6617472038301133,1.1254659597678942,4.198028447892332,,,0.031130394601234
United Kingdom,2020-03-09,2020-2022,0.0419063004247381,,4,2.6617445210091297,1.1254603343972156,4.198028707621043,,,0.0281370874280384
United Kingdom,2020-03-16,2020-2022,0.4531867060218112,,4,2.6617276192369324,1.1254248941335707,4.198030344340294,,,0.0092792522369063
United Kingdom,2020-03-23,2020-2022,2.446729283370069,,4,2.6617477403943104,1.1254670848397947,4.1980283959488265,,,0.0317290560358731
United Kingdom,2020-03-30,2020-2022,8.193879055905589,,4,2.6620071691834357,1.1260109698080363,4.198003368558835,,,0.3211818596838861
United Kingdom,2020-04-06,2020-2022,16.260243226233047,,4,2.6634642092596916,1.1290623711308994,4.197866047388484,,,1.9468469854464072
United Kingdom,2020-04-13,2020-2022,19.371486702052533,,4,2.668582763414523,1.1397380546280194,4.197427472201026,,,7.65777774118626
United Kingdom,2020-04-20,2020-2022,17.494683104458904,,4,2.681889555493753,1.167167996720305,4.196611114267201,,,22.504581320236355
United Kingdom,2020-04-27,2020-2022,13.893435244387302,,4,2.7052115865872928,1.2140814723345825,4.196341700840003,,,48.52569990754288
United Kingdom,2020-05-04,2020-2022,10.614267236151536,,4,2.721909732672038,1.2467290067060883,4.197090458637987,,,67.15634308422952
United Kingdom,2020-05-11,2020-2022,7.885269086349124,,4,2.719860594004676,1.2427659706791208,4.196955217330231,,,64.87005506534273
United Kingdom,2020-05-18,2020-2022,6.014751433819206,,4,2.723758732894015,1.2502944407975256,4.197223024990504,,,69.2193303879959
United Kingdom,2020-05-25,2020-2022,4.539050997433782,,4,2.722224427573428,1.2473365407907775,4.197112314356079,,,67.50745801564535
United Kingdom,2020-06-01,2020-2022,3.4761276202320306,,4,2.7145520961241973,1.2324425797824836,4.1966616124659115,,,58.94719816174062
United Kingdom,2020-06-08,2020-2022,2.510187395441816,,4,2.702550496453545,1.2088050357297808,4.196295957177309,,,45.55663852245018
United Kingdom,2020-06-15,2020-2022,1.8241213913453884,,4,2.6959365378823903,1.1956046719287619,4.196268403836019,,,38.17723834837111
United Kingdom,2020-06-22,2020-2022,1.3748259846487314,,4,2.6880452882408887,1.1796961465077198,4.196394429974058,,,29.372724629133614
United Kingdom,2020-06-29,2020-2022,1.1634984982211232,,4,2.680874376033515,1.1650920392685382,4.196656712798492,,,21.371913885899144
United Kingdom,2020-07-06,2020-2022,0.8037029760030141,,4,2.676119344121977,1.1553315225439595,4.196907165699995,,,16.066576252127295
United Kingdom,2020-07-13,2020-2022,0.6273971835017943,,4,2.674989876487833,1.1530042077385754,4.196975545237091,,,14.806393932211952
United Kingdom,2020-07-20,2020-2022,0.4651599347145936,,4,2.673103585054182,1.149109858988938,4.1970973111194265,,,12.70179965873814
United Kingdom,2020-07-27,2020-2022,0.3906265861020235,,4,2.670553831991259,1.1438307708838902,4.1972768930986275,,,9.856960521333054
United Kingdom,2020-08-03,2020-2022,0.3289644583341946,,4,2.6695289943754794,1.1417040795214184,4.19735390922954,,,8.713517181172344
United Kingdom,2020-08-10,2020-2022,0.3154945760548145,,4,2.6697522050813247,1.1421675107611742,4.197336899401475,,,8.962560337982215
United Kingdom,2020-08-17,2020-2022,0.2828675278669826,,4,2.6704341781753853,1.1435826140160092,4.197285742334762,,,9.723459021408532
United Kingdom,2020-08-24,2020-2022,0.2086335099717321,,4,2.6716599590828447,1.1461230418245165,4.197196876341173,,,11.091101068841594
United Kingdom,2020-08-31,2020-2022,0.1888776826286413,,4,2.672813303823744,1.1485097194587026,4.197116888188786,,,12.377923822598374
United Kingdom,2020-09-07,2020-2022,0.2179127622086384,,4,2.6752865964886317,1.1536159407734172,4.1969572522038465,,,15.137453705567385
United Kingdom,2020-09-14,2020-2022,0.3136985917508971,,4,2.676002909691284,1.1550917618022185,4.19691405758035,,,15.936666720810605
United Kingdom,2020-09-21,2020-2022,0.490004384252117,,4,2.6772555188085807,1.1576692233331607,4.196841814284001,,,17.334241839975622
United Kingdom,2020-09-28,2020-2022,0.7154004143937444,,4,2.6835896591511337,1.1706383313911397,4.196540986911128,,,24.401440075890395
United Kingdom,2020-10-05,2020-2022,1.0527461328128866,,4,2.700388947586965,1.204504413722935,4.196273481450995,,,43.1449309330065
United Kingdom,2020-10-12,2020-2022,1.6095012670272653,,4,2.705304143911231,1.214264635833619,4.196343651988842,,,48.62896900501812
United Kingdom,2020-10-19,2020-2022,2.5320385378061436,,4,2.7300249978656796,1.2623029060976267,4.197747089633733,,,76.21079795242882
United Kingdom,2020-10-26,2020-2022,3.627588963195727,,4,2.770782682532388,1.337505219717001,4.204060145347775,,,121.68541985833345
United Kingdom,2020-11-02,2020-2022,4.924888292058694,,4,2.8424013935389754,1.4566222070879595,4.228180579989991,,,201.59265283894152
United Kingdom,2020-11-09,2020-2022,6.01834340242704,,4,2.8791453097319466,1.510821999039782,4.247468620424112,,,242.5889878830282
United Kingdom,2020-11-16,2020-2022,6.613712199175642,,4,2.918392834466921,1.563252692458758,4.273532976475084,,,286.37867718114103
United Kingdom,2020-11-23,2020-2022,7.202495720143212,,4,2.950647586307841,1.6020027576613995,4.299292414954282,,,322.3663113323196
United Kingdom,2020-11-30,2020-2022,6.951057917594783,,4,2.960416542355845,1.6129559110892464,4.307877173622444,,,333.26584074207665
United Kingdom,2020-12-07,2020-2022,6.694830823569242,,4,2.9822812650910304,1.6361436178383522,4.328418912343709,,,357.66099487290336
United Kingdom,2020-12-14,2020-2022,7.191121152885069,,4,2.961711808326783,1.6143807225287423,4.309042894124824,,,334.7110094452955
United Kingdom,2020-12-21,2020-2022,8.298644806967435,,4,2.8852425569816376,1.519342114563173,4.251142999400102,,,249.3918770955498
United Kingdom,2020-12-28,2020-2022,10.024585723032008,,4,2.856595931081717,1.4781351127132956,4.2350567494501385,,,217.429941761602
United Kingdom,2021-01-04,2020-2022,12.427612721673423,,4,2.886827835900915,1.5215349405902423,4.252120731211588,,,251.1606223041911
United Kingdom,2021-01-11,2020-2022,16.531736186841886,,4,3.0009440409821506,1.6544811856420947,4.347406896322207,,,378.48363689252113
United Kingdom,2021-01-18,2020-2022,19.9509909707832,,4,3.1286887083785637,1.7445561650969923,4.512821251660135,,,521.0123525899673
United Kingdom,2021-01-25,2020-2022,19.044916889456896,,4,3.24905374009507,1.7768397187989604,4.7212677613911795,,,655.3073782461045
United Kingdom,2021-02-01,2020-2022,15.778919432783198,,4,3.4399273314951024,1.7446186253771978,5.135236037613007,,,868.2710063745815
United Kingdom,2021-02-08,2020-2022,11.988793890082947,,4,3.3240149777652688,1.7748425348118526,4.8731874207186845,,,738.9439726337969
United Kingdom,2021-02-15,2020-2022,9.153832666349413,,4,3.184838810157243,1.7655026934449736,4.604174926869513,,,583.6607750713644
United Kingdom,2021-02-22,2020-2022,6.619998144239352,,4,3.039659294033956,1.688258532751901,4.391060055316011,,,421.6794540474719
United Kingdom,2021-03-01,2020-2022,4.487865444772138,,4,2.9433406550765926,1.5935713491668204,4.2931099609863645,,,314.21373991540406
United Kingdom,2021-03-08,2020-2022,3.084603041978049,,4,2.8675257437693755,1.4942087498388923,4.240842737699859,,,229.62467518520083
United Kingdom,2021-03-15,2020-2022,2.116567502166597,,4,2.8216803573891482,1.4239456772643468,4.21941503751395,,,178.4735455560481
United Kingdom,2021-03-22,2020-2022,1.5616083522561357,,4,2.796362039201626,1.3820208525874436,4.210703225815809,,,150.22510710116674
United Kingdom,2021-03-29,2020-2022,1.0416708962720629,,4,2.7530079203868776,1.3053387309671671,4.200677109806588,,,101.85356251304344
United Kingdom,2021-04-05,2020-2022,0.7728719121190996,,4,2.737583309423102,1.2766322117874314,4.198534407058773,,,84.64384225147275
United Kingdom,2021-04-12,2020-2022,0.6414657272158134,,4,2.735545975168068,1.2727865915327417,4.1983053588033945,,,82.37072478414802
United Kingdom,2021-04-19,2020-2022,0.5202367867013924,,4,2.7339792077135785,1.269820732873036,4.198137682554121,,,80.6226333950018
United Kingdom,2021-04-26,2020-2022,0.392422570405941,,4,2.7232964828385207,1.2494040211652624,4.197188944511779,,,68.7035835620543
United Kingdom,2021-05-03,2020-2022,0.2687989841529634,,4,2.702895507232051,1.2094902538300007,4.1963007606341005,,,45.94157782492313
United Kingdom,2021-05-10,2020-2022,0.2388659124210075,,4,2.697716857887184,1.1991699188469231,4.196263796927445,,,40.1635969885037
United Kingdom,2021-05-17,2020-2022,0.1948642969750324,,4,2.69333688434917,1.1903828261576548,4.196290942540685,,,35.27672369754459
United Kingdom,2021-05-24,2020-2022,0.1652305559603961,,4,2.6912212117214116,1.186119345393756,4.196323078049067,,,32.91620166076255
United Kingdom,2021-05-31,2020-2022,0.1724144931760656,,4,2.688582657283927,1.1807849010581009,4.196380413509753,,,29.972284055924693
United Kingdom,2021-06-07,2020-2022,0.1754078003492611,,4,2.6909403203644167,1.185552368552379,4.196328272176454,,,32.60280239972898
United Kingdom,2021-06-14,2020-2022,0.2047422106465779,,4,2.691525980185162,1.18673427232549,4.196317688044834,,,33.25624135563756
United Kingdom,2021-06-21,2020-2022,0.2478458339405942,,4,2.698064014922477,1.19986410239615,4.196263927448804,,,40.5509309367152
United Kingdom,2021-06-28,2020-2022,0.3080113081218255,,4,2.713598621546585,1.2305797364125683,4.196617506680601,,,57.88337679238691
United Kingdom,2021-07-05,2020-2022,0.4418121387636681,,4,2.743370690849174,1.2874880262130546,4.199253355485293,,,91.10100448549026
United Kingdom,2021-07-12,2020-2022,0.6273971835017943,,4,2.7720849238378835,1.3398226164340272,4.20434723124174,,,123.13837116020258
United Kingdom,2021-07-19,2020-2022,0.9111627035207356,,4,2.8235915990579477,1.4270220308340722,4.220161167281823,,,180.60597758623263
United Kingdom,2021-07-26,2020-2022,1.1266808199908176,,4,2.935795757624089,1.5846515497707387,4.286939965477439,,,305.79566215222616
United Kingdom,2021-08-02,2020-2022,1.329028384898839,,4,3.0459505092407695,1.6932068917896783,4.39869412669186,,,428.6987593686155
United Kingdom,2021-08-09,2020-2022,1.3637507481079076,,4,3.161675870348038,1.7581640843160982,4.565187656379978,,,557.8171595994282
United Kingdom,2021-08-16,2020-2022,1.4325968130914062,,4,3.2536663142123725,1.7771700623478606,4.730162566076885,,,660.4537712689797
United Kingdom,2021-08-23,2020-2022,1.710675049481276,,4,3.0509389465778907,1.6970238688541368,4.4048540243016445,,,434.2645147264554
United Kingdom,2021-08-30,2020-2022,1.8639323767488896,,4,3.0136673194974226,1.6662151102032599,4.361119528791585,,,392.67939616140114
United Kingdom,2021-09-06,2020-2022,2.155779826135459,,4,3.0379597269407723,1.686895934966484,4.38902351891506,,,419.7831939532525
United Kingdom,2021-09-13,2020-2022,2.241089080571533,,4,3.072905884792555,1.7127164042128649,4.433095365372246,,,458.7737138605808
United Kingdom,2021-09-20,2020-2022,2.2497696713738,,4,3.1152670915612304,1.737925938938896,4.492608244183565,,,506.0374354639045
United Kingdom,2021-09-27,2020-2022,1.968698127810735,,4,3.124636843846858,1.742622180774237,4.506651506919479,,,516.49156076629
United Kingdom,2021-10-04,2020-2022,1.814243477673843,,4,3.1570155420172252,1.7564694074652345,4.557561676569216,,,552.6174857088703
United Kingdom,2021-10-11,2020-2022,1.8642317074662091,,4,3.0679434708189763,1.709329701190288,4.426557240447664,,,453.23699358232096
United Kingdom,2021-10-18,2020-2022,2.1222547857956684,,4,3.085897445406199,1.721148715697438,4.45064617511496,,,473.2688038467805
United Kingdom,2021-10-25,2020-2022,2.3820738484290453,,4,3.1160475241853933,1.738329096707873,4.493765951662914,,,506.9081885205871
United Kingdom,2021-11-01,2020-2022,2.635008304564072,,4,3.1135873773433262,1.7370508047988291,4.490123949887823,,,504.1633258427667
United Kingdom,2021-11-08,2020-2022,2.4530152284337805,,4,3.1901255771877532,1.766928636887879,4.613322517487628,,,589.5593861868635
United Kingdom,2021-11-15,2020-2022,2.232109159051946,,4,3.2731524478633953,1.77788752562463,4.768417370102161,,,682.1950592600512
United Kingdom,2021-11-22,2020-2022,2.0204823419070186,,4,3.2282559752651085,1.774565234640787,4.68194671588943,,,632.1026623780577
United Kingdom,2021-11-29,2020-2022,1.9636095056163028,,4,3.172740897213275,1.7618933166236432,4.583588477802906,,,570.1627557045562
United Kingdom,2021-12-06,2020-2022,2.007311790344958,,4,3.1304134939889945,1.7453617715419085,4.5154652164360805,,,522.9367497716147
United Kingdom,2021-12-13,2020-2022,1.8525578094907469,,4,3.1977949575339015,1.768835674553096,4.626754240514707,,,598.1163534028777
United Kingdom,2021-12-20,2020-2022,1.799276941807865,,4,3.225658467988675,1.7741893468853502,4.677127589092,,,629.2045423729697
United Kingdom,2021-12-27,2020-2022,1.893566117763526,,4,3.2545816927320166,1.7772282260822205,4.731935159381813,,,661.475087676474
United Kingdom,2022-01-03,2020-2022,2.5089900725725376,,4,3.31860936176518,1.7754890501619323,4.861729673368428,,,732.9127580105251
United Kingdom,2022-01-10,2020-2022,3.2552215508501967,,4,3.551521684851645,1.6908660756751936,5.412177294028096,,,992.7803122201076
United Kingdom,2022-01-17,2020-2022,3.5198299049606865,,4,4.127484985715353,1.2038386008915163,7.051131370539189,,,1635.4005580126225
United Kingdom,2022-01-24,2020-2022,3.238459030680301,,4,4.694295306228917,0.5824387821282064,8.806151830329629,,,2267.808537722346
United Kingdom,2022-01-31,2020-2022,2.9115898873673443,,4,5.303864695863043,-0.13779327902452376,10.74552267075061,,,2947.9241464891784
United Kingdom,2022-02-07,2020-2022,2.453613889868419,,4,4.5095806669612015,0.7923860413797641,8.226775292542639,,,2061.7166448713742
United Kingdom,2022-02-14,2020-2022,2.0417348228367076,,4,4.007212243040686,1.3235847775329406,6.690839708548432,,,1501.2085021232433
United Kingdom,2022-02-21,2020-2022,1.8375912736247688,,4,4.0286479827005754,1.302707922226995,6.754588043174156,,,1525.125026437076
United Kingdom,2022-02-28,2020-2022,1.7007971358097305,,4,3.8797696612870394,1.4427055875132515,6.316833735060827,,,1359.016832813499
United Kingdom,2022-03-07,2020-2022,1.6349443779994275,,4,3.581603619977853,1.6730417566092912,5.490165483346415,,,1026.343666891715
United Kingdom,2022-03-14,2020-2022,1.8016715875464215,,4,3.3278720694935573,1.7743360822655838,4.881408056721531,,,743.2474503567001
United Kingdom,2022-03-21,2020-2022,2.312629122010907,,4,3.1950246765861166,1.768168774538493,4.62188057863374,,,595.0254644158359
United Kingdom,2022-03-28,2020-2022,2.5293445613502676,,4,3.129953121908189,1.7451477715232875,4.5147584722930905,,,522.4230982606944
United Kingdom,2022-04-04,2020-2022,2.8355598851681765,,4,3.338909463302662,1.7726821636215637,4.90513676298376,,,755.5622153979441
United Kingdom,2022-04-11,2020-2022,2.9499042191842473,,4,3.6609311487990492,1.620409204528611,5.701453093069487,,,1114.851868703783
United Kingdom,2022-04-18,2020-2022,2.5838227519024275,,4,3.791551263725809,1.5191433202217004,6.063959207229917,,,1260.5888110294604
United Kingdom,2022-04-25,2020-2022,2.1243501008169057,,4,3.6880931015665817,1.6007157963933585,5.775470406739805,,,1145.1573078480849
United Kingdom,2022-05-02,2020-2022,1.660986150406229,,4,3.3521808421449073,1.7703001258831979,4.934061558406617,,,770.3695073223081
United Kingdom,2022-05-09,2020-2022,1.3571654723268776,,4,3.1285851514885925,1.7445074613011184,4.512662841676066,,,520.896810933082
United Kingdom,2022-05-16,2020-2022,1.0377795969469088,,4,2.9845131038673833,1.638407107851502,4.330619099883265,,,360.1511271102848
United Kingdom,2022-05-23,2020-2022,0.8141795511091986,,4,2.880962116102119,1.5133750281502052,4.248549204054033,,,244.61605550071627
United Kingdom,2022-05-30,2020-2022,0.6115326554838577,,4,2.8100379874482155,1.4049360216136144,4.215139953282817,,,165.48378974724852
United Kingdom,2022-06-06,2020-2022,0.5411899369137615,,4,2.78840559701022,1.36840292773754,4.2084082662829,,,141.3478560176206
United Kingdom,2022-06-13,2020-2022,0.572021000797676,,4,2.765746759263855,1.3284928049469795,4.20300071358073,,,116.066682963528
United Kingdom,2022-06-20,2020-2022,0.7246796666306506,,4,2.747954022217754,1.296013091008708,4.199894953426799,,,96.2147704601776
United Kingdom,2022-06-27,2020-2022,0.9590556182918648,,4,2.7422253945712254,1.2853477611128832,4.199103028029567,,,89.82316165325305
United Kingdom,2022-07-04,2020-2022,1.2458144454840017,,4,2.775625174407995,1.34609523819206,4.20515511062393,,,127.0883393059515
United Kingdom,2022-07-11,2020-2022,1.694810521463339,,4,2.82442649294808,1.4283619365603726,4.220491049335788,,,181.53749477853108
United Kingdom,2022-07-18,2020-2022,2.071069233134024,,4,2.8772659936328537,1.5081684072809476,4.246363579984759,,,240.49217620820468
United Kingdom,2022-07-25,2020-2022,1.984562655828672,,4,2.9367073801943553,1.5857408138384277,4.287673946550283,,,306.812787929678
United Kingdom,2022-08-01,2020-2022,1.5253893354604693,,4,3.00748475854045,1.6605909581249705,4.354378558955929,,,385.7813197807719
United Kingdom,2022-08-08,2020-2022,1.3203477940965718,,4,3.0041814010632004,1.657525795000939,4.350837007125461,,,382.0956606584162
United Kingdom,2022-08-15,2020-2022,1.2817341315623487,,4,2.9124745313768443,1.5557146857026343,4.269234377051054,,,279.7754415570716
United Kingdom,2022-08-22,2020-2022,0.9779134534829972,,4,2.829072870609777,1.4357748292328372,4.222370911986717,,,186.7216034717885
United Kingdom,2022-08-29,2020-2022,0.8132815589572399,,4,2.7815882806085,1.3565695372304625,4.206607023986538,,,133.7415631598133
United Kingdom,2022-09-05,2020-2022,0.7255776587826094,,4,2.7554981148239626,1.30990471802754,4.201091511620385,,,104.63195023120356
United Kingdom,2022-09-12,2020-2022,0.6462550186929265,,4,2.737062573870163,1.2756504711998995,4.198474676540426,,,84.06284132915549
United Kingdom,2022-09-19,2020-2022,0.6453570265409677,,4,2.7209745012771145,1.2449217882052706,4.197027214348958,,,66.11287620365353
United Kingdom,2022-09-26,2020-2022,0.7737699042710583,,4,2.715310529616294,1.2339224921030465,4.196698567129541,,,59.79340609960302
United Kingdom,2022-10-03,2020-2022,1.098543732562779,,4,2.7177470676337045,1.238665599454401,4.196828535813008,,,62.51192767429924
United Kingdom,2022-10-10,2020-2022,1.4574412626289297,,4,2.7179716197500414,1.2391018604112756,4.1968413790888075,,,62.76246748469571
United Kingdom,2022-10-17,2020-2022,1.6367403623033447,,4,2.729828078805475,1.2619273034876584,4.197728854123292,,,75.99108920591627
United Kingdom,2022-10-24,2020-2022,1.5975280383344828,,4,2.756041386073165,1.3108982959469184,4.201184476199412,,,105.23809493377568
United Kingdom,2022-10-31,2020-2022,1.384404567602957,,4,2.7780139582118957,1.3503049538983483,4.205722962525443,,,129.75358001296482
United Kingdom,2022-11-07,2020-2022,1.1278781428600957,,4,2.782082724515799,1.3574328739685018,4.206732575063096,,,134.29322967183325
United Kingdom,2022-11-14,2020-2022,0.8806309703541405,,4,2.768621133665808,1.3336467202518423,4.203595547079774,,,119.27371226888977
United Kingdom,2022-11-21,2020-2022,0.8477045914489892,,4,2.744513840870335,1.2896203026081752,4.199407379132495,,,92.37645267198889
United Kingdom,2022-11-28,2020-2022,0.7782598650308516,,4,2.7222603773746097,1.2474059252283136,4.197114829520906,,,67.54756833176617
United Kingdom,2022-12-05,2020-2022,0.8462079378623913,,4,2.70906384923781,1.2216842391106129,4.196443459365007,,,52.82378967753442
United Kingdom,2022-12-12,2020-2022,1.0383782583815475,,4,2.7040982158790507,1.2118763023107049,4.196320129447397,,,47.283477430666714
United Kingdom,2022-12-19,2020-2022,1.3682407088677009,,4,2.703543945063815,1.210777193802963,4.196310696324667,,,46.6650601686845
United Kingdom,2022-12-26,2020-2022,1.8654290303354877,,4,2.7080065494881276,1.219601769028852,4.196411329947403,,,51.64412732057803
United Kingdom,2023-01-02,2023-2026,2.0423334842713463,,4,1.1420352848419926,0.9322324757249864,1.3518380939589987,,,59.66289790685168
United Kingdom,2023-01-09,2023-2026,1.8417819036672425,,4,1.4685047765724104,1.1985801299726575,1.7384294231721633,,,75.7130109695264
United Kingdom,2023-01-16,2023-2026,1.5607103601041772,,4,1.899113287074874,1.5494640563255557,2.248762517824192,,,96.88287662123484
United Kingdom,2023-01-23,2023-2026,1.2033094836246243,,4,1.7484940724827984,1.4267668879832152,2.0702212569823817,,,89.4780333361836
United Kingdom,2023-01-30,2023-2026,1.0623247157671123,,4,1.6011626894001305,1.3067138890378236,1.8956114897624374,,,82.23482863848494
United Kingdom,2023-02-06,2023-2026,1.0042545566071182,,4,1.0427245075272809,0.8511100359888766,1.2343389790656851,,,54.78051457665237
United Kingdom,2023-02-13,2023-2026,0.9979686115434072,,4,0.6023072996884182,0.4899881808948081,0.7146264184820283,,,33.128427139342115
United Kingdom,2023-02-20,2023-2026,1.082379873827523,,4,0.5700195765506636,0.4633413336534652,0.676697819447862,,,31.5410763453965
United Kingdom,2023-02-27,2023-2026,1.160205860330608,,4,0.7433552714419965,0.6060106980116322,0.8806998448723609,,,40.062722536767005
United Kingdom,2023-03-06,2023-2026,1.3407022828743018,,4,0.8873562029771723,0.7240413502194163,1.0506710557349284,,,47.142193332091885
United Kingdom,2023-03-13,2023-2026,1.4305014980701691,,4,1.0176761022870915,0.8306384594436862,1.2047137451304968,,,53.549068005599715
United Kingdom,2023-03-20,2023-2026,1.513416106767687,,4,1.1527450915550435,0.9409772605000941,1.3645129226099928,,,60.18942063861679
United Kingdom,2023-03-27,2023-2026,1.5400565406091276,,4,1.0764917548442687,0.8787001325163999,1.2742833771721376,,,56.44060273490664
United Kingdom,2023-04-03,2023-2026,1.295802675276368,,4,1.1375723579968153,0.9285882131604469,1.3465565028331836,,,59.44348849105644
United Kingdom,2023-04-10,2023-2026,1.2179766887732828,,4,1.2945784897247583,1.0567344716451015,1.5324225078044151,,,67.1623296985759
United Kingdom,2023-04-17,2023-2026,1.1111156226902004,,4,1.3071209580754606,1.0669668709497442,1.547275045201177,,,67.7789509762542
United Kingdom,2023-04-24,2023-2026,0.9776141227656776,,4,1.1416760588067052,0.9319391490360347,1.3514129685773757,,,59.64523739452983
United Kingdom,2023-05-01,2023-2026,0.7785591957481712,,4,0.8052456553181564,0.6567786193598979,0.9537126912764149,,,43.10541927832031
United Kingdom,2023-05-08,2023-2026,0.69803923278921,,4,0.5836092801228809,0.47456183971330823,0.6926567205324536,,,32.20918250645376
United Kingdom,2023-05-15,2023-2026,0.5995594267910753,,4,0.5222790453186942,0.4238578457319336,0.6207002449054548,,,29.194024190893845
United Kingdom,2023-05-22,2023-2026,0.5477752126947918,,4,0.4339094406380658,0.3504178858390658,0.5174009954370657,,,24.849538159717778
United Kingdom,2023-05-29,2023-2026,0.4636632811279959,,4,0.41044406538388767,0.33081329949781746,0.4900748312699579,,,23.6959175751682
United Kingdom,2023-06-05,2023-2026,0.3885312710807866,,4,0.3500819143019152,0.2801017153818062,0.4200621132220242,,,20.728352843662098
United Kingdom,2023-06-12,2023-2026,0.3681767823030567,,4,0.2763918684531039,0.2174121292053067,0.335371607700901,,,17.10555317194348
United Kingdom,2023-06-19,2023-2026,0.3098072924257428,,4,0.23178086573194073,0.1788319844766415,0.28472974698723996,,,14.912357006143074
United Kingdom,2023-06-26,2023-2026,0.2188107543605971,,4,0.1761921589154781,0.12975486015485302,0.22262945767610318,,,12.179467557015508
United Kingdom,2023-07-03,2023-2026,0.1879796904766826,,4,0.14627898075674028,0.10272162401253304,0.18983633750094753,,,10.70885574282452
United Kingdom,2023-07-10,2023-2026,0.1403861064228728,,4,0.10832888113056172,0.06760890057374064,0.1490488616873828,,,8.843127381771712
United Kingdom,2023-07-17,2023-2026,0.1355968149457599,,4,0.06108152462500319,0.02234408917088767,0.09981896007911872,,,6.520321015371939
United Kingdom,2023-07-24,2023-2026,0.1487673665078204,,4,0.032733110721668075,-0.0057467796593388965,0.07121300110267505,,,5.1266371955320755
United Kingdom,2023-07-31,2023-2026,0.2071368563851343,,4,0.023533271072196438,-0.015019003035805327,0.0620855451801982,,,4.674348481662222
United Kingdom,2023-08-07,2023-2026,0.2529344561350267,,4,0.05177817916875399,0.013204974552327844,0.09035138378518014,,,6.062943679307653
United Kingdom,2023-08-14,2023-2026,0.382245326017076,,4,0.07082933619270913,0.031837549134802294,0.10982112325061597,,,6.999549493800552
United Kingdom,2023-08-21,2023-2026,0.4765345019727368,,4,0.10529068127279448,0.06475292586525153,0.14582843668033743,,,8.693761353829252
United Kingdom,2023-08-28,2023-2026,0.4229543035725359,,4,0.17066981969504763,0.12480170065278154,0.21653793873731372,,,11.90797459640667
United Kingdom,2023-09-04,2023-2026,0.5007802900756211,,4,0.22840779414636353,0.17588940384655516,0.2809261844461719,,,14.74652778874804
United Kingdom,2023-09-11,2023-2026,0.6405677350638548,,4,0.2832780488922516,0.22331842540625574,0.3432376723782475,,,17.444096213231898
United Kingdom,2023-09-18,2023-2026,0.5798035994479845,,4,0.3029502407568731,0.24013067639015973,0.3657698051235865,,,18.411233760891395
United Kingdom,2023-09-25,2023-2026,0.5857902137943756,,4,0.32815086041879366,0.26155131328144793,0.3947504075561394,,,19.650163599877043
United Kingdom,2023-10-02,2023-2026,0.6708001375131303,,4,0.4795189699657896,0.38838908744047446,0.5706488524911046,,,27.091824563158585
United Kingdom,2023-10-09,2023-2026,0.7797565186174494,,4,0.48816474912015767,0.39556976987899073,0.5807597283613246,,,27.51687418175236
United Kingdom,2023-10-16,2023-2026,0.7471294704296175,,4,0.4692110093261104,0.3798212176873592,0.5586008009648615,,,26.58505765873657
United Kingdom,2023-10-23,2023-2026,0.3684761130203763,,4,0.5953541449037087,0.4842531982417584,0.7064550915656591,,,32.78659146016318
United Kingdom,2023-10-30,2023-2026,0.0,,4,0.6819032651004242,0.5555265367099469,0.8082799934909015,,,37.041577606860706
United Kingdom,2023-11-06,2023-2026,0.0,,4,0.5721810213392556,0.465126468347584,0.6792355743309273,,,31.64733875004494
United Kingdom,2023-11-13,2023-2026,0.0,,4,0.38293587508851235,0.30775871948007943,0.45811303069694526,,,22.343541394318432
United Kingdom,2023-11-20,2023-2026,0.0,,4,0.2770068147169004,0.21794004616889626,0.3360735832649046,,,17.135785574392752
United Kingdom,2023-11-27,2023-2026,0.0,,4,0.3454180644200521,0.27616322536667526,0.4146729034734289,,,20.499065514195312
United Kingdom,2023-12-04,2023-2026,0.0,,4,0.13695128099301376,0.09418246922809623,0.1797200927579313,,,10.250281083890956
United Kingdom,2023-12-11,2023-2026,0.0,,4,0.1519961544369874,0.10792845927305532,0.1960638496009195,,,10.989927286387584
United Kingdom,2023-12-18,2023-2026,0.0,,4,0.1309844756611265,0.08869021441617773,0.17327873690607526,,,9.956936980917789
United Kingdom,2023-12-25,2023-2026,0.0,,4,0.15941204106376186,0.11465314457495589,0.20417093755256782,,,11.354512100082806
United Kingdom,2024-01-01,2023-2026,0.0,,4,0.25185490366993396,0.1962655281269573,0.3074442792129106,,,15.89925038114566
United Kingdom,2024-01-08,2023-2026,0.0,,4,0.3344951575165763,0.2669257373613358,0.40206457767181686,,,19.962066207324025
United Kingdom,2024-01-15,2023-2026,0.0,,4,0.38789806523696957,0.3119238659220276,0.46387226455191155,,,22.58749592893387
United Kingdom,2024-01-22,2023-2026,0.0,,4,0.36330630326197577,0.29125187890202386,0.4353607276219277,,,21.37849916168017
United Kingdom,2024-01-29,2023-2026,0.0,,4,0.30772977359925213,0.24420276829187604,0.3712567789066282,,,18.64620837398725
United Kingdom,2024-02-05,2023-2026,0.0,,4,0.21797197339242957,0.16675937683456252,0.2691845699502966,,,14.23347493926232
United Kingdom,2024-02-12,2023-2026,0.0,,4,0.2092774856231077,0.15912100408732205,0.25943396715889333,,,13.806030674929987
United Kingdom,2024-02-19,2023-2026,0.0,,4,0.21157896767969317,0.1611458537815028,0.2620120815778835,,,13.919177686076782
United Kingdom,2024-02-26,2023-2026,0.0,,4,0.1496520523423175,0.10579602228504652,0.19350808239958844,,,10.874684960219554
United Kingdom,2024-03-04,2023-2026,0.0,,4,0.10281263048699998,0.06241821958360521,0.14320704139039475,,,8.571933751880191
United Kingdom,2024-03-11,2023-2026,0.0,,4,0.051412864556597486,0.012844528407332849,0.08998120070586213,,,6.0449838362684805
United Kingdom,2024-03-18,2023-2026,0.0,,4,0.013310550508687194,-0.025411383037544512,0.0520324840549189,,,4.171772207282684
United Kingdom,2024-03-25,2023-2026,0.0,,4,-0.004334145258466158,-0.043566027002041235,0.034897736485108924,,,3.304311788490604
United Kingdom,2024-04-01,2023-2026,0.0,,4,-0.0025014836208147985,-0.04166782786017146,0.03666486061854186,,,3.3944103344037915
United Kingdom,2024-04-08,2023-2026,0.0,,4,0.002485060835119786,-0.03651758652445587,0.04148770819469544,,,3.6395621918885097
United Kingdom,2024-04-15,2023-2026,0.0,,4,-0.007104447733985223,-0.046440835405968856,0.0322319399379984,,,3.168116312110205
United Kingdom,2024-04-22,2023-2026,0.0,,4,-0.00919282960014587,-0.04861229776618434,0.030226638565892597,,,3.065445876069597
United Kingdom,2024-04-29,2023-2026,0.0,,4,-0.004121045068041366,-0.04334515858908045,0.03510306845299772,,,3.314788363596789
United Kingdom,2024-05-06,2023-2026,0.0,,4,-0.00795684849568347,-0.04732670179251167,0.031413004801144735,,,3.1262100116854667
United Kingdom,2024-05-13,2023-2026,0.0,,4,-0.0016064628210316048,-0.04074184670721124,0.037528921065148026,,,3.4384119498497663
United Kingdom,2024-05-20,2023-2026,0.0,,4,0.016379193250800526,-0.022282004226806887,0.05504039072840794,,,4.322634888811742
United Kingdom,2024-05-27,2023-2026,0.0,,4,0.05073094394723906,0.012171374767264903,0.08929051312721321,,,6.011458795928689
United Kingdom,2024-06-03,2023-2026,0.0,,4,0.05477984756530549,0.016162106416104348,0.09339758871450662,,,6.210513722946196
United Kingdom,2024-06-10,2023-2026,0.0,,4,0.03982021419750173,0.0013439060190435156,0.07829652237595994,,,5.475058150492041
United Kingdom,2024-06-17,2023-2026,0.0,,4,0.026821102581603765,-0.011696532697193299,0.06533873786040083,,,4.835987069014784
United Kingdom,2024-06-24,2023-2026,0.0,,4,0.032105987304133034,-0.0063764090726755665,0.07058838368094164,,,5.09580613164816
United Kingdom,2024-07-01,2023-2026,0.0,,4,0.05230788535638068,0.013727408581379844,0.09088836213138152,,,6.088985451714455
United Kingdom,2024-07-08,2023-2026,0.0,,4,0.09390504252725385,0.053985889862245465,0.13382419519226224,,,8.134012912441678
United Kingdom,2024-07-15,2023-2026,0.0,,4,0.13703652106918365,0.09426075815967833,0.17981228397868898,,,10.254471713933428
United Kingdom,2024-07-22,2023-2026,0.0,,4,0.13780368175471197,0.09496514350182597,0.18064222000759797,,,10.292187384315692
United Kingdom,2024-07-29,2023-2026,0.0,,4,0.13503337927919287,0.09241969821311553,0.17764706034527022,,,10.155991907935292
United Kingdom,2024-08-05,2023-2026,0.0,,4,0.15715317904526183,0.11260823836397046,0.2016981197265532,,,11.243460403957249
United Kingdom,2024-08-12,2023-2026,0.0,,4,0.1503339729516759,0.10641671177069051,0.19425123413266127,,,10.908210000559343
United Kingdom,2024-08-19,2023-2026,0.0,,4,0.11022851711377488,0.06939101369452176,0.15106602053302798,,,8.936518565575414
United Kingdom,2024-08-26,2023-2026,0.0,,4,0.0800961501877426,0.0407859642770159,0.11940633609846932,,,7.45513084556092
United Kingdom,2024-09-02,2023-2026,0.0,,4,0.04143977564472831,0.002957905179298753,0.07992164611015787,,,5.554680121299044
United Kingdom,2024-09-09,2023-2026,0.0,,4,0.025158921096292235,-0.0133750089387322,0.06369285113131667,,,4.754269783186545
United Kingdom,2024-09-16,2023-2026,0.0,,4,0.016592293441225293,-0.022064997713425093,0.05524958459587568,,,4.333111463917926
United Kingdom,2024-09-23,2023-2026,0.0,,4,0.025627741515226305,-0.01290134042149332,0.06415682345194593,,,4.77731824842015
United Kingdom,2024-09-30,2023-2026,0.0,,4,0.029250444752443615,-0.009247858573908876,0.0677487480787961,,,4.955420025225288
United Kingdom,2024-10-07,2023-2026,0.0,,4,0.03479104970348221,-0.003683116822738766,0.07326521622970318,,,5.227810977986087
United Kingdom,2024-10-14,2023-2026,0.0,,4,0.07783728816924212,0.03861150271919875,0.1170630736192855,,,7.344079149435364
United Kingdom,2024-10-21,2023-2026,0.0,,4,0.08128951125412004,0.04193298677274479,0.12064603573549529,,,7.5137996661555535
United Kingdom,2024-10-28,2023-2026,0.0,,4,0.09578032420298972,0.055766386369508494,0.13579426203647094,,,8.226206773376102
United Kingdom,2024-11-04,2023-2026,0.0,,4,0.10136354919211327,0.061050739483861007,0.14167635890036553,,,8.500693041158138
United Kingdom,2024-11-11,2023-2026,0.0,,4,0.09505578355554635,0.0550788037724702,0.1350327633386225,,,8.190586418015075
United Kingdom,2024-11-18,2023-2026,0.0,,4,0.05648464908870197,0.017838020998890244,0.09513127717851369,,,6.294326323795672
United Kingdom,2024-11-25,2023-2026,0.0,,4,0.02004451652610321,-0.018555145530436832,0.05864417858264326,,,4.502831980638115
United Kingdom,2024-12-02,2023-2026,0.0,,4,0.0029538812540538563,-0.036034482693973524,0.041942245202081244,,,3.6626106571221153
United Kingdom,2024-12-09,2023-2026,0.0,,4,-0.012304092380344583,-0.05185413272189937,0.0272459479612102,,,2.9124878795193028
United Kingdom,2024-12-16,2023-2026,0.0,,4,-0.011068111275882175,-0.05056531036448118,0.028429087812716823,,,2.973252015135173
United Kingdom,2024-12-23,2023-2026,0.0,,4,-0.011579551732900773,-0.05109846146620218,0.02793935800040063,,,2.94810823488033
United Kingdom,2024-12-30,2023-2026,0.0,,4,-0.010982871199712266,-0.05047647311129495,0.028510730711870422,,,2.977442645177647
United Kingdom,2025-01-06,2023-2026,0.0,,4,-0.01200575211374989,-0.05154292093963461,0.027531416712134837,,,2.927155084667961
United Kingdom,2025-01-13,2023-2026,0.0,,4,-0.007317547924409999,-0.04666224437937031,0.03202714853055031,,,3.157639737004021
United Kingdom,2025-01-20,2023-2026,0.0,,4,-0.020487139692647365,-0.06041888355125509,0.01944460416596036,,,2.510187395441816
United Kingdom,2025-01-27,2023-2026,0.0,,4,-0.019762599045203992,-0.05965833511457294,0.020133137024164957,,,2.5458077508028434
United Kingdom,2025-02-03,2023-2026,0.0,,4,-0.026965385481553642,-0.06723782952468486,0.013307058561577583,,,2.1916995122138063
United Kingdom,2025-02-10,2023-2026,0.0,,4,-0.029224247500054125,-0.06962331980952705,0.011174824809418803,,,2.08064781608825
United Kingdom,2025-02-17,2023-2026,0.0,,4,-0.03063070875685591,-0.07111064249178867,0.009849224978076845,,,2.011502420387432
United Kingdom,2025-02-24,2023-2026,0.0,,4,-0.029991408185582456,-0.07043439561337803,0.010451579242213106,,,2.0429321457059855
United Kingdom,2025-03-03,2023-2026,0.0,,4,-0.031355249404299734,-0.07187743950936609,0.009166940700766617,,,1.9758820650264044
United Kingdom,2025-03-10,2023-2026,0.0,,4,-0.029437347690478465,-0.06984857255706456,0.010973877176107625,,,2.070171240982065
United Kingdom,2025-03-17,2023-2026,0.0,,4,-0.02355578243476068,-0.06364472728905755,0.01653316241953619,,,2.3593247139127587
United Kingdom,2025-03-24,2023-2026,0.0,,4,-0.028670187004950137,-0.06903782888831873,0.011697454878418459,,,2.1078869113643295
United Kingdom,2025-03-31,2023-2026,0.0,,4,-0.026837525367299223,-0.06710292183008168,0.01342787109548323,,,2.197985457277517
United Kingdom,2025-04-07,2023-2026,0.0,,4,-0.026794905329214268,-0.06705795546663773,0.013468144808209195,,,2.2000807722987537
United Kingdom,2025-04-14,2023-2026,0.0,,4,-0.01822827767414689,-0.058049169981342574,0.0215926146330488,,,2.621239091567372
United Kingdom,2025-04-21,2023-2026,0.0,,4,-0.019762599045203992,-0.05965833511457294,0.020133137024164957,,,2.5458077508028434
United Kingdom,2025-04-28,2023-2026,0.0,,4,-0.015671075389052155,-0.055371503700719485,0.024029352922615172,,,2.746957992841587
United Kingdom,2025-05-05,2023-2026,0.0,,4,-0.014562954398844613,-0.05421285168552014,0.025086942887830914,,,2.8014361833937467
United Kingdom,2025-05-12,2023-2026,0.0,,4,-0.01801517748372254,-0.05782582656484528,0.021795471597400196,,,2.631715666673557
United Kingdom,2025-05-19,2023-2026,0.0,,4,-0.013326973294382215,-0.05292170710280586,0.026267760514041425,,,2.8622003190096166
United Kingdom,2025-05-26,2023-2026,0.0,,4,-0.012048372151834843,-0.05158737522256844,0.02749063091889875,,,2.925059769646724
United Kingdom,2025-06-02,2023-2026,0.0,,4,-0.02163788072093986,-0.06162768640822274,0.018351924966343018,,,2.453613889868419
United Kingdom,2025-06-09,2023-2026,0.0,,4,-0.01916591851201504,-0.05903232101234652,0.02070048398831644,,,2.5751421611001604
United Kingdom,2025-06-16,2023-2026,0.0,,4,-0.01656609618883536,-0.05630807663319972,0.023175884255529,,,2.7029563773956116
United Kingdom,2025-06-23,2023-2026,0.0,,4,-0.012261472342259628,-0.051809669353813696,0.027286724669294445,,,2.9145831945405396
United Kingdom,2025-06-30,2023-2026,0.0,,4,-0.009789510133334822,-0.04923339069728054,0.029654370430610894,,,3.03611146577228
United Kingdom,2025-07-07,2023-2026,0.0,,4,0.0008228793498082636,-0.03823194635714189,0.03987770505675842,,,3.5578449060602706
United Kingdom,2025-07-14,2023-2026,0.0,,4,-0.0009245422116731862,-0.040036799542683174,0.0381877151193368,,,3.471936990189557
United Kingdom,2025-07-21,2023-2026,0.0,,4,-0.01596941565564685,-0.055683621460466536,0.023744790149172836,,,2.7322907876929285
United Kingdom,2025-07-28,2023-2026,0.0,,4,-0.021083820225835864,-0.06104553669936713,0.0188778962476954,,,2.4808529851444994
United Kingdom,2025-08-04,2023-2026,0.0,,4,-0.015244875008203485,-0.054925748392616436,0.024435998376209467,,,2.7679111430539556
United Kingdom,2025-08-11,2023-2026,0.0,,4,-0.009064969485890995,-0.048479245382710326,0.03034930641092834,,,3.071731821133308
United Kingdom,2025-08-18,2023-2026,0.0,,4,-0.01686443645543005,-0.05662041389273081,0.022891540981870705,,,2.6882891722469533
United Kingdom,2025-08-25,2023-2026,0.0,,4,-0.004760345639315282,-0.044007880097733064,0.0344871888191025,,,3.283358638278235
United Kingdom,2025-09-01,2023-2026,0.0,,4,0.006065144034252143,-0.03283328342320085,0.044963571491705136,,,3.8155686536724103
United Kingdom,2025-09-08,2023-2026,0.0,,4,0.015569412527187226,-0.023106998289817073,0.05424582334419152,,,4.28282390340824
United Kingdom,2025-09-15,2023-2026,0.0,,4,0.006406104338931356,-0.03248298144716597,0.04529519012502869,,,3.832331173842306
United Kingdom,2025-09-22,2023-2026,0.0,,4,0.01620871309846113,-0.02245563860270044,0.0548730647996227,,,4.314253628726794
United Kingdom,2025-09-29,2023-2026,0.0,,4,0.024178660220339557,-0.014366046473010381,0.06272336691368949,,,4.7060775376980954
United Kingdom,2025-10-06,2023-2026,0.0,,4,0.031168346466264877,-0.007318460228879806,0.06965515316140956,,,5.049709201180948
United Kingdom,2025-10-13,2023-2026,0.0,,4,0.05891399125954184,0.02022171661960611,0.09760626589947757,,,6.413759280006176
United Kingdom,2025-10-20,2023-2026,0.0,,4,0.07451292519861906,0.035403418658124415,0.11362243173911371,,,7.180644577778885
United Kingdom,2025-10-27,2023-2026,0.0,,4,0.10340931102018892,0.06298082176116153,0.14383780027921633,,,8.601268162177508
United Kingdom,2025-11-03,2023-2026,0.0,,4,0.07493912557946816,0.035815241901432524,0.1140630092575038,,,7.2015977279912535
United Kingdom,2025-11-10,2023-2026,0.0,,4,0.04744920101470096,0.008925970912014358,0.08597243111738756,,,5.8501195392934475
United Kingdom,2025-11-17,2023-2026,0.0,,4,0.022644338849282457,-0.01591897171349147,0.061207649412056385,,,4.630646196933567
United Kingdom,2025-11-24,2023-2026,0.0,,4,0.006363484300846402,-0.03252676362388733,0.04525373222558013,,,3.830235858821069
United Kingdom,2025-12-01,2023-2026,0.0,,4,-0.012559812608853886,-0.0521209447054891,0.027001319487781325,,,2.899915989391881
United Kingdom,2025-12-08,2023-2026,0.0,,4,-0.031099529175789998,-0.07160675876722095,0.009407700415640954,,,1.9884539551538256
United Kingdom,2025-12-15,2023-2026,0.0,,4,-0.03906947629766842,-0.0800665282436494,0.0019275756483125642,,,1.596630046182524
United Kingdom,2025-12-22,2023-2026,0.0,,4,-0.03306005092769621,-0.07368326961788857,0.007563167762496138,,,1.8920694641769285
United Kingdom,2025-12-29,2023-2026,0.0,,4,-0.027263725748148344,-0.06755266430479001,0.013025212808493315,,,2.1770323070651476
United Kingdom,2026-01-05,2023-2026,0.0,,4,-0.028670187004950137,-0.06903782888831873,0.011697454878418459,,,2.1078869113643295
United Kingdom,2026-01-12,2023-2026,0.0,,4,-0.03736467477427194,-0.07825289697885857,0.0035235474303146955,,,1.6804426470320004
United Kingdom,2026-01-19,2023-2026,0.0,,4,-0.04034807744021579,-0.08142817936845434,0.0007320244880227589,,,1.5337705955454168
United Kingdom,2026-01-26,2023-2026,0.0,,4,-0.036767994241083436,-0.07761864288077887,0.004082654398611996,,,1.7097770573293172
United Kingdom,2026-02-02,2023-2026,0.0,,4,-0.03723681466001751,-0.0781169627616339,0.003643333441598881,,,1.6867285920957111
United Kingdom,2026-02-09,2023-2026,0.0,,4,-0.03433865207024358,-0.07503910959097523,0.006361805450488069,,,1.829210013539821
United Kingdom,2026-02-16,2023-2026,0.0,,4,-0.030758568871110784,-0.07124593000668925,0.00972879226446768,,,2.005216475323721
United Kingdom,2026-02-23,2023-2026,0.0,,4,-0.0338698316513095,-0.07454182276876005,0.0068021594661410445,,,1.8522584787734269
United Kingdom,2026-03-02,2023-2026,0.0,,4,-0.025260583958157164,-0.065440123676478,0.014918955760163676,,,2.2755121130632823
United Kingdom,2026-03-09,2023-2026,0.0,,4,-0.028414466776440835,-0.06876768340586567,0.011938749852984001,,,2.1204588014917514
United Kingdom,2026-03-16,2023-2026,0.0,,4,-0.033230531080035694,-0.0738639758109272,0.007402913650855811,,,1.8836882040919805
United Kingdom,2026-03-23,2023-2026,0.0,,4,-0.03902685625958359,-0.0800211608930219,0.0019674483738547216,,,1.5987253612037609
United Kingdom,2026-03-30,2023-2026,0.0,,4,-0.04605916254359389,-0.08752495552475692,-0.004593369562430859,,,1.2529983826996711
United Kingdom,2026-04-06,2023-2026,0.0,,4,-0.04784920414316016,-0.08944077079801542,-0.006257637488304893,,,1.164995151807721
United Kingdom,2026-04-13,2023-2026,0.0,,4,-0.04810492437166962,-0.08971464657780338,-0.006495202165535854,,,1.1524232616802996
United Kingdom,2026-04-20,2023-2026,0.0,,4,-0.051130947075698305,-0.09295904569951524,-0.009302848451881368,,,1.003655895172479
United Kingdom,2026-04-27,2023-2026,0.0,,4,-0.05262264840867019,-0.09456077701574432,-0.010684519801596057,,,0.9303198694291872
World,2020-01-06,2020-2022,6.856652287572013e-05,0.0002804994117643,1,0.6731947859942744,0.47806790410462585,0.868321667883923,,,
World,2020-01-13,2020-2022,2.544212351603715e-05,0.0002505201095545,1,0.6731947502586523,0.47806784773545763,0.8683216527818469,,,
World,2020-01-20,2020-2022,0.0004096181886081,0.0009031953848193,1,0.6731955282539782,0.47806907493980233,0.8683219815681541,,,
World,2020-01-27,2020-2022,0.0030657758836824,0.0135224886487737,1,0.6732105705752481,0.47809280214538485,0.8683283390051114,,,
World,2020-02-03,2020-2022,0.0082050848339219,0.1319174104306526,1,0.6733516984825656,0.47831537080340814,0.8683880261617231,,,
World,2020-02-10,2020-2022,0.0127897554915118,0.3489412682348011,1,0.6736103930484212,0.4787231561999301,0.8684976298969123,,,
World,2020-02-17,2020-2022,0.0148225811604432,0.4943837115265791,1,0.6737837618665089,0.47899630006316407,0.8685712236698537,,,
World,2020-02-24,2020-2022,0.010746752973174,0.3473842102756196,1,0.673608537020071,0.4787202314014216,0.8684968426387203,,,
World,2020-03-02,2020-2022,0.0089200085047226,0.1227607901772308,1,0.6733407837014668,0.4782981600901618,0.8683834073127717,,,
World,2020-03-09,2020-2022,0.0257652384846908,0.244389405857998,1,0.6734857662036097,0.47852673581402255,0.8684447965931967,,,
World,2020-03-16,2020-2022,0.0873784290034779,0.5874713530470558,1,0.673894723247683,0.4791710611222062,0.8686183853731597,,,
World,2020-03-23,2020-2022,0.245628437273229,1.7472887167108837,1,0.6752772369141553,0.4813445732456517,0.8692099005826589,,,
World,2020-03-30,2020-2022,0.5180347095470872,4.412793847964954,1,0.6784545451589378,0.4863119612392027,0.8705971290786729,,,
World,2020-04-06,2020-2022,0.7841644099495391,7.600160184142924,1,0.6822539170754779,0.49219975960737145,0.8723080745435843,,,
World,2020-04-13,2020-2022,0.8939013770989105,9.11556175449159,1,0.6840602906018945,0.49497863409047793,0.8731419471133112,,,
World,2020-04-20,2020-2022,0.8621877701361702,9.34572392487942,1,0.6843346461651368,0.49539952437912355,0.8732697679511501,,,
World,2020-04-27,2020-2022,0.7656730745780832,9.412178751503308,1,0.6844138609698888,0.4955209904343161,0.8733067315054615,,,
World,2020-05-04,2020-2022,0.7215895071618457,9.817754186684809,1,0.6848973108642348,0.49626173818180075,0.8735328835466688,,,
World,2020-05-11,2020-2022,0.6738041107740248,10.167318786945753,1,0.6853139952943152,0.4968994092524744,0.8737285813361562,,,
World,2020-05-18,2020-2022,0.6304456438779942,10.627864474196002,1,0.6858629702679672,0.4977384266725734,0.8739875138633609,,,
World,2020-05-25,2020-2022,0.6056751924227805,11.705101793351476,1,0.6871470477119035,0.4996959943327148,0.8745981010910922,,,
World,2020-06-01,2020-2022,0.6135469854386423,12.6554999499301,1,0.6882799316307211,0.5014172830763364,0.8751425801851058,,,
World,2020-06-08,2020-2022,0.6300258488399796,14.326243493830631,1,0.6902714743123345,0.5044298974628579,0.876113051161811,,,
World,2020-06-15,2020-2022,0.6512471240647061,15.419842642619273,1,0.6915750552175788,0.506392529302742,0.8767575811324155,,,
World,2020-06-22,2020-2022,0.6508553153625591,17.159709891900526,1,0.6936489940335837,0.5094995991185036,0.8777983889486638,,,
World,2020-06-29,2020-2022,0.6555417545142133,19.511648483456497,1,0.6964525278893438,0.5136691645774634,0.8792358912012241,,,
World,2020-07-06,2020-2022,0.6719849989426281,22.343486585621356,1,0.699828106665913,0.5186418800698928,0.8810143332619332,,,
World,2020-07-13,2020-2022,0.726576163370989,24.5714762398319,1,0.7024838921733612,0.5225168118848783,0.882450972461844,,,
World,2020-07-20,2020-2022,0.7829940722678013,26.971828648226538,1,0.7053451357733641,0.526653793237338,0.8840364783093903,,,
World,2020-07-27,2020-2022,0.7998393022477696,29.340643000310685,1,0.7081687857010965,0.5306972537954173,0.8856403176067758,,,
World,2020-08-03,2020-2022,0.8102196886423128,32.05134351977865,1,0.7113999672916529,0.5352755215552331,0.8875244130280727,,,
World,2020-08-10,2020-2022,0.8021112838777517,32.720552783045676,1,0.712197671293319,0.536397646244049,0.8879976963425891,,,
World,2020-08-17,2020-2022,0.7755369858652508,33.08106004063087,1,0.7126273994781943,0.5370007914236383,0.8882540075327503,,,
World,2020-08-24,2020-2022,0.7489067151810147,32.99031053026151,1,0.7125192251722716,0.5368490526177362,0.888189397726807,,,
World,2020-08-31,2020-2022,0.7214088680848818,32.66475057353795,1,0.7121311545125907,0.5363042019322508,0.8879581070929305,,,
World,2020-09-07,2020-2022,0.7795695624425427,34.24939033882316,1,0.7140200606460717,0.5389489243864097,0.8890911969057337,,,
World,2020-09-14,2020-2022,0.6868457432883454,34.85432770966397,1,0.7147411519219475,0.5399536787486816,0.8895286250952135,,,
World,2020-09-21,2020-2022,0.6774245249503569,36.2031622415655,1,0.7163489759057796,0.5421842066423992,0.89051374516916,,,
World,2020-09-28,2020-2022,0.6713464016423755,37.45999551062068,1,0.7178471334824665,0.5442503347889126,0.8914439321760205,,,
World,2020-10-05,2020-2022,0.6692550590893572,37.58450417468346,1,0.7179955490305121,0.5444543680928821,0.8915367299681421,,,
World,2020-10-12,2020-2022,0.6661740179315652,39.36451655066067,1,0.720117341231057,0.5473584019405635,0.8928762805215504,,,
World,2020-10-19,2020-2022,0.7149465687118084,43.52467520053608,1,0.7250762911212166,0.5540501970824026,0.8961023851600307,,,
World,2020-10-26,2020-2022,0.8048615774298352,49.38015448562851,1,0.7320560798267532,0.5632361900821594,0.9008759695713471,,,
World,2020-11-02,2020-2022,0.946754844491126,58.40187042331885,1,0.7428100536588812,0.5768341114994715,0.9087859958182909,,,
World,2020-11-09,2020-2022,1.105203301324302,66.30348415215389,1,0.7522288546783721,0.5881667125978813,0.9162909967588628,,,
World,2020-11-16,2020-2022,1.2327904623325254,71.44247507584944,1,0.7583545822338235,0.5952381263621564,0.9214710381054905,,,
World,2020-11-23,2020-2022,1.3542613368474932,73.45393190523968,1,0.760752258491546,0.597940614442731,0.923563902540361,,,
World,2020-11-30,2020-2022,1.3724041151267792,73.2808593158095,1,0.7605459542684198,0.5977095387456786,0.923382369791161,,,
World,2020-12-07,2020-2022,1.437686059856579,72.59666973021622,1,0.7597303935756977,0.5967933655251212,0.9226674216262742,,,
World,2020-12-14,2020-2022,1.5012201307008268,76.92464971522813,1,0.7648893881423906,0.6025163723730685,0.9272624039117127,,,
World,2020-12-21,2020-2022,1.5273466473394457,79.24035872289724,1,0.7676497359790209,0.6055075149303292,0.9297919570277126,,,
World,2020-12-28,2020-2022,1.474958770807573,79.28869366915303,1,0.7677073517087559,0.605569418366626,0.9298452850508858,,,
World,2021-01-04,2020-2022,1.5764499457253969,72.36646176400608,1,0.7594559834233864,0.5964841393992986,0.9224278274474742,,,
World,2021-01-11,2020-2022,1.7534838737870384,81.5461936424298,1,0.7703983138058027,0.6084364525684067,0.9323601750431987,,,
World,2021-01-18,2020-2022,1.8216789416594243,89.28248445265764,1,0.7796200482857537,0.6179009932902869,0.9413391032812205,,,
World,2021-01-25,2020-2022,1.8313927444178475,80.3526298461343,1,0.7689755740608376,0.6069265253395992,0.931024622782076,,,
World,2021-02-01,2020-2022,1.698050575070297,70.41013547206272,1,0.7571240233067116,0.5938367929296631,0.9204112536837601,,,
World,2021-02-08,2020-2022,1.505751372899033,61.99593928075007,1,0.747094218967413,0.5820569657425791,0.9121314721922469,,,
World,2021-02-15,2020-2022,1.3573601874917465,52.49405160172922,1,0.7357678757127872,0.5680070725378169,0.9035286788877576,,,
World,2021-02-22,2020-2022,1.172192412542028,45.829278721290464,1,0.7278234011085842,0.5576985945690149,0.8979482076481535,,,
World,2021-03-01,2020-2022,1.1082589003585783,45.494233940920125,1,0.7274240244461423,0.5571708235646626,0.897677225327622,,,
World,2021-03-08,2020-2022,1.0719173711282708,47.96856441186234,1,0.730373450621864,0.561047098969426,0.899699802274302,,,
World,2021-03-15,2020-2022,1.099433027710865,50.48090287112516,1,0.733368182692233,0.5649318656273374,0.9018044997571286,,,
World,2021-03-22,2020-2022,1.196018961214797,55.22070433264174,1,0.7390180724957554,0.5721179774670713,0.9059181675244394,,,
World,2021-03-29,2020-2022,1.275260999117846,63.54834133132812,1,0.7489446974289563,0.5842778467580381,0.9136115480998745,,,
World,2021-04-05,2020-2022,1.3546938529472656,71.30141885465183,1,0.7581864418354675,0.5950472241587221,0.9213256595122128,,,
World,2021-04-12,2020-2022,1.5169509956707927,76.47830836553688,1,0.7643573448783455,0.6019341407980066,0.9267805489586844,,,
World,2021-04-19,2020-2022,1.597419343927315,88.90790515655574,1,0.7791735460930269,0.6174556241039195,0.9408914680821343,,,
World,2021-04-26,2020-2022,1.6872147746648165,98.92442084478488,1,0.7911133309792148,0.628914088078204,0.9533125738802255,,,
World,2021-05-03,2020-2022,1.6803784760760574,102.28739889431996,1,0.7951220337794915,0.632552017982644,0.957692049576339,,,
World,2021-05-10,2020-2022,1.617879899658912,99.86105226832898,1,0.7922298048173082,0.6299378038750139,0.9545218057596025,,,
World,2021-05-17,2020-2022,1.5578415765857676,92.50906727802324,1,0.7834661666418209,0.6216830160211697,0.9452493172624721,,,
World,2021-05-24,2020-2022,1.4551393565885804,79.77780322847472,1,0.7682903750979113,0.6061946094788782,0.9303861407169445,,,
World,2021-05-31,2020-2022,1.3126609206864208,69.10669223272616,1,0.7555703061885601,0.5920536241716006,0.9190869882055197,,,
World,2021-06-07,2020-2022,1.2212931667156284,57.96113397343819,1,0.7422846914903517,0.5761859055562941,0.9083834774244093,,,
World,2021-06-14,2020-2022,1.227322949988929,49.366741398110854,1,0.7320400912949518,0.5632154659697827,0.900864716620121,,,
World,2021-06-21,2020-2022,1.029472276466466,46.2145386208444,1,0.7282826346853213,0.5583043506412378,0.8982609187294047,,,
World,2021-06-28,2020-2022,0.9730620002067084,45.743800818913634,1,0.727721510611063,0.5575640332438139,0.8978789879783122,,,
World,2021-07-05,2020-2022,0.965900042436944,47.88693335856113,1,0.7302761456061493,0.5609200075851417,0.8996322836271569,,,
World,2021-07-12,2020-2022,0.9976009283379264,52.41659814510935,1,0.7356755504332672,0.5678893832817846,0.9034617175847497,,,
World,2021-07-19,2020-2022,1.157451246176836,61.610185803999926,1,0.7466343970418198,0.5815018072565372,0.9117669868271023,,,
World,2021-07-26,2020-2022,1.169900077213233,65.0883505235415,1,0.7507804034818493,0.5864598993379866,0.915100907625712,,,
World,2021-08-02,2020-2022,1.1909127270251283,71.02628009831236,1,0.7578584737408927,0.5946743361051645,0.9210426113766208,,,
World,2021-08-09,2020-2022,1.2383673758072409,76.78989296381307,1,0.7647287567737653,0.6023407823966169,0.9271167311509136,,,
World,2021-08-16,2020-2022,1.24742477177895,80.13825196917583,1,0.768720033530087,0.6066539211272856,0.9307861459328884,,,
World,2021-08-23,2020-2022,1.2709994434289098,81.41218234523379,1,0.7702385710259138,0.6082675813070085,0.932209560744819,,,
World,2021-08-30,2020-2022,1.2291420618203257,81.47493025446138,1,0.7703133671487927,0.6083466724646828,0.9322800618329027,,,
World,2021-09-06,2020-2022,1.1598173636638276,79.76032194540686,1,0.768269537237136,0.6061723027845207,0.9303667716897512,,,
World,2021-09-13,2020-2022,1.0930012588860107,73.95387217654218,1,0.7613481921955494,0.5986065606975415,0.9240898236935573,,,
World,2021-09-20,2020-2022,1.0252692376616168,67.70680807998971,1,0.7539016305562843,0.5901213989190932,0.9176818621934755,,,
World,2021-09-27,2020-2022,0.9510927265506104,64.97689621305479,1,0.7506475488512302,0.5863026870717678,0.9149924106306926,,,
World,2021-10-04,2020-2022,0.8753235385075001,57.255412718713295,1,0.7414434648369629,0.5751444863161764,0.9077424433577493,,,
World,2021-10-11,2020-2022,0.8388471660225577,53.43908655867067,1,0.736894366645065,0.5694389821181844,0.9043497511719456,,,
World,2021-10-18,2020-2022,0.8339826320062914,51.600239272062616,1,0.7347024426543253,0.5666458878929675,0.902758997415683,,,
World,2021-10-25,2020-2022,0.8862382094958801,51.685383882621394,1,0.7348039358647322,0.5667758419463828,0.9028320297830817,,,
World,2021-11-01,2020-2022,0.8791780202201798,53.59487885780877,1,0.7370800725927749,0.5696743159653854,0.9044858292201643,,,
World,2021-11-08,2020-2022,0.8825491015860548,55.785188727092056,1,0.7396909434272377,0.5729611626839008,0.9064207241705746,,,
World,2021-11-15,2020-2022,0.9317770663772348,58.50206913836206,1,0.7429294915093998,0.5769812427528683,0.9088777402659313,,,
World,2021-11-22,2020-2022,0.9500267015752883,64.63148376735167,1,0.7502358138300836,0.5858147612626169,0.9146568663975504,,,
World,2021-11-29,2020-2022,0.9084873465106544,70.46654065989777,1,0.7571912588435168,0.5939136096889694,0.9204689079980641,,,
World,2021-12-06,2020-2022,0.9418038072549052,72.54700161668822,1,0.7596711886975059,0.5967266899857715,0.9226156874092404,,,
World,2021-12-13,2020-2022,0.8719066613192964,77.25485540370572,1,0.7652829965598617,0.6029459255360983,0.927620067583625,,,
World,2021-12-20,2020-2022,0.8433529660972479,79.54562858611678,1,0.7680136206483537,0.6058981154739059,0.9301291258228014,,,
World,2021-12-27,2020-2022,0.8005949333161959,92.9592503883654,1,0.7840027893222203,0.6222029594623901,0.9458026191820506,,,
World,2022-01-03,2020-2022,0.7688686052916976,135.8933960926078,1,0.8351807118590269,0.6633905883032798,1.006970835414774,,,
World,2022-01-10,2020-2022,0.8785190692211143,235.08443003814196,1,0.953417396631555,0.7114695411063852,1.1953652521567248,,,
World,2022-01-17,2020-2022,0.9903193925876363,337.24825653854447,1,1.0751976792699658,0.7294279356558403,1.4209674228840914,,,
World,2022-01-24,2020-2022,1.135329319779642,388.994973748326,1,1.1368802734256602,0.7337529636096911,1.5400075832416293,,,
World,2022-01-31,2020-2022,1.2965306143772533,422.3035830532596,1,1.1765844622212045,0.7356229069707595,1.6175460174716494,,,
World,2022-02-07,2020-2022,1.3659367273290024,390.4241646831406,1,1.1385838830294497,0.7338457299767323,1.5433220360821671,,,
World,2022-02-14,2020-2022,1.2892719765381278,325.07350841036106,1,1.060685260159511,0.728077673414648,1.393292846904374,,,
World,2022-02-21,2020-2022,1.1596443572239186,258.8067932151126,1,0.9816946860744198,0.7173238241875681,1.2460655479612714,,,
World,2022-02-28,2020-2022,1.0077930430184507,215.87178247867064,1,0.930515732410752,0.705589511805101,1.155441953016403,,,
World,2022-03-07,2020-2022,0.8369771699441291,193.30174904841303,1,0.9036120313215575,0.6970138831032096,1.1102101795399055,,,
World,2022-03-14,2020-2022,0.7041998157386342,197.89977682084887,1,0.9090929254979743,0.6989286465726621,1.1192572044232865,,,
World,2022-03-21,2020-2022,0.79746046369902,217.82582915634697,1,0.9328449752048747,0.7062417075952427,1.1594482428145068,,,
World,2022-03-28,2020-2022,0.5931449465911321,206.23666203143333,1,0.9190305743904124,0.7021736807365846,1.1358874680442401,,,
World,2022-04-04,2020-2022,0.4357116304862458,183.7173423859803,1,0.8921873246298214,0.6927118859540043,1.0916627633056386,,,
World,2022-04-11,2020-2022,0.3777137657190875,146.30652904432844,1,0.8475932684110947,0.6710697646220415,1.024116772200148,,,
World,2022-04-18,2020-2022,0.3169528863380876,116.43131395418524,1,0.8119817191750583,0.6467241742782422,0.9772392640718744,,,
World,2022-04-25,2020-2022,0.3029978815895413,92.10046423014332,1,0.7829791078034606,0.621209456567565,0.9447487590393562,,,
World,2022-05-02,2020-2022,0.2528997961741125,79.0651388182423,1,0.7674408721350979,0.6052829258690022,0.9295988184011936,,,
World,2022-05-09,2020-2022,0.212904778006902,67.4235481978239,1,0.7535639820001181,0.5897282726923995,0.9173996913078367,,,
World,2022-05-16,2020-2022,0.1947416460288031,67.94843192702152,1,0.754189648550438,0.5904561689316252,0.9179231281692508,,,
World,2022-05-23,2020-2022,0.1839058456233229,70.2966585127565,1,0.7569887576588729,0.5936821640181893,0.9202953512995564,,,
World,2022-05-30,2020-2022,0.1748713475627781,65.09472377548227,1,0.7507880004606358,0.5864688858029778,0.9151071151182937,,,
World,2022-06-06,2020-2022,0.1661625086832386,58.45124595242642,1,0.7428689097735757,0.5769066251203747,0.9088311944267766,,,
World,2022-06-13,2020-2022,0.1632977255753328,59.67110163916339,1,0.7443229897096705,0.5786914095556075,0.9099545698637335,,,
World,2022-06-20,2020-2022,0.1702663232063754,63.66062505504145,1,0.7490785407282717,0.5844376544564286,0.9137194270001149,,,
World,2022-06-27,2020-2022,0.1935814851964718,71.36156403464375,1,0.7582581354795844,0.5951286454209856,0.9213876255381832,,,
World,2022-07-04,2020-2022,0.2091062689659577,87.43444492682325,1,0.7774171670557503,0.6156909654317653,0.9391433686797352,,,
World,2022-07-11,2020-2022,0.2394434570464804,103.78864192293192,1,0.7969115301853704,0.634142333732034,0.9596807266387068,,,
World,2022-07-18,2020-2022,0.2778508867062901,120.32745205569768,1,0.8166259539835363,0.6503157455227891,0.9829361624442835,,,
World,2022-07-25,2020-2022,0.3083509043773155,127.52503643102166,1,0.8252055451124699,0.656609378348852,0.9938017118760878,,,
World,2022-08-01,2020-2022,0.3112843812187145,131.0880506324892,1,0.829452692966683,0.6595655076441218,0.9993398782892442,,,
World,2022-08-08,2020-2022,0.3098901528500357,127.2345357205032,1,0.8248592654179299,0.6563637688977476,0.9933547619381121,,,
World,2022-08-15,2020-2022,0.3004256829020699,116.12543348000132,1,0.8116171066514707,0.6464366028973263,0.9767976104056151,,,
World,2022-08-22,2020-2022,0.2797793996688058,98.07193924477006,1,0.7900971645556378,0.6279752758352805,0.9522190532759952,,,
World,2022-08-29,2020-2022,0.2608911671704997,93.78470736478148,1,0.7849867421295615,0.6231514118670665,0.9468220723920566,,,
World,2022-09-05,2020-2022,0.2264603414162466,80.3814277857421,1,0.7690099014871389,0.606963112422274,0.9310566905520038,,,
World,2022-09-12,2020-2022,0.195583780317184,66.10635349072693,1,0.751993872997599,0.5878907143160075,0.9160970316791905,,,
World,2022-09-19,2020-2022,0.180682328573841,59.5353119375336,1,0.7441611270542638,0.5784933736026159,0.9098288805059118,,,
World,2022-09-26,2020-2022,0.1776623485124874,56.447569324407375,1,0.7404805075921522,0.5739471089066714,0.907013906277633,,,
World,2022-10-03,2020-2022,0.1887678354272376,53.996096057231966,1,0.7375583274273758,0.5702794364269037,0.9048372184278479,,,
World,2022-10-10,2020-2022,0.1939732938986188,55.69493788234361,1,0.7395833635356234,0.5728265350807995,0.9063401919904472,,,
World,2022-10-17,2020-2022,0.1979448093794722,56.78294230817108,1,0.7408802754762561,0.5744448754577108,0.9073156754948014,,,
World,2022-10-24,2020-2022,0.2114342232676751,55.34672425884138,1,0.7391682894830821,0.5723064521646057,0.9060301268015585,,,
World,2022-10-31,2020-2022,0.2111085640866698,49.9027891311073,1,0.7326790654472339,0.5640425422550212,0.9013155886394467,,,
World,2022-11-07,2020-2022,0.1801709418911687,44.81476641345142,1,0.7266140924929922,0.5560977480436216,0.8971304369423629,,,
World,2022-11-14,2020-2022,0.1681164637692702,42.935944462374984,1,0.7243745183103588,0.5531114196650658,0.8956376169556518,,,
World,2022-11-21,2020-2022,0.1733957043988479,46.68310620963926,1,0.7288411718442482,0.55903948212793,0.8986428615605665,,,
World,2022-11-28,2020-2022,0.1816669387539116,49.57313553671001,1,0.7322861151313185,0.5635341948151025,0.9010380354475345,,,
World,2022-12-05,2020-2022,0.2017560394821746,55.345167200882194,1,0.7391664334547318,0.5723041242624216,0.9060287426470419,,,
World,2022-12-12,2020-2022,0.2410717529515068,64.7974045758615,1,0.7504335930602483,0.5860492717991874,0.9148179143213091,,,
World,2022-12-19,2020-2022,0.3061806912413974,165.9918098439325,1,0.8710583160870724,0.6835119101993219,1.058604721974823,,,
World,2022-12-26,2020-2022,0.4599910489576001,571.4696185090766,1,1.3543918386685716,0.7390528843637408,1.9697307929734023,,,
World,2023-01-02,2023-2026,0.6119822948424061,676.9222618131772,1,0.6682120127720679,0.5268175113270264,0.8096065142171094,,,
World,2023-01-09,2023-2026,0.2304776527194289,298.1781918601843,1,0.31261025284137595,0.24611809348457458,0.3791024121981773,,,
World,2023-01-16,2023-2026,0.1842213279549218,131.10537671860362,1,0.155746048714576,0.12066411297690338,0.19082798445224863,,,
World,2023-01-23,2023-2026,0.1630560254019304,60.6931753461114,1,0.08963622755814146,0.06595844993020306,0.11331400518607987,,,
World,2023-01-30,2023-2026,0.904253777157586,33.92715057921844,1,0.06450568092110252,0.04423682040637707,0.08477454143582798,,,
World,2023-02-06,2023-2026,0.5052958383026075,25.690097717098556,1,0.0567719347669369,0.03737210013819939,0.07617176939567441,,,
World,2023-02-13,2023-2026,0.1625115639586873,23.46788088071381,1,0.0546855015243937,0.03550241371333551,0.07386858933545189,,,
World,2023-02-20,2023-2026,0.1375859155500257,21.037158209478083,1,0.05240330273009407,0.033448100693920096,0.07135850476626804,,,
World,2023-02-27,2023-2026,0.1351867233024634,19.118814463731827,1,0.05060217509204535,0.031819814295816026,0.06938453588827467,,,
World,2023-03-06,2023-2026,0.1203692305667233,19.216496952759297,1,0.050693888910870025,0.03190287946674024,0.06948489835499981,,,
World,2023-03-13,2023-2026,0.1176774538987266,17.497230190888978,1,0.049079674102471035,0.030438455431303246,0.06772089277363882,,,
World,2023-03-20,2023-2026,0.1178555487633389,16.197397188879346,1,0.04785926449133707,0.02932782594550203,0.06639070303717211,,,
World,2023-03-27,2023-2026,0.1142860188340388,15.13764369700409,1,0.046864264868371856,0.028420079085842223,0.06530845065090149,,,
World,2023-04-03,2023-2026,0.0948914880777637,14.034653860425683,1,0.04582867076092714,0.02747311679911969,0.06418422472273459,,,
World,2023-04-10,2023-2026,0.1002623203519992,13.017984060512488,1,0.04487412229720493,0.026598266261161005,0.06314997833324885,,,
World,2023-04-17,2023-2026,0.0933751375162079,12.350649881748591,1,0.044247564082155424,0.026022966930464787,0.062472161233846066,,,
World,2023-04-24,2023-2026,0.0921946229850638,13.047074584540724,1,0.04490143530977042,0.026623325704582645,0.0631795449149582,,,
World,2023-05-01,2023-2026,0.0822594737520513,12.866242147438138,1,0.04473165223463424,0.02646752546718829,0.06299577900208018,,,
World,2023-05-08,2023-2026,0.0836206273601593,11.784778891566653,1,0.04371626937428739,0.025534476705942867,0.06189806204263191,,,
World,2023-05-15,2023-2026,0.0927721591888778,10.749434572992682,1,0.042744187456635545,0.024639127056127308,0.06084924785714378,,,
World,2023-05-22,2023-2026,0.0508053764491745,9.159530832352004,1,0.04125143123113908,0.02326016077171613,0.059242701690562026,,,
World,2023-05-29,2023-2026,0.0448112121487962,6.535740606814829,1,0.03878796184399919,0.020973546322409005,0.05660237736558938,,,
World,2023-06-05,2023-2026,0.0420532859596578,5.719946548910153,1,0.03802201505896332,0.02025976017120695,0.055784269946719686,,,
World,2023-06-12,2023-2026,0.0383234706522067,4.813728639817128,1,0.0371711695700975,0.019465259415319357,0.05487707972487564,,,
World,2023-06-19,2023-2026,0.0313116214111869,3.749186940296157,1,0.03617167431221464,0.018529784108248085,0.05381356451618119,,,
World,2023-06-26,2023-2026,0.0255184498865852,3.765441913010553,1,0.03618693606114594,0.01854408603989417,0.053829786082397704,,,
World,2023-07-03,2023-2026,0.0203282566893136,3.4443775795122744,1,0.03588548964626975,0.01826149539463375,0.05350948389790576,,,
World,2023-07-10,2023-2026,0.0170055153581192,3.3332616492683336,1,0.03578116320663473,0.018163644401850827,0.05339868201141863,,,
World,2023-07-17,2023-2026,0.0185294985567298,3.6059350638391097,1,0.03603717552154619,0.018403720123046457,0.053670630920045925,,,
World,2023-07-24,2023-2026,0.0190256199652925,4.434572305694681,1,0.036815180736478104,0.01913234229673003,0.05449801917622618,,,
World,2023-07-31,2023-2026,0.0258441090675905,5.591860722281017,1,0.03790175563053938,0.020147566937815026,0.055655944323263734,,,
World,2023-08-07,2023-2026,0.0244295270000988,11.579552546436888,1,0.04352358292636131,0.025357163537709337,0.06169000231501329,,,
World,2023-08-14,2023-2026,0.0293296799892876,3.051507940814684,1,0.03551662542890648,0.017915410084087813,0.05311784077372515,,,
World,2023-08-21,2023-2026,0.0344257373295498,6.196619998257219,1,0.038469562442401135,0.020676994440643977,0.056262130444158294,,,
World,2023-08-28,2023-2026,0.0334818345471048,6.246850382714932,1,0.03851672361146544,0.020720934318903404,0.05631251290402747,,,
World,2023-09-04,2023-2026,0.0396617263491503,5.958044117622635,1,0.03824556420781167,0.02046822595497469,0.05602290246064866,,,
World,2023-09-11,2023-2026,0.040305412074106,4.002649007399975,1,0.036409649146114866,0.018752729874278676,0.05406656841795106,,,
World,2023-09-18,2023-2026,0.0411068389648612,1.9858620531331168,1,0.03451609345181301,0.016975026941916087,0.052057159961709926,,,
World,2023-09-25,2023-2026,0.0438825746404608,2.280703189923416,1,0.03479291897981563,0.01723545102979975,0.052350386929831516,,,
World,2023-10-02,2023-2026,0.0473121728904226,2.746690947393746,1,0.03523043359669975,0.017646668195418453,0.05281419899798105,,,
World,2023-10-09,2023-2026,0.0446661920447548,2.9917927327101927,1,0.03546055898514871,0.01786277758493734,0.05305834038536007,,,
World,2023-10-16,2023-2026,0.0554689176896641,2.794295704704603,1,0.03527512957169663,0.017688651828841072,0.05286160731455219,,,
World,2023-10-23,2023-2026,0.059046080256019,2.629344241100728,1,0.035120257098662344,0.017543157252529966,0.05269735694479472,,,
World,2023-10-30,2023-2026,0.04714934329992,2.5913108106566045,1,0.035084547615992875,0.017509601914476577,0.05265949331750917,,,
World,2023-11-06,2023-2026,0.0485130411203796,3.4727150166844374,1,0.03591209558766863,0.01828644578842025,0.053537745386917,,,
World,2023-11-13,2023-2026,0.0489430130078006,3.0486991303785147,1,0.035513988244555164,0.01791293458953336,0.05311504189957697,,,
World,2023-11-20,2023-2026,0.0482738851593288,3.612140397764673,1,0.0360430016924092,0.01840918180705267,0.053676821577765724,,,
World,2023-11-27,2023-2026,0.0569394724288911,4.173164663416808,1,0.03656974582401897,0.018902640466464164,0.05423685118157378,,,
World,2023-12-04,2023-2026,0.0606998182845614,4.974080167489307,1,0.037321723176005704,0.019605966161614415,0.05503748019039699,,,
World,2023-12-11,2023-2026,0.0630837452580141,5.815481722712875,1,0.03811171276946145,0.02034341969627973,0.055880005842643174,,,
World,2023-12-18,2023-2026,0.0633559759796357,6.674372193641366,1,0.03891812265751007,0.02109470869501406,0.05674153662000607,,,
World,2023-12-25,2023-2026,0.067006920704187,6.355951296776403,1,0.03861915815797895,0.020816354503386154,0.056421961812571746,,,
World,2024-01-01,2023-2026,0.0737363623741788,4.807454612158076,1,0.037165278902878095,0.019459752943813042,0.05487080486194315,,,
World,2024-01-08,2023-2026,0.0721513180791297,3.871606806018275,1,0.036286613985611116,0.01863748161311188,0.053935746358110354,,,
World,2024-01-15,2023-2026,0.0649613739734976,3.212948391373347,1,0.035668201421501594,0.018057664848209847,0.05327873799479334,,,
World,2024-01-22,2023-2026,0.0545377359689772,2.5178619442781573,1,0.03501558667845975,0.017444792336414834,0.05258638102050466,,,
World,2024-01-29,2023-2026,0.0451419597545047,2.138280726692993,1,0.03465919892293217,0.01710967669142445,0.05220872115443989,,,
World,2024-02-05,2023-2026,0.0408956693396781,1.822536341221917,1,0.03436274739254735,0.016830686896038196,0.051894807889056496,,,
World,2024-02-12,2023-2026,0.033436038724776,1.6209380429055416,1,0.034173467307741665,0.016652444929246342,0.05169448968623699,,,
World,2024-02-19,2023-2026,0.0316779879898178,1.4227693428391284,1,0.03398740726324901,0.016477150756010476,0.05149766377048755,,,
World,2024-02-26,2023-2026,0.0304516776363448,1.343522216511376,1,0.03391300235548341,0.01640702761630814,0.05141897709465868,,,
World,2024-03-04,2023-2026,0.026887236131748,1.2914294686122898,1,0.0338640926185341,0.016360925167559482,0.051367260069508716,,,
World,2024-03-11,2023-2026,0.0243888196024732,1.095871130418622,1,0.03368048343558517,0.016187802843080308,0.05117316402809003,,,
World,2024-03-18,2023-2026,0.022322919172971,1.0283222924835431,1,0.033617062018442036,0.01612798471291158,0.051106139323972496,,,
World,2024-03-25,2023-2026,0.0187025049966389,0.925067978406058,1,0.03352011682848581,0.016036528553441867,0.05100370510352975,,,
World,2024-04-01,2023-2026,0.0164457886407664,2.0511439978629173,1,0.034577386489194444,0.017032704376951046,0.05212206860143784,,,
World,2024-04-08,2023-2026,0.0152729067466771,0.7237826182089301,1,0.03333113056041499,0.01585817687738082,0.05080408424344916,,,
World,2024-04-15,2023-2026,0.0130060135413981,0.7096851375686938,1,0.03331789447482591,0.015845682347416987,0.05079010660223483,,,
World,2024-04-22,2023-2026,0.0117924242496832,0.5749232977289483,1,0.033191366956059815,0.01572622199404154,0.05065651191807809,,,
World,2024-04-29,2023-2026,0.0109197594130831,0.6089979337539768,1,0.033223359537596496,0.015756431328716278,0.050690287746476714,,,
World,2024-05-06,2023-2026,0.0098791765612772,0.5600600091708794,1,0.03317741185553437,0.015713043959292267,0.05064177975177647,,,
World,2024-05-13,2023-2026,0.0085027576790596,0.603848447954331,1,0.03321852469961917,0.015751866141951856,0.05068518325728648,,,
World,2024-05-20,2023-2026,0.0096730953607973,0.6824366232830181,1,0.03329231092011394,0.015821530907596762,0.05076309093263112,,,
World,2024-05-27,2023-2026,0.0087571789142199,0.5797649338340501,1,0.03319591275481029,0.015730514565101706,0.05066131094451888,,,
World,2024-06-03,2023-2026,0.0097824964919162,0.6196887140554157,1,0.033233397081658095,0.015765908871174527,0.05070088529214166,,,
World,2024-06-10,2023-2026,0.0097875849166194,0.6278759894028765,1,0.033241084091841386,0.01577316685136862,0.05070900133231415,,,
World,2024-06-17,2023-2026,0.0125913069280867,0.6418767899737517,1,0.03325422940478073,0.01578557815945126,0.05072288065011021,,,
World,2024-06-24,2023-2026,0.0124971710710774,0.6918273110727876,1,0.03330112781091152,0.015829854427269238,0.0507724011945538,,,
World,2024-07-01,2023-2026,0.0143569903000997,0.8187097252596162,1,0.033420257358721166,0.015942299197078975,0.05089821552036336,,,
World,2024-07-08,2023-2026,0.0157664839428882,0.913356968951626,1,0.03350912139409371,0.016026154235499326,0.050992088552688095,,,
World,2024-07-15,2023-2026,0.0186109133519811,0.8898942426451365,1,0.03348709230524654,0.016005368652842376,0.0509688159576507,,,
World,2024-07-22,2023-2026,0.021821709339705,0.9768757745217644,1,0.033568759024993816,0.0160824194906365,0.05105509855935113,,,
World,2024-07-29,2023-2026,0.0234245631212154,1.089319783613242,1,0.03367433239418619,0.01618200170126375,0.051166663087108634,,,
World,2024-08-05,2023-2026,0.0255337151606948,1.131596960259841,1,0.03371402631842986,0.016219436034072034,0.051208616602787686,,,
World,2024-08-12,2023-2026,0.025230953890854,1.1447479939052805,1,0.03372637378755274,0.016231079838110563,0.05122166773699492,,,
World,2024-08-19,2023-2026,0.0292431767693331,1.1281699062222308,1,0.03371080866687078,0.016216401691149053,0.05120521564259251,,,
World,2024-08-26,2023-2026,0.0308002347285145,1.3272392574611118,1,0.033897714330258774,0.016392617706311164,0.05140281095420639,,,
World,2024-09-02,2023-2026,0.0290421839935564,1.4011817010357706,1,0.033967138686056594,0.01645804990160253,0.05147622747051066,,,
World,2024-09-09,2023-2026,0.0277853430918641,1.423939680520866,1,0.03398850609006207,0.016478186248245038,0.0514988259318791,,,
World,2024-09-16,2023-2026,0.0252258654661508,1.5326004458455087,1,0.0340905273821436,0.016574314456426577,0.05160674030786062,,,
World,2024-09-23,2023-2026,0.0245287512818114,1.702078063222887,1,0.034249649448439556,0.01672419481981336,0.05177510407706575,,,
World,2024-09-30,2023-2026,0.0239842898385682,1.7629712416461705,1,0.03430682188527213,0.01677803176928431,0.05183561200125995,,,
World,2024-10-07,2023-2026,0.0213612069040647,1.6013323425240833,1,0.034155059569869535,0.016635106041513283,0.05167501309822579,,,
World,2024-10-14,2023-2026,0.0202926377163912,1.4840161667792842,1,0.0340449117368794,0.016531336836319015,0.05155848663743979,,,
World,2024-10-21,2023-2026,0.0183641247538756,1.211134126795676,1,0.03378870354414466,0.01628985185486773,0.0512875552334216,,,
World,2024-10-28,2023-2026,0.0174660177937595,1.091599397880279,1,0.03367647271771764,0.016184020283762424,0.05116892515167286,,,
World,2024-11-04,2023-2026,0.0150566486967907,0.8995673380059338,1,0.03349617434773158,0.016013938171987027,0.05097841052347614,,,
World,2024-11-11,2023-2026,0.0141203785514006,0.8199207703389794,1,0.03342139440559719,0.015943372273567614,0.050899416537626765,,,
World,2024-11-18,2023-2026,0.0127973881285666,0.8321075475031611,1,0.03343283653697634,0.015954170493956216,0.050911502579996465,,,
World,2024-11-25,2023-2026,0.0132477137148005,0.8862000463106077,1,0.03348362383452369,0.016002095863961008,0.05096515180508637,,,
World,2024-12-02,2023-2026,0.0131637547071976,0.92254920817797,1,0.03351775196208392,0.016034297299825546,0.05100120662434229,,,
World,2024-12-09,2023-2026,0.0131484894330879,0.9682585272868824,1,0.03356066831539434,0.01607478680026587,0.0510465498305228,,,
World,2024-12-16,2023-2026,0.0148836422568817,0.9605215775256556,1,0.033553404114658715,0.016067933693943166,0.051038874535374264,,,
World,2024-12-23,2023-2026,0.015234743561403,0.8651110701281645,1,0.03346382345310364,0.015983412006029648,0.05094423490017763,,,
World,2024-12-30,2023-2026,0.0208676297078536,0.6586660472819842,1,0.03326999279203981,0.015800460798304366,0.050739524785775245,,,
World,2025-01-06,2023-2026,0.0241496636414224,0.715287493166925,1,0.03332315451100474,0.01585064773967448,0.050795661282334995,,,
World,2025-01-13,2023-2026,0.0237146033292982,0.8600277338496601,1,0.03345905072272889,0.01597890826225924,0.05093919318319853,,,
World,2025-01-20,2023-2026,0.0213306763558455,0.7652176605671478,1,0.03337003380710404,0.01589489808467376,0.050845169529534315,,,
World,2025-01-27,2023-2026,0.0198117815819381,0.6789612292107271,1,0.03328904788223005,0.015818450413052756,0.05075964535140734,,,
World,2025-02-03,2023-2026,0.018091894032254,0.6347784375127771,1,0.03324756478128435,0.015779285726330996,0.0507158438362377,,,
World,2025-02-10,2023-2026,0.0163084011737798,0.6299673319558944,1,0.03324304764758115,0.015775020793347673,0.05071107450181463,,,
World,2025-02-17,2023-2026,0.0157334091823173,0.7050266847529072,1,0.03331352066635921,0.015841553488929117,0.050785487843789306,,,
World,2025-02-24,2023-2026,0.0151711382526129,0.6851182231016082,1,0.03329482866676813,0.01582390778680207,0.0507657495467342,,,
World,2025-03-03,2023-2026,0.0133011421741842,0.5336409081118262,1,0.033152607034607276,0.01568961917791193,0.05061559489130262,,,
World,2025-03-10,2023-2026,0.0109808205095216,0.4141468865940544,1,0.03304041442824333,0.015583649731339116,0.050497179125147534,,,
World,2025-03-17,2023-2026,0.0100292850900218,0.3503914692752169,1,0.032980554643226724,0.01552709768835181,0.05043401159810164,,,
World,2025-03-24,2023-2026,0.0098791765612772,0.2240636933810377,1,0.03286194584377633,0.01541501708775972,0.05030887459979294,,,
World,2025-03-31,2023-2026,0.0087241041536491,0.1915588363769487,1,0.032831427123421505,0.01538617253662758,0.05027668171021543,,,
World,2025-04-07,2023-2026,0.0078056434947201,0.1752351699290592,1,0.032816100878133685,0.015371686184159166,0.0502605155721082,,,
World,2025-04-14,2023-2026,0.0079074119887843,0.1624759449857666,1,0.032804121277117744,0.015360362675796845,0.050247879878438644,,,
World,2025-04-21,2023-2026,0.0072204746538513,0.1717928506173394,1,0.03281286889405102,0.01536863124237512,0.050257106545726925,,,
World,2025-04-28,2023-2026,0.0062842045084611,0.263455733220918,1,0.03289893092105042,0.015449970211802218,0.050347891630298625,,,
World,2025-05-05,2023-2026,0.0059585453274558,0.3841684324551079,1,0.03301226774055224,0.015557059469930298,0.050467476011174184,,,
World,2025-05-12,2023-2026,0.0054675123435963,0.6971548917370454,1,0.03330612986166473,0.015834576491469084,0.050777683231860375,,,
World,2025-05-19,2023-2026,0.0047017044257636,1.161476190117075,1,0.033742079844717145,0.0162458902936619,0.05123826939577239,,,
World,2025-05-26,2023-2026,0.0051214994637782,1.7629050921250289,1,0.03430675977766967,0.016777973289376087,0.051835546265963255,,,
World,2025-06-02,2023-2026,0.0058491441963369,2.170627842531282,1,0.03468956954054259,0.017138246446238695,0.05224089263484649,,,
World,2025-06-09,2023-2026,0.0055896345364733,1.8162775788369712,1,0.03435687105785152,0.01682515454947901,0.051888587566224026,,,
World,2025-06-16,2023-2026,0.005681226181131,1.3220058126538627,1,0.03389280066340135,0.01638798615079136,0.05139761517601134,,,
World,2025-06-23,2023-2026,0.0047907518580697,0.906151759571884,1,0.03350235644293179,0.01601977128053755,0.05098494160532603,,,
World,2025-06-30,2023-2026,0.0048874319274307,0.5881048619226066,1,0.03320374309022998,0.015737908586512157,0.0506695775939478,,,
World,2025-07-07,2023-2026,0.004564316958777,0.5313333075089214,1,0.03315044043478249,0.01568757304752568,0.0506133078220393,,,
World,2025-07-14,2023-2026,0.00471188127517,0.3693229533835,1,0.03299832936130444,0.015543891123174825,0.050452767599434054,,,
World,2025-07-21,2023-2026,0.0047220581245764,0.3014560889044709,1,0.03293460934991855,0.015483685299766303,0.05038553340007079,,,
World,2025-07-28,2023-2026,0.0054446144324319,0.2690937077920716,1,0.03290422439978443,0.015454972593720945,0.050353476205847916,,,
World,2025-08-04,2023-2026,0.0058567768333917,0.2751692868877012,1,0.03290992874419647,0.015460363170341704,0.05035949431805124,,,
World,2025-08-11,2023-2026,0.0064444898866122,0.3189908004317236,1,0.0329510726420825,0.0154992415859257,0.050402903698239306,,,
World,2025-08-18,2023-2026,0.0074927053754729,0.3842498472503589,1,0.033012344180678395,0.015557131685774266,0.050467556675582524,,,
World,2025-08-25,2023-2026,0.008268690142712,0.486779060807637,1,0.033108608575761325,0.015648064916399508,0.05056915223512314,,,
World,2025-09-01,2023-2026,0.0096527416619844,0.5234666029177627,1,0.033143054407595796,0.015680597619374643,0.05060551119581695,,,
World,2025-09-08,2023-2026,0.0101132440976247,0.6079242761415997,1,0.033222351483433284,0.01575547950100742,0.05068922346585915,,,
World,2025-09-15,2023-2026,0.0101514072828988,0.6847874754958996,1,0.033294518128755744,0.015823614624168897,0.05076542163334259,,,
World,2025-09-22,2023-2026,0.0106271749926487,0.7354325665669229,1,0.033342068664712426,0.01586850184867069,0.050815635480754164,,,
World,2025-09-29,2023-2026,0.0100496387888346,0.7297971362081208,1,0.033336777574732364,0.015863507386000366,0.05081004776346436,,,
World,2025-10-06,2023-2026,0.0080905952780998,0.6830396016103476,1,0.033292877054798005,0.01582206536850028,0.05076368874109573,,,
World,2025-10-13,2023-2026,0.0069406112951749,0.6762109356586433,1,0.03328646563921934,0.015816012609424144,0.050756918669014536,,,
World,2025-10-20,2023-2026,0.0064673877977766,0.5893337164884314,1,0.033204896858383647,0.015738998052910135,0.050670795663857154,,,
World,2025-10-27,2023-2026,0.0060297832733007,0.5384265715451926,1,0.03315710028077098,0.015693862549577657,0.0506203380119643,,,
World,2025-11-03,2023-2026,0.0053224922395549,0.4446799790256505,1,0.03306908186429366,0.015610729953533926,0.05052743377505339,,,
World,2025-11-10,2023-2026,0.0048772550780243,0.4029752501581623,1,0.03302992540968678,0.01557374095015436,0.0504861098692192,,,
World,2025-11-17,2023-2026,0.0050986015526138,0.3537523737916853,1,0.032983710187183345,0.015530079081631523,0.050437341292735166,,,
World,2025-11-24,2023-2026,0.0045490516846674,0.3103939068956547,1,0.032943001042514616,0.01549161475488715,0.05039438733014208,,,
World,2025-12-01,2023-2026,0.0048874319274307,0.2995860928260421,1,0.03293285361577169,0.01548202625446917,0.050383680977074206,,,
World,2025-12-08,2023-2026,0.0052995943283905,0.3109968852229848,1,0.03294356717719868,0.01549214969911029,0.050394984655287065,,,
World,2025-12-15,2023-2026,0.0062282318367258,0.2953321697741607,1,0.03292885961918169,0.015478252180456311,0.050379467057907065,,,
World,2025-12-22,2023-2026,0.0068999038975492,0.2492641167236722,1,0.03288560645156544,0.01543737817229996,0.050333834730830924,,,
World,2025-12-29,2023-2026,0.0085332882272788,0.1749273202345149,1,0.03281581183890683,0.015371412979025872,0.05026021069878779,,,
World,2026-01-05,2023-2026,0.0104058285180591,0.1554844494435594,1,0.0327975569812869,0.015354157740765616,0.05024095622180818,,,
World,2026-01-12,2023-2026,0.0102124683793373,0.2313146985831081,1,0.03286875379250922,0.01542145126069265,0.050316056324325786,,,
World,2026-01-19,2023-2026,0.0092176813498602,0.2162351519751529,1,0.032854595647898756,0.01540807031111864,0.05030112098467887,,,
World,2026-01-26,2023-2026,0.0087241041536491,0.216619328040245,1,0.03285495634974386,0.01540841121874811,0.0503015014807396,,,
World,2026-02-02,2023-2026,0.0086070703854753,0.2244809442067005,1,0.032862337599422656,0.01541538733798289,0.05030928786086242,,,
World,2026-02-09,2023-2026,0.0073527736961347,0.2289485810961166,1,0.03286653225134372,0.015419351700953158,0.05031371280173429,,,
World,2026-02-16,2023-2026,0.0073934810937603,0.2405145704465071,1,0.03287739152676116,0.01542961459528127,0.05032516845824105,,,
World,2026-02-23,2023-2026,0.0068388428011107,0.2275645295768442,1,0.03286523276919962,0.01541812356578048,0.05031234197261876,,,
World,2026-03-02,2023-2026,0.0062231434120226,0.2086508549550221,1,0.032847474772399535,0.01540134014225146,0.05029360940254761,,,
World,2026-03-09,2023-2026,0.0051316763131846,0.2017280531463084,1,0.03284097497292509,0.015395196863882,0.05028675308196818,,,
World,2026-03-16,2023-2026,0.004564316958777,0.1656333125141065,1,0.03280708572075899,0.0153631647970607,0.05025100664445727,,,
World,2026-03-23,2023-2026,0.0039791481179082,0.1362603809148417,1,0.03277950755650596,0.015337095882847387,0.05022191923016453,,,
World,2026-03-30,2023-2026,0.0035440878057839,0.1071011631531115,1,0.03275213004758401,0.015311214798371633,0.050193045296796385,,,
World,2026-04-06,2023-2026,0.0029029462931798,0.0822874600879204,1,0.03272883253039391,0.01528918925008545,0.05016847581070237,,,
World,2026-04-13,2023-2026,0.0027223072162159,0.0665464182685482,1,0.032714053309758705,0.015275216236782737,0.05015289038273467,,,
World,2026-04-20,2023-2026,0.0021829341976759,0.0559879370093928,1,0.03270413998090205,0.015265843380312675,0.05014243658149142,,,
World,2026-04-27,2023-2026,0.0016486496038391,0.0536981458929495,1,0.032701990102354826,0.015263810680829028,0.050140169523880625,,,
World,2020-01-13,2020-2022,2.544212351603715e-05,,2,0.6493260345964296,0.46176999263275365,0.8368820765601055,0.0002804994117643,,
World,2020-01-20,2020-2022,0.0004096181886081,,2,0.6493259858112371,0.4617699269040123,0.836882044718462,0.0002505201095545,,
World,2020-01-27,2020-2022,0.0030657758836824,,2,0.6493270479069699,0.4617713578744709,0.836882737939469,0.0009031953848193,,
World,2020-02-03,2020-2022,0.0082050848339219,,2,0.6493475832298714,0.4617990248938632,0.8368961415658795,0.0135224886487737,,
World,2020-02-10,2020-2022,0.0127897554915118,,2,0.649540246788585,0.4620585620379022,0.8370219315392678,0.1319174104306526,,
World,2020-02-17,2020-2022,0.0148225811604432,,2,0.6498934088004434,0.4625341357294131,0.8372526818714738,0.3489412682348011,,
World,2020-02-24,2020-2022,0.010746752973174,,2,0.650130086677255,0.4628527259970441,0.837407447357466,0.4943837115265791,,
World,2020-03-02,2020-2022,0.0089200085047226,,2,0.6498908750065694,0.4625307244702711,0.8372510255428677,0.3473842102756196,,
World,2020-03-09,2020-2022,0.0257652384846908,,2,0.6495253462589233,0.46203849187714985,0.8370122006406968,0.1227607901772308,,
World,2020-03-16,2020-2022,0.0873784290034779,,2,0.6497232719941304,0.46230505438546976,0.837141489602791,0.244389405857998,,
World,2020-03-23,2020-2022,0.245628437273229,,2,0.6502815678051419,0.46305658127845256,0.8375065543318312,0.5874713530470558,,
World,2020-03-30,2020-2022,0.5180347095470872,,2,0.6521689337274152,0.4655930613604925,0.838744806094338,1.7472887167108837,,
World,2020-04-06,2020-2022,0.7841644099495391,,2,0.6565064990269049,0.4713980267551683,0.8416149712986416,4.412793847964954,,
World,2020-04-13,2020-2022,0.8939013770989105,,2,0.6616932868722777,0.47829392712033936,0.845092646624216,7.600160184142924,,
World,2020-04-20,2020-2022,0.8621877701361702,,2,0.6641592934799048,0.4815547243131686,0.8467638626466409,9.11556175449159,,
World,2020-04-27,2020-2022,0.7656730745780832,,2,0.6645338354126228,0.4820489633720715,0.8470187074531741,9.34572392487942,,
World,2020-05-04,2020-2022,0.7215895071618457,,2,0.664641977072741,0.4821916150701461,0.8470923390753359,9.412178751503308,,
World,2020-05-11,2020-2022,0.6738041107740248,,2,0.6653019682741613,0.4830617336714741,0.8475422028768486,9.817754186684809,,
World,2020-05-18,2020-2022,0.6304456438779942,,2,0.6658708132792762,0.4838110123012973,0.8479306142572551,10.167318786945753,,
World,2020-05-25,2020-2022,0.6056751924227805,,2,0.6666202573409001,0.4847972177850463,0.8484432968967539,10.627864474196002,,
World,2020-06-01,2020-2022,0.6135469854386423,,2,0.668373241103751,0.487099725664551,0.8496467565429509,11.705101793351476,,
World,2020-06-08,2020-2022,0.6300258488399796,,2,0.6699198200303257,0.4891261210733462,0.8507135189873052,12.6554999499301,,
World,2020-06-15,2020-2022,0.6512471240647061,,2,0.6726386139787582,0.49267691451672746,0.852600313440789,14.326243493830631,,
World,2020-06-22,2020-2022,0.6508553153625591,,2,0.6744182232782179,0.49499310294802934,0.8538433436084064,15.419842642619273,,
World,2020-06-29,2020-2022,0.6555417545142133,,2,0.6772495019419548,0.4986648260418962,0.8558341778420133,17.159709891900526,,
World,2020-07-06,2020-2022,0.6719849989426281,,2,0.6810768017290177,0.5036020441906899,0.8585515592673456,19.511648483456497,,
World,2020-07-13,2020-2022,0.726576163370989,,2,0.6856850399731302,0.5095059889839274,0.8618640909623331,22.343486585621356,,
World,2020-07-20,2020-2022,0.7829940722678013,,2,0.6893106381752913,0.5141191544992886,0.8645021218512939,24.5714762398319,,
World,2020-07-27,2020-2022,0.7998393022477696,,2,0.6932167215630581,0.5190572226657502,0.8673762204603661,26.971828648226538,,
World,2020-08-03,2020-2022,0.8102196886423128,,2,0.6970714832043157,0.5238973219033095,0.8702456445053218,29.340643000310685,,
World,2020-08-10,2020-2022,0.8021112838777517,,2,0.7014825947691323,0.5293949270538699,0.8735702624843947,32.05134351977865,,
World,2020-08-17,2020-2022,0.7755369858652508,,2,0.7025715961911925,0.5307453232884267,0.8743978690939582,32.720552783045676,,
World,2020-08-24,2020-2022,0.7489067151810147,,2,0.7031582481365893,0.5314716588157493,0.8748448374574294,33.08106004063087,,
World,2020-08-31,2020-2022,0.7214088680848818,,2,0.7030105718396998,0.5312888951242507,0.874732248555149,32.99031053026151,,
World,2020-09-07,2020-2022,0.7795695624425427,,2,0.7024807894901445,0.5306328243355436,0.8743287546447454,32.66475057353795,,
World,2020-09-14,2020-2022,0.6868457432883454,,2,0.7050594671214492,0.533820092520341,0.8762988417225573,34.24939033882316,,
World,2020-09-21,2020-2022,0.6774245249503569,,2,0.7060438791630381,0.5350327616607123,0.8770549966653639,34.85432770966397,,
World,2020-09-28,2020-2022,0.6713464016423755,,2,0.7082388319289241,0.537728494775243,0.8787491690826053,36.2031622415655,,
World,2020-10-05,2020-2022,0.6692550590893572,,2,0.7102840714263746,0.5402301378258076,0.8803380050269416,37.45999551062068,,
World,2020-10-12,2020-2022,0.6661740179315652,,2,0.7104866838522117,0.5404774241891533,0.88049594351527,37.58450417468346,,
World,2020-10-19,2020-2022,0.7149465687118084,,2,0.713383290511929,0.5440019904284478,0.8827645905954101,39.36451655066067,,
World,2020-10-26,2020-2022,0.8048615774298352,,2,0.7201530992016544,0.5521603727839491,0.8881458256193596,43.52467520053608,,
World,2020-11-02,2020-2022,0.946754844491126,,2,0.7296816960372373,0.5634514169996252,0.8959119750748494,49.38015448562851,,
World,2020-11-09,2020-2022,1.105203301324302,,2,0.7443626964728912,0.5803935398215712,0.9083318531242113,58.40187042331885,,
World,2020-11-16,2020-2022,1.2327904623325254,,2,0.7572209592908064,0.5947638499783775,0.9196780686032352,66.30348415215389,,
World,2020-11-23,2020-2022,1.3542613368474932,,2,0.765583617626612,0.6038688433622885,0.9272983918909354,71.44247507584944,,
World,2020-11-30,2020-2022,1.3724041151267792,,2,0.7688568528728258,0.6073801530863925,0.9303335526592591,73.45393190523968,,
World,2020-12-07,2020-2022,1.437686059856579,,2,0.7685752125753067,0.6070791955043761,0.9300712296462373,73.2808593158095,,
World,2020-12-14,2020-2022,1.5012201307008268,,2,0.7674618337376732,0.6058872977810558,0.9290363696942906,72.59666973021622,,
World,2020-12-21,2020-2022,1.5273466473394457,,2,0.7745047373808718,0.6133688428394312,0.9356406319223124,76.92464971522813,,
World,2020-12-28,2020-2022,1.474958770807573,,2,0.7782730809183143,0.6173150557407018,0.9392311060959267,79.24035872289724,,
World,2021-01-04,2020-2022,1.5764499457253969,,2,0.7783517361732503,0.6173970000391281,0.9393064723073724,79.28869366915303,,
World,2021-01-11,2020-2022,1.7534838737870384,,2,0.7670872172816061,0.6054854898005546,0.9286889447626576,72.36646176400608,,
World,2021-01-18,2020-2022,1.8216789416594243,,2,0.7820253563936237,0.6212049030021448,0.9428458097851026,81.5461936424298,,
World,2021-01-25,2020-2022,1.8313927444178475,,2,0.7946145899207854,0.6339663519526542,0.9552628278889166,89.28248445265764,,
World,2021-02-01,2020-2022,1.698050575070297,,2,0.7800830750433332,0.6191963433474461,0.9409698067392203,80.3526298461343,,
World,2021-02-08,2020-2022,1.505751372899033,,2,0.763903695727318,0.6020552296275272,0.9257521618271087,70.41013547206272,,
World,2021-02-15,2020-2022,1.3573601874917465,,2,0.7502113096221129,0.5869850336239837,0.9134375856202421,61.99593928075007,,
World,2021-02-22,2020-2022,1.172192412542028,,2,0.7347489277295001,0.5693622742978914,0.9001355811611087,52.49405160172922,,
World,2021-03-01,2020-2022,1.1082589003585783,,2,0.7239033708269065,0.5566314239635226,0.8911753176902903,45.829278721290464,,
World,2021-03-08,2020-2022,1.0719173711282708,,2,0.7233581538636865,0.5559835906270035,0.8907327171003695,45.494233940920125,,
World,2021-03-15,2020-2022,1.099433027710865,,2,0.7273846214417772,0.5607503306810191,0.8940189122025353,47.96856441186234,,
World,2021-03-22,2020-2022,1.196018961214797,,2,0.7314729392595504,0.565548395178445,0.8973974833406557,50.48090287112516,,
World,2021-03-29,2020-2022,1.275260999117846,,2,0.7391859982609683,0.5744836236423894,0.9038883728795473,55.22070433264174,,
World,2021-04-05,2020-2022,1.3546938529472656,,2,0.7527375269557393,0.589803771862854,0.9156712820486245,63.54834133132812,,
World,2021-04-12,2020-2022,1.5169509956707927,,2,0.7653540774305831,0.6036214954109127,0.9270866594502536,71.30141885465183,,
World,2021-04-19,2020-2022,1.597419343927315,,2,0.7737784079780702,0.6126036664023504,0.9349531495537899,76.47830836553688,,
World,2021-04-26,2020-2022,1.6872147746648165,,2,0.7940050386062417,0.6333587495077255,0.9546513277047579,88.90790515655574,,
World,2021-05-03,2020-2022,1.6803784760760574,,2,0.8103048724957439,0.6492465414394026,0.9713632035520852,98.92442084478488,,
World,2021-05-10,2020-2022,1.617879899658912,,2,0.8157774325443324,0.6544137246893738,0.9771411403992911,102.28739889431996,,
World,2021-05-17,2020-2022,1.5578415765857676,,2,0.8118290488755001,0.650694064366661,0.9729640333843392,99.86105226832898,,
World,2021-05-24,2020-2022,1.4551393565885804,,2,0.7998651945942233,0.6391568144408786,0.9605735747475681,92.50906727802324,,
World,2021-05-31,2020-2022,1.3126609206864208,,2,0.779147662103869,0.6182252327290492,0.9400700914786888,79.77780322847472,,
World,2021-06-07,2020-2022,1.2212931667156284,,2,0.7617826080210862,0.5997542321921865,0.923810983849986,69.10669223272616,,
World,2021-06-14,2020-2022,1.227322949988929,,2,0.7436454878999994,0.5795789654254924,0.9077120103745064,57.96113397343819,,
World,2021-06-21,2020-2022,1.029472276466466,,2,0.7296598689762824,0.5634258139945566,0.8958939239580083,49.366741398110854,,
World,2021-06-28,2020-2022,0.9730620002067084,,2,0.7245303026425671,0.557375434342437,0.8916851709426973,46.2145386208444,,
World,2021-07-05,2020-2022,0.965900042436944,,2,0.7237642729955516,0.5564662167234571,0.8910623292676461,45.743800818913634,,
World,2021-07-12,2020-2022,0.9976009283379264,,2,0.7272517835717583,0.5605937205871316,0.8939098465563851,47.88693335856113,,
World,2021-07-19,2020-2022,1.157451246176836,,2,0.7346228880450062,0.569216051026154,0.9000297250638584,52.41659814510935,,
World,2021-07-26,2020-2022,1.169900077213233,,2,0.7495835746103549,0.5862819468512516,0.9128852023694581,61.610185803999926,,
World,2021-08-02,2020-2022,1.1909127270251283,,2,0.7552435774430242,0.5925829727742268,0.9179041821118216,65.0883505235415,,
World,2021-08-09,2020-2022,1.2383673758072409,,2,0.7649063452885402,0.6031386093745534,0.9266740812025269,71.02628009831236,,
World,2021-08-16,2020-2022,1.24742477177895,,2,0.7742854482855493,0.6131379805123787,0.93543291605872,76.78989296381307,,
World,2021-08-23,2020-2022,1.2709994434289098,,2,0.7797342188249863,0.6188344609291213,0.9406339767208513,80.13825196917583,,
World,2021-08-30,2020-2022,1.2291420618203257,,2,0.7818072803728195,0.6209799133584263,0.9426346473872128,81.41218234523379,,
World,2021-09-06,2020-2022,1.1598173636638276,,2,0.7819093897818354,0.6210852765565571,0.9427335030071138,81.47493025446138,,
World,2021-09-13,2020-2022,1.0930012588860107,,2,0.7791192148853899,0.6181956614398877,0.9400427683308922,79.76032194540686,,
World,2021-09-20,2020-2022,1.0252692376616168,,2,0.7696704035755397,0.6082482672451467,0.9310925399059328,73.95387217654218,,
World,2021-09-27,2020-2022,0.9510927265506104,,2,0.7595045824217288,0.5972692212803842,0.9217399435630734,67.70680807998971,,
World,2021-10-04,2020-2022,0.8753235385075001,,2,0.7550622083119064,0.5923824064847916,0.9177420101390212,64.97689621305479,,
World,2021-10-11,2020-2022,0.8388471660225577,,2,0.7424970706676653,0.5782718092461141,0.9067223320892166,57.255412718713295,,
World,2021-10-18,2020-2022,0.8339826320062914,,2,0.7362867791438417,0.5711430826823151,0.9014304756053683,53.43908655867067,,
World,2021-10-25,2020-2022,0.8862382094958801,,2,0.7332944306812824,0.5676723668637457,0.8989164944988192,51.600239272062616,,
World,2021-11-01,2020-2022,0.8791780202201798,,2,0.7334329861482624,0.5678335824087075,0.8990323898878172,51.685383882621394,,
World,2021-11-08,2020-2022,0.8825491015860548,,2,0.7365402992975812,0.5714360666633866,0.9016445319317758,53.59487885780877,,
World,2021-11-15,2020-2022,0.9317770663772348,,2,0.7401045813440627,0.5755374561251659,0.9046717065629594,55.785188727092056,,
World,2021-11-22,2020-2022,0.9500267015752883,,2,0.7445257494208405,0.5805785381374394,0.9084729607042416,58.50206913836206,,
World,2021-11-29,2020-2022,0.9084873465106544,,2,0.7545001200904559,0.5917602565760064,0.9172399836049053,64.63148376735167,,
World,2021-12-06,2020-2022,0.9418038072549052,,2,0.7639954836524643,0.602154523318511,0.9258364439864175,70.46654065989777,,
World,2021-12-13,2020-2022,0.8719066613192964,,2,0.7673810090252373,0.6058006392960398,0.9289613787544349,72.54700161668822,,
World,2021-12-20,2020-2022,0.8433529660972479,,2,0.7750420797101888,0.6139339761530767,0.9361501832673009,77.25485540370572,,
World,2021-12-27,2020-2022,0.8005949333161959,,2,0.7787698452839706,0.6178323016961066,0.9397073888718347,79.54562858611678,,
World,2022-01-03,2020-2022,0.7688686052916976,,2,0.8005977756779887,0.6398748312182964,0.9613207201376811,92.9592503883654,,
World,2022-01-10,2020-2022,0.8785190692211143,,2,0.8704643305708465,0.7016095242900563,1.0393191368516366,135.8933960926078,,
World,2022-01-17,2020-2022,0.9903193925876363,,2,1.0318774833042013,0.8047018677586906,1.259053098849712,235.08443003814196,,
World,2022-01-24,2020-2022,1.135329319779642,,2,1.1981282488702543,0.8817967166958829,1.5144597810446256,337.24825653854447,,
World,2022-01-31,2020-2022,1.2965306143772533,,2,1.2823354643431628,0.9160571125890691,1.6486138160972565,388.994973748326,,
World,2022-02-07,2020-2022,1.3659367273290024,,2,1.3365384243004619,0.9371601125628113,1.7359167360381125,422.3035830532596,,
World,2022-02-14,2020-2022,1.2892719765381278,,2,1.2846611807458472,0.9169757028133902,1.6523466586783042,390.4241646831406,,
World,2022-02-21,2020-2022,1.1596443572239186,,2,1.1783163324002266,0.873394523482087,1.4832381413183662,325.07350841036106,,
World,2022-02-28,2020-2022,1.0077930430184507,,2,1.0704807852194027,0.8242511762083617,1.3167103942304437,258.8067932151126,,
World,2022-03-07,2020-2022,0.8369771699441291,,2,1.0006128226632816,0.7877925768506808,1.2134330684758823,215.87178247867064,,
World,2022-03-14,2020-2022,0.7041998157386342,,2,0.9638847021027527,0.766392358460195,1.1613770457453103,193.30174904841303,,
World,2022-03-21,2020-2022,0.79746046369902,,2,0.9713670533756704,0.7709041078508988,1.1718299989004421,197.89977682084887,,
World,2022-03-28,2020-2022,0.5931449465911321,,2,1.003792634610852,0.7895627941581045,1.2180224750635997,217.82582915634697,,
World,2022-04-04,2020-2022,0.4357116304862458,,2,0.9849336316468016,0.7788798938899559,1.1909873694036472,206.23666203143333,,
World,2022-04-11,2020-2022,0.3777137657190875,,2,0.9482880374151831,0.7567102562958846,1.1398658185344814,183.7173423859803,,
World,2022-04-18,2020-2022,0.3169528863380876,,2,0.8874095780666207,0.7147014272971963,1.060117728836045,146.30652904432844,,
World,2022-04-25,2020-2022,0.3029978815895413,,2,0.8387937660877375,0.675241710352602,1.002345821822873,116.43131395418524,,
World,2022-05-02,2020-2022,0.2528997961741125,,2,0.7992002765713809,0.6385038074163645,0.9598967457263974,92.10046423014332,,
World,2022-05-09,2020-2022,0.212904778006902,,2,0.777987946303753,0.6170178526142686,0.9389580399932375,79.0651388182423,,
World,2022-05-16,2020-2022,0.1947416460288031,,2,0.7590436348057541,0.5967646617657695,0.9213226078457387,67.4235481978239,,
World,2022-05-23,2020-2022,0.1839058456233229,,2,0.7598977758926869,0.5976991566446229,0.9220963951407509,67.94843192702152,,
World,2022-05-30,2020-2022,0.1748713475627781,,2,0.7637190351482754,0.6018553984616278,0.925582671834923,70.2966585127565,,
World,2022-06-06,2020-2022,0.1661625086832386,,2,0.7552539486091266,0.5925944389850162,0.9179134582332371,65.09472377548227,,
World,2022-06-13,2020-2022,0.1632977255753328,,2,0.7444430450639293,0.5804847113743028,0.9084013787535559,58.45124595242642,,
World,2022-06-20,2020-2022,0.1702663232063754,,2,0.7464281110970553,0.5827317221925563,0.9101245000015543,59.67110163916339,,
World,2022-06-27,2020-2022,0.1935814851964718,,2,0.7529202457875155,0.5900069808988635,0.9158335106761675,63.66062505504145,,
World,2022-07-04,2020-2022,0.2091062689659577,,2,0.7654519514292506,0.6037269802876235,0.9271769225708777,71.36156403464375,,
World,2022-07-11,2020-2022,0.2394434570464804,,2,0.7916072829659595,0.6309584971097495,0.9522560688221695,87.43444492682325,,
World,2022-07-18,2020-2022,0.2778508867062901,,2,0.8182203990164864,0.6566934484894776,0.9797473495434951,103.78864192293192,,
World,2022-07-25,2020-2022,0.3083509043773155,,2,0.8451339352485409,0.6807276656709825,1.0095402048260993,120.32745205569768,,
World,2022-08-01,2020-2022,0.3112843812187145,,2,0.8568465340578577,0.6905855842616749,1.0231074838540406,127.52503643102166,,
World,2022-08-08,2020-2022,0.3098901528500357,,2,0.862644612095923,0.69533570223038,1.029953521961466,131.0880506324892,,
World,2022-08-15,2020-2022,0.3004256829020699,,2,0.8563738034723312,0.6901945486357385,1.0225530583089237,127.2345357205032,,
World,2022-08-22,2020-2022,0.2797793996688058,,2,0.8382960080774247,0.6748064906958375,1.0017855254590118,116.12543348000132,,
World,2022-08-29,2020-2022,0.2608911671704997,,2,0.8089176327702146,0.6479234199330279,0.9699118456074012,98.07193924477006,,
World,2022-09-05,2020-2022,0.2264603414162466,,2,0.8019410383470947,0.6411874647270734,0.962694611967116,93.78470736478148,,
World,2022-09-12,2020-2022,0.195583780317184,,2,0.7801299378094464,0.6192449299392909,0.9410149456796019,80.3814277857421,,
World,2022-09-19,2020-2022,0.180682328573841,,2,0.7569001693938203,0.5944107702794386,0.9193895685082021,66.10635349072693,,
World,2022-09-26,2020-2022,0.1776623485124874,,2,0.7462071410861889,0.582482111828503,0.9099321703438749,59.5353119375336,,
World,2022-10-03,2020-2022,0.1887678354272376,,2,0.7411824705067139,0.5767712287184914,0.9055937122949365,56.447569324407375,,
World,2022-10-10,2020-2022,0.1939732938986188,,2,0.7371931983602658,0.572189829646945,0.9021965670735865,53.996096057231966,,
World,2022-10-17,2020-2022,0.1979448093794722,,2,0.7399577165236426,0.5753691158220081,0.9045463172252771,55.69493788234361,,
World,2022-10-24,2020-2022,0.2114342232676751,,2,0.7417282215539368,0.5773947413456382,0.9060617017622354,56.78294230817108,,
World,2022-10-31,2020-2022,0.2111085640866698,,2,0.7393910699573303,0.5747190810297093,0.9040630588849513,55.34672425884138,,
World,2022-11-07,2020-2022,0.1801709418911687,,2,0.7305321771996852,0.564448081502944,0.8966162728964264,49.9027891311073,,
World,2022-11-14,2020-2022,0.1681164637692702,,2,0.7222524592113968,0.5546675176596514,0.8898374007631422,44.81476641345142,,
World,2022-11-21,2020-2022,0.1733957043988479,,2,0.719195060145324,0.551012627043937,0.8873774932467109,42.935944462374984,,
World,2022-11-28,2020-2022,0.1816669387539116,,2,0.7252928007108661,0.558279002117258,0.8923065993044742,46.68310620963926,,
World,2022-12-05,2020-2022,0.2017560394821746,,2,0.7299957332907452,0.5638196465086112,0.8961718200728792,49.57313553671001,,
World,2022-12-12,2020-2022,0.2410717529515068,,2,0.7393885361634561,0.5747161724723086,0.9040608998546037,55.345167200882194,,
World,2022-12-19,2020-2022,0.3061806912413974,,2,0.7547701223249356,0.592059216753638,0.9174810278962331,64.7974045758615,,
World,2022-12-26,2020-2022,0.4599910489576001,,2,0.9194433527931772,0.7377108583639052,1.1011758472224493,165.9918098439325,,
World,2023-01-02,2023-2026,0.6119822948424061,,2,0.423488748343716,0.2847345476166824,0.5622429490707497,571.4696185090766,,
World,2023-01-09,2023-2026,0.2304776527194289,,2,0.4955648662713879,0.33134380409334474,0.6597859284494311,676.9222618131772,,
World,2023-01-16,2023-2026,0.1842213279549218,,2,0.23669603761987515,0.1634008317801977,0.3099912434595526,298.1781918601843,,
World,2023-01-23,2023-2026,0.1630560254019304,,2,0.12250297854285899,0.08737987535758004,0.15762608172813794,131.10537671860362,,
World,2023-01-30,2023-2026,0.904253777157586,,2,0.07437674888510146,0.05252547254185641,0.0962280252283465,60.6931753461114,,
World,2023-02-06,2023-2026,0.5052958383026075,,2,0.05608236481745677,0.03754252718367691,0.07462220245123663,33.92715057921844,,
World,2023-02-13,2023-2026,0.1625115639586873,,2,0.050452398845389594,0.03257504164170013,0.06832975604907907,25.690097717098556,,
World,2023-02-20,2023-2026,0.1375859155500257,,2,0.048933529732756414,0.031200382218565494,0.06666667724694733,23.46788088071381,,
World,2023-02-27,2023-2026,0.1351867233024634,,2,0.04727214839216522,0.02967909406948509,0.06486520271484535,21.037158209478083,,
World,2023-03-06,2023-2026,0.1203692305667233,,2,0.045960974336096354,0.02846518173277368,0.06345676693941903,19.118814463731827,,
World,2023-03-13,2023-2026,0.1176774538987266,,2,0.04602773960985352,0.028527281581284737,0.0635281976384223,19.216496952759297,,
World,2023-03-20,2023-2026,0.1178555487633389,,2,0.044852633230392285,0.027429743894950724,0.062275522565833845,17.497230190888978,,
World,2023-03-27,2023-2026,0.1142860188340388,,2,0.04396420678792794,0.02659351692832173,0.061334896647534144,16.197397188879346,,
World,2023-04-03,2023-2026,0.0948914880777637,,2,0.04323987295179646,0.025907594904249924,0.060572150999342995,15.13764369700409,,
World,2023-04-10,2023-2026,0.1002623203519992,,2,0.04248598738721186,0.025189703907839735,0.05978227086658399,14.034653860425683,,
World,2023-04-17,2023-2026,0.0933751375162079,,2,0.041791100942490646,0.024524374033169226,0.059057827851812066,13.017984060512488,,
World,2023-04-24,2023-2026,0.0921946229850638,,2,0.04133498286466254,0.024085759354144778,0.0585842063751803,12.350649881748591,,
World,2023-05-01,2023-2026,0.0822594737520513,,2,0.0418109841049676,0.024543459926965955,0.05907850828296925,13.047074584540724,,
World,2023-05-08,2023-2026,0.0836206273601593,,2,0.04168738644393816,0.024424771882198708,0.058950001005677606,12.866242147438138,,
World,2023-05-15,2023-2026,0.0927721591888778,,2,0.04094821414135436,0.02371265051838958,0.05818377776431914,11.784778891566653,,
World,2023-05-22,2023-2026,0.0508053764491745,,2,0.040240563798383956,0.023027175524200423,0.05745395207256749,10.749434572992682,,
World,2023-05-29,2023-2026,0.0448112121487962,,2,0.03915387610698491,0.021967420375545086,0.05634033183842474,9.159530832352004,,
World,2023-06-05,2023-2026,0.0420532859596578,,2,0.03736053449137515,0.020199574179555924,0.054521494803194376,6.535740606814829,,
World,2023-06-12,2023-2026,0.0383234706522067,,2,0.03680294516141718,0.01964508753591585,0.05396080278691852,5.719946548910153,,
World,2023-06-19,2023-2026,0.0313116214111869,,2,0.03618355178409237,0.01902645413260859,0.05334064943557615,4.813728639817128,,
World,2023-06-26,2023-2026,0.0255184498865852,,2,0.03545594524271504,0.018296128090614396,0.05261576239481568,3.749186940296157,,
World,2023-07-03,2023-2026,0.0203282566893136,,2,0.03546705539883402,0.018307309105301036,0.052626801692367,3.765441913010553,,
World,2023-07-10,2023-2026,0.0170055153581192,,2,0.0352476102522875,0.01808629596038305,0.05240892454419195,3.4443775795122744,,
World,2023-07-17,2023-2026,0.0185294985567298,,2,0.03517166331875445,0.01800972373118908,0.052333602906319825,3.3332616492683336,,
World,2023-07-24,2023-2026,0.0190256199652925,,2,0.035358033622699,0.018197552683375598,0.0525185145620224,3.6059350638391097,,
World,2023-07-31,2023-2026,0.0258441090675905,,2,0.035924401175867024,0.018766782323536853,0.053082020028197195,4.434572305694681,,
World,2023-08-07,2023-2026,0.0244295270000988,,2,0.03671539942661415,0.019557820827402077,0.05387297802582622,5.591860722281017,,
World,2023-08-14,2023-2026,0.0293296799892876,,2,0.040807943420868235,0.023577065225226294,0.05803882161651018,11.579552546436888,,
World,2023-08-21,2023-2026,0.0344257373295498,,2,0.03497908669970751,0.017815371139023085,0.05214280226039193,3.051507940814684,,
World,2023-08-28,2023-2026,0.0334818345471048,,2,0.0371287480116033,0.01996935570575506,0.054288140317451536,6.196619998257219,,
World,2023-09-04,2023-2026,0.0396617263491503,,2,0.03716308011557234,0.020003480531419583,0.054322679699725096,6.246850382714932,,
World,2023-09-11,2023-2026,0.040305412074106,,2,0.03696568312514303,0.01980715671562225,0.054124209534663806,5.958044117622635,,
World,2023-09-18,2023-2026,0.0411068389648612,,2,0.03562918472980955,0.018470368985006105,0.05278800047461299,4.002649007399975,,
World,2023-09-25,2023-2026,0.0438825746404608,,2,0.034250725453719724,0.017077824184271954,0.0514236267231675,1.9858620531331168,,
World,2023-10-02,2023-2026,0.0473121728904226,,2,0.03445224723524539,0.017282277991916117,0.051622216478574665,2.280703189923416,,
World,2023-10-09,2023-2026,0.0446661920447548,,2,0.03477074649242778,0.017604802075830178,0.051936690909025376,2.746690947393746,,
World,2023-10-16,2023-2026,0.0554689176896641,,2,0.03493827178747236,0.017774144751725344,0.052102398823219376,2.9917927327101927,,
World,2023-10-23,2023-2026,0.059046080256019,,2,0.034803283999258874,0.017637708728399492,0.05196885927011825,2.794295704704603,,
World,2023-10-30,2023-2026,0.04714934329992,,2,0.034690540868593335,0.0175236532229288,0.05185742851425787,2.629344241100728,,
World,2023-11-06,2023-2026,0.0485130411203796,,2,0.03466454529435269,0.017497341778453177,0.05183174881025221,2.5913108106566045,,
World,2023-11-13,2023-2026,0.0489430130078006,,2,0.03526697868535273,0.018105817060730778,0.05242814030997468,3.4727150166844374,,
World,2023-11-20,2023-2026,0.0482738851593288,,2,0.03497716689811795,0.01781343225787694,0.052140901538358965,3.0486991303785147,,
World,2023-11-27,2023-2026,0.0569394724288911,,2,0.03536227492349322,0.018201824201393827,0.05252272564559261,3.612140397764673,,
World,2023-12-04,2023-2026,0.0606998182845614,,2,0.03574573094568911,0.018587464449852528,0.052903997441525685,4.173164663416808,,
World,2023-12-11,2023-2026,0.0630837452580141,,2,0.036293150891864905,0.019136124704697218,0.05345017707903259,4.974080167489307,,
World,2023-12-18,2023-2026,0.0633559759796357,,2,0.03686824276077082,0.01971014023719562,0.054026345284346015,5.815481722712875,,
World,2023-12-25,2023-2026,0.067006920704187,,2,0.03745528817689257,0.02029357289550945,0.05461700345827569,6.674372193641366,,
World,2024-01-01,2023-2026,0.0737363623741788,,2,0.037237649800138994,0.02007757008693908,0.054397729513338905,6.355951296776403,,
World,2024-01-08,2023-2026,0.0721513180791297,,2,0.03617926353162879,0.01902216128388388,0.0533363657793737,4.807454612158076,,
World,2024-01-15,2023-2026,0.0649613739734976,,2,0.03553961833427544,0.01838031246500294,0.05269892420354795,3.871606806018275,,
World,2024-01-22,2023-2026,0.0545377359689772,,2,0.03508943007838602,0.01792676553437178,0.052252094622400255,3.212948391373347,,
World,2024-01-29,2023-2026,0.0451419597545047,,2,0.03461434352615728,0.017446515938267935,0.051782171114046635,2.5178619442781573,,
World,2024-02-05,2023-2026,0.0408956693396781,,2,0.03435490251316239,0.017183554245370623,0.05152625078095415,2.138280726692993,,
World,2024-02-12,2023-2026,0.033436038724776,,2,0.03413909351256123,0.01696443955818982,0.051313747466932645,1.822536341221917,,
World,2024-02-19,2023-2026,0.0316779879898178,,2,0.03400130253579489,0.016824358899960635,0.05117824617162915,1.6209380429055416,,
World,2024-02-26,2023-2026,0.0304516776363448,,2,0.033865855664592465,0.016686525361192424,0.051045185967992505,1.4227693428391284,,
World,2024-03-04,2023-2026,0.026887236131748,,2,0.03381169082771728,0.01663136839126579,0.05099201326416877,1.343522216511376,,
World,2024-03-11,2023-2026,0.0243888196024732,,2,0.033776085811824716,0.01659509946765126,0.05095707215599817,1.2914294686122898,,
World,2024-03-18,2023-2026,0.022322919172971,,2,0.03364242310405608,0.01645886138752081,0.05082598482059135,1.095871130418622,,
World,2024-03-25,2023-2026,0.0187025049966389,,2,0.03359625396256905,0.01641177220876597,0.050780735716372136,1.0283222924835431,,
World,2024-04-01,2023-2026,0.0164457886407664,,2,0.03352568038674579,0.01633976205367491,0.050711598719816675,0.925067978406058,,
World,2024-04-08,2023-2026,0.0152729067466771,,2,0.03429534519011951,0.017123118850904163,0.05146757152933486,2.0511439978629173,,
World,2024-04-15,2023-2026,0.0130060135413981,,2,0.03338810330091736,0.016199279468604024,0.0505769271332307,0.7237826182089301,,
World,2024-04-22,2023-2026,0.0117924242496832,,2,0.033378467775004715,0.016189435249201172,0.050567500300808255,0.7096851375686938,,
World,2024-04-29,2023-2026,0.0109197594130831,,2,0.03328635903352513,0.016095297200774836,0.05047742086627542,0.5749232977289483,,
World,2024-05-06,2023-2026,0.0098791765612772,,2,0.033309648800453076,0.016119105953074232,0.05050019164783192,0.6089979337539768,,
World,2024-05-13,2023-2026,0.0085027576790596,,2,0.03327620008344734,0.01608491062522964,0.05046748954166504,0.5600600091708794,,
World,2024-05-20,2023-2026,0.0096730953607973,,2,0.033306129164205577,0.01611550814079829,0.05049675018761286,0.603848447954331,,
World,2024-05-27,2023-2026,0.0087571789142199,,2,0.03335984361284557,0.016170405781788307,0.05054928144390284,0.6824366232830181,,
World,2024-06-03,2023-2026,0.0097824964919162,,2,0.033289668256736064,0.016098680408452182,0.05048065610501995,0.5797649338340501,,
World,2024-06-10,2023-2026,0.0097875849166194,,2,0.03331695587135803,0.016126575034316016,0.05050733670840005,0.6196887140554157,,
World,2024-06-17,2023-2026,0.0125913069280867,,2,0.03332255181475938,0.0161322947848209,0.05051280884469785,0.6278759894028765,,
World,2024-06-24,2023-2026,0.0124971710710774,,2,0.03333212126054476,0.01614207541739728,0.05052216710369224,0.6418767899737517,,
World,2024-07-01,2023-2026,0.0143569903000997,,2,0.03336626207993514,0.01617696421684694,0.05055555994302334,0.6918273110727876,,
World,2024-07-08,2023-2026,0.0157664839428882,,2,0.033452985291050064,0.01626554899857936,0.050640421583520764,0.8187097252596162,,
World,2024-07-15,2023-2026,0.0186109133519811,,2,0.033517675996604,0.01633159242121828,0.050703759571989714,0.913356968951626,,
World,2024-07-22,2023-2026,0.021821709339705,,2,0.033501639393108955,0.016315223344875708,0.0506880554413422,0.8898942426451365,,
World,2024-07-29,2023-2026,0.0234245631212154,,2,0.03356109064015825,0.01637589767689183,0.05074628360342466,0.9768757745217644,,
World,2024-08-05,2023-2026,0.0255337151606948,,2,0.03363794530596459,0.0164542950428234,0.05082159556910578,1.089319783613242,,
World,2024-08-12,2023-2026,0.025230953890854,,2,0.033666841449998146,0.016483760007373737,0.05084992289262255,1.131596960259841,,
World,2024-08-19,2023-2026,0.0292431767693331,,2,0.033675830086244654,0.016492924335461717,0.05085873583702759,1.1447479939052805,,
World,2024-08-26,2023-2026,0.0308002347285145,,2,0.03366449908338485,0.016481371759488567,0.05084762640728113,1.1281699062222308,,
World,2024-09-02,2023-2026,0.0290421839935564,,2,0.0338005615431404,0.016620032584760924,0.050981090501519874,1.3272392574611118,,
World,2024-09-09,2023-2026,0.0277853430918641,,2,0.03385110066777449,0.016671502233086916,0.051030699102462065,1.4011817010357706,,
World,2024-09-16,2023-2026,0.0252258654661508,,2,0.03386665558192144,0.016687339769124804,0.05104597139471807,1.423939680520866,,
World,2024-09-23,2023-2026,0.0245287512818114,,2,0.0339409244280144,0.01676293353317319,0.051118915322855604,1.5326004458455087,,
World,2024-09-30,2023-2026,0.0239842898385682,,2,0.034056761152002124,0.016880755850190627,0.051232766453813625,1.702078063222887,,
World,2024-10-07,2023-2026,0.0213612069040647,,2,0.03409838119841832,0.01692306524540383,0.05127369715143281,1.7629712416461705,,
World,2024-10-14,2023-2026,0.0202926377163912,,2,0.033987902181583936,0.016810728428552173,0.051165075934615695,1.6013323425240833,,
World,2024-10-21,2023-2026,0.0183641247538756,,2,0.03390771742515813,0.016729139141430475,0.05108629570888578,1.4840161667792842,,
World,2024-10-28,2023-2026,0.0174660177937595,,2,0.0337212045272549,0.01653917661374391,0.05090323244076589,1.211134126795676,,
World,2024-11-04,2023-2026,0.0150566486967907,,2,0.03363950340580537,0.016455883970134453,0.05082312284147629,1.091599397880279,,
World,2024-11-11,2023-2026,0.0141203785514006,,2,0.033508250883727914,0.01632197213424925,0.05069452963320657,0.8995673380059338,,
World,2024-11-18,2023-2026,0.0127973881285666,,2,0.03345381303159037,0.01626639424144189,0.050641231821738845,0.8199207703389794,,
World,2024-11-25,2023-2026,0.0132477137148005,,2,0.033462142605515964,0.016274899662016052,0.05064938554901588,0.8321075475031611,,
World,2024-12-02,2023-2026,0.0131637547071976,,2,0.03349911443667054,0.016312645868862493,0.05068558300447859,0.8862000463106077,,
World,2024-12-09,2023-2026,0.0131484894330879,,2,0.033523958825537804,0.01633800499229164,0.05070991265878397,0.92254920817797,,
World,2024-12-16,2023-2026,0.0148836422568817,,2,0.03355520081408601,0.016369887836959328,0.05074051379121269,0.9682585272868824,,
World,2024-12-23,2023-2026,0.015234743561403,,2,0.03354991266496128,0.01636449171722375,0.050735333612698816,0.9605215775256556,,
World,2024-12-30,2023-2026,0.0208676297078536,,2,0.0334847002741927,0.01629793099372937,0.05067146955465604,0.8651110701281645,,
World,2025-01-06,2023-2026,0.0241496636414224,,2,0.033343596596314085,0.016153803115771158,0.05053339007685701,0.6586660472819842,,
World,2025-01-13,2023-2026,0.0237146033292982,,2,0.03338229694447945,0.01619334743521245,0.05057124645374646,0.715287493166925,,
World,2025-01-20,2023-2026,0.0213306763558455,,2,0.033481225850663945,0.016294383857813333,0.05066806784351456,0.8600277338496601,,
World,2025-01-27,2023-2026,0.0198117815819381,,2,0.03341642385226412,0.01622820946756677,0.05060463823696147,0.7652176605671478,,
World,2025-02-03,2023-2026,0.018091894032254,,2,0.03335746820616875,0.016167978497888355,0.050546957914449145,0.6789612292107271,,
World,2025-02-10,2023-2026,0.0163084011737798,,2,0.03332726958804961,0.016137116757885074,0.05051742241821414,0.6347784375127771,,
World,2025-02-17,2023-2026,0.0157334091823173,,2,0.033323981232247196,0.016133755790567503,0.05051420667392689,0.6299673319558944,,
World,2025-02-24,2023-2026,0.0151711382526129,,2,0.03337528375624539,0.016186182118949084,0.0505643853935417,0.7050266847529072,,
World,2025-03-03,2023-2026,0.0133011421741842,,2,0.03336167646689933,0.016172278635825484,0.050551074297973175,0.6851182231016082,,
World,2025-03-10,2023-2026,0.0109808205095216,,2,0.03325814281922124,0.01606644689600712,0.05044983874243535,0.5336409081118262,,
World,2025-03-17,2023-2026,0.0100292850900218,,2,0.033176469520983264,0.015982905310961117,0.05037003373100541,0.4141468865940544,,
World,2025-03-24,2023-2026,0.0098791765612772,,2,0.03313289315501253,0.015938312139833634,0.05032747417019142,0.3503914692752169,,
World,2025-03-31,2023-2026,0.0087241041536491,,2,0.03304654903515357,0.015849912202540412,0.05024318586776673,0.2240636933810377,,
World,2025-04-07,2023-2026,0.0078056434947201,,2,0.03302433220081685,0.015827157565210817,0.05022150683642289,0.1915588363769487,,
World,2025-04-14,2023-2026,0.0079074119887843,,2,0.03301317509302853,0.015815729014372084,0.05021062117168497,0.1752351699290592,,
World,2025-04-21,2023-2026,0.0072204746538513,,2,0.03300445425519209,0.01580679537141799,0.05020211313896619,0.1624759449857666,,
World,2025-04-28,2023-2026,0.0062842045084611,,2,0.03301082229271096,0.015813318856063605,0.05020832572935832,0.1717928506173394,,
World,2025-05-05,2023-2026,0.0059585453274558,,2,0.033073473209076144,0.015877483286891,0.050269463131261294,0.263455733220918,,
World,2025-05-12,2023-2026,0.0054675123435963,,2,0.03315597946470672,0.015961938874757102,0.05035002005465634,0.3841684324551079,,
World,2025-05-19,2023-2026,0.0047017044257636,,2,0.03336990344273268,0.01618068485284199,0.050559122032623374,0.6971548917370454,,
World,2025-05-26,2023-2026,0.0051214994637782,,2,0.0336872636871967,0.016504580560748168,0.05086994681364523,1.161476190117075,,
World,2025-06-02,2023-2026,0.0058491441963369,,2,0.034098335985699696,0.016923019290737366,0.05127365268066203,1.7629050921250289,,
World,2025-06-09,2023-2026,0.0055896345364733,,2,0.03437701153255479,0.017205982586377788,0.051548040478731794,2.170627842531282,,
World,2025-06-16,2023-2026,0.005681226181131,,2,0.034134815693802036,0.016960092753066106,0.051309538634537966,1.8162775788369712,,
World,2025-06-23,2023-2026,0.0047907518580697,,2,0.03379698452151928,0.016616388992598617,0.050977580050439945,1.3220058126538627,,
World,2025-06-30,2023-2026,0.0048874319274307,,2,0.03351275128817866,0.016326565813805042,0.050698936762552285,0.906151759571884,,
World,2025-07-07,2023-2026,0.004564316958777,,2,0.03329536853718027,0.016104507942170734,0.05048622913218981,0.5881048619226066,,
World,2025-07-14,2023-2026,0.00471188127517,,2,0.03325656559092266,0.016064834051192342,0.05044829713065298,0.5313333075089214,,
World,2025-07-21,2023-2026,0.0047220581245764,,2,0.03314583268728381,0.015951555053183922,0.050340110321383705,0.3693229533835,,
World,2025-07-28,2023-2026,0.0054446144324319,,2,0.03309944617695741,0.015904075280768572,0.05029481707314625,0.3014560889044709,,
World,2025-08-04,2023-2026,0.0058567768333917,,2,0.033077326723860864,0.015881428956370857,0.05027322449135087,0.2690937077920716,,
World,2025-08-11,2023-2026,0.0064444898866122,,2,0.03308147933816856,0.01588568075646132,0.050277277919875796,0.2751692868877012,,
World,2025-08-18,2023-2026,0.0074927053754729,,2,0.03311143102528616,0.015916344104082183,0.05030651794649013,0.3189908004317236,,
World,2025-08-25,2023-2026,0.008268690142712,,2,0.033156035111129606,0.01596199581908597,0.05035007440317324,0.3842498472503589,,
World,2025-09-01,2023-2026,0.0096527416619844,,2,0.03322611308599906,0.016033690303246396,0.05041853586875172,0.486779060807637,,
World,2025-09-08,2023-2026,0.0101132440976247,,2,0.03325118875531141,0.016059335660439177,0.05044304185018365,0.5234666029177627,,
World,2025-09-15,2023-2026,0.0101514072828988,,2,0.03330891496325126,0.016118355823816124,0.05049947410268639,0.6079242761415997,,
World,2025-09-22,2023-2026,0.0106271749926487,,2,0.03336145040330643,0.016172047639979592,0.05055085316663327,0.6847874754958996,,
World,2025-09-29,2023-2026,0.0100496387888346,,2,0.03339606595624199,0.01620741407148922,0.05058471784099476,0.7354325665669229,,
World,2025-10-06,2023-2026,0.0080905952780998,,2,0.033392214180408,0.016203479177490144,0.050580949183325855,0.7297971362081208,,
World,2025-10-13,2023-2026,0.0069406112951749,,2,0.03336025574416505,0.016170826909557456,0.05054968457877264,0.6830396016103476,,
World,2025-10-20,2023-2026,0.0064673877977766,,2,0.033355588400445634,0.016166057609204188,0.05054511919168708,0.6762109356586433,,
World,2025-10-27,2023-2026,0.0060297832733007,,2,0.03329620845037568,0.01610536658549189,0.05048705031525948,0.5893337164884314,,
World,2025-11-03,2023-2026,0.0053224922395549,,2,0.03326141378551646,0.016069791668224056,0.05045303590280886,0.5384265715451926,,
World,2025-11-10,2023-2026,0.0048772550780243,,2,0.03319733866851565,0.016004256490859625,0.05039042084617168,0.4446799790256505,,
World,2025-11-17,2023-2026,0.0050986015526138,,2,0.03316883378839305,0.015975092412224726,0.05036257516456137,0.4029752501581623,,
World,2025-11-24,2023-2026,0.0045490516846674,,2,0.0331351903089072,0.01594066324246404,0.05032971737535036,0.3537523737916853,,
World,2025-12-01,2023-2026,0.0048874319274307,,2,0.03310555511081975,0.01591032909418991,0.050300781127449595,0.3103939068956547,,
World,2025-12-08,2023-2026,0.0052995943283905,,2,0.03309816804818181,0.01590276680530468,0.05029356929105894,0.2995860928260421,,
World,2025-12-15,2023-2026,0.0062282318367258,,2,0.03310596724213923,0.015910750989781366,0.050301183494497095,0.3109968852229848,,
World,2025-12-22,2023-2026,0.0068999038975492,,2,0.03309526052258609,0.01589979020159684,0.05029073084357533,0.2953321697741607,,
World,2025-12-29,2023-2026,0.0085332882272788,,2,0.033063773341987075,0.015867550971514113,0.05025999571246004,0.2492641167236722,,
World,2026-01-05,2023-2026,0.0104058285180591,,2,0.033012964679992075,0.01581551347340907,0.050210415886575085,0.1749273202345149,,
World,2026-01-12,2023-2026,0.0102124683793373,,2,0.0329996756186269,0.015801899890889884,0.050197451346363914,0.1554844494435594,,
World,2026-01-19,2023-2026,0.0092176813498602,,2,0.0330515050446917,0.01585498768927855,0.05024802240010484,0.2313146985831081,,
World,2026-01-26,2023-2026,0.0087241041536491,,2,0.03304119828380304,0.01584443225586395,0.05023796431174213,0.2162351519751529,,
World,2026-02-02,2023-2026,0.0086070703854753,,2,0.033041460865361034,0.015844701182414617,0.050238220548307455,0.216619328040245,,
World,2026-02-09,2023-2026,0.0073527736961347,,2,0.03304683422307082,0.015850204270512924,0.05024346417562872,0.2244809442067005,,
World,2026-02-16,2023-2026,0.0073934810937603,,2,0.03304988782052668,0.015853331497581953,0.05024644414347141,0.2289485810961166,,
World,2026-02-23,2023-2026,0.0068388428011107,,2,0.0330577930904777,0.015861427065568427,0.05025415911538697,0.2405145704465071,,
World,2026-03-02,2023-2026,0.0062231434120226,,2,0.033048941831337594,0.01585236270560594,0.050245520957069245,0.2275645295768442,,
World,2026-03-09,2023-2026,0.0051316763131846,,2,0.03303601447172123,0.01583912307935783,0.050232905864084625,0.2086508549550221,,
World,2026-03-16,2023-2026,0.004564316958777,,2,0.03303128278682533,0.015834276792472565,0.05022828878117809,0.2017280531463084,,
World,2026-03-23,2023-2026,0.0039791481179082,,2,0.03300661229302962,0.01580900612133916,0.05020421846472008,0.1656333125141065,,
World,2026-03-30,2023-2026,0.0035440878057839,,2,0.03298653610702331,0.01578843823928013,0.050184633974766496,0.1362603809148417,,
World,2026-04-06,2023-2026,0.0029029462931798,,2,0.03296660599287707,0.01576801708872826,0.05016519489702588,0.1071011631531115,,
World,2026-04-13,2023-2026,0.0027223072162159,,2,0.0329496460065523,0.015750636954312978,0.050148655058791625,0.0822874600879204,,
World,2026-04-20,2023-2026,0.0021829341976759,,2,0.032938887118477714,0.015739610446147263,0.05013816379080817,0.0665464182685482,,
World,2026-04-27,2023-2026,0.0016486496038391,,2,0.03293167047300988,0.015732213816852955,0.0501311271291668,0.0559879370093928,,
World,2020-01-20,2020-2022,0.0004096181886081,,3,0.6705681434471077,0.4831531073158796,0.8579831795783357,,0.0002804994117643,
World,2020-01-27,2020-2022,0.0030657758836824,,3,0.6705681008226018,0.4831530465650911,0.8579831550801125,,0.0002505201095545,
World,2020-02-03,2020-2022,0.0082050848339219,,3,0.6705690287948729,0.48315436916100574,0.8579836884287401,,0.0009031953848193,
World,2020-02-10,2020-2022,0.0127897554915118,,3,0.6705869708782857,0.48317994070037573,0.8579940010561956,,0.0135224886487737,
World,2020-02-17,2020-2022,0.0148225811604432,,3,0.670755304517724,0.48341980971960535,0.8580907993158426,,0.1319174104306526,
World,2020-02-24,2020-2022,0.010746752973174,,3,0.6710638685615133,0.48385929214859014,0.8582684449744366,,0.3489412682348011,
World,2020-03-02,2020-2022,0.0089200085047226,,3,0.6712706583075569,0.4841536671978035,0.8583876494173104,,0.4943837115265791,
World,2020-03-09,2020-2022,0.0257652384846908,,3,0.671061654739931,0.48385614000772714,0.8582671694721348,,0.3473842102756196,
World,2020-03-16,2020-2022,0.0873784290034779,,3,0.6707422856551832,0.4834012612143638,0.8580833100960027,,0.1227607901772308,
World,2020-03-23,2020-2022,0.245628437273229,,3,0.6709152169534961,0.4836476041145213,0.858182829792471,,0.244389405857998,
World,2020-03-30,2020-2022,0.5180347095470872,,3,0.6714030101115704,0.4843420121743154,0.8584640080488255,,0.5874713530470558,
World,2020-04-06,2020-2022,0.7841644099495391,,3,0.673052035888783,0.4866844649473283,0.8594196068302378,,1.7472887167108837,
World,2020-04-13,2020-2022,0.8939013770989105,,3,0.6768418452229399,0.4920379670108769,0.8616457234350029,,4.412793847964954,
World,2020-04-20,2020-2022,0.8621877701361702,,3,0.681373635670682,0.49838357525449845,0.8643636960868655,,7.600160184142924,
World,2020-04-27,2020-2022,0.7656730745780832,,3,0.6835282302910274,0.5013786369718698,0.865677823610185,,9.11556175449159,
World,2020-05-04,2020-2022,0.7215895071618457,,3,0.683855474358757,0.5018322798230326,0.8658786688944815,,9.34572392487942,
World,2020-05-11,2020-2022,0.6738041107740248,,3,0.6839499596851163,0.5019631985128943,0.8659367208573383,,9.412178751503308,
World,2020-05-18,2020-2022,0.6304456438779942,,3,0.6845266059469948,0.5027615968633317,0.8662916150306579,,9.817754186684809,
World,2020-05-25,2020-2022,0.6056751924227805,,3,0.6850236161269514,0.5034489031044681,0.8665983291494347,,10.167318786945753,
World,2020-06-01,2020-2022,0.6135469854386423,,3,0.6856784189723413,0.504353238272386,0.8670035996722966,,10.627864474196002,
World,2020-06-08,2020-2022,0.6300258488399796,,3,0.6872100326238659,0.5064632520873438,0.8679568131603881,,11.705101793351476,
World,2020-06-15,2020-2022,0.6512471240647061,,3,0.6885613066329587,0.50831864985519,0.8688039634107273,,12.6554999499301,
World,2020-06-22,2020-2022,0.6508553153625591,,3,0.6909367661297023,0.5115661482350667,0.8703073840243379,,14.326243493830631,
World,2020-06-29,2020-2022,0.6555417545142133,,3,0.6924916429946196,0.5136819300908395,0.8713013558983997,,15.419842642619273,
World,2020-07-06,2020-2022,0.6719849989426281,,3,0.6949653824236702,0.5170316980480225,0.872899066799318,,17.159709891900526,
World,2020-07-13,2020-2022,0.726576163370989,,3,0.6983093635412189,0.5215275084529687,0.875091218629469,,19.511648483456497,
World,2020-07-20,2020-2022,0.7829940722678013,,3,0.7023356647276495,0.5268903222313122,0.8777810072239869,,22.343486585621356,
World,2020-07-27,2020-2022,0.7998393022477696,,3,0.7055034155186448,0.5310701587037525,0.8799366723335371,,24.5714762398319,
World,2020-08-03,2020-2022,0.8102196886423128,,3,0.7089162312945123,0.5355337340369218,0.8822987285521028,,26.971828648226538,
World,2020-08-10,2020-2022,0.8021112838777517,,3,0.71228420633127,0.539897654534477,0.884670758128063,,29.340643000310685,
World,2020-08-17,2020-2022,0.7755369858652508,,3,0.7161382743690045,0.5448405138651705,0.8874360348728384,,32.05134351977865,
World,2020-08-24,2020-2022,0.7489067151810147,,3,0.7170897546279228,0.5460523168146263,0.8881271924412193,,32.720552783045676,
World,2020-08-31,2020-2022,0.7214088680848818,,3,0.717602323054,0.5467037198653137,0.8885009262426862,,33.08106004063087,
World,2020-09-07,2020-2022,0.7795695624425427,,3,0.7174732955997155,0.5465398366575785,0.8884067545418525,,32.99031053026151,
World,2020-09-14,2020-2022,0.6868457432883454,,3,0.7170104151691541,0.5459513995047887,0.8880694308335195,,32.66475057353795,
World,2020-09-21,2020-2022,0.6774245249503569,,3,0.7192634525028051,0.5488080004433855,0.8897189045622247,,34.24939033882316,
World,2020-09-28,2020-2022,0.6713464016423755,,3,0.720123551126406,0.5498934603415332,0.8903536419112789,,34.85432770966397,
World,2020-10-05,2020-2022,0.6692550590893572,,3,0.7220413210977692,0.5523035958192644,0.891779046376274,,36.2031622415655,
World,2020-10-12,2020-2022,0.6661740179315652,,3,0.7238282838759287,0.5545366722192734,0.893119895532584,,37.45999551062068,
World,2020-10-19,2020-2022,0.7149465687118084,,3,0.724005310020698,0.5547572236191327,0.8932533964222633,,37.58450417468346,
World,2020-10-26,2020-2022,0.8048615774298352,,3,0.7265361277026056,0.5578970151362486,0.8951752402689626,,39.36451655066067,
World,2020-11-02,2020-2022,0.946754844491126,,3,0.7324510321227871,0.5651372355589489,0.8997648286866252,,43.52467520053608,
World,2020-11-09,2020-2022,1.105203301324302,,3,0.7407763396941008,0.5750903554689417,0.90646232391926,,49.38015448562851,
World,2020-11-16,2020-2022,1.2327904623325254,,3,0.7536033955755068,0.58986473602222,0.9173420551287936,,58.40187042331885,
World,2020-11-23,2020-2022,1.3542613368474932,,3,0.7648378925994732,0.6022296051919859,0.9274461800069606,,66.30348415215389,
World,2020-11-30,2020-2022,1.3724041151267792,,3,0.7721444985941147,0.6099771806453399,0.9343118165428895,,71.44247507584944,
World,2020-12-07,2020-2022,1.437686059856579,,3,0.7750043834909374,0.6129459472332028,0.9370628197486719,,73.45393190523968,
World,2020-12-14,2020-2022,1.5012201307008268,,3,0.774758309263873,0.612691918023375,0.936824700504371,,73.2808593158095,
World,2020-12-21,2020-2022,1.5273466473394457,,3,0.7737855300156131,0.6116850844104325,0.9358859756207938,,72.59666973021622,
World,2020-12-28,2020-2022,1.474958770807573,,3,0.7799390424410517,0.6179838656258341,0.9418942192562694,,76.92464971522813,
World,2021-01-04,2020-2022,1.5764499457253969,,3,0.783231512415899,0.6212855600601356,0.9451774647716623,,79.24035872289724,
World,2021-01-11,2020-2022,1.7534838737870384,,3,0.7833002349361967,0.6213539660560804,0.945246503816313,,79.28869366915303,
World,2021-01-18,2020-2022,1.8216789416594243,,3,0.7734582208354841,0.6113453817835444,0.9355710598874238,,72.36646176400608,
World,2021-01-25,2020-2022,1.8313927444178475,,3,0.786509943433947,0.6245257048868218,0.9484941819810722,,81.5461936424298,
World,2021-02-01,2020-2022,1.698050575070297,,3,0.7975093846957836,0.6350513690063806,0.9599674003851866,,89.28248445265764,
World,2021-02-08,2020-2022,1.505751372899033,,3,0.7848129370530272,0.6228544292723609,0.9467714448336936,,80.3526298461343,
World,2021-02-15,2020-2022,1.3573601874917465,,3,0.7706767204155711,0.6084395750087367,0.9329138658224055,,70.41013547206272,
World,2021-02-22,2020-2022,1.172192412542028,,3,0.7587134347736257,0.5955564034756816,0.9218704660715699,,61.99593928075007,
World,2021-03-01,2020-2022,1.1082589003585783,,3,0.7452036717662962,0.580267673396735,0.9101396701358574,,52.49405160172922,
World,2021-03-08,2020-2022,1.0719173711282708,,3,0.7357277123407601,0.5690881212785374,0.9023673034029828,,45.829278721290464,
World,2021-03-15,2020-2022,1.099433027710865,,3,0.7352513464087947,0.5685164249792631,0.9019862678383264,,45.494233940920125,
World,2021-03-22,2020-2022,1.196018961214797,,3,0.7387693440313143,0.572716734251693,0.9048219538109357,,47.96856441186234,
World,2021-03-29,2020-2022,1.275260999117846,,3,0.7423413813280483,0.5769297904238448,0.9077529722322517,,50.48090287112516,
World,2021-04-05,2020-2022,1.3546938529472656,,3,0.7490804206231836,0.5847340244307102,0.913426816815657,,55.22070433264174,
World,2021-04-12,2020-2022,1.5169509956707927,,3,0.7609206365953971,0.5979800924473166,0.9238611807434776,,63.54834133132812,
World,2021-04-19,2020-2022,1.597419343927315,,3,0.7719439451689993,0.6097676437094866,0.9341202466285121,,71.30141885465183,
World,2021-04-26,2020-2022,1.6872147746648165,,3,0.7793044352915677,0.6173419886807021,0.9412668819024332,,76.47830836553688,
World,2021-05-03,2020-2022,1.6803784760760574,,3,0.7969768086762878,0.6345539493824218,0.9593996679701539,,88.90790515655574,
World,2021-05-10,2020-2022,1.617879899658912,,3,0.8112182686554398,0.6474319174548588,0.9750046198560207,,98.92442084478488,
World,2021-05-17,2020-2022,1.5578415765857676,,3,0.8159997434510619,0.6515606097272618,0.9804388771748619,,102.28739889431996,
World,2021-05-24,2020-2022,1.4551393565885804,,3,0.8125499691537773,0.64859154885575,0.9765083894518046,,99.86105226832898,
World,2021-05-31,2020-2022,1.3126609206864208,,3,0.8020969330616153,0.6392848998164495,0.9649089663067811,,92.50906727802324,
World,2021-06-07,2020-2022,1.2212931667156284,,3,0.7839956498320857,0.622045006937521,0.9459462927266504,,79.77780322847472,
World,2021-06-14,2020-2022,1.227322949988929,,3,0.7688234876841612,0.6064846886391331,0.9311622867291893,,69.10669223272616,
World,2021-06-21,2020-2022,1.029472276466466,,3,0.7529767574602484,0.5891590835156272,0.9167944314048696,,57.96113397343819,
World,2021-06-28,2020-2022,0.9730620002067084,,3,0.7407572689957637,0.5750678788988738,0.9064466590926535,,49.366741398110854,
World,2021-07-05,2020-2022,0.965900042436944,,3,0.7362754740187571,0.5697443662152031,0.9028065818223112,,46.2145386208444,
World,2021-07-12,2020-2022,0.9976009283379264,,3,0.735606180047127,0.5689423551051833,0.9022700049890706,,45.743800818913634,
World,2021-07-19,2020-2022,1.157451246176836,,3,0.7386532811792378,0.5725789649606252,0.9047275973978504,,47.88693335856113,
World,2021-07-26,2020-2022,1.169900077213233,,3,0.7450935486119947,0.5801398827930591,0.9100472144309304,,52.41659814510935,
World,2021-08-02,2020-2022,1.1909127270251283,,3,0.7581649713286563,0.5949508850592583,0.9213790575980544,,61.610185803999926,
World,2021-08-09,2020-2022,1.2383673758072409,,3,0.7631102182783975,0.6003636038174501,0.9258568327393449,,65.0883505235415,
World,2021-08-16,2020-2022,1.24742477177895,,3,0.7715527534902675,0.6093584211954904,0.9337470857850446,,71.02628009831236,
World,2021-08-23,2020-2022,1.2709994434289098,,3,0.7797474455882206,0.6177902609339639,0.9417046302424773,,76.78989296381307,
World,2021-08-30,2020-2022,1.2291420618203257,,3,0.7845081350589858,0.6225529046294678,0.9464633654885037,,80.13825196917583,
World,2021-09-06,2020-2022,1.1598173636638276,,3,0.7863194064662852,0.6243386891767898,0.9483001237557805,,81.41218234523379,
World,2021-09-13,2020-2022,1.0930012588860107,,3,0.786408621305642,0.6244262751706064,0.9483909674406776,,81.47493025446138,
World,2021-09-20,2020-2022,1.0252692376616168,,3,0.7839707949822612,0.6220203451474655,0.9459212448170569,,79.76032194540686,
World,2021-09-27,2020-2022,0.9510927265506104,,3,0.7757151974693038,0.613678244132585,0.9377521508060227,,73.95387217654218,
World,2021-10-04,2020-2022,0.8753235385075001,,3,0.7668331354741533,0.6043684255874018,0.9292978453609049,,67.70680807998971,
World,2021-10-11,2020-2022,0.8388471660225577,,3,0.7629517527848362,0.6001918011813739,0.9257117043882984,,64.97689621305479,
World,2021-10-18,2020-2022,0.8339826320062914,,3,0.7519733645321653,0.588025688955012,0.9159210401093187,,57.255412718713295,
World,2021-10-25,2020-2022,0.8862382094958801,,3,0.7465473203899387,0.5818228085941421,0.9112718321857352,,53.43908655867067,
World,2021-11-01,2020-2022,0.8791780202201798,,3,0.7439328513614744,0.5787898978280388,0.9090758048949099,,51.600239272062616,
World,2021-11-08,2020-2022,0.8825491015860548,,3,0.7440539097815334,0.5789309604800421,0.9091768590830247,,51.685383882621394,
World,2021-11-15,2020-2022,0.9317770663772348,,3,0.7467688255382651,0.5820784527905205,0.9114591982860096,,53.59487885780877,
World,2021-11-22,2020-2022,0.9500267015752883,,3,0.7498830032939088,0.585650772086129,0.9141152345016885,,55.785188727092056,
World,2021-11-29,2020-2022,0.9084873465106544,,3,0.7537458578882178,0.5900249282354683,0.9174667875409673,,58.50206913836206,
World,2021-12-06,2020-2022,0.9418038072549052,,3,0.7624606461290993,0.5996586684452798,0.9252626238129187,,64.63148376735167,
World,2021-12-13,2020-2022,0.8719066613192964,,3,0.7707569171875998,0.6085238310622321,0.9329900033129674,,70.46654065989777,
World,2021-12-20,2020-2022,0.8433529660972479,,3,0.7737149120010195,0.6116118323001372,0.9358179917019018,,72.54700161668822,
World,2021-12-27,2020-2022,0.8005949333161959,,3,0.780408528162805,0.6184575874380025,0.9423594688876076,,77.25485540370572,
World,2022-01-03,2020-2022,0.7688686052916976,,3,0.7836655444361345,0.6217172435817103,0.9456138452905586,,79.54562858611678,
World,2022-01-10,2020-2022,0.8785190692211143,,3,0.8027370024179447,0.6398683041037821,0.9656057007321072,,92.9592503883654,
World,2022-01-17,2020-2022,0.9903193925876363,,3,0.8637806763678181,0.6877862482981857,1.0397751044374504,,135.8933960926078,
World,2022-01-24,2020-2022,1.135329319779642,,3,1.0048102703099586,0.7566322442727649,1.2529882963471524,,235.08443003814196,
World,2022-01-31,2020-2022,1.2965306143772533,,3,1.1500665741694243,0.7996210797608476,1.500512068578001,,337.24825653854447,
World,2022-02-07,2020-2022,1.3659367273290024,,3,1.2236399429069809,0.8170533222395553,1.6302265635744064,,388.994973748326,
World,2022-02-14,2020-2022,1.2892719765381278,,3,1.2709980503709235,0.8274241702666042,1.714571930475243,,422.3035830532596,
World,2022-02-21,2020-2022,1.1596443572239186,,3,1.2256719634353015,0.8175100249231807,1.6338339019474222,,390.4241646831406,
World,2022-02-28,2020-2022,1.0077930430184507,,3,1.13275654405311,0.7952130042724137,1.4703000838338063,,325.07350841036106,
World,2022-03-07,2020-2022,0.8369771699441291,,3,1.0385386741093707,0.7681271645616363,1.3089501836571051,,258.8067932151126,
World,2022-03-14,2020-2022,0.7041998157386342,,3,0.9774937702586182,0.7463131145075883,1.208674426009648,,215.87178247867064,
World,2022-03-21,2020-2022,0.79746046369902,,3,0.9454037463591034,0.7327217870102681,1.1580857057079386,,193.30174904841303,
World,2022-03-28,2020-2022,0.5931449465911321,,3,0.9519412121348648,0.7356379143600886,1.168244509909641,,197.89977682084887,
World,2022-04-04,2020-2022,0.4357116304862458,,3,0.9802720295279792,0.7474104429228373,1.2131336161331212,,217.82582915634697,
World,2022-04-11,2020-2022,0.3777137657190875,,3,0.9637945771944182,0.740726329421993,1.1868628249668434,,206.23666203143333,
World,2022-04-18,2020-2022,0.3169528863380876,,3,0.9317766580426187,0.7263708417051651,1.1371824743800723,,183.7173423859803,
World,2022-04-25,2020-2022,0.3029978815895413,,3,0.8785860459000389,0.6973282326868928,1.059843859113185,,146.30652904432844,
World,2022-05-02,2020-2022,0.2528997961741125,,3,0.8361095307806327,0.667887471674901,1.0043315898863643,,116.43131395418524,
World,2022-05-09,2020-2022,0.212904778006902,,3,0.80151598214666,0.638753841836038,0.964278122457282,,92.10046423014332,
World,2022-05-16,2020-2022,0.1947416460288031,,3,0.7829823851407701,0.6210374057145014,0.9449273645670389,,79.0651388182423,
World,2022-05-23,2020-2022,0.1839058456233229,,3,0.7664303971965799,0.6039381047908142,0.9289226896023456,,67.4235481978239,
World,2022-05-30,2020-2022,0.1748713475627781,,3,0.767176675728531,0.6047349344453967,0.9296184170116653,,67.94843192702152,
World,2022-06-06,2020-2022,0.1661625086832386,,3,0.770515379124366,0.6082699817645301,0.9327607764842019,,70.2966585127565,
World,2022-06-13,2020-2022,0.1632977255753328,,3,0.7631192797539921,0.6003734246500195,0.9258651348579646,,65.09472377548227,
World,2022-06-20,2020-2022,0.1702663232063754,,3,0.7536735975942149,0.5899436857296837,0.9174035094587462,,58.45124595242642,
World,2022-06-27,2020-2022,0.1935814851964718,,3,0.7554079857271483,0.5918875085065067,0.9189284629477898,,59.67110163916339,
World,2022-07-04,2020-2022,0.2091062689659577,,3,0.7610802813468602,0.5981545789249285,0.924005983768792,,63.66062505504145,
World,2022-07-11,2020-2022,0.2394434570464804,,3,0.7720294594536523,0.6098570100764741,0.9342019088308305,,71.36156403464375,
World,2022-07-18,2020-2022,0.2778508867062901,,3,0.7948818461618011,0.6325852477863579,0.9571784445372443,,87.43444492682325,
World,2022-07-25,2020-2022,0.3083509043773155,,3,0.8181342074879009,0.6533725247769238,0.982895890198878,,103.78864192293192,
World,2022-08-01,2020-2022,0.3112843812187145,,3,0.8416490513657343,0.6721004274747147,1.011197675256754,,120.32745205569768,
World,2022-08-08,2020-2022,0.3098901528500357,,3,0.851882561003043,0.6795755333549048,1.0241895886511811,,127.52503643102166,
World,2022-08-15,2020-2022,0.3004256829020699,,3,0.856948446759602,0.6831329227242008,1.0307639707950031,,131.0880506324892,
World,2022-08-22,2020-2022,0.2797793996688058,,3,0.8514695277316405,0.6792813832464093,1.0236576722168718,,127.2345357205032,
World,2022-08-29,2020-2022,0.2608911671704997,,3,0.8356746305950709,0.6675516454890086,1.003797615701133,,116.12543348000132,
World,2022-09-05,2020-2022,0.2264603414162466,,3,0.8100062121911504,0.6463699033252638,0.9736425210570371,,98.07193924477006,
World,2022-09-12,2020-2022,0.195583780317184,,3,0.8039106353318287,0.6409334254106892,0.9668878452529682,,93.78470736478148,
World,2022-09-19,2020-2022,0.180682328573841,,3,0.7848538819002348,0.6228949026729305,0.946812861127539,,80.3814277857421,
World,2022-09-26,2020-2022,0.1776623485124874,,3,0.7645576126585477,0.6019277668013758,0.9271874585157196,,66.10635349072693,
World,2022-10-03,2020-2022,0.1887678354272376,,3,0.7552149202279733,0.5916717656826668,0.9187580747732799,,59.5353119375336,
World,2022-10-10,2020-2022,0.1939732938986188,,3,0.7508247745705932,0.5867230358518003,0.914926513289386,,56.447569324407375,
World,2022-10-17,2020-2022,0.1979448093794722,,3,0.7473392752701262,0.5827358750021969,0.9119426755380555,,53.996096057231966,
World,2022-10-24,2020-2022,0.2114342232676751,,3,0.7497546848413076,0.5855043833920794,0.9140049862905357,,55.69493788234361,
World,2022-10-31,2020-2022,0.2111085640866698,,3,0.7513016071414215,0.5872645064900419,0.915338707792801,,56.78294230817108,
World,2022-11-07,2020-2022,0.1801709418911687,,3,0.7492595954771357,0.5849389221058543,0.9135802688484171,,55.34672425884138,
World,2022-11-14,2020-2022,0.1681164637692702,,3,0.7415194204837662,0.5759649780689131,0.9070738628986192,,49.9027891311073,
World,2022-11-21,2020-2022,0.1733957043988479,,3,0.7342852809723925,0.5673542182921504,0.9012163436526347,,44.81476641345142,
World,2022-11-28,2020-2022,0.1816669387539116,,3,0.7316139760538917,0.5641210454508983,0.8991069066568851,,42.935944462374984,
World,2022-12-05,2020-2022,0.2017560394821746,,3,0.7369416823861231,0.5705408766444582,0.9033424881277881,,46.68310620963926,
World,2022-12-12,2020-2022,0.2410717529515068,,3,0.7410507197281622,0.5754135718053379,0.9066878676509864,,49.57313553671001,
World,2022-12-19,2020-2022,0.3061806912413974,,3,0.7492573816555533,0.5849363912884622,0.9135783720226445,,55.345167200882194,
World,2022-12-26,2020-2022,0.4599910489576001,,3,0.7626965519697778,0.5999148923941553,0.9254782115454003,,64.7974045758615,
World,2023-01-02,2023-2026,0.6119822948424061,,3,0.12573198034753155,0.07545331786334106,0.17601064283172205,,165.9918098439325,
World,2023-01-09,2023-2026,0.2304776527194289,,3,0.34962396413392083,0.18093168237863505,0.5183162458892066,,571.4696185090766,
World,2023-01-16,2023-2026,0.1842213279549218,,3,0.4078515687039441,0.20797483278113094,0.6077283046267573,,676.9222618131772,
World,2023-01-23,2023-2026,0.1630560254019304,,3,0.1987211074136813,0.11042675006154687,0.28701546476581574,,298.1781918601843,
World,2023-01-30,2023-2026,0.904253777157586,,3,0.1064687986080064,0.06583002713426046,0.14710757008175235,,131.10537671860362,
World,2023-02-06,2023-2026,0.5052958383026075,,3,0.06758941455502362,0.044432104979370696,0.09074672413067655,,60.6931753461114,
World,2023-02-13,2023-2026,0.1625115639586873,,3,0.05281006472361452,0.0343265296344443,0.07129359981278474,,33.92715057921844,
World,2023-02-20,2023-2026,0.1375859155500257,,3,0.048261825420643494,0.030735614835994934,0.06578803600529205,,25.690097717098556,
World,2023-02-27,2023-2026,0.1351867233024634,,3,0.047034787774515356,0.0297166753127905,0.06435290023624021,,23.46788088071381,
World,2023-03-06,2023-2026,0.1203692305667233,,3,0.045692619820394464,0.028575880167335983,0.06280935947345295,,21.037158209478083,
World,2023-03-13,2023-2026,0.1176774538987266,,3,0.04463337125576082,0.027655568638094315,0.06161117387342732,,19.118814463731827,
World,2023-03-20,2023-2026,0.1178555487633389,,3,0.04468730842761633,0.02770286523050527,0.06167175162472739,,19.216496952759297,
World,2023-03-27,2023-2026,0.1142860188340388,,3,0.04373798385855944,0.026863515823192928,0.06061245189392595,,17.497230190888978,
World,2023-04-03,2023-2026,0.0948914880777637,,3,0.04302025730684263,0.026219113242640316,0.05982140137104494,,16.197397188879346,
World,2023-04-10,2023-2026,0.1002623203519992,,3,0.04243509504506158,0.025687386460187596,0.05918280362993556,,15.13764369700409,
World,2023-04-17,2023-2026,0.0933751375162079,,3,0.04182605904523521,0.02512784895610573,0.05852426913436469,,14.034653860425683,
World,2023-04-24,2023-2026,0.0921946229850638,,3,0.04126468623149816,0.02460652746568157,0.05792284499731476,,13.017984060512488,
World,2023-05-01,2023-2026,0.0822594737520513,,3,0.04089620546648727,0.02426141017708781,0.05753100075588673,,12.350649881748591,
World,2023-05-08,2023-2026,0.0836206273601593,,3,0.041280749096086276,0.02462151900277159,0.05793997918940096,,13.047074584540724,
World,2023-05-15,2023-2026,0.0927721591888778,,3,0.04118089916050264,0.024528257129507486,0.05783354119149779,,12.866242147438138,
World,2023-05-22,2023-2026,0.0508053764491745,,3,0.0405837494556982,0.023966939764199682,0.05720055914719671,,11.784778891566653,
World,2023-05-29,2023-2026,0.0448112121487962,,3,0.04001206516513093,0.023423807142300135,0.056600323187961724,,10.749434572992682,
World,2023-06-05,2023-2026,0.0420532859596578,,3,0.039134170752873676,0.02257873578316053,0.05568960572258683,,9.159530832352004,
World,2023-06-12,2023-2026,0.0383234706522067,,3,0.03768539701956194,0.02115476305043076,0.05421603098869311,,6.535740606814829,
World,2023-06-19,2023-2026,0.0313116214111869,,3,0.03723494141858412,0.020704541642766347,0.05376534119440189,,5.719946548910153,
World,2023-06-26,2023-2026,0.0255184498865852,,3,0.036734556635314365,0.020200255964506766,0.053268857306121964,,4.813728639817128,
World,2023-07-03,2023-2026,0.0203282566893136,,3,0.03614675047715818,0.01960227766239404,0.052691223291922315,,3.749186940296157,
World,2023-07-10,2023-2026,0.0170055153581192,,3,0.036155725957467175,0.01961145382167126,0.05269999809326309,,3.765441913010553,
World,2023-07-17,2023-2026,0.0185294985567298,,3,0.035978444416988685,0.01942994827514114,0.05252694055883623,,3.4443775795122744,
World,2023-07-24,2023-2026,0.0190256199652925,,3,0.035917089725015616,0.01936700405310138,0.052467175396929855,,3.3332616492683336,
World,2023-07-31,2023-2026,0.0258441090675905,,3,0.03606765133507019,0.01952134920545553,0.05261395346468485,,3.6059350638391097,
World,2023-08-07,2023-2026,0.0244295270000988,,3,0.03652519853482719,0.019987966850562772,0.053062430219091614,,4.434572305694681,
World,2023-08-14,2023-2026,0.0293296799892876,,3,0.03716421648812905,0.020633531081609147,0.053694901894648955,,5.591860722281017,
World,2023-08-21,2023-2026,0.0344257373295498,,3,0.0404704299779008,0.02385972801958573,0.05708113193621586,,11.579552546436888,
World,2023-08-28,2023-2026,0.0334818345471048,,3,0.035761514264714675,0.01920710398442337,0.052315924545005985,,3.051507940814684,
World,2023-09-04,2023-2026,0.0396617263491503,,3,0.03749814537675873,0.02096803984129122,0.05402825091222624,,6.196619998257219,
World,2023-09-11,2023-2026,0.040305412074106,,3,0.03752588100169858,0.020995735891732942,0.05405602611166423,,6.246850382714932,
World,2023-09-18,2023-2026,0.0411068389648612,,3,0.03736641134333594,0.02083631002431636,0.05389651266235551,,5.958044117622635,
World,2023-09-25,2023-2026,0.0438825746404608,,3,0.03628670419054449,0.019745200592610302,0.05282820778847869,,4.002649007399975,
World,2023-10-02,2023-2026,0.0473121728904226,,3,0.035173098408882164,0.018598522560382125,0.051747674257382206,,1.9858620531331168,
World,2023-10-09,2023-2026,0.0446661920447548,,3,0.03533590033196426,0.01876750606113177,0.05190429460279675,,2.280703189923416,
World,2023-10-16,2023-2026,0.0554689176896641,,3,0.03559320399004524,0.019033640404360026,0.05215276757573045,,2.746690947393746,
World,2023-10-23,2023-2026,0.059046080256019,,3,0.03572854142102512,0.019173160427899977,0.052283922414150266,,2.9917927327101927,
World,2023-10-30,2023-2026,0.04714934329992,,3,0.03561948982696209,0.019060763549628035,0.052178216104296155,,2.794295704704603,
World,2023-11-06,2023-2026,0.0485130411203796,,3,0.03552840886118426,0.01896672995244,0.05209008776992852,,2.629344241100728,
World,2023-11-13,2023-2026,0.0489430130078006,,3,0.03550740800735107,0.018945027826708993,0.05206978818799314,,2.5913108106566045,
World,2023-11-20,2023-2026,0.0482738851593288,,3,0.035994091450903584,0.0194459901777285,0.052542192724078673,,3.4727150166844374,
World,2023-11-27,2023-2026,0.0569394724288911,,3,0.03575996332869012,0.019205507813559713,0.05231441884382053,,3.0486991303785147,
World,2023-12-04,2023-2026,0.0606998182845614,,3,0.03607107772362454,0.01952485709711669,0.052617298350132395,,3.612140397764673,
World,2023-12-11,2023-2026,0.0630837452580141,,3,0.0363808575268712,0.01984115907349394,0.05292055598024846,,4.173164663416808,
World,2023-12-18,2023-2026,0.0633559759796357,,3,0.03682309766238534,0.02028980605825551,0.053356389266515175,,4.974080167489307,
World,2023-12-25,2023-2026,0.067006920704187,,3,0.03728769291108751,0.02075744920923799,0.05381793661293703,,5.815481722712875,
World,2024-01-01,2023-2026,0.0737363623741788,,3,0.037761944984276,0.021230918380659495,0.05429297158789251,,6.674372193641366,
World,2024-01-08,2023-2026,0.0721513180791297,,3,0.0375861230656541,0.021055845642796736,0.05411640048851146,,6.355951296776403,
World,2024-01-15,2023-2026,0.0649613739734976,,3,0.03673109231625942,0.020196749378055316,0.053265435254463527,,4.807454612158076,
World,2024-01-22,2023-2026,0.0545377359689772,,3,0.036214346843730275,0.01967135081485863,0.05275734287260192,,3.871606806018275,
World,2024-01-29,2023-2026,0.0451419597545047,,3,0.035850656560461956,0.01929877580471567,0.05240253731620824,,3.212948391373347,
World,2024-02-05,2023-2026,0.0408956693396781,,3,0.03546685187320783,0.018903095712140043,0.05203060803427562,,2.5178619442781573,
World,2024-02-12,2023-2026,0.033436038724776,,3,0.035257259165550246,0.018685936353498394,0.051828581977602095,,2.138280726692993,
World,2024-02-19,2023-2026,0.0316779879898178,,3,0.03508291513161844,0.018504717042686542,0.051661113220550337,,1.822536341221917,
World,2024-02-26,2023-2026,0.0304516776363448,,3,0.03497159894618626,0.018388735329854855,0.05155446256251767,,1.6209380429055416,
World,2024-03-04,2023-2026,0.026887236131748,,3,0.03486217647611738,0.01827451744614609,0.05144983550608868,,1.4227693428391284,
World,2024-03-11,2023-2026,0.0243888196024732,,3,0.03481841872675672,0.018228783994213987,0.051408053459299455,,1.343522216511376,
World,2024-03-18,2023-2026,0.022322919172971,,3,0.03478965476380051,0.01819870326114815,0.051380606266452876,,1.2914294686122898,
World,2024-03-25,2023-2026,0.0187025049966389,,3,0.0346816736527545,0.01808565123167686,0.05127769607383214,,1.095871130418622,
World,2024-04-01,2023-2026,0.0164457886407664,,3,0.0346443753271629,0.01804655449082106,0.05124219616350474,,1.0283222924835431,
World,2024-04-08,2023-2026,0.0152729067466771,,3,0.034587361570258664,0.017986745242884145,0.051187977897633186,,0.925067978406058,
World,2024-04-15,2023-2026,0.0130060135413981,,3,0.03520914502795384,0.01863597752923115,0.051782312526676526,,2.0511439978629173,
World,2024-04-22,2023-2026,0.0117924242496832,,3,0.03447621817932916,0.017869990912338644,0.05108244544631967,,0.7237826182089301,
World,2024-04-29,2023-2026,0.0109197594130831,,3,0.0344684339977057,0.017861805766732602,0.0510750622286788,,0.7096851375686938,
World,2024-05-06,2023-2026,0.0098791765612772,,3,0.03439402278452548,0.017783508874412848,0.051004536694638114,,0.5749232977289483,
World,2024-05-13,2023-2026,0.0085027576790596,,3,0.034412837717657296,0.017803315324377726,0.05102236011093687,,0.6089979337539768,
World,2024-05-20,2023-2026,0.0096730953607973,,3,0.03438581574806204,0.01777486742848518,0.05099676406763891,,0.5600600091708794,
World,2024-05-27,2023-2026,0.0087571789142199,,3,0.034409994334945515,0.01780032249147128,0.05101966617841975,,0.603848447954331,
World,2024-06-03,2023-2026,0.0097824964919162,,3,0.03445338823246711,0.017845982029571453,0.051060794435362766,,0.6824366232830181,
World,2024-06-10,2023-2026,0.0097875849166194,,3,0.0343966961824013,0.017786323528088753,0.05100706883671385,,0.5797649338340501,
World,2024-06-17,2023-2026,0.0125913069280867,,3,0.03441874082741753,0.01780952826057464,0.05102795339426042,,0.6196887140554157,
World,2024-06-24,2023-2026,0.0124971710710774,,3,0.034423261581155926,0.01781428588107659,0.051032237281235265,,0.6278759894028765,
World,2024-07-01,2023-2026,0.0143569903000997,,3,0.03443099237911189,0.01782242092069114,0.05103956383753264,,0.6418767899737517,
World,2024-07-08,2023-2026,0.0157664839428882,,3,0.03445857347238268,0.017851435823897477,0.051065711120867885,,0.6918273110727876,
World,2024-07-15,2023-2026,0.0186109133519811,,3,0.03452863391666058,0.017925079364088308,0.05113218846923284,,0.8187097252596162,
World,2024-07-22,2023-2026,0.021821709339705,,3,0.034580895122322715,0.01797995818749871,0.05118183205714672,,0.913356968951626,
World,2024-07-29,2023-2026,0.0234245631212154,,3,0.03456793974911724,0.017966358312237314,0.051169521185997165,,0.8898942426451365,
World,2024-08-05,2023-2026,0.0255337151606948,,3,0.03461596819187899,0.01801676152006776,0.05121517486369022,,0.9768757745217644,
World,2024-08-12,2023-2026,0.025230953890854,,3,0.03467805620686374,0.01808186041612905,0.05127425199759843,,1.089319783613242,
World,2024-08-19,2023-2026,0.0292431767693331,,3,0.03470140032273408,0.018106319341488285,0.05129648130397988,,1.131596960259841,
World,2024-08-26,2023-2026,0.0308002347285145,,3,0.03470866190634923,0.018113925784436827,0.05130339802826163,,1.1447479939052805,
World,2024-09-02,2023-2026,0.0290421839935564,,3,0.034699508012204026,0.018104337013637808,0.05129467901077024,,1.1281699062222308,
World,2024-09-09,2023-2026,0.0277853430918641,,3,0.03480942779328071,0.018219383007725982,0.05139947257883544,,1.3272392574611118,
World,2024-09-16,2023-2026,0.0252258654661508,,3,0.03485025646509494,0.018262062520181102,0.051438450410008774,,1.4011817010357706,
World,2024-09-23,2023-2026,0.0245287512818114,,3,0.03486282269946094,0.01827519259871376,0.05145045280020812,,1.423939680520866,
World,2024-09-30,2023-2026,0.0239842898385682,,3,0.03492282172724592,0.018337846077858648,0.0515077973766332,,1.5326004458455087,
World,2024-10-07,2023-2026,0.0213612069040647,,3,0.03501640189156344,0.018435441901168432,0.051597361881958445,,1.702078063222887,
World,2024-10-14,2023-2026,0.0202926377163912,,3,0.03505002517309672,0.018470470945117206,0.05162957940107624,,1.7629712416461705,
World,2024-10-21,2023-2026,0.0183641247538756,,3,0.03496077330034786,0.018377444496954044,0.051544102103741676,,1.6013323425240833,
World,2024-10-28,2023-2026,0.0174660177937595,,3,0.03489599502948714,0.01830984022975292,0.05148214982922136,,1.4840161667792842,
World,2024-11-04,2023-2026,0.0150566486967907,,3,0.034745318223097225,0.018152309025291913,0.05133832742090254,,1.211134126795676,
World,2024-11-11,2023-2026,0.0141203785514006,,3,0.03467931493755044,0.018083179498383825,0.05127545037671706,,1.091599397880279,
World,2024-11-18,2023-2026,0.0127973881285666,,3,0.034573280925535334,0.017971965551899474,0.05117459629917119,,0.8995673380059338,
World,2024-11-25,2023-2026,0.0132477137148005,,3,0.03452930261733781,0.01792578185593555,0.051132823378740075,,0.8199207703389794,
World,2024-12-02,2023-2026,0.0131637547071976,,3,0.03453603176911116,0.017932850619424654,0.051139212918797666,,0.8321075475031611,
World,2024-12-09,2023-2026,0.0131484894330879,,3,0.0345658999310849,0.01796421675352124,0.051167583108648565,,0.8862000463106077,
World,2024-12-16,2023-2026,0.0148836422568817,,3,0.034585970785236585,0.017985285563493544,0.05118665600697962,,0.92254920817797,
World,2024-12-23,2023-2026,0.015234743561403,,3,0.03461121002130359,0.018011769860037084,0.051210650182570094,,0.9682585272868824,
World,2024-12-30,2023-2026,0.0208676297078536,,3,0.034606937923069146,0.01800728779131053,0.051206588054827765,,0.9605215775256556,
World,2025-01-06,2023-2026,0.0241496636414224,,3,0.03455425526740026,0.01795198990925711,0.05115652062554341,,0.8651110701281645,
World,2025-01-13,2023-2026,0.0237146033292982,,3,0.03444026287442556,0.017832174808954035,0.05104835093989708,,0.6586660472819842,
World,2025-01-20,2023-2026,0.0213306763558455,,3,0.034471527440754796,0.01786505867852317,0.05107799620298642,,0.715287493166925,
World,2025-01-27,2023-2026,0.0198117815819381,,3,0.03455144841035572,0.017949042371841264,0.051153854448870176,,0.8600277338496601,
World,2025-02-03,2023-2026,0.018091894032254,,3,0.034499097295358744,0.017894042481417353,0.05110415210930014,,0.7652176605671478,
World,2025-02-10,2023-2026,0.0163084011737798,,3,0.0344514692301033,0.017843963520476992,0.051058974939729614,,0.6789612292107271,
World,2025-02-17,2023-2026,0.0157334091823173,,3,0.03442707289404968,0.017818296615464472,0.05103584917263489,,0.6347784375127771,
World,2025-02-24,2023-2026,0.0151711382526129,,3,0.03442441635417424,0.017815501102393154,0.05103333160595532,,0.6299673319558944,
World,2025-03-03,2023-2026,0.0133011421741842,,3,0.03446586174783157,0.017859100790203364,0.05107262270545977,,0.7050266847529072,
World,2025-03-10,2023-2026,0.0109808205095216,,3,0.03445486892682391,0.01784753945949556,0.051062198394152256,,0.6851182231016082,
World,2025-03-17,2023-2026,0.0100292850900218,,3,0.034371227958497313,0.017759504621431846,0.05098295129556278,,0.5336409081118262,
World,2025-03-24,2023-2026,0.0098791765612772,,3,0.03430524715028421,0.01768997258882235,0.050920521711746075,,0.4141468865940544,
World,2025-03-31,2023-2026,0.0087241041536491,,3,0.0342700434312258,0.01765284344954228,0.050887243412909317,,0.3503914692752169,
World,2025-04-07,2023-2026,0.0078056434947201,,3,0.03420028924061942,0.01757921111899574,0.0508213673622431,,0.2240636933810377,
World,2025-04-14,2023-2026,0.0079074119887843,,3,0.03418234108966813,0.017560251554853752,0.05080443062448251,,0.1915588363769487,
World,2025-04-21,2023-2026,0.0072204746538513,,3,0.03417332767885855,0.017550728130268745,0.050795927227448356,,0.1752351699290592,
World,2025-04-28,2023-2026,0.0062842045084611,,3,0.03416628243958009,0.017543283270844923,0.05078928160831525,,0.1624759449857666,
World,2025-05-05,2023-2026,0.0059585453274558,,3,0.034171426939328356,0.017548719661074588,0.050794134217582124,,0.1717928506173394,
World,2025-05-12,2023-2026,0.0054675123435963,,3,0.03422204027546444,0.01760218043740447,0.05084190011352441,,0.263455733220918,
World,2025-05-19,2023-2026,0.0047017044257636,,3,0.03428869399885495,0.01767251674353512,0.05090487125417478,,0.3841684324551079,
World,2025-05-26,2023-2026,0.0051214994637782,,3,0.03446151519342931,0.017854529696612245,0.05106850069024638,,0.6971548917370454,
World,2025-06-02,2023-2026,0.0058491441963369,,3,0.03471789868566238,0.018123599909536502,0.05131219746178825,,1.161476190117075,
World,2025-06-09,2023-2026,0.0055896345364733,,3,0.03504998864742949,0.018470432902974794,0.051629544391884184,,1.7629050921250289,
World,2025-06-16,2023-2026,0.005681226181131,,3,0.03527512021683352,0.018704471964439497,0.051845768469227546,,2.170627842531282,
World,2025-06-23,2023-2026,0.0047907518580697,,3,0.03507945924156363,0.018501119539165417,0.051657798943961844,,1.8162775788369712,
World,2025-06-30,2023-2026,0.0048874319274307,,3,0.03480653805106821,0.018216361174857875,0.05139671492727854,,1.3220058126538627,
World,2025-07-07,2023-2026,0.004564316958777,,3,0.034576916634259706,0.017975782086566364,0.05117805118195305,,0.906151759571884,
World,2025-07-14,2023-2026,0.00471188127517,,3,0.034401301226141,0.01779117160212749,0.0510114308501545,,0.5881048619226066,
World,2025-07-21,2023-2026,0.0047220581245764,,3,0.034369953774643816,0.017758162568770403,0.05098174498051723,,0.5313333075089214,
World,2025-07-28,2023-2026,0.0054446144324319,,3,0.034280496796224885,0.017663870775254144,0.05089712281719563,,0.3693229533835,
World,2025-08-04,2023-2026,0.0058567768333917,,3,0.034243022866463906,0.017624330554697407,0.050861715178230404,,0.3014560889044709,
World,2025-08-11,2023-2026,0.0064444898866122,,3,0.0342251533861805,0.017605467248525186,0.05084483952383581,,0.2690937077920716,
World,2025-08-18,2023-2026,0.0074927053754729,,3,0.03422850812823375,0.017609008986410737,0.050848007270056755,,0.2751692868877012,
World,2025-08-25,2023-2026,0.008268690142712,,3,0.03425270497795083,0.017634548848728376,0.05087086110717329,,0.3189908004317236,
World,2025-09-01,2023-2026,0.0096527416619844,,3,0.034288738953522316,0.017672564156108784,0.05090491375093585,,0.3842498472503589,
World,2025-09-08,2023-2026,0.0101132440976247,,3,0.03434535233292024,0.017732245256927754,0.050958459408912735,,0.486779060807637,
World,2025-09-15,2023-2026,0.0101514072828988,,3,0.03436561002990827,0.017753587246190656,0.050977632813625884,,0.5234666029177627,
World,2025-09-22,2023-2026,0.0106271749926487,,3,0.03441224487798123,0.017802691336134668,0.05102179841982779,,0.6079242761415997,
World,2025-09-29,2023-2026,0.0100496387888346,,3,0.034454686298487636,0.017847347368665348,0.051062025228309924,,0.6847874754958996,
World,2025-10-06,2023-2026,0.0080905952780998,,3,0.03448265091126459,0.017876754205981768,0.05108854761654741,,0.7354325665669229,
World,2025-10-13,2023-2026,0.0069406112951749,,3,0.03447953920538188,0.01787348268661474,0.05108559572414902,,0.7297971362081208,
World,2025-10-20,2023-2026,0.0064673877977766,,3,0.03445372117797237,0.017846332232954752,0.05106111012298999,,0.6830396016103476,
World,2025-10-27,2023-2026,0.0060297832733007,,3,0.034449950605245916,0.017842366104783555,0.05105753510570828,,0.6762109356586433,
World,2025-11-03,2023-2026,0.0053224922395549,,3,0.03440197976065172,0.017791885915260406,0.05101207360604304,,0.5893337164884314,
World,2025-11-10,2023-2026,0.0048772550780243,,3,0.0343738704500392,0.017762287774852604,0.0509854531252258,,0.5384265715451926,
World,2025-11-17,2023-2026,0.0050986015526138,,3,0.03432210655538487,0.017707746536944895,0.05093646657382484,,0.4446799790256505,
World,2025-11-24,2023-2026,0.0045490516846674,,3,0.03429907852701965,0.01768346812339381,0.050914688930645484,,0.4029752501581623,
World,2025-12-01,2023-2026,0.0048874319274307,,3,0.03427189921608863,0.017654801266972907,0.05088899716520435,,0.3537523737916853,
World,2025-12-08,2023-2026,0.0052995943283905,,3,0.03424795804604216,0.017629539239660583,0.050866376852423734,,0.3103939068956547,
World,2025-12-15,2023-2026,0.0062282318367258,,3,0.03424199031394748,0.017623240725554323,0.050860739902340635,,0.2995860928260421,
World,2025-12-22,2023-2026,0.0068999038975492,,3,0.03424829099154742,0.017629890621754594,0.05086669136134025,,0.3109968852229848,
World,2025-12-29,2023-2026,0.0085332882272788,,3,0.03423964143257691,0.01762076148123359,0.05085852138392023,,0.2953321697741607,
World,2026-01-05,2023-2026,0.0104058285180591,,3,0.03421420411500685,0.01759390630895308,0.05083450192106062,,0.2492641167236722,
World,2026-01-12,2023-2026,0.0102124683793373,,3,0.034173157694022474,0.01755054851360304,0.05079576687444191,,0.1749273202345149,
World,2026-01-19,2023-2026,0.0092176813498602,,3,0.0341624219575189,0.01753920345236178,0.05078564046267603,,0.1554844494435594,
World,2026-01-26,2023-2026,0.0087241041536491,,3,0.03420429301568293,0.017583439758402243,0.05082514627296362,,0.2313146985831081,
World,2026-02-02,2023-2026,0.0086070703854753,,3,0.034195966568384195,0.017574645362495242,0.05081728777427315,,0.2162351519751529,
World,2026-02-09,2023-2026,0.0073527736961347,,3,0.034196178698220926,0.017574869428896158,0.05081748796754569,,0.216619328040245,
World,2026-02-16,2023-2026,0.0073934810937603,,3,0.03420051963328976,0.017579454458708243,0.05082158480787127,,0.2244809442067005,
World,2026-02-23,2023-2026,0.0068388428011107,,3,0.03420298652066227,0.01758205991691656,0.050823913124407975,,0.2289485810961166,
World,2026-03-02,2023-2026,0.0062231434120226,,3,0.03420937289309687,0.01758880454034924,0.0508299412458445,,0.2405145704465071,
World,2026-03-09,2023-2026,0.0051316763131846,,3,0.03420222229131679,0.017581252770216306,0.05082319181241727,,0.2275645295768442,
World,2026-03-16,2023-2026,0.004564316958777,,3,0.03419177876015115,0.017570221747405412,0.050813335772896887,,0.2086508549550221,
World,2026-03-23,2023-2026,0.0039791481179082,,3,0.034187956208590525,0.017566183692410697,0.05080972872477035,,0.2017280531463084,
World,2026-03-30,2023-2026,0.0035440878057839,,3,0.03416802583777442,0.01754512563759449,0.05079092603795435,,0.1656333125141065,
World,2026-04-06,2023-2026,0.0029029462931798,,3,0.03415180703668384,0.017527984114693817,0.050775629958673865,,0.1362603809148417,
World,2026-04-13,2023-2026,0.0027223072162159,,3,0.03413570624159514,0.017510962836413162,0.05076044964677712,,0.1071011631531115,
World,2026-04-20,2023-2026,0.0021829341976759,,3,0.03412200490187783,0.017496474679558935,0.05074753512419672,,0.0822874600879204,
World,2026-04-27,2023-2026,0.0016486496038391,,3,0.03411331319790664,0.017487282169968716,0.05073934422584457,,0.0665464182685482,
World,2020-01-27,2020-2022,0.0030657758836824,,4,0.7033186280605519,0.5138044329567768,0.892832823164327,,,0.0002804994117643
World,2020-02-03,2020-2022,0.0082050848339219,,4,0.7033185966284057,0.5138043816619653,0.8928328115948461,,,0.0002505201095545
World,2020-02-10,2020-2022,0.0127897554915118,,4,0.7033192809333477,0.513805498392932,0.8928330634737635,,,0.0009031953848193
World,2020-02-17,2020-2022,0.0148225811604432,,4,0.7033325117773428,0.5138270895221403,0.8928379340325453,,,0.0135224886487737
World,2020-02-24,2020-2022,0.010746752973174,,4,0.7034566443026061,0.5140296076974245,0.8928836809077878,,,0.1319174104306526
World,2020-03-02,2020-2022,0.0089200085047226,,4,0.7036841854767222,0.5144005940041625,0.8929677769492819,,,0.3489412682348011
World,2020-03-09,2020-2022,0.0257652384846908,,4,0.703836676288782,0.5146490432583084,0.8930243093192556,,,0.4943837115265791
World,2020-03-16,2020-2022,0.0873784290034779,,4,0.7036825529612938,0.5143979334343061,0.8929671724882815,,,0.3473842102756196
World,2020-03-23,2020-2022,0.245628437273229,,4,0.7034470439381831,0.5140139483065798,0.8928801395697865,,,0.1227607901772308
World,2020-03-30,2020-2022,0.5180347095470872,,4,0.7035745668672202,0.5142219090476783,0.8929272246867621,,,0.244389405857998
World,2020-04-06,2020-2022,0.7841644099495391,,4,0.703934275103316,0.5148079850712821,0.8930605651353498,,,0.5874713530470558
World,2020-04-13,2020-2022,0.8939013770989105,,4,0.705150299034318,0.5167834823988122,0.8935171156698238,,,1.7472887167108837
World,2020-04-20,2020-2022,0.8621877701361702,,4,0.7079449787221394,0.5212892784031878,0.8946006790410909,,,4.412793847964954
World,2020-04-27,2020-2022,0.7656730745780832,,4,0.7112868098268393,0.5266129311866269,0.8959606884670518,,,7.600160184142924
World,2020-05-04,2020-2022,0.7215895071618457,,4,0.7128756501325241,0.529118829952421,0.8966324703126272,,,9.11556175449159
World,2020-05-11,2020-2022,0.6738041107740248,,4,0.7131169663224446,0.5294979880410225,0.8967359446038666,,,9.34572392487942
World,2020-05-18,2020-2022,0.6304456438779942,,4,0.7131866416541278,0.529607391320513,0.8967658919877426,,,9.412178751503308
World,2020-05-25,2020-2022,0.6056751924227805,,4,0.7136118719105963,0.5302743890702398,0.8969493547509527,,,9.817754186684809
World,2020-06-01,2020-2022,0.6135469854386423,,4,0.7139783769592926,0.5308483147145336,0.8971084392040515,,,10.167318786945753
World,2020-06-08,2020-2022,0.6300258488399796,,4,0.7144612414124052,0.531603092656677,0.8973193901681333,,,10.627864474196002
World,2020-06-15,2020-2022,0.6512471240647061,,4,0.7155906833405064,0.5333624782612196,0.8978188884197931,,,11.705101793351476
World,2020-06-22,2020-2022,0.6508553153625591,,4,0.7165871392814047,0.5349075824959955,0.898266696066814,,,12.6554999499301
World,2020-06-29,2020-2022,0.6555417545142133,,4,0.7183388496761622,0.53760740669042,0.8990702926619045,,,14.326243493830631
World,2020-07-06,2020-2022,0.6719849989426281,,4,0.7194854463538061,0.539363161345116,0.8996077313624962,,,15.419842642619273
World,2020-07-13,2020-2022,0.726576163370989,,4,0.7213096302970514,0.5421375751063079,0.900481685487795,,,17.159709891900526
World,2020-07-20,2020-2022,0.7829940722678013,,4,0.7237755475191775,0.5458504993809868,0.9017005956573682,,,19.511648483456497
World,2020-07-27,2020-2022,0.7998393022477696,,4,0.7267446209343899,0.550262628887344,0.9032266129814357,,,22.343486585621356
World,2020-08-03,2020-2022,0.8102196886423128,,4,0.7290805824593894,0.553688124534039,0.9044730403847399,,,24.5714762398319
World,2020-08-10,2020-2022,0.8021112838777517,,4,0.7315972597078018,0.5573325317412051,0.9058619876743984,,,26.971828648226538
World,2020-08-17,2020-2022,0.7755369858652508,,4,0.7340808705162623,0.5608812946391604,0.9072804463933641,,,29.340643000310685
World,2020-08-24,2020-2022,0.7489067151810147,,4,0.7369229358316495,0.564882896475721,0.908962975187578,,,32.05134351977865
World,2020-08-31,2020-2022,0.7214088680848818,,4,0.7376245760247315,0.5658609096356517,0.9093882424138113,,,32.720552783045676
World,2020-09-07,2020-2022,0.7795695624425427,,4,0.7380025540290776,0.5663861335888165,0.9096189744693386,,,33.08106004063087
World,2020-09-14,2020-2022,0.6868457432883454,,4,0.737907406655195,0.5662540286488887,0.9095607846615014,,,32.99031053026151
World,2020-09-21,2020-2022,0.6774245249503569,,4,0.7375660695526868,0.5657795086015843,0.9093526305037892,,,32.66475057353795
World,2020-09-28,2020-2022,0.6713464016423755,,4,0.7392275034447585,0.5680803546899073,0.9103746521996098,,,34.24939033882316
World,2020-10-05,2020-2022,0.6692550590893572,,4,0.7398617570287677,0.5689528058180309,0.9107707082395045,,,34.85432770966397
World,2020-10-12,2020-2022,0.6661740179315652,,4,0.7412759581962454,0.5708862866012171,0.9116656297912736,,,36.2031622415655
World,2020-10-19,2020-2022,0.7149465687118084,,4,0.7425936995754766,0.5726730788806523,0.9125143202703009,,,37.45999551062068
World,2020-10-26,2020-2022,0.8048615774298352,,4,0.7427242421245545,0.57284930566641,0.9125991785826989,,,37.58450417468346
World,2020-11-02,2020-2022,0.946754844491126,,4,0.7445905166902589,0.5753531668956432,0.9138278664848746,,,39.36451655066067
World,2020-11-09,2020-2022,1.105203301324302,,4,0.7489522831489306,0.5810904467109814,0.9168141195868797,,,43.52467520053608
World,2020-11-16,2020-2022,1.2327904623325254,,4,0.7550915281380436,0.5888875217217091,0.9212955345543781,,,49.38015448562851
World,2020-11-23,2020-2022,1.3542613368474932,,4,0.7645504505706916,0.6002439340211194,0.9288569671202638,,,58.40187042331885
World,2020-11-30,2020-2022,1.3724041151267792,,4,0.7728349888857974,0.6095172860072895,0.9361526917643053,,,66.30348415215389
World,2020-12-07,2020-2022,1.437686059856579,,4,0.778223023364498,0.61520493393727,0.941241112791726,,,71.44247507584944
World,2020-12-14,2020-2022,1.5012201307008268,,4,0.7803319585445934,0.6173569232123044,0.9433069938768823,,,73.45393190523968
World,2020-12-21,2020-2022,1.5273466473394457,,4,0.7801504985862059,0.6171734030343123,0.9431275941380994,,,73.2808593158095
World,2020-12-28,2020-2022,1.474958770807573,,4,0.7794331521008975,0.6164448805490019,0.942421423652793,,,72.59666973021622
World,2021-01-04,2020-2022,1.5764499457253969,,4,0.7839708727796492,0.6209717786397857,0.9469699669195126,,,76.92464971522813
World,2021-01-11,2020-2022,1.7534838737870384,,4,0.786398804675467,0.6233144232024506,0.9494831861484834,,,79.24035872289724
World,2021-01-18,2020-2022,1.8216789416594243,,4,0.7864494820089785,0.6233627305537799,0.949536233464177,,,79.28869366915303
World,2021-01-25,2020-2022,1.8313927444178475,,4,0.7791917878958173,0.6161986680928045,0.9421849076988301,,,72.36646176400608
World,2021-02-01,2020-2022,1.698050575070297,,4,0.7888163839693605,0.6255921098556984,0.9520406580830226,,,81.5461936424298
World,2021-02-08,2020-2022,1.505751372899033,,4,0.7969275875580968,0.6328354752994039,0.9610196998167897,,,89.28248445265764
World,2021-02-15,2020-2022,1.3573601874917465,,4,0.7875649782007074,0.6244199568704218,0.9507099995309929,,,80.3526298461343
World,2021-02-22,2020-2022,1.172192412542028,,4,0.7771406549654251,0.6140842370637201,0.9401970728671301,,,70.41013547206272
World,2021-03-01,2020-2022,1.1082589003585783,,4,0.7683186936382893,0.604540821099588,0.9320965661769907,,,61.99593928075007
World,2021-03-08,2020-2022,1.0719173711282708,,4,0.7583563295891058,0.5928984399053165,0.9238142192728951,,,52.49405160172922
World,2021-03-15,2020-2022,1.099433027710865,,4,0.7513685713685311,0.5841984999141906,0.9185386428228716,,,45.829278721290464
World,2021-03-22,2020-2022,1.196018961214797,,4,0.7510172897929556,0.5837497950476581,0.918284784538253,,,45.494233940920125
World,2021-03-29,2020-2022,1.275260999117846,,4,0.7536115301967796,0.5870380829124565,0.9201849774811027,,,47.96856441186234
World,2021-04-05,2020-2022,1.3546938529472656,,4,0.756245620515612,0.5903162305677482,0.9221750104634757,,,50.48090287112516
World,2021-04-12,2020-2022,1.5169509956707927,,4,0.7612151201851077,0.5963319427193503,0.9260982976508652,,,55.22070433264174
World,2021-04-19,2020-2022,1.597419343927315,,4,0.7699463275254698,0.6063561724879925,0.9335364825629471,,,63.54834133132812
World,2021-04-26,2020-2022,1.6872147746648165,,4,0.77807513133773,0.6150524539899732,0.9410978086854868,,,71.30141885465183
World,2021-05-03,2020-2022,1.6803784760760574,,4,0.7835029010285575,0.6205138781873232,0.9464919238697918,,,76.47830836553688
World,2021-05-10,2020-2022,1.617879899658912,,4,0.796534855562191,0.6324988190476138,0.960570892076768,,,88.90790515655574
World,2021-05-17,2020-2022,1.5578415765857676,,4,0.8070367873005357,0.6410169579854821,0.9730566166155894,,,98.92442084478488
World,2021-05-24,2020-2022,1.4551393565885804,,4,0.8105627405374756,0.643654888047849,0.9774705930271022,,,102.28739889431996
World,2021-05-31,2020-2022,1.3126609206864208,,4,0.8080188093509388,0.641762693716194,0.9742749249856837,,,99.86105226832898
World,2021-06-07,2020-2022,1.2212931667156284,,4,0.8003105356445182,0.6356767130886981,0.9649443582003382,,,92.50906727802324
World,2021-06-14,2020-2022,1.227322949988929,,4,0.786962294584174,0.6238502050648573,0.9500743841034907,,,79.77780322847472
World,2021-06-21,2020-2022,1.029472276466466,,4,0.7757740448236963,0.6126535204783874,0.9388945691690052,,,69.10669223272616
World,2021-06-28,2020-2022,0.9730620002067084,,4,0.7640883553416403,0.5997080144422458,0.9284686962410349,,,57.96113397343819
World,2021-07-05,2020-2022,0.965900042436944,,4,0.7550774650312811,0.5888700393432533,0.921284890719309,,,49.366741398110854
World,2021-07-12,2020-2022,0.9976009283379264,,4,0.7517725015666729,0.5847131255528967,0.918831877580449,,,46.2145386208444
World,2021-07-19,2020-2022,1.157451246176836,,4,0.7512789510730271,0.584084126716449,0.9184737754296052,,,45.743800818913634
World,2021-07-26,2020-2022,1.169900077213233,,4,0.753525943174687,0.5869305400719895,0.9201213462773845,,,47.88693335856113
World,2021-08-02,2020-2022,1.1909127270251283,,4,0.7582751226165778,0.5927998310030355,0.9237504142301202,,,52.41659814510935
World,2021-08-09,2020-2022,1.2383673758072409,,4,0.7679142459434267,0.6040859163599179,0.9317425755269355,,,61.610185803999926
World,2021-08-16,2020-2022,1.24742477177895,,4,0.7715609679769447,0.608132692804721,0.9349892431491684,,,65.0883505235415
World,2021-08-23,2020-2022,1.2709994434289098,,4,0.7777866589260064,0.6147544411793252,0.9408188766726876,,,71.02628009831236
World,2021-08-30,2020-2022,1.2291420618203257,,4,0.783829585504843,0.6208337489933715,0.9468254220163146,,,76.78989296381307
World,2021-09-06,2020-2022,1.1598173636638276,,4,0.7873402112358161,0.6242078699022087,0.9504725525694235,,,80.13825196917583
World,2021-09-13,2020-2022,1.0930012588860107,,4,0.7886758782746534,0.6254612335481985,0.9518905230011082,,,81.41218234523379
World,2021-09-20,2020-2022,1.0252692376616168,,4,0.7887416670459131,0.6255225365763595,0.9519607975154667,,,81.47493025446138
World,2021-09-27,2020-2022,0.9510927265506104,,4,0.7869439661307286,0.6238328247369381,0.950055107524519,,,79.76032194540686
World,2021-10-04,2020-2022,0.8753235385075001,,4,0.7808561267050484,0.6178853033100375,0.9438269501000593,,,73.95387217654218
World,2021-10-11,2020-2022,0.8388471660225577,,4,0.774306320090743,0.6110974381117494,0.9375152020697365,,,67.70680807998971
World,2021-10-18,2020-2022,0.8339826320062914,,4,0.7714441124158786,0.6080049369414128,0.9348832878903445,,,64.97689621305479
World,2021-10-25,2020-2022,0.8862382094958801,,4,0.7633484337287656,0.5988458082328306,0.9278510592247006,,,57.255412718713295
World,2021-11-01,2020-2022,0.8791780202201798,,4,0.7593471624213063,0.5940968205155366,0.924597504327076,,,53.43908655867067
World,2021-11-08,2020-2022,0.8825491015860548,,4,0.7574192017129842,0.5917568942174544,0.923081509208514,,,51.600239272062616
World,2021-11-15,2020-2022,0.9317770663772348,,4,0.7575084725648261,0.5918659772521028,0.9231509678775495,,,51.685383882621394
World,2021-11-22,2020-2022,0.9500267015752883,,4,0.7595105046594491,0.5942935282290629,0.9247274810898354,,,53.59487885780877
World,2021-11-29,2020-2022,0.9084873465106544,,4,0.7618069603780846,0.5970335137904568,0.9265804069657124,,,55.785188727092056
World,2021-12-06,2020-2022,0.9418038072549052,,4,0.764655505072517,0.6003654987160726,0.9289455114289614,,,58.50206913836206
World,2021-12-13,2020-2022,0.8719066613192964,,4,0.771081960741658,0.6076081950399772,0.9345557264433388,,,64.63148376735167
World,2021-12-20,2020-2022,0.8433529660972479,,4,0.7771997936370719,0.6141457541292905,0.9402538331448533,,,70.46654065989777
World,2021-12-27,2020-2022,0.8005949333161959,,4,0.7793810769927383,0.6163918057533743,0.9423703482321023,,,72.54700161668822
World,2022-01-03,2020-2022,0.7688686052916976,,4,0.784317080753354,0.6213092109293407,0.9473249505773674,,,77.25485540370572
World,2022-01-10,2020-2022,0.8785190692211143,,4,0.7867188683947374,0.6236191142100257,0.949818622579449,,,79.54562858611678
World,2022-01-17,2020-2022,0.9903193925876363,,4,0.8007825353340036,0.6360648070404373,0.9655002636275698,,,92.9592503883654
World,2022-01-24,2020-2022,1.135329319779642,,4,0.8457973370339564,0.6643972424245885,1.0271974316433243,,,135.8933960926078
World,2022-01-31,2020-2022,1.2965306143772533,,4,0.9497953239562936,0.6852204355182399,1.2143702123943474,,,235.08443003814196
World,2022-02-07,2020-2022,1.3659367273290024,,4,1.0569101696202565,0.6789321130809554,1.4348882261595577,,,337.24825653854447
World,2022-02-14,2020-2022,1.2892719765381278,,4,1.1111646138537117,0.6716249570824814,1.550704270624942,,,388.994973748326
World,2022-02-21,2020-2022,1.1596443572239186,,4,1.1460874105734014,0.6661249331986,1.6260498879482026,,,422.3035830532596
World,2022-02-28,2020-2022,1.0077930430184507,,4,1.1126630656213379,0.6713999188988051,1.5539262123438706,,,390.4241646831406
World,2022-03-07,2020-2022,0.8369771699441291,,4,1.0441454141151085,0.6803627610793406,1.4079280671508765,,,325.07350841036106
World,2022-03-14,2020-2022,0.7041998157386342,,4,0.9746673100351987,0.6852122569071819,1.2641223631632155,,,258.8067932151126
World,2022-03-21,2020-2022,0.79746046369902,,4,0.92965160138223,0.68424193403615,1.17506126872831,,,215.87178247867064
World,2022-03-28,2020-2022,0.5931449465911321,,4,0.9059877887557227,0.6816377422008333,1.1303378353106122,,,193.30174904841303
World,2022-04-04,2020-2022,0.4357116304862458,,4,0.9108086441609491,0.6823154828843441,1.139301805437554,,,197.89977682084887
World,2022-04-11,2020-2022,0.3777137657190875,,4,0.9317003442246748,0.684388488065154,1.1790122003841956,,,217.82582915634697
World,2022-04-18,2020-2022,0.3169528863380876,,4,0.9195495478960536,0.6833449464322654,1.1557541493598418,,,206.23666203143333
World,2022-04-25,2020-2022,0.3029978815895413,,4,0.8959389067238511,0.6799501180693948,1.1119276953783075,,,183.7173423859803
World,2022-05-02,2020-2022,0.2528997961741125,,4,0.8567151067300386,0.6689853935159651,1.044444819944112,,,146.30652904432844
World,2022-05-09,2020-2022,0.212904778006902,,4,0.8253920918902824,0.653581487377376,0.9972026964031888,,,116.43131395418524
World,2022-05-16,2020-2022,0.1947416460288031,,4,0.7998821310524945,0.6353227050126126,0.9644415570923764,,,92.10046423014332
World,2022-05-23,2020-2022,0.1839058456233229,,4,0.7862150933395932,0.6231391012536034,0.9492910854255829,,,79.0651388182423
World,2022-05-30,2020-2022,0.1748713475627781,,4,0.7740093329907065,0.6107801172893484,0.9372385486920646,,,67.4235481978239
World,2022-06-06,2020-2022,0.1661625086832386,,4,0.7745596534081226,0.6113674635852443,0.9377518432310009,,,67.94843192702152
World,2022-06-13,2020-2022,0.1632977255753328,,4,0.7770216787348073,0.6139603764409785,0.9400829810286362,,,70.2966585127565
World,2022-06-20,2020-2022,0.1702663232063754,,4,0.7715676500866641,0.6081399943732926,0.9349953058000355,,,65.09472377548227
World,2022-06-27,2020-2022,0.1935814851964718,,4,0.7646022189153308,0.6003038508543067,0.9289005869763548,,,58.45124595242642
World,2022-07-04,2020-2022,0.2091062689659577,,4,0.7658811907206461,0.6017763162328368,0.9299860652084554,,,59.67110163916339
World,2022-07-11,2020-2022,0.2394434570464804,,4,0.7700640526944276,0.6064865207358571,0.9336415846529981,,,63.66062505504145
World,2022-07-18,2020-2022,0.2778508867062901,,4,0.7781381912474157,0.6151174952838971,0.9411588872109342,,,71.36156403464375
World,2022-07-25,2020-2022,0.3083509043773155,,4,0.7949899891402274,0.6311607170756465,0.9588192612048084,,,87.43444492682325
World,2022-08-01,2020-2022,0.3112843812187145,,4,0.812136736156299,0.644797220674669,0.979476251637929,,,103.78864192293192
World,2022-08-08,2020-2022,0.3098901528500357,,4,0.8294770429509921,0.6559986155007815,1.0029554704012027,,,120.32745205569768
World,2022-08-15,2020-2022,0.3004256829020699,,4,0.8370234335466218,0.6601246817774256,1.013922185315818,,,127.52503643102166
World,2022-08-22,2020-2022,0.2797793996688058,,4,0.8407591170009528,0.6620106474763913,1.0195075865255145,,,131.0880506324892
World,2022-08-29,2020-2022,0.2608911671704997,,4,0.8367188547163414,0.6599664322427747,1.0134712771899081,,,127.2345357205032
World,2022-09-05,2020-2022,0.2264603414162466,,4,0.8250713879688831,0.6533861005350458,0.9967566754027205,,,116.12543348000132
World,2022-09-12,2020-2022,0.195583780317184,,4,0.8061429931060066,0.6403307645223609,0.9719552216896522,,,98.07193924477006
World,2022-09-19,2020-2022,0.180682328573841,,4,0.8016479952493161,0.6367711474606056,0.9665248430380265,,,93.78470736478148
World,2022-09-26,2020-2022,0.1776623485124874,,4,0.7875951717336064,0.6244484109781478,0.9507419324890649,,,80.3814277857421
World,2022-10-03,2020-2022,0.1887678354272376,,4,0.7726283049635356,0.6092936940094872,0.9359629159175841,,,66.10635349072693
World,2022-10-10,2020-2022,0.1939732938986188,,4,0.7657388204372388,0.6016131513258205,0.9298644895486572,,,59.5353119375336
World,2022-10-17,2020-2022,0.1979448093794722,,4,0.7625014409773597,0.5978526904058064,0.9271501915489131,,,56.447569324407375
World,2022-10-24,2020-2022,0.2114342232676751,,4,0.7599311654732233,0.5947990071364428,0.9250633238100037,,,53.996096057231966
World,2022-10-31,2020-2022,0.2111085640866698,,4,0.7617123358359407,0.596921559171875,0.9265031125000064,,,55.69493788234361
World,2022-11-07,2020-2022,0.1801709418911687,,4,0.7628530666615795,0.5982657746763802,0.9274403586467788,,,56.78294230817108
World,2022-11-14,2020-2022,0.1681164637692702,,4,0.7613472472344543,0.5964888429931573,0.9262056514757514,,,55.34672425884138
World,2022-11-21,2020-2022,0.1733957043988479,,4,0.7556394904776186,0.5895673479382182,0.921711633017019,,,49.9027891311073
World,2022-11-28,2020-2022,0.1816669387539116,,4,0.7503048942041098,0.5828365321387975,0.9177732562694222,,,44.81476641345142
World,2022-12-05,2020-2022,0.2017560394821746,,4,0.748335021596423,0.5802883844829569,0.916381658709889,,,42.935944462374984
World,2022-12-12,2020-2022,0.2410717529515068,,4,0.7522637766752525,0.5853371123389799,0.919190441011525,,,46.68310620963926
World,2022-12-19,2020-2022,0.3061806912413974,,4,0.7552938613533385,0.5891388556036159,0.9214488671030612,,,49.57313553671001
World,2022-12-26,2020-2022,0.4599910489576001,,4,0.7613456147190258,0.5964869053561196,0.9262043240819321,,,55.345167200882194
World,2023-01-02,2023-2026,0.6119822948424061,,4,0.07397743222329478,0.047091375310075394,0.10086348913651416,,,64.7974045758615
World,2023-01-09,2023-2026,0.2304776527194289,,4,0.13853300913295682,0.07362736201030934,0.2034386562556043,,,165.9918098439325
World,2023-01-16,2023-2026,0.1842213279549218,,4,0.39720199180153726,0.17106755433079873,0.6233364292722758,,,571.4696185090766
World,2023-01-23,2023-2026,0.1630560254019304,,4,0.4644740530099741,0.19618480060541654,0.7327633054145316,,,676.9222618131772
World,2023-01-30,2023-2026,0.904253777157586,,4,0.22285949070132657,0.10573644910002301,0.33998253230263015,,,298.1781918601843
World,2023-02-06,2023-2026,0.5052958383026075,,4,0.11627768967374424,0.06490923807225887,0.16764614127522962,,,131.10537671860362
World,2023-02-13,2023-2026,0.1625115639586873,,4,0.07135919572104805,0.04585212387685841,0.0968662675652377,,,60.6931753461114
World,2023-02-20,2023-2026,0.1375859155500257,,4,0.05428417891722608,0.03662309519080467,0.07194526264364749,,,33.92715057921844
World,2023-02-27,2023-2026,0.1351867233024634,,4,0.049029464507463094,0.03309487603254224,0.06496405298238395,,,25.690097717098556
World,2023-03-06,2023-2026,0.1203692305667233,,4,0.047611831887249,0.03205581607760288,0.06316784769689511,,,23.46788088071381
World,2023-03-13,2023-2026,0.1176774538987266,,4,0.04606118584181454,0.030870300648123725,0.061252071035505354,,,21.037158209478083
World,2023-03-20,2023-2026,0.1178555487633389,,4,0.04483740487398708,0.029896168449581838,0.059778641298392325,,,19.118814463731827
World,2023-03-27,2023-2026,0.1142860188340388,,4,0.04489972007230696,0.02994662423480896,0.05985281590980497,,,19.216496952759297
World,2023-04-03,2023-2026,0.0948914880777637,,4,0.043802937524100576,0.029044815324595893,0.05856105972360526,,,17.497230190888978
World,2023-04-10,2023-2026,0.1002623203519992,,4,0.042973726965387656,0.028343220358736387,0.05760423357203892,,,16.197397188879346
World,2023-04-17,2023-2026,0.0933751375162079,,4,0.04229767182312158,0.02775824539657648,0.05683709824966668,,,15.13764369700409
World,2023-04-24,2023-2026,0.0921946229850638,,4,0.04159403465032352,0.027136780200600442,0.0560512891000466,,,14.034653860425683
World,2023-05-01,2023-2026,0.0822594737520513,,4,0.04094546415587604,0.02655235856339238,0.055338569748359705,,,13.017984060512488
World,2023-05-08,2023-2026,0.0836206273601593,,4,0.04051974750891803,0.026162628099755978,0.05487686691808008,,,12.350649881748591
World,2023-05-15,2023-2026,0.0927721591888778,,4,0.04096402205496414,0.02656923696365815,0.05535880714627013,,,13.047074584540724
World,2023-05-22,2023-2026,0.0508053764491745,,4,0.04084866249264242,0.026464167746211586,0.05523315723907325,,,12.866242147438138
World,2023-05-29,2023-2026,0.0448112121487962,,4,0.040158757905482304,0.025828319649120433,0.054489196161844174,,,11.784778891566653
World,2023-06-05,2023-2026,0.0420532859596578,,4,0.03949827425909268,0.02520747912031581,0.053789069397869545,,,10.749434572992682
World,2023-06-12,2023-2026,0.0383234706522067,,4,0.038484017068332044,0.024230818183009074,0.05273721595365501,,,9.159530832352004
World,2023-06-19,2023-2026,0.0313116214111869,,4,0.03681020623609489,0.022556948859262287,0.0510634636129275,,,6.535740606814829
World,2023-06-26,2023-2026,0.0255184498865852,,4,0.03628978165424186,0.022020732312082673,0.05055883099640105,,,5.719946548910153
World,2023-07-03,2023-2026,0.0203282566893136,,4,0.0357116724220921,0.021416347065772744,0.05000699777841145,,,4.813728639817128
World,2023-07-10,2023-2026,0.0170055153581192,,4,0.03503256270871497,0.02069469697061935,0.049370428446810596,,,3.749186940296157
World,2023-07-17,2023-2026,0.0185294985567298,,4,0.03504293234464937,0.02070581050725641,0.04938005418204233,,,3.765441913010553
World,2023-07-24,2023-2026,0.0190256199652925,,4,0.03483811377568614,0.020485759079840595,0.049190468471531676,,,3.4443775795122744
World,2023-07-31,2023-2026,0.0258441090675905,,4,0.034767228898584954,0.020409337947076583,0.049125119850093324,,,3.3332616492683336
World,2023-08-07,2023-2026,0.0244295270000988,,4,0.034941177147392984,0.020596629524511932,0.049285724770274035,,,3.6059350638391097
World,2023-08-14,2023-2026,0.0293296799892876,,4,0.03546979486153542,0.02116075933506484,0.049778830388006,,,4.434572305694681
World,2023-08-21,2023-2026,0.0344257373295498,,4,0.036208071065498344,0.021935864741039646,0.05048027738995704,,,5.591860722281017
World,2023-08-28,2023-2026,0.0334818345471048,,4,0.040027836585555324,0.02570620129199423,0.054349471879116415,,,11.579552546436888
World,2023-09-04,2023-2026,0.0396617263491503,,4,0.0345874880013735,0.02021495102866757,0.048960024974079426,,,3.051507940814684
World,2023-09-11,2023-2026,0.040305412074106,,4,0.036593868915178865,0.02233495361320672,0.05085278421715101,,,6.196619998257219
World,2023-09-18,2023-2026,0.0411068389648612,,4,0.03662591269703087,0.0223679168939023,0.05088390850015943,,,6.246850382714932
World,2023-09-25,2023-2026,0.0438825746404608,,4,0.03644167271845934,0.022178003675694884,0.0507053417612238,,,5.958044117622635
World,2023-10-02,2023-2026,0.0473121728904226,,4,0.03519425534303854,0.020867657125131594,0.04952085356094549,,,4.002649007399975
World,2023-10-09,2023-2026,0.0446661920447548,,4,0.033907673886369276,0.01947190118977184,0.048343446582966715,,,1.9858620531331168
World,2023-10-16,2023-2026,0.0554689176896641,,4,0.03409576372821162,0.019678722927961967,0.04851280452846127,,,2.280703189923416
World,2023-10-23,2023-2026,0.059046080256019,,4,0.03439303419920896,0.020003672947859534,0.04878239545055838,,,2.746690947393746
World,2023-10-30,2023-2026,0.04714934329992,,4,0.034549393506927394,0.020173640642507436,0.04892514637134735,,,2.9917927327101927
World,2023-11-06,2023-2026,0.0485130411203796,,4,0.03442340299839012,0.020036736211825293,0.048810069784954946,,,2.794295704704603
World,2023-11-13,2023-2026,0.0489430130078006,,4,0.03431817448435492,0.019922065683332667,0.04871428328537716,,,2.629344241100728
World,2023-11-20,2023-2026,0.0482738851593288,,4,0.03429391158130538,0.019895583595223074,0.04869223956738769,,,2.5913108106566045
World,2023-11-27,2023-2026,0.0569394724288911,,4,0.034856191253388014,0.02050522671214354,0.04920715579463249,,,3.4727150166844374
World,2023-12-04,2023-2026,0.0606998182845614,,4,0.03458569615944657,0.02021300879701711,0.04895838352187604,,,3.0486991303785147
World,2023-12-11,2023-2026,0.0630837452580141,,4,0.03494513575469361,0.020600882263738914,0.0492893892456483,,,3.612140397764673
World,2023-12-18,2023-2026,0.0633559759796357,,4,0.03530303345697812,0.02098361565481106,0.049622451259145176,,,4.173164663416808
World,2023-12-25,2023-2026,0.067006920704187,,4,0.03581396647036292,0.021523957986953765,0.05010397495377207,,,4.974080167489307
World,2024-01-01,2023-2026,0.0737363623741788,,4,0.03635072700239283,0.02208391276050638,0.05061754124427928,,,5.815481722712875
World,2024-01-08,2023-2026,0.0721513180791297,,4,0.03689864434729074,0.02264732798158251,0.05114996071299897,,,6.674372193641366
World,2024-01-15,2023-2026,0.0649613739734976,,4,0.03669551212231487,0.02243941593047533,0.05095160831415442,,,6.355951296776403
World,2024-01-22,2023-2026,0.0545377359689772,,4,0.03570766999257037,0.021412130782088035,0.050003209203052706,,,4.807454612158076
World,2024-01-29,2023-2026,0.0451419597545047,,4,0.035110658775745186,0.0207783237734516,0.04944299377803878,,,3.871606806018275
World,2024-02-05,2023-2026,0.0408956693396781,,4,0.03469047671300002,0.020326438259177956,0.04905451516682208,,,3.212948391373347
World,2024-02-12,2023-2026,0.033436038724776,,4,0.03424705588874156,0.01984439767799483,0.04864971409948829,,,2.5178619442781573
World,2024-02-19,2023-2026,0.0316779879898178,,4,0.03400490727963243,0.019578935669974852,0.048430878889290006,,,2.138280726692993
World,2024-02-26,2023-2026,0.0304516776363448,,4,0.03380348249823197,0.019356928555153256,0.04825003644131069,,,1.822536341221917
World,2024-03-04,2023-2026,0.026887236131748,,4,0.03367487564079411,0.01921461726358485,0.04813513401800337,,,1.6209380429055416
World,2024-03-11,2023-2026,0.0243888196024732,,4,0.03354845664831789,0.01907430083130858,0.0480226124653272,,,1.4227693428391284
World,2024-03-18,2023-2026,0.022322919172971,,4,0.033497902035689135,0.019018070685032636,0.04797773338634563,,,1.343522216511376
World,2024-03-25,2023-2026,0.0187025049966389,,4,0.03346467018473324,0.018981071388023334,0.04794826898144314,,,1.2914294686122898
World,2024-04-01,2023-2026,0.0164457886407664,,4,0.033339916436656555,0.01884191542358097,0.04783791744973214,,,1.095871130418622
World,2024-04-08,2023-2026,0.0152729067466771,,4,0.03329682458596658,0.018793753908816522,0.04779989526311665,,,1.0283222924835431
World,2024-04-15,2023-2026,0.0130060135413981,,4,0.03323095491860673,0.018720040803954972,0.04774186903325849,,,0.925067978406058
World,2024-04-22,2023-2026,0.0117924242496832,,4,0.03394931960376499,0.019517775563665796,0.04838086364386418,,,2.0511439978629173
World,2024-04-29,2023-2026,0.0109197594130831,,4,0.03310254769573135,0.01857601735158069,0.04762907803988201,,,0.7237826182089301
World,2024-05-06,2023-2026,0.0098791765612772,,4,0.033093554402146695,0.01856591421297219,0.0476211945913212,,,0.7096851375686938
World,2024-05-13,2023-2026,0.0085027576790596,,4,0.03300758494273622,0.018469229084394606,0.04754594080107784,,,0.5749232977289483
World,2024-05-20,2023-2026,0.0096730953607973,,4,0.033029322387417626,0.01849369417054918,0.047564950604286074,,,0.6089979337539768
World,2024-05-27,2023-2026,0.0087571789142199,,4,0.03299810311253917,0.018458553612048276,0.04753765261303007,,,0.5600600091708794
World,2024-06-03,2023-2026,0.0097824964919162,,4,0.03302603734388476,0.018489997704337124,0.0475620769834324,,,0.603848447954331
World,2024-06-10,2023-2026,0.0097875849166194,,4,0.03307617158780051,0.018546380243159046,0.04760596293244197,,,0.6824366232830181
World,2024-06-17,2023-2026,0.0125913069280867,,4,0.03301067359779697,0.0184727060570122,0.04754864113858174,,,0.5797649338340501
World,2024-06-24,2023-2026,0.0124971710710774,,4,0.03303614242344776,0.018501367458978527,0.047570917387916994,,,0.6196887140554157
World,2024-07-01,2023-2026,0.0143569903000997,,4,0.033041365382977736,0.018507243042542622,0.04757548772341285,,,0.6278759894028765
World,2024-07-08,2023-2026,0.0157664839428882,,4,0.03305029700084383,0.01851728904638769,0.04758330495529997,,,0.6418767899737517
World,2024-07-15,2023-2026,0.0186109133519811,,4,0.0330821622477214,0.018553113147693534,0.04761121134774926,,,0.6918273110727876
World,2024-07-22,2023-2026,0.021821709339705,,4,0.033163105136073893,0.018643993132662216,0.047682217139485575,,,0.8187097252596162
World,2024-07-29,2023-2026,0.0234245631212154,,4,0.033223484041441896,0.018711673161198088,0.047735294921685704,,,0.913356968951626
World,2024-08-05,2023-2026,0.0255337151606948,,4,0.0332085163183887,0.018694904397979245,0.04772212823879815,,,0.8898942426451365
World,2024-08-12,2023-2026,0.025230953890854,,4,0.03326400498849751,0.018757040513459854,0.04777096946353517,,,0.9768757745217644
World,2024-08-19,2023-2026,0.0292431767693331,,4,0.03333573709520541,0.018837246523571646,0.047834227666839174,,,1.089319783613242
World,2024-08-26,2023-2026,0.0308002347285145,,4,0.0333627072376882,0.01886736782474819,0.04785804665062821,,,1.131596960259841
World,2024-09-02,2023-2026,0.0290421839935564,,4,0.03337109675844961,0.01887673367485375,0.047865459842045474,,,1.1447479939052805
World,2024-09-09,2023-2026,0.0277853430918641,,4,0.033360520995771796,0.018864926855812786,0.047856115135730806,,,1.1281699062222308
World,2024-09-16,2023-2026,0.0252258654661508,,4,0.03348751454625727,0.019006508703953186,0.04796852038856136,,,1.3272392574611118
World,2024-09-23,2023-2026,0.0245287512818114,,4,0.033534685109594536,0.019058989898316635,0.04801038032087244,,,1.4011817010357706
World,2024-09-30,2023-2026,0.0239842898385682,,4,0.033549203249120745,0.019075130744937913,0.048023275753303576,,,1.423939680520866
World,2024-10-07,2023-2026,0.0213612069040647,,4,0.03361852188758101,0.019152120570678808,0.04808492320448321,,,1.5326004458455087
World,2024-10-14,2023-2026,0.0202926377163912,,4,0.03372663779906935,0.019271947878639138,0.04818132771949956,,,1.702078063222887
World,2024-10-21,2023-2026,0.0183641247538756,,4,0.033765483763454014,0.019314926232043804,0.048216041294864224,,,1.7629712416461705
World,2024-10-28,2023-2026,0.0174660177937595,,4,0.033662368454300116,0.01920075395412421,0.04812398295447602,,,1.6013323425240833
World,2024-11-04,2023-2026,0.0150566486967907,,4,0.03358752821598867,0.019117712634953682,0.04805734379702366,,,1.4840161667792842
World,2024-11-11,2023-2026,0.0141203785514006,,4,0.03341344687747243,0.018923984072902328,0.04790290968204253,,,1.211134126795676
World,2024-11-18,2023-2026,0.0127973881285666,,4,0.033337191343725946,0.018838871171428975,0.047835511516022916,,,1.091599397880279
World,2024-11-25,2023-2026,0.0132477137148005,,4,0.033214687136329246,0.01870181844949874,0.047727555823159754,,,0.8995673380059338
World,2024-12-02,2023-2026,0.0131637547071976,,4,0.03316387770560039,0.018644859724264825,0.047682895686935955,,,0.8199207703389794
World,2024-12-09,2023-2026,0.0131484894330879,,4,0.033171652092222136,0.01865357938969367,0.0476897247947506,,,0.8321075475031611
World,2024-12-16,2023-2026,0.0148836422568817,,4,0.03320615965672381,0.01869226362952501,0.04772005568392262,,,0.8862000463106077
World,2024-12-23,2023-2026,0.015234743561403,,4,0.033229348103835286,0.01871824123865421,0.04774045496901636,,,0.92254920817797
World,2024-12-30,2023-2026,0.0208676297078536,,4,0.03325850773432472,0.01875088829354392,0.04776612717510552,,,0.9682585272868824
World,2025-01-06,2023-2026,0.0241496636414224,,4,0.033253572053799425,0.01874536388150814,0.04776178022609071,,,0.9605215775256556
World,2025-01-13,2023-2026,0.0237146033292982,,4,0.03319270623486437,0.01867718555347533,0.04770822691625341,,,0.8651110701281645
World,2025-01-20,2023-2026,0.0213306763558455,,4,0.03306100747627531,0.018529333114278547,0.04759268183827207,,,0.6586660472819842
World,2025-01-27,2023-2026,0.0198117815819381,,4,0.03309712834772936,0.018569929464777993,0.04762432723068073,,,0.715287493166925
World,2025-02-03,2023-2026,0.018091894032254,,4,0.03318946339050727,0.018673550391090428,0.04770537638992411,,,0.8600277338496601
World,2025-02-10,2023-2026,0.0163084011737798,,4,0.03312898061024505,0.0186057000906001,0.04765226112989,,,0.7652176605671478
World,2025-02-17,2023-2026,0.0157334091823173,,4,0.03307395450802499,0.018543888229417608,0.04760402078663238,,,0.6789612292107271
World,2025-02-24,2023-2026,0.0151711382526129,,4,0.03304576870466965,0.018512196020362626,0.04757934138897668,,,0.6347784375127771
World,2025-03-03,2023-2026,0.0133011421741842,,4,0.03304269952615161,0.018508743776926555,0.04757665527537666,,,0.6299673319558944
World,2025-03-10,2023-2026,0.0109808205095216,,4,0.03309058260634204,0.018562575210067843,0.047618590002616236,,,0.7050266847529072
World,2025-03-17,2023-2026,0.0100292850900218,,4,0.03307788227746639,0.0185483029832026,0.04760746157173019,,,0.6851182231016082
World,2025-03-24,2023-2026,0.0098791765612772,,4,0.03298124941093602,0.018439572472307465,0.04752292634956457,,,0.5336409081118262
World,2025-03-31,2023-2026,0.0087241041536491,,4,0.03290501984591306,0.018353628295341446,0.04745641139648468,,,0.4141468865940544
World,2025-04-07,2023-2026,0.0078056434947201,,4,0.032864347955651664,0.018307711533070273,0.047420984378233055,,,0.3503914692752169
World,2025-04-14,2023-2026,0.0079074119887843,,4,0.03278375889115778,0.01821660347540275,0.047350914306912815,,,0.2240636933810377
World,2025-04-21,2023-2026,0.0072204746538513,,4,0.03276302286537946,0.018193133673425455,0.04733291205733346,,,0.1915588363769487
World,2025-04-28,2023-2026,0.0062842045084611,,4,0.03275260940722396,0.018181343143972836,0.04732387567047508,,,0.1752351699290592
World,2025-05-05,2023-2026,0.0059585453274558,,4,0.03274446983542706,0.01817212524781863,0.04731681442303549,,,0.1624759449857666
World,2025-05-12,2023-2026,0.0054675123435963,,4,0.03275041342703626,0.018178856410568968,0.04732197044350355,,,0.1717928506173394
World,2025-05-19,2023-2026,0.0047017044257636,,4,0.03280888850035684,0.01824503119557099,0.047372745805142696,,,0.263455733220918
World,2025-05-26,2023-2026,0.0051214994637782,,4,0.03288589550404188,0.018332043102892753,0.04743974790519101,,,0.3841684324551079
World,2025-06-02,2023-2026,0.0058491441963369,,4,0.03308556090441988,0.018556932483185656,0.0476141893256541,,,0.6971548917370454
World,2025-06-09,2023-2026,0.0055896345364733,,4,0.033381768280795684,0.018888644424427267,0.0478748921371641,,,1.161476190117075
World,2025-06-16,2023-2026,0.005681226181131,,4,0.03376544156427826,0.019314879565449576,0.04821600356310695,,,1.7629050921250289
World,2025-06-23,2023-2026,0.0047907518580697,,4,0.03402554267660701,0.019601618744967172,0.04844946660824685,,,2.170627842531282
World,2025-06-30,2023-2026,0.0048874319274307,,4,0.03379948980698165,0.019352516988789356,0.048246462625173944,,,1.8162775788369712
World,2025-07-07,2023-2026,0.004564316958777,,4,0.03348417594223201,0.019002792007821713,0.04796555987664231,,,1.3220058126538627
World,2025-07-14,2023-2026,0.00471188127517,,4,0.03321888757736833,0.01870652423588402,0.047731250918852636,,,0.906151759571884
World,2025-07-21,2023-2026,0.0047220581245764,,4,0.03301599394004033,0.01847869471115697,0.04755329316892369,,,0.5881048619226066
World,2025-07-28,2023-2026,0.0054446144324319,,4,0.03297977730891801,0.018437914196582715,0.04752164042125331,,,0.5313333075089214
World,2025-08-04,2023-2026,0.0058567768333917,,4,0.03287642503516147,0.018321350497473125,0.04743149957284982,,,0.3693229533835
World,2025-08-11,2023-2026,0.0064444898866122,,4,0.032833130303818445,0.018272439106438478,0.04739382150119841,,,0.3014560889044709
World,2025-08-18,2023-2026,0.0074927053754729,,4,0.03281248516857257,0.018249098568539027,0.04737587176860611,,,0.2690937077920716
World,2025-08-25,2023-2026,0.008268690142712,,4,0.03281636100056691,0.018253481265390566,0.047379240735743254,,,0.2751692868877012
World,2025-09-01,2023-2026,0.0096527416619844,,4,0.03284431633150044,0.018285080958434313,0.04740355170456656,,,0.3189908004317236
World,2025-09-08,2023-2026,0.0101132440976247,,4,0.032885947441489045,0.01833210173630557,0.04743979314667252,,,0.3842498472503589
World,2025-09-15,2023-2026,0.0101514072828988,,4,0.03295135454096014,0.018405885819319394,0.047496823262600886,,,0.486779060807637
World,2025-09-22,2023-2026,0.0106271749926487,,4,0.032974758853086324,0.0184322606436743,0.04751725706249835,,,0.5234666029177627
World,2025-09-29,2023-2026,0.0100496387888346,,4,0.03302863746233323,0.018492923487823512,0.04756435143684294,,,0.6079242761415997
World,2025-10-06,2023-2026,0.0080905952780998,,4,0.03307767128158728,0.018548065837225167,0.04760727672594939,,,0.6847874754958996
World,2025-10-13,2023-2026,0.0069406112951749,,4,0.03310997961981079,0.018584364843582942,0.047635594396038636,,,0.7354325665669229
World,2025-10-20,2023-2026,0.0064673877977766,,4,0.033106384574640296,0.018580327090530813,0.04763244205874978,,,0.7297971362081208
World,2025-10-27,2023-2026,0.0060297832733007,,4,0.03307655624951858,0.018546812592679943,0.047606299906357216,,,0.6830396016103476
World,2025-11-03,2023-2026,0.0053224922395549,,4,0.03307219999613813,0.018541916054553395,0.04760248393772286,,,0.6762109356586433
World,2025-11-10,2023-2026,0.0048772550780243,,4,0.033016777870883356,0.018479577052798533,0.04755397868896818,,,0.5893337164884314
World,2025-11-17,2023-2026,0.0050986015526138,,4,0.03298430235900183,0.018443011340867642,0.047525593377136015,,,0.5384265715451926
World,2025-11-24,2023-2026,0.0045490516846674,,4,0.03292449801164308,0.01837560308743813,0.04747339293584803,,,0.4446799790256505
World,2025-12-01,2023-2026,0.0048874319274307,,4,0.03289789305433566,0.01834558556302339,0.04745020054564793,,,0.4029752501581623
World,2025-12-08,2023-2026,0.0052995943283905,,4,0.03286649199839219,0.018310133133059764,0.04742285086372462,,,0.3537523737916853
World,2025-12-15,2023-2026,0.0062282318367258,,4,0.03283883206168941,0.018278883334026573,0.047398780789352245,,,0.3103939068956547
World,2025-12-22,2023-2026,0.0068999038975492,,4,0.03283193736557895,0.01827109072005619,0.04739278401110171,,,0.2995860928260421
World,2025-12-29,2023-2026,0.0085332882272788,,4,0.03283921672340748,0.01827931805519069,0.047399115391624266,,,0.3109968852229848
World,2026-01-05,2023-2026,0.0104058285180591,,4,0.03282922363396498,0.01826802323311005,0.04739042403481991,,,0.2953321697741607
World,2026-01-12,2023-2026,0.0102124683793373,,4,0.03279983515409885,0.01823479153416519,0.04736487877403251,,,0.2492641167236722
World,2026-01-19,2023-2026,0.0092176813498602,,4,0.032752413018751945,0.01818112075825341,0.04732370527925048,,,0.1749273202345149
World,2026-01-26,2023-2026,0.0087241041536491,,4,0.03274000970715217,0.018167073519295886,0.04731294589500845,,,0.1554844494435594
World,2026-02-02,2023-2026,0.0086070703854753,,4,0.03278838457004545,0.018221837473555103,0.0473549316665358,,,0.2313146985831081
World,2026-02-09,2023-2026,0.0073527736961347,,4,0.03277876478100438,0.01821095197275704,0.04734657758925172,,,0.2162351519751529
World,2026-02-16,2023-2026,0.0073934810937603,,4,0.032779009860833194,0.01821122932836241,0.04734679039330398,,,0.216619328040245
World,2026-02-23,2023-2026,0.0068388428011107,,4,0.03278402507057453,0.018216904674861353,0.0473511454662877,,,0.2244809442067005
World,2026-03-02,2023-2026,0.0062231434120226,,4,0.0327868751379874,0.01822012959813467,0.04735362067784013,,,0.2289485810961166
World,2026-03-09,2023-2026,0.0051316763131846,,4,0.03279425350157444,0.018228477427064085,0.04736002957608479,,,0.2405145704465071
World,2026-03-16,2023-2026,0.004564316958777,,4,0.03278599220138567,0.01821913055552265,0.047352853847248695,,,0.2275645295768442
World,2026-03-23,2023-2026,0.0039791481179082,,4,0.032773926483192474,0.01820547617761311,0.04734237678877184,,,0.2086508549550221
World,2026-03-30,2023-2026,0.0035440878057839,,4,0.0327695101771387,0.018200477447861275,0.04733854290641613,,,0.2017280531463084
World,2026-04-06,2023-2026,0.0029029462931798,,4,0.032746484034549654,0.01817440644588546,0.04731856162321385,,,0.1656333125141065
World,2026-04-13,2023-2026,0.0027223072162159,,4,0.0327277459774417,0.01815318045585341,0.04730231149902999,,,0.1362603809148417
World,2026-04-20,2023-2026,0.0021829341976759,,4,0.03270914425613254,0.018132099936986085,0.047286188575279,,,0.1071011631531115
World,2026-04-27,2023-2026,0.0016486496038391,,4,0.03269331469606551,0.018114153954949797,0.04727247543718123,,,0.0822874600879204
