week_start,pandemic_period,ukhsa_covid_deaths_weekly,admissions_lag_0w,ukhsa_occupied_beds_weekly_avg,ukhsa_pcr_positivity_weekly_avg,lag_weeks,fitted,ci_low,ci_high,admissions_lag_1w,admissions_lag_2w,admissions_lag_3w,admissions_lag_4w
2021-01-04,2020-2022,5597.0,25938.0,28376.0,16.74857142857143,0,3433.9493237604825,1859.3047551513437,5008.593892369621,,,,
2021-01-11,2020-2022,6767.0,25834.0,32789.0,14.304285714285712,0,5076.311662132708,3269.5332054542005,6883.090118811216,,,,
2021-01-18,2020-2022,7956.0,23015.0,33486.42857142857,13.215714285714286,0,6024.9604746270925,4115.003822434967,7934.917126819218,,,,
2021-01-25,2020-2022,8063.0,17663.0,30356.571428571428,10.63,0,6245.924239140049,4352.309648887996,8139.538829392102,,,,
2021-02-01,2020-2022,6990.0,13683.0,25439.85714285714,8.188571428571429,0,5495.483632053962,3839.463951126203,7151.50331298172,,,,
2021-02-08,2020-2022,5464.0,10167.0,20069.428571428572,6.077142857142857,0,4465.33767323134,3126.931743279657,5803.743603183023,,,,
2021-02-15,2020-2022,3891.0,7995.0,15770.0,5.155714285714287,0,3471.9538487838745,2443.9244888084404,4499.983208759309,,,,
2021-02-22,2020-2022,2772.0,5666.0,12373.714285714286,4.184285714285714,0,2839.597460223853,2000.7731139595933,3678.4218064881125,,,,
2021-03-01,2020-2022,1994.0,4066.0,9142.714285714286,2.855714285714286,0,2096.3998331545863,1486.4770540317575,2706.322612277415,,,,
2021-03-08,2020-2022,1428.0,3055.0,6780.285714285715,2.432857142857143,0,1505.038246658231,1078.8881736684539,1931.188319648008,,,,
2021-03-15,2020-2022,912.0,2338.0,5148.857142857143,2.1414285714285715,0,1101.1975979328054,797.6029797768865,1404.7922160887242,,,,
2021-03-22,2020-2022,687.0,1837.0,3905.714285714286,2.005714285714286,0,781.011380529993,571.4253633168813,990.5973977431046,,,,
2021-03-29,2020-2022,385.0,1341.0,2984.8571428571427,1.697142857142857,0,577.6280042317018,418.87025088995523,736.3857575734482,,,,
2021-04-05,2020-2022,360.0,1220.0,2391.8571428571427,1.3728571428571428,0,400.9346697866579,279.53861822819965,522.3307213451161,,,,
2021-04-12,2020-2022,346.0,974.0,1898.857142857143,1.0485714285714285,0,290.1085942060311,179.93703695182154,400.2801514602407,,,,
2021-04-19,2020-2022,244.0,784.0,1538.428571428571,0.8157142857142857,0,211.46220111782748,103.0769299706345,319.84747226502043,,,,
2021-04-26,2020-2022,198.0,647.0,1218.571428571429,0.7571428571428571,0,131.44715009304934,21.123911268757453,241.77038891734122,,,,
2021-05-03,2020-2022,124.0,591.0,1007.2857142857144,0.7571428571428571,0,69.58517486026257,-46.10586960082347,185.2762193213486,,,,
2021-05-10,2020-2022,145.0,523.0,863.7142857142857,0.7585714285714287,0,34.75647702004242,-84.8537952914528,154.36674933153762,,,,
2021-05-17,2020-2022,100.0,592.0,757.8571428571429,0.79,0,-20.2256187369893,-150.37250636528935,109.92126889131075,,,,
2021-05-24,2020-2022,92.0,605.0,756.4285714285714,0.9585714285714284,0,-26.819869256250296,-156.26719717661535,102.62745866411477,,,,
2021-05-31,2020-2022,96.0,720.0,789.0,1.5571428571428572,0,-53.42844219647249,-183.3889543254706,76.5320699325256,,,,
2021-06-07,2020-2022,83.0,1066.0,895.2857142857143,2.1957142857142857,0,-110.22151716121049,-255.45032516635206,35.007290843931074,,,,
2021-06-14,2020-2022,102.0,1286.0,1097.571428571429,2.795714285714286,0,-101.6591558357164,-243.55346267594348,40.23515100451067,,,,
2021-06-21,2020-2022,97.0,1426.0,1287.2857142857142,3.81,0,-85.49995987858652,-215.08131438325842,44.081394626085356,,,,
2021-06-28,2020-2022,106.0,2173.0,1565.857142857143,5.7457142857142856,0,-200.32566562542613,-370.6029036310401,-30.048427619812173,,,,
2021-07-05,2020-2022,176.0,3218.0,2226.285714285714,7.444285714285714,0,-246.73027962704919,-460.59345929815646,-32.86709995594191,,,,
2021-07-12,2020-2022,213.0,4438.0,3210.5714285714284,10.14,0,-237.26701851140044,-481.2210563296054,6.687019306804501,,,,
2021-07-19,2020-2022,308.0,5462.0,4228.857142857143,10.412857142857144,0,-126.00993969110446,-397.8678978293961,145.84801844718714,,,,
2021-07-26,2020-2022,389.0,5020.0,5102.0,7.988571428571428,0,334.62133636289633,151.73674531063466,517.505927415158,,,,
2021-08-02,2020-2022,502.0,4744.0,4985.428571428572,7.932857142857143,0,360.65662940342634,201.15829031906003,520.1549684877926,,,,
2021-08-09,2020-2022,550.0,5032.0,5065.714285714285,8.107142857142858,0,316.70520330406185,133.3656776601578,500.04472894796595,,,,
2021-08-16,2020-2022,551.0,5443.0,5547.714285714285,8.262857142857143,0,386.7039140742481,181.9198596245504,591.4879685239457,,,,
2021-08-23,2020-2022,649.0,5407.0,5889.428571428572,7.967142857142858,0,522.4867143533253,321.83705934415536,723.1363693624952,,,,
2021-08-30,2020-2022,632.0,5360.0,6160.285714285715,7.591428571428572,0,637.0420788759609,429.46280282685814,844.6213549250637,,,,
2021-09-06,2020-2022,786.0,5309.0,6290.571428571428,7.405714285714285,0,699.0886426403814,486.53893122742284,911.63835405334,,,,
2021-09-13,2020-2022,783.0,4424.0,6064.0,6.048571428571429,0,855.6869377365457,636.5221843363987,1074.8516911366926,,,,
2021-09-20,2020-2022,799.0,3969.0,5282.142857142857,6.581428571428572,0,677.29655779399,517.0349313629778,837.5581842250023,,,,
2021-09-27,2020-2022,715.0,4036.0,4915.571428571428,6.918571428571428,0,524.4345102251283,391.1324025961845,657.7366178540722,,,,
2021-10-04,2020-2022,582.0,4389.0,4979.857142857143,7.558571428571428,0,450.9405153424971,313.15170045843905,588.7293302265552,,,,
2021-10-11,2020-2022,640.0,5250.0,5332.142857142857,8.811428571428571,0,346.81459261067135,165.87511257743586,527.7540726439069,,,,
2021-10-18,2020-2022,708.0,5837.0,6286.857142857143,9.63,0,531.3915427612079,335.3677172144638,727.415368307952,,,,
2021-10-25,2020-2022,777.0,6060.0,7033.285714285715,9.37142857142857,0,748.3774023964778,523.8155398825149,972.9392649104407,,,,
2021-11-01,2020-2022,892.0,5427.0,7199.0,8.79857142857143,0,970.3818159425126,727.5207434625798,1213.2428884224455,,,,
2021-11-08,2020-2022,943.0,5338.0,6867.571428571428,8.827142857142857,0,873.1236489716068,654.944348856876,1091.3029490863375,,,,
2021-11-15,2020-2022,865.0,4728.0,6436.857142857143,9.487142857142857,0,855.2312128432905,658.1158273868615,1052.3465982997193,,,,
2021-11-22,2020-2022,738.0,4499.0,6077.857142857143,9.517142857142858,0,781.9208094465671,606.4385291249856,957.4030897681486,,,,
2021-11-29,2020-2022,729.0,4772.0,5928.428571428572,9.478571428571428,0,663.3493489036849,512.2737532923537,814.4249445150161,,,,
2021-12-06,2020-2022,708.0,5263.0,6086.857142857143,9.911428571428573,0,593.7369858314381,437.34152245344785,750.1324492094284,,,,
2021-12-13,2020-2022,702.0,5595.0,6376.285714285715,13.581428571428573,0,552.7090316950151,414.1118282333936,691.3062351566366,,,,
2021-12-20,2020-2022,797.0,8332.0,7121.714285714285,20.09714285714286,0,43.85476851448891,-250.2765973166882,337.986134345666,,,,
2021-12-27,2020-2022,557.0,13798.0,11156.42857142857,29.74571428571429,0,-5.181945432144194,-561.9957395418843,551.6318486775959,,,,
2022-01-03,2020-2022,857.0,14111.0,15652.42857142857,30.65142857142857,0,1507.562428458435,1017.5596161021675,1997.5652408147025,,,,
2022-01-10,2020-2022,1308.0,13242.0,16692.285714285714,22.665714285714284,0,2227.958689003209,1589.084568107962,2866.8328098984566,,,,
2022-01-17,2020-2022,1378.0,11343.0,15343.142857142857,17.07,0,2302.9592045317186,1654.156223610724,2951.7621854527133,,,,
2022-01-24,2020-2022,1323.0,10418.0,13625.142857142857,16.39,0,1925.2508790390536,1387.6774899978009,2462.8242680803064,,,,
2022-01-31,2020-2022,1162.0,9205.0,12341.714285714286,14.622857142857145,0,1791.1413373524792,1302.0349131654652,2280.2477615394932,,,,
2022-02-07,2020-2022,1025.0,7901.0,10773.142857142857,11.79857142857143,0,1595.7392088168922,1164.6062947926587,2026.8721228411257,,,,
2022-02-14,2020-2022,814.0,7072.0,9599.857142857143,10.49,0,1400.1804706330713,1026.8584542894894,1773.5024869766532,,,,
2022-02-21,2020-2022,722.0,6644.0,8670.0,10.587142857142856,0,1170.0758304395968,864.2741762047253,1475.8774846744682,,,,
2022-02-28,2020-2022,621.0,8020.0,8420.142857142857,11.338571428571427,0,735.4946981722343,416.6117996219869,1054.3775967224817,,,,
2022-03-07,2020-2022,628.0,9973.0,9342.57142857143,16.181428571428572,0,508.35574736102245,120.89780899871647,895.8136857233285,,,,
2022-03-14,2020-2022,650.0,12247.0,11301.714285714286,20.66,0,579.9554110363334,106.16506837876341,1053.7457536939035,,,,
2022-03-21,2020-2022,734.0,14056.0,13538.0,22.794285714285714,0,903.6924656034447,358.21611806354804,1449.1688131433414,,,,
2022-03-28,2020-2022,789.0,14753.0,15650.714285714286,21.16142857142857,0,1517.7025010527327,896.5047217519362,2138.900280353529,,,,
2022-04-04,2020-2022,903.0,13892.0,16355.142857142857,12.168571428571427,0,2134.082297966151,1349.6690277869204,2918.495568145382,,,,
2022-04-11,2020-2022,951.0,11523.0,15130.0,8.714285714285714,0,2329.4190962885823,1576.4957868358688,3082.342405741296,,,,
2022-04-18,2020-2022,970.0,8875.0,13352.57142857143,7.218571428571429,0,2360.863702499282,1669.2336374958077,3052.493767502757,,,,
2022-04-25,2020-2022,1056.0,6653.0,10500.142857142857,5.374285714285714,0,1911.9623653690298,1366.5269435257608,2457.3977872122987,,,,
2022-05-02,2020-2022,690.0,5368.0,8538.285714285714,4.301428571428572,0,1541.0503543061723,1108.7022676249585,1973.398440987386,,,,
2022-05-09,2020-2022,674.0,4469.0,6759.571428571428,3.712857142857143,0,1133.803053557594,818.6356899572811,1448.970417157907,,,,
2022-05-16,2020-2022,528.0,3664.0,5405.285714285715,3.3814285714285717,0,850.7969203985626,618.1912650963051,1083.4025757008203,,,,
2022-05-23,2020-2022,377.0,3114.0,4390.142857142857,2.7085714285714286,0,633.1780283057154,448.83041581432354,817.5256407971074,,,,
2022-05-30,2020-2022,174.0,3237.0,3916.714285714286,2.815714285714286,0,432.6838921554717,259.25353348092233,606.1142508300211,,,,
2022-06-06,2020-2022,271.0,4305.0,4191.285714285715,3.8628571428571425,0,254.43304677722858,12.484376084511467,496.38171746994567,,,,
2022-06-13,2020-2022,246.0,5717.0,4975.857142857143,5.171428571428572,0,170.50488683796019,-169.62817266302548,510.6379463389459,,,,
2022-06-20,2020-2022,270.0,7912.0,6498.0,6.964285714285714,0,152.18383555257302,-333.5362416090542,637.9039127142003,,,,
2022-06-27,2020-2022,309.0,10555.0,8919.142857142857,8.571428571428571,0,349.67507425076354,-289.3754145394641,988.7255630409911,,,,
2022-07-04,2020-2022,399.0,12935.0,11807.42857142857,10.174285714285714,0,777.4308727883547,30.414859872012926,1524.4468857046963,,,,
2022-07-11,2020-2022,542.0,12289.0,13717.285714285714,10.05,0,1617.042227932399,937.6962068878045,2296.388248976994,,,,
2022-07-18,2020-2022,697.0,10530.0,13292.714285714286,8.915714285714285,0,1910.1730745408702,1279.8903578276281,2540.4557912541122,,,,
2022-07-25,2020-2022,745.0,8095.0,11443.142857142857,7.377142857142857,0,1865.1864208421214,1318.8725310983868,2411.500310585856,,,,
2022-08-01,2020-2022,682.0,6842.0,9524.57142857143,6.264285714285714,0,1502.6893996496617,1064.7326966628489,1940.6461026364746,,,,
2022-08-08,2020-2022,561.0,6119.0,8364.142857142857,5.707142857142857,0,1272.9911121701737,901.7302779790399,1644.2519463613075,,,,
2022-08-15,2020-2022,520.0,4997.0,7331.285714285715,4.96,0,1188.4880948861678,862.1227107655411,1514.8534790067945,,,,
2022-08-22,2020-2022,419.0,4192.0,6159.571428571428,4.291428571428571,0,976.5128844311744,713.4819623950431,1239.5438064673058,,,,
2022-08-29,2020-2022,297.0,3704.0,5492.714285714285,4.037142857142857,0,860.8754334642955,634.2427180441474,1087.5081488844435,,,,
2022-09-05,2020-2022,339.0,3441.0,4880.714285714285,4.624285714285714,0,695.772946760139,521.0640103156658,870.4818832046122,,,,
2022-09-12,2020-2022,280.0,3753.0,4567.571428571428,5.064285714285715,0,501.00936536783956,347.8683005490974,654.1504301865817,,,,
2022-09-19,2020-2022,217.0,5713.0,5358.857142857143,6.688571428571429,0,281.61870472826814,0.9719468146135455,562.2654626419228,,,,
2022-09-26,2020-2022,274.0,7558.0,7373.857142857143,9.135714285714286,0,512.2419668707219,166.65175419707708,857.8321795443667,,,,
2022-10-03,2020-2022,372.0,8267.0,9713.42857142857,10.731428571428571,0,1147.8910214791367,777.2748306228011,1518.5072123354723,,,,
2022-10-10,2020-2022,523.0,7963.0,10508.142857142857,9.974285714285712,0,1518.0862863166992,1086.2257590657518,1949.9468135676466,,,,
2022-10-17,2020-2022,647.0,6839.0,10180.714285714286,8.814285714285715,0,1692.9736020733935,1232.7307192887133,2153.2164848580737,,,,
2022-10-24,2020-2022,620.0,5079.0,8896.857142857143,7.998571428571429,0,1674.1901361088971,1219.0336129263667,2129.3466592914274,,,,
2022-10-31,2020-2022,605.0,3764.0,7015.428571428572,6.927142857142857,0,1339.194830622029,978.1922215743552,1700.1974396697028,,,,
2022-11-07,2020-2022,478.0,3483.0,5581.857142857143,6.24,0,907.5679169493155,686.7282291013773,1128.4076047972537,,,,
2022-11-14,2020-2022,401.0,3340.0,4924.857142857143,6.072857142857143,0,710.6072515443392,548.1255639508051,873.0889391378732,,,,
2022-11-21,2020-2022,333.0,3546.0,4647.571428571428,6.597142857142857,0,552.7639462769932,430.04420216945925,675.4836903845272,,,,
2022-11-28,2020-2022,299.0,4028.0,4968.571428571428,7.295714285714285,0,538.687853351001,410.27606766381285,667.099639038189,,,,
2022-12-05,2020-2022,295.0,5009.0,5649.714285714285,8.241428571428571,0,528.2828835833167,361.8133599358409,694.7524072307924,,,,
2022-12-12,2020-2022,364.0,6827.0,6917.857142857143,9.664285714285716,0,516.8453975026674,244.3931917023532,789.2976033029817,,,,
2022-12-19,2020-2022,397.0,7724.0,8711.142857142857,11.647142857142857,0,905.4158382978504,607.3413806991134,1203.4902958965874,,,,
2022-12-26,2020-2022,367.0,7039.0,9389.857142857143,11.6,0,1313.8304373188696,971.4543615525115,1656.2065130852277,,,,
2023-01-02,2023-2026,679.0,5838.0,8962.857142857143,10.468571428571428,0,1471.287412192577,1088.1891287196418,1854.3856956655122,,,,
2023-01-09,2023-2026,849.0,4248.0,7481.857142857143,8.147142857142857,0,1367.4145244350814,1002.7679421343034,1732.0611067358593,,,,
2023-01-16,2023-2026,711.0,3907.0,6128.571428571428,6.917142857142857,0,988.4073244375336,745.9384998299561,1230.876149045111,,,,
2023-01-23,2023-2026,545.0,4497.0,5723.285714285715,7.777142857142857,0,686.2926438034935,521.8366470771683,850.7486405298188,,,,
2023-01-30,2023-2026,469.0,4974.0,6149.857142857143,9.28,0,697.0402894026139,531.1005263052223,862.9800525000055,,,,
2023-02-06,2023-2026,432.0,5480.0,6475.285714285715,9.927142857142856,0,679.6467601879533,502.9452603435521,856.3482600323546,,,,
2023-02-13,2023-2026,401.0,6244.0,7284.285714285715,10.984285714285717,0,765.3197416268216,554.6296411810608,976.0098420725824,,,,
2023-02-20,2023-2026,399.0,5961.0,7801.571428571428,11.322857142857144,0,1012.315224748982,765.5459278225393,1259.0845216754246,,,,
2023-02-27,2023-2026,499.0,6182.0,7502.428571428572,10.982857142857142,0,858.1503750276435,636.3779103929189,1079.922839662368,,,,
2023-03-06,2023-2026,521.0,6908.0,7746.285714285715,10.712857142857144,0,774.5452248957914,520.1583191368194,1028.9321306547636,,,,
2023-03-13,2023-2026,512.0,7120.0,8363.857142857143,11.09,0,937.1055458431242,661.1111008713328,1213.0999908149156,,,,
2023-03-20,2023-2026,584.0,6440.0,8400.0,10.195714285714288,0,1129.8453791455327,835.4164273669603,1424.274330924105,,,,
2023-03-27,2023-2026,599.0,5876.0,7853.0,9.228571428571428,0,1087.7805936829016,809.387040680123,1366.1741466856802,,,,
2023-04-03,2023-2026,484.0,4607.0,6898.285714285715,10.385714285714286,0,1033.3904361503414,779.1159601236817,1287.664912177001,,,,
2023-04-10,2023-2026,439.0,4267.0,6271.0,10.98857142857143,0,881.1550841965071,664.9090243068588,1097.4011440861555,,,,
2023-04-17,2023-2026,508.0,3684.0,5360.714285714285,10.239999999999998,0,710.2411567379617,538.461094125073,882.0212193508503,,,,
2023-04-24,2023-2026,436.0,3326.0,4723.714285714285,9.507142857142856,0,582.2224194726476,445.8930522593662,718.5517866859291,,,,
2023-05-01,2023-2026,286.0,3063.0,4440.142857142857,10.052857142857144,0,535.0259027491223,391.00429165267394,679.0475138455707,,,,
2023-05-08,2023-2026,283.0,2703.0,4036.714285714286,9.647142857142857,0,485.11229807983614,341.6178223474662,628.606773812206,,,,
2023-05-15,2023-2026,304.0,2278.0,3455.285714285714,8.632857142857143,0,398.0185142262748,270.5059313844199,525.5310970681297,,,,
2023-05-22,2023-2026,251.0,2129.0,2992.4285714285716,8.352857142857143,0,273.7480342933486,166.23082291614202,381.2652456705552,,,,
2023-05-29,2023-2026,175.0,1216.0,2636.4285714285716,7.671428571428571,0,379.12359982164327,198.92103191074995,559.3261677325365,,,,
2023-06-05,2023-2026,195.0,1708.0,2304.8571428571427,7.027142857142857,0,153.25765803646055,56.46322002620475,250.05209604671637,,,,
2023-06-12,2023-2026,148.0,1226.0,2044.857142857143,5.951428571428571,0,195.68722447914945,86.3659632576017,305.0084857006972,,,,
2023-06-19,2023-2026,141.0,843.0,1590.428571428571,4.677142857142857,0,148.30590788165176,39.4940493197729,257.1177664435306,,,,
2023-06-26,2023-2026,122.0,691.0,1238.0,3.99,0,71.27346477703705,-36.676107805990924,179.223037360065,,,,
2023-07-03,2023-2026,91.0,830.0,1068.2857142857142,4.107142857142857,0,-24.895170853199897,-138.8815490022308,89.09120729583101,,,,
2023-07-10,2023-2026,73.0,948.0,1072.142857142857,4.981428571428571,0,-67.29027731085877,-191.29205260167475,56.7114979799572,,,,
2023-07-17,2023-2026,61.0,1121.0,1101.571428571429,5.857142857142857,0,-113.86908773211799,-249.87631886896963,22.13814340473364,,,,
2023-07-24,2023-2026,55.0,1560.0,1377.142857142857,7.482857142857143,0,-149.96707342296799,-299.22174373149903,-0.7124031144369383,,,,
2023-07-31,2023-2026,65.0,1850.0,1775.857142857143,9.635714285714286,0,-115.35394880692934,-279.13960904681335,48.43171143295464,,,,
2023-08-07,2023-2026,101.0,2249.0,2156.5714285714284,11.162857142857144,0,-102.55519615059947,-276.7494596920176,71.63906739081861,,,,
2023-08-14,2023-2026,115.0,2202.0,2469.8571428571427,12.642857142857142,0,-5.281757292837544,-206.9672857044923,196.40377111881722,,,,
2023-08-21,2023-2026,178.0,2251.0,2528.4285714285716,12.917142857142858,0,-1.0091256240928412,-206.60068242528524,204.58243117709958,,,,
2023-08-28,2023-2026,136.0,2894.0,2716.8571428571427,14.414285714285713,0,-115.21933947180602,-331.81974102466677,101.38106208105475,,,,
2023-09-04,2023-2026,197.0,3228.0,3178.4285714285716,16.242857142857144,0,-63.13959640945574,-301.72365518208557,175.44446236317407,,,,
2023-09-11,2023-2026,229.0,2737.0,3147.0,15.101428571428572,0,64.16504422372425,-168.46085931500642,296.7909477624549,,,,
2023-09-18,2023-2026,241.0,3178.0,3061.285714285714,14.858571428571429,0,-68.67653471372499,-277.50541198135704,140.1523425539071,,,,
2023-09-25,2023-2026,203.0,4036.0,3540.1428571428573,16.898571428571426,0,-140.6694976992998,-371.820833050081,90.48183765148138,,,,
2023-10-02,2023-2026,233.0,4332.0,4214.857142857143,17.464285714285715,0,18.698690495568155,-194.05067181738465,231.44805280852094,,,,
2023-10-09,2023-2026,318.0,3721.0,4414.285714285715,15.904285714285717,0,264.6651278968172,63.49022552047367,465.84003027316066,,,,
2023-10-16,2023-2026,287.0,3351.0,3942.714285714286,13.225714285714286,0,232.56139066769765,83.67652791491693,381.44625342047834,,,,
2023-10-23,2023-2026,297.0,2866.0,3715.285714285714,12.42,0,282.6197932766918,120.28393535539465,444.9556511979889,,,,
2023-10-30,2023-2026,309.0,2479.0,3344.8571428571427,10.381428571428572,0,279.5278620816591,145.40733730908295,413.6483868542353,,,,
2023-11-06,2023-2026,291.0,2198.0,2820.285714285714,8.665714285714285,0,190.19871864769723,87.74910584963926,292.6483314457552,,,,
2023-11-13,2023-2026,239.0,1955.0,2531.4285714285716,7.951428571428571,0,158.2991171146139,57.6111835662264,258.98705066300136,,,,
2023-11-20,2023-2026,162.0,1897.0,2317.8571428571427,7.437142857142858,0,105.08944767855684,9.54495349473008,200.6339418623836,,,,
2023-11-27,2023-2026,163.0,2186.0,2343.8571428571427,7.757142857142857,0,38.98185909167402,-59.922420566477534,137.88613874982556,,,,
2023-12-04,2023-2026,167.0,2807.0,2761.5714285714284,9.232857142857142,0,12.267390129450563,-98.56592073407937,123.10070099298049,,,,
2023-12-11,2023-2026,221.0,3305.0,3248.1428571428573,11.062857142857142,0,33.63595756856887,-87.1140708930256,154.38598603016334,,,,
2023-12-18,2023-2026,249.0,3674.0,3641.857142857142,12.394285714285717,0,61.73732044845574,-66.98488953097609,190.45953042788756,,,,
2023-12-25,2023-2026,161.0,3981.0,3927.0,12.864285714285714,0,81.12342456066573,-47.920499911137924,210.16734903246936,,,,
2024-01-01,2023-2026,292.0,3800.0,4244.857142857143,12.824285714285711,0,238.94423304913337,120.89914414795508,356.98932195031165,,,,
2024-01-08,2023-2026,376.0,3209.0,3946.142857142858,11.665714285714284,0,295.3318200576488,173.13765570797682,417.52598440732083,,,,
2024-01-15,2023-2026,374.0,3576.0,3894.285714285714,10.845714285714283,0,202.52439983785214,112.2012671169291,292.8475325587752,,,,
2024-01-22,2023-2026,341.0,3302.0,3993.571428571429,10.732857142857142,0,306.0920972099362,208.90726137712318,403.2769330427492,,,,
2024-01-29,2023-2026,331.0,2873.0,3599.0,9.395714285714286,0,292.27478862138287,203.84687726201508,380.70269998075065,,,,
2024-02-05,2023-2026,316.0,2330.0,3229.285714285714,8.16,0,313.0855055813872,216.60096020336886,409.5700509594056,,,,
2024-02-12,2023-2026,255.0,1848.0,2718.5714285714284,6.622857142857143,0,274.1224695834453,183.41567048416152,364.8292686827291,,,,
2024-02-19,2023-2026,226.0,1474.0,2275.714285714286,5.692857142857143,0,222.68144117181922,131.09730165135358,314.26558069228486,,,,
2024-02-26,2023-2026,196.0,1112.0,1860.428571428571,4.688571428571429,0,179.477604630765,84.56591805584092,274.38929120568906,,,,
2024-03-04,2023-2026,168.0,1258.0,1689.0,4.57,0,85.12486338615773,-4.812914602047925,175.06264137436338,,,,
2024-03-11,2023-2026,122.0,1274.0,1674.2857142857142,4.7942857142857145,0,72.09245543660363,-19.974353373119314,164.1592642463266,,,,
2024-03-18,2023-2026,138.0,1084.0,1556.857142857143,4.488571428571428,0,81.42048366385558,-13.823622236428108,176.66458956413925,,,,
2024-03-25,2023-2026,110.0,1136.0,1390.857142857143,4.421428571428572,0,10.807230023152032,-91.74110030836482,113.35556035466888,,,,
2024-04-01,2023-2026,107.0,1168.0,1474.0,4.884285714285714,0,24.65793604702732,-77.13563246846401,126.45150456251865,,,,
2024-04-08,2023-2026,108.0,1170.0,1464.2857142857142,5.054285714285714,0,17.738921986419957,-86.22768287200219,121.7055268448421,,,,
2024-04-15,2023-2026,116.0,1204.0,1435.142857142857,5.618571428571428,0,-10.728542471038912,-122.95630747473733,101.49922253265952,,,,
2024-04-22,2023-2026,118.0,1598.0,1574.142857142857,6.728571428571429,0,-75.67741348648583,-200.3407478612865,48.98592088831482,,,,
2024-04-29,2023-2026,103.0,2040.0,2004.0,8.938571428571429,0,-67.65906197559963,-205.11476384952513,69.79663989832588,,,,
2024-05-06,2023-2026,93.0,2122.0,2339.1428571428573,10.29857142857143,0,8.355789174150612,-140.5668071074708,157.278385455772,,,,
2024-05-13,2023-2026,168.0,1865.0,2296.1428571428573,9.618571428571428,0,66.95919754284668,-77.8131987206176,211.73159380631097,,,,
2024-05-20,2023-2026,147.0,1588.0,2066.285714285714,8.972857142857142,0,63.123643121381605,-83.97414804217388,210.2214342849371,,,,
2024-05-27,2023-2026,112.0,1621.0,1891.2857142857144,8.711428571428572,0,-2.7179918268198753,-145.1247448749573,139.68876122131752,,,,
2024-06-03,2023-2026,146.0,1761.0,1884.428571428571,9.567142857142857,0,-53.92448400473169,-211.84057118777494,103.99160317831158,,,,
2024-06-10,2023-2026,158.0,2269.0,2092.8571428571427,11.051428571428572,0,-128.17153639323845,-303.61297009828195,47.26989731180507,,,,
2024-06-17,2023-2026,149.0,2802.0,2596.8571428571427,13.794285714285715,0,-124.98513211272197,-333.3247515054122,83.35448727996825,,,,
2024-06-24,2023-2026,186.0,2732.0,2902.285714285714,14.994285714285713,0,-20.06883061186106,-251.43686610863296,211.2992048849108,,,,
2024-07-01,2023-2026,166.0,2653.0,2852.5714285714284,14.565714285714288,0,-11.240788035011205,-235.7550538502271,213.2734777802047,,,,
2024-07-08,2023-2026,204.0,3043.0,3073.8571428571427,15.804285714285712,0,-48.11060413970253,-284.30302458050915,188.08181630110408,,,,
2024-07-15,2023-2026,217.0,3153.0,3267.0,16.248571428571427,0,-13.524884619897437,-253.24645840826426,226.19668916846936,,,,
2024-07-22,2023-2026,182.0,2745.0,3261.714285714286,15.627142857142855,0,93.97820034487052,-153.33324123636373,341.28964192610476,,,,
2024-07-29,2023-2026,203.0,2677.0,3008.714285714286,13.944285714285714,0,49.5311108592088,-155.63823193929068,254.7004536577083,,,,
2024-08-05,2023-2026,208.0,2052.0,2622.1428571428573,12.145714285714286,0,93.96373038912378,-104.05162824496443,291.979089023212,,,,
2024-08-12,2023-2026,173.0,1789.0,2178.285714285714,10.62142857142857,0,25.74179676736831,-149.5521084188325,201.0357019535691,,,,
2024-08-19,2023-2026,141.0,1409.0,1870.428571428571,9.29857142857143,0,30.780730431285715,-136.55439248702967,198.1158533496011,,,,
2024-08-26,2023-2026,104.0,1554.0,1821.857142857143,9.991428571428573,0,-33.67158119675231,-210.80927230789123,143.46610991438664,,,,
2024-09-02,2023-2026,106.0,1574.0,1857.428571428571,10.198571428571428,0,-29.428726819696685,-210.03045394157684,151.17300030218345,,,,
2024-09-09,2023-2026,97.0,1819.0,1865.7142857142856,10.302857142857144,0,-87.46203559808423,-261.65562541787506,86.73155422170659,,,,
2024-09-16,2023-2026,138.0,2541.0,2167.8571428571427,12.55714285714286,0,-193.40562481216418,-398.09770236252007,11.286452738191741,,,,
2024-09-23,2023-2026,132.0,2564.0,2639.714285714286,13.461428571428572,0,-46.40147054935572,-250.10416676061567,157.30122566190425,,,,
2024-09-30,2023-2026,167.0,2978.0,2808.0,13.612857142857145,0,-88.98457297426613,-281.6137172984272,103.64457134989497,,,,
2024-10-07,2023-2026,205.0,2843.0,3238.0,14.338571428571427,0,84.36195909813738,-120.9204242445803,289.64434244085504,,,,
2024-10-14,2023-2026,244.0,2972.0,3200.4285714285716,13.23,0,59.17031793500318,-110.6785117216318,229.01914759163816,,,,
2024-10-21,2023-2026,273.0,2372.0,3135.1428571428573,11.907142857142857,0,203.88808528189975,28.950758574175495,378.825411989624,,,,
2024-10-28,2023-2026,256.0,1748.0,2605.714285714286,9.134285714285712,0,214.1295426707664,67.13546349686368,361.1236218446691,,,,
2024-11-04,2023-2026,214.0,1340.0,2056.714285714286,6.778571428571429,0,157.93610415447353,42.50333873029648,273.36886957865056,,,,
2024-11-11,2023-2026,167.0,1119.0,1642.857142857143,5.557142857142857,0,84.98396209377354,-20.791145482085028,190.7590696696321,,,,
2024-11-18,2023-2026,126.0,1055.0,1461.142857142857,4.804285714285713,0,48.757784221200986,-53.17481512210913,150.6903835645111,,,,
2024-11-25,2023-2026,104.0,1063.0,1392.2857142857142,4.312857142857143,0,30.843297684379742,-69.67873613012463,131.36533149888413,,,,
2024-12-02,2023-2026,110.0,1034.0,1343.7142857142858,3.7542857142857144,0,30.27523515424486,-69.71966204175328,130.27013235024302,,,,
2024-12-09,2023-2026,113.0,991.0,1274.7142857142858,3.402857142857143,0,22.180445904289744,-80.07181719431942,124.4327090028989,,,,
2024-12-16,2023-2026,115.0,1079.0,1276.571428571429,3.03,0,8.105005599261215,-98.86767720239902,115.07768840092146,,,,
2024-12-23,2023-2026,53.0,861.0,1187.0,2.5785714285714287,0,36.68009417072904,-67.29648820659654,140.6566765480546,,,,
2024-12-30,2023-2026,91.0,933.0,1128.428571428571,2.3771428571428572,0,1.9130127021376382,-110.52123423494967,114.34725963922494,,,,
2025-01-06,2023-2026,133.0,847.0,1113.7142857142858,2.2742857142857145,0,19.229043069728366,-89.95575803078745,128.41384417024418,,,,
2025-01-13,2023-2026,122.0,838.0,1070.0,2.4200000000000004,0,3.259738212970355,-107.64518284212654,114.16465926806727,,,,
2025-01-20,2023-2026,84.0,716.0,996.8571428571428,2.47,0,5.752189234136661,-104.3078986546482,115.81227712292153,,,,
2025-01-27,2023-2026,111.0,840.0,953.1428571428572,2.565714285714286,0,-41.463196840068505,-160.56085906731857,77.63446538718158,,,,
2025-02-03,2023-2026,98.0,785.0,957.7142857142856,2.6242857142857146,0,-27.57285576058459,-143.03432163231133,87.88861011114216,,,,
2025-02-10,2023-2026,90.0,818.0,988.2857142857144,2.8528571428571428,0,-28.627863071108546,-143.15429893432642,85.89857279210933,,,,
2025-02-17,2023-2026,71.0,938.0,1027.2857142857142,3.0385714285714287,0,-46.93741847239092,-164.81829579595387,70.94345885117205,,,,
2025-02-24,2023-2026,75.0,810.0,1101.857142857143,3.302857142857143,0,5.964306429031232,-101.20713217115491,113.13574502921739,,,,
2025-03-03,2023-2026,89.0,848.0,1012.8571428571428,3.3057142857142856,0,-35.01753566384877,-149.27721315881476,79.24214183111724,,,,
2025-03-10,2023-2026,65.0,877.0,1031.142857142857,3.46,0,-38.19223048606448,-152.6517847276179,76.26732375548895,,,,
2025-03-17,2023-2026,70.0,1018.0,1051.428571428571,3.825714285714286,0,-71.39518970262989,-192.0262835703623,49.2359041651025,,,,
2025-03-24,2023-2026,86.0,1024.0,1174.428571428571,4.319999999999999,0,-37.593643935260175,-150.78539338498234,75.59810551446199,,,,
2025-03-31,2023-2026,92.0,970.0,1174.7142857142858,4.6571428571428575,0,-30.340719778588966,-144.81219352176726,84.13075396458933,,,,
2025-04-07,2023-2026,79.0,1024.0,1109.0,4.887142857142857,0,-70.8466155307482,-193.10909566097465,51.415864599478255,,,,
2025-04-14,2023-2026,55.0,982.0,1185.2857142857142,5.1000000000000005,0,-37.203824777443096,-155.93306642998465,81.52541687509847,,,,
2025-04-21,2023-2026,66.0,1092.0,1225.0,5.341428571428572,0,-53.81687499686911,-174.25440772748823,66.62065773375,,,,
2025-04-28,2023-2026,104.0,934.0,1224.428571428571,5.744285714285715,0,-22.90175540343928,-149.20992807917793,103.40641727229938,,,,
2025-05-05,2023-2026,79.0,913.0,1114.2857142857142,5.21,0,-47.79458363790656,-171.64619044833015,76.05702317251703,,,,
2025-05-12,2023-2026,76.0,879.0,1132.571428571429,5.6814285714285715,0,-41.29537851157307,-171.44038918715862,88.84963216401249,,,,
2025-05-19,2023-2026,76.0,843.0,1060.857142857143,5.659999999999999,0,-57.81439310438402,-191.40801043941394,75.77922423064592,,,,
2025-05-26,2023-2026,70.0,967.0,1102.142857142857,6.098571428571428,0,-80.69196264235198,-218.3397684656178,56.955843180913845,,,,
2025-06-02,2023-2026,74.0,905.0,1114.2857142857142,6.507142857142857,0,-68.52433834379876,-213.50022386108657,76.45154717348906,,,,
2025-06-09,2023-2026,67.0,1008.0,1122.2857142857142,6.855714285714286,0,-96.63427312341426,-246.11715381595016,52.84860756912164,,,,
2025-06-16,2023-2026,63.0,1007.0,1086.0,7.23,0,-115.87835742477584,-274.3013232615926,42.544608412040915,,,,
2025-06-23,2023-2026,64.0,755.0,1000.0,6.408571428571428,0,-71.35387526806507,-222.66996003021626,79.96220949408611,,,,
2025-06-30,2023-2026,52.0,693.0,862.4285714285714,5.914285714285714,0,-96.83041176528126,-246.1534302262079,52.492606695645364,,,,
2025-07-07,2023-2026,58.0,816.0,834.4285714285714,6.247142857142857,0,-142.34050282159566,-298.0794067156535,13.398401072462178,,,,
2025-07-14,2023-2026,67.0,839.0,864.5714285714286,6.677142857142857,0,-144.65247691815395,-306.0440333861974,16.73907954988948,,,,
2025-07-21,2023-2026,49.0,812.0,883.7142857142857,6.388571428571429,0,-126.2603560520973,-281.5885177786373,29.06780567444271,,,,
2025-07-28,2023-2026,43.0,790.0,878.1428571428571,7.122857142857143,0,-135.76355875727015,-305.4919190155488,33.96480150100851,,,,
2025-08-04,2023-2026,46.0,1027.0,954.4285714285714,7.87,0,-178.83374263349643,-356.7086174270919,-0.9588678399009609,,,,
2025-08-11,2023-2026,47.0,1141.0,1136.142857142857,9.24,0,-165.464412152085,-361.52973477936,30.600910475190005,,,,
2025-08-18,2023-2026,56.0,1005.0,1144.142857142857,9.098571428571429,0,-127.29509904763115,-323.8438844357566,69.25368634049427,,,,
2025-08-25,2023-2026,60.0,1158.0,1193.0,9.664285714285716,0,-156.6959840665075,-359.7335394085893,46.34157127557435,,,,
2025-09-01,2023-2026,84.0,1241.0,1250.428571428571,9.947142857142856,0,-161.19189465702163,-366.2679957046667,43.88420639062343,,,,
2025-09-08,2023-2026,81.0,1381.0,1307.2857142857142,10.48,0,-184.02486515254697,-395.72519878207896,27.67546847698503,,,,
2025-09-15,2023-2026,88.0,1816.0,1473.142857142857,11.288571428571428,0,-244.02661839272739,-460.83716212455136,-27.216074660903388,,,,
2025-09-22,2023-2026,91.0,2030.0,1825.571428571429,12.395714285714286,0,-189.30484398654892,-410.55177063214046,31.942082659042626,,,,
2025-09-29,2023-2026,102.0,2342.0,2192.285714285714,13.278571428571428,0,-149.23466638243582,-369.9343220046899,71.46498923981827,,,,
2025-10-06,2023-2026,148.0,2245.0,2458.1428571428573,12.235714285714286,0,-12.732911335968025,-201.94189095333508,176.47606828139902,,,,
2025-10-13,2023-2026,159.0,1838.0,2273.4285714285716,10.271428571428572,0,53.96958560304713,-108.81447016751963,216.7536413736139,,,,
2025-10-20,2023-2026,150.0,1418.0,1997.571428571429,8.035714285714286,0,96.03413172853455,-40.19672615300799,232.26498961007707,,,,
2025-10-27,2023-2026,129.0,1186.0,1692.428571428571,6.142857142857143,0,76.2575907127462,-35.671809000429235,188.18699042592164,,,,
2025-11-03,2023-2026,145.0,925.0,1456.7142857142858,4.954285714285715,0,75.95221180504299,-31.764370960031798,183.66879457011777,,,,
2025-11-10,2023-2026,125.0,641.0,1148.571428571429,3.46,0,60.70007258134997,-45.372260602890464,166.7724057655904,,,,
2025-11-17,2023-2026,105.0,522.0,868.0,2.575714285714286,0,4.780674099645477,-107.50259370882071,117.06394190811167,,,,
2025-11-24,2023-2026,83.0,692.0,825.8571428571429,2.275714285714286,0,-46.069734102529424,-167.26187107054062,75.12240286548177,,,,
2025-12-01,2023-2026,60.0,681.0,861.2857142857143,2.18,0,-29.100253678438264,-147.37426235331375,89.17375499643722,,,,
2025-12-08,2023-2026,47.0,609.0,791.4285714285714,2.032857142857143,0,-34.06632298627767,-154.1000988477893,85.96745287523396,,,,
2025-12-15,2023-2026,62.0,516.0,706.5714285714286,1.7757142857142856,0,-37.39106679001837,-159.59352987113738,84.81139629110062,,,,
2025-12-22,2023-2026,25.0,475.0,608.4285714285714,1.7357142857142858,0,-61.80774873968818,-189.1003283598538,65.48483088047745,,,,
2025-12-29,2023-2026,41.0,525.0,658.8571428571429,1.832857142857143,0,-57.58718350705736,-183.5125071271056,68.3381401129909,,,,
2026-01-05,2023-2026,53.0,525.0,667.1428571428571,1.832857142857143,0,-54.63086898187906,-179.9395019106568,70.67776394689866,,,,
2026-01-12,2023-2026,61.0,589.0,658.5714285714286,2.032857142857143,0,-76.63928114100197,-205.65260935349977,52.37404707149581,,,,
2026-01-19,2023-2026,56.0,580.0,644.4285714285714,2.255714285714286,0,-83.40532728307782,-212.51211998708044,45.701465420924805,,,,
2026-01-26,2023-2026,43.0,504.0,630.1428571428571,2.3428571428571425,0,-71.67079109539681,-197.93826413448824,54.596681943694605,,,,
2026-02-02,2023-2026,46.0,563.0,581.2857142857143,2.6757142857142857,0,-109.16658779416318,-242.41000332798893,24.076827739662576,,,,
2026-02-09,2023-2026,43.0,521.0,569.8571428571429,2.7885714285714287,0,-105.07290218408517,-237.37489654473717,27.229092176566837,,,,
2026-02-16,2023-2026,45.0,584.0,541.1428571428571,2.768571428571428,0,-130.18320153188014,-268.0963713508866,7.729968287126326,,,,
2026-02-23,2023-2026,36.0,488.0,562.0,2.6542857142857144,0,-97.56073592400875,-228.6680588636365,33.546587015619,,,,
2026-03-02,2023-2026,30.0,410.0,508.7142857142857,2.4528571428571433,0,-94.21677164699256,-225.58581180738912,37.15226851340401,,,,
2026-03-09,2023-2026,27.0,431.0,474.7142857142857,2.2,0,-107.00182637051132,-241.64804404813407,27.644391307111434,,,,
2026-03-16,2023-2026,30.0,423.0,419.57142857142856,2.3085714285714287,0,-126.64140218566462,-265.40571252725886,12.122908155929593,,,,
2026-03-23,2023-2026,27.0,349.0,398.0,2.2985714285714285,0,-116.2922492572502,-253.1186159870883,20.534117472587894,,,,
2026-03-30,2023-2026,17.0,300.0,331.0,2.085714285714286,0,-124.64535552095428,-264.096707678377,14.805996636468436,,,,
2026-04-06,2023-2026,25.0,240.0,324.42857142857144,2.04,0,-111.70131800455489,-248.93656536915609,25.533929360046287,,,,
2026-04-13,2023-2026,22.0,198.0,294.7142857142857,1.5157142857142856,0,-103.00069524119353,-240.22001782285685,34.21862734046978,,,,
2026-04-20,2023-2026,17.0,162.0,245.57142857142856,1.17,0,-105.80086101059419,-245.38694129015713,33.785219268968746,,,,
2026-04-27,2023-2026,19.0,109.0,225.75,1.1242857142857143,0,-99.27488383238315,-237.84237560516442,39.29260794039811,,,,
2021-01-04,2020-2022,5597.0,,28376.0,16.74857142857143,1,5679.848471945512,4248.902278599255,7110.794665291769,20584.0,,,
2021-01-11,2020-2022,6767.0,,32789.0,14.304285714285712,1,5397.696711583439,3934.6094760637734,6860.783947103104,25938.0,,,
2021-01-18,2020-2022,7956.0,,33486.42857142857,13.215714285714286,1,5933.248774679133,4352.439690689171,7514.057858669095,25834.0,,,
2021-01-25,2020-2022,8063.0,,30356.571428571428,10.63,1,5637.183604783817,4147.363875019924,7127.0033345477095,23015.0,,,
2021-02-01,2020-2022,6990.0,,25439.85714285714,8.188571428571429,1,5689.846292013437,4229.3444616633815,7150.348122363493,17663.0,,,
2021-02-08,2020-2022,5464.0,,20069.428571428572,6.077142857142857,1,4624.611750652723,3444.6198714983493,5804.603629807096,13683.0,,,
2021-02-15,2020-2022,3891.0,,15770.0,5.155714285714287,1,3952.821265296359,2951.650454934434,4953.992075658283,10167.0,,,
2021-02-22,2020-2022,2772.0,,12373.714285714286,4.184285714285714,1,3066.343732506571,2297.9490188193276,3834.7384461938145,7995.0,,,
2021-03-01,2020-2022,1994.0,,9142.714285714286,2.855714285714286,1,2387.6275914563867,1792.1964007265865,2983.058782186187,5666.0,,,
2021-03-08,2020-2022,1428.0,,6780.285714285715,2.432857142857143,1,1819.0565996999399,1370.2263356890353,2267.8868637108444,4066.0,,,
2021-03-15,2020-2022,912.0,,5148.857142857143,2.1414285714285715,1,1370.4536337737911,1036.473204388103,1704.4340631594791,3055.0,,,
2021-03-22,2020-2022,687.0,,3905.714285714286,2.005714285714286,1,995.0870868540804,755.4094862685287,1234.7646874396323,2338.0,,,
2021-03-29,2020-2022,385.0,,2984.8571428571427,1.697142857142857,1,703.2642697774197,530.4235664258827,876.1049731289568,1837.0,,,
2021-04-05,2020-2022,360.0,,2391.8571428571427,1.3728571428571428,1,621.1481414398112,460.48482211343133,781.811460766191,1341.0,,,
2021-04-12,2020-2022,346.0,,1898.857142857143,1.0485714285714285,1,380.3968417293705,259.1473054498067,501.64637800893433,1220.0,,,
2021-04-19,2020-2022,244.0,,1538.428571428571,0.8157142857142857,1,298.15555243236054,182.46161460282391,413.84949026189713,974.0,,,
2021-04-26,2020-2022,198.0,,1218.571428571429,0.7571428571428571,1,205.33652738722134,93.8756531424128,316.79740163202985,784.0,,,
2021-05-03,2020-2022,124.0,,1007.2857142857144,0.7571428571428571,1,150.09492230876006,39.10874743719505,261.08109718032506,647.0,,,
2021-05-10,2020-2022,145.0,,863.7142857142857,0.7585714285714287,1,90.43012131962382,-22.562326708608694,203.42256934785632,591.0,,,
2021-05-17,2020-2022,100.0,,757.8571428571429,0.79,1,61.742322977464134,-52.479336269255306,175.96398222418358,523.0,,,
2021-05-24,2020-2022,92.0,,756.4285714285714,0.9585714285714284,1,16.328681992196277,-100.54325662337955,133.2006206077721,592.0,,,
2021-05-31,2020-2022,96.0,,789.0,1.5571428571428572,1,17.677455624755904,-92.5814245428851,127.93633579239692,605.0,,,
2021-06-07,2020-2022,83.0,,895.2857142857143,2.1957142857142857,1,5.205001224323065,-101.20220769283426,111.6122101414804,720.0,,,
2021-06-14,2020-2022,102.0,,1097.571428571429,2.795714285714286,1,-81.93046336620228,-200.2987045640994,36.43777783169487,1066.0,,,
2021-06-21,2020-2022,97.0,,1287.2857142857142,3.81,1,-110.4518431215868,-230.67915094306915,9.775464699895522,1286.0,,,
2021-06-28,2020-2022,106.0,,1565.857142857143,5.7457142857142856,1,-52.234452745775606,-159.69989030015444,55.23098480860322,1426.0,,,
2021-07-05,2020-2022,176.0,,2226.285714285714,7.444285714285714,1,-103.5391249517308,-228.72365148763734,21.645401584175744,2173.0,,,
2021-07-12,2020-2022,213.0,,3210.5714285714284,10.14,1,-142.59934839224084,-300.19154066211604,14.992843877634328,3218.0,,,
2021-07-19,2020-2022,308.0,,4228.857142857143,10.412857142857144,1,-215.30293178097017,-417.33216568648527,-13.273697875455099,4438.0,,,
2021-07-26,2020-2022,389.0,,5102.0,7.988571428571428,1,-211.16184863589302,-467.5958658914017,45.27216861961563,5462.0,,,
2021-08-02,2020-2022,502.0,,4985.428571428572,7.932857142857143,1,-22.227496411883283,-213.48057979114364,169.02558696737705,5020.0,,,
2021-08-09,2020-2022,550.0,,5065.714285714285,8.107142857142858,1,190.71251031190053,56.44195820111369,324.98306242268734,4744.0,,,
2021-08-16,2020-2022,551.0,,5547.714285714285,8.262857142857143,1,328.22717494047043,198.86596196964263,457.58838791129824,5032.0,,,
2021-08-23,2020-2022,649.0,,5889.428571428572,7.967142857142858,1,310.64632920364886,155.56854237633658,465.7241160309611,5443.0,,,
2021-08-30,2020-2022,632.0,,6160.285714285715,7.591428571428572,1,515.0772506336864,366.3031531265808,663.851348140792,5407.0,,,
2021-09-06,2020-2022,786.0,,6290.571428571428,7.405714285714285,1,631.1955100437709,476.3950182413805,785.9960018461613,5360.0,,,
2021-09-13,2020-2022,783.0,,6064.0,6.048571428571429,1,542.0350605237452,374.0574191823858,710.0127018651046,5309.0,,,
2021-09-20,2020-2022,799.0,,5282.142857142857,6.581428571428572,1,552.1470064921215,427.1756818129118,677.1183311713312,4424.0,,,
2021-09-27,2020-2022,715.0,,4915.571428571428,6.918571428571428,1,579.0091984356957,465.30481179093266,692.7135850804586,3969.0,,,
2021-10-04,2020-2022,582.0,,4979.857142857143,7.558571428571428,1,567.8990175588207,458.6249374169255,677.1730977007159,4036.0,,,
2021-10-11,2020-2022,640.0,,5332.142857142857,8.811428571428571,1,560.6628449362325,451.1630306877785,670.1626591846866,4389.0,,,
2021-10-18,2020-2022,708.0,,6286.857142857143,9.63,1,649.7144662514197,514.5245450331172,784.9043874697222,5250.0,,,
2021-10-25,2020-2022,777.0,,7033.285714285715,9.37142857142857,1,788.6895001637547,618.9558432225056,958.4231571050038,5837.0,,,
2021-11-01,2020-2022,892.0,,7199.0,8.79857142857143,1,774.6654821820139,596.0476044978611,953.2833598661666,6060.0,,,
2021-11-08,2020-2022,943.0,,6867.571428571428,8.827142857142857,1,936.5255503373706,744.0324784861508,1129.0186221885906,5427.0,,,
2021-11-15,2020-2022,865.0,,6436.857142857143,9.487142857142857,1,697.3154339837013,553.1051254116517,841.5257425557509,5338.0,,,
2021-11-22,2020-2022,738.0,,6077.857142857143,9.517142857142858,1,827.5848783396948,664.2178022104346,990.951954468955,4728.0,,,
2021-11-29,2020-2022,729.0,,5928.428571428572,9.478571428571428,1,867.9949936821553,694.1295221693875,1041.860465194923,4499.0,,,
2021-12-06,2020-2022,708.0,,6086.857142857143,9.911428571428573,1,799.2936219917085,641.6180665718585,956.9691774115585,4772.0,,,
2021-12-13,2020-2022,702.0,,6376.285714285715,13.581428571428573,1,620.6498743141933,470.0990446053453,771.2007040230413,5263.0,,,
2021-12-20,2020-2022,797.0,,7121.714285714285,20.09714285714286,1,775.03556624556,498.04012612332286,1052.031006367797,5595.0,,,
2021-12-27,2020-2022,557.0,,11156.42857142857,29.74571428571429,1,1564.4286915275675,1048.33588043076,2080.521502624375,8332.0,,,
2022-01-03,2020-2022,857.0,,15652.42857142857,30.65142857142857,1,1202.1297211979836,772.8746078480383,1631.384834547929,13798.0,,,
2022-01-10,2020-2022,1308.0,,16692.285714285714,22.665714285714284,1,1849.383028385466,1370.666493652991,2328.099563117941,14111.0,,,
2022-01-17,2020-2022,1378.0,,15343.142857142857,17.07,1,1605.4126203764195,1158.170881019947,2052.654359732892,13242.0,,,
2022-01-24,2020-2022,1323.0,,13625.142857142857,16.39,1,1637.5616351636222,1236.6032241638613,2038.520046163383,11343.0,,,
2022-01-31,2020-2022,1162.0,,12341.714285714286,14.622857142857145,1,1392.7371072946464,1044.2888280013644,1741.1853865879284,10418.0,,,
2022-02-07,2020-2022,1025.0,,10773.142857142857,11.79857142857143,1,1155.991121984798,854.9649739549362,1457.0172700146595,9205.0,,,
2022-02-14,2020-2022,814.0,,9599.857142857143,10.49,1,1199.1085949586984,919.8921001168468,1478.32508980055,7901.0,,,
2022-02-21,2020-2022,722.0,,8670.0,10.587142857142856,1,1088.7289241587494,848.3030571438431,1329.1547911736557,7072.0,,,
2022-02-28,2020-2022,621.0,,8420.142857142857,11.338571428571427,1,1166.7989085352974,918.8857457198983,1414.7120713506965,6644.0,,,
2022-03-07,2020-2022,628.0,,9342.57142857143,16.181428571428572,1,847.41190233827,630.372175754366,1064.451628922174,8020.0,,,
2022-03-14,2020-2022,650.0,,11301.714285714286,20.66,1,863.1110249344835,586.7702234844182,1139.4518263845487,9973.0,,,
2022-03-21,2020-2022,734.0,,13538.0,22.794285714285714,1,914.1063137397261,568.5088251699601,1259.7038023094922,12247.0,,,
2022-03-28,2020-2022,789.0,,15650.714285714286,21.16142857142857,1,1237.6382008855392,814.7470740719377,1660.5293276991406,14056.0,,,
2022-04-04,2020-2022,903.0,,16355.142857142857,12.168571428571427,1,1459.0430721908172,902.3988697142654,2015.687274667369,14753.0,,,
2022-04-11,2020-2022,951.0,,15130.0,8.714285714285714,1,1247.6808010335972,684.255887957994,1811.1057141092003,13892.0,,,
2022-04-18,2020-2022,970.0,,13352.57142857143,7.218571428571429,1,1537.7019867662489,1048.2041951314707,2027.199778401027,11523.0,,,
2022-04-25,2020-2022,1056.0,,10500.142857142857,5.374285714285714,1,1304.5971431297246,916.5342131891349,1692.6600730703144,8875.0,,,
2022-05-02,2020-2022,690.0,,8538.285714285714,4.301428571428572,1,1379.0967888602838,1033.5216842980274,1724.6718934225403,6653.0,,,
2022-05-09,2020-2022,674.0,,6759.571428571428,3.712857142857143,1,1004.2869734115935,749.4112550586918,1259.1626917644953,5368.0,,,
2022-05-16,2020-2022,528.0,,5405.285714285715,3.3814285714285717,1,669.2809958718943,482.06946709864246,856.4925246451462,4469.0,,,
2022-05-23,2020-2022,377.0,,4390.142857142857,2.7085714285714286,1,504.8016293983962,347.52252428233476,662.0807345144576,3664.0,,,
2022-05-30,2020-2022,174.0,,3916.714285714286,2.815714285714286,1,523.656864009097,384.7075734272114,662.6061545909827,3114.0,,,
2022-06-06,2020-2022,271.0,,4191.285714285715,3.8628571428571425,1,607.231796711916,469.96957628971376,744.4940171341182,3237.0,,,
2022-06-13,2020-2022,246.0,,4975.857142857143,5.171428571428572,1,452.923243798696,317.043865567947,588.8026220294449,4305.0,,,
2022-06-20,2020-2022,270.0,,6498.0,6.964285714285714,1,561.7241890382513,388.96534763725015,734.4830304392525,5717.0,,,
2022-06-27,2020-2022,309.0,,8919.142857142857,8.571428571428571,1,790.0983534252159,531.9765491376079,1048.220157712824,7912.0,,,
2022-07-04,2020-2022,399.0,,11807.42857142857,10.174285714285714,1,1054.2504979407252,684.6734947150569,1423.8275011663934,10555.0,,,
2022-07-11,2020-2022,542.0,,13717.285714285714,10.05,1,875.9465707238177,379.2524789078601,1372.6406625397753,12935.0,,,
2022-07-18,2020-2022,697.0,,13292.714285714286,8.915714285714285,1,1008.5395096343053,531.8347010493815,1485.2443182192292,12289.0,,,
2022-07-25,2020-2022,745.0,,11443.142857142857,7.377142857142857,1,889.2751694921802,478.36799639843895,1300.1823425859216,10530.0,,,
2022-08-01,2020-2022,682.0,,9524.57142857143,6.264285714285714,1,1119.5125951266168,795.4242155681103,1443.6009746851232,8095.0,,,
2022-08-08,2020-2022,561.0,,8364.142857142857,5.707142857142857,1,1125.504332291923,836.8031700961096,1414.2054944877364,6842.0,,,
2022-08-15,2020-2022,520.0,,7331.285714285715,4.96,1,902.1879003457428,656.6424172679183,1147.7333834235674,6119.0,,,
2022-08-22,2020-2022,419.0,,6159.571428571428,4.291428571428571,1,825.0593121666059,616.6772755117948,1033.4413488214168,4997.0,,,
2022-08-29,2020-2022,297.0,,5492.714285714285,4.037142857142857,1,877.7883488795552,676.2655376759553,1079.311160083155,4192.0,,,
2022-09-05,2020-2022,339.0,,4880.714285714285,4.624285714285714,1,760.3198093099544,596.2057542074607,924.4338644124481,3704.0,,,
2022-09-12,2020-2022,280.0,,4567.571428571428,5.064285714285715,1,705.3415203524121,559.4462246030804,851.2368161017438,3441.0,,,
2022-09-19,2020-2022,217.0,,5358.857142857143,6.688571428571429,1,999.4458460444919,787.5979603906048,1211.293731698379,3753.0,,,
2022-09-26,2020-2022,274.0,,7373.857142857143,9.135714285714286,1,1087.897269661087,860.0726336423199,1315.721905679854,5713.0,,,
2022-10-03,2020-2022,372.0,,9713.42857142857,10.731428571428571,1,1472.1789365483694,1145.0688965386598,1799.288976558079,7558.0,,,
2022-10-10,2020-2022,523.0,,10508.142857142857,9.974285714285712,1,1579.7473338630223,1215.481029443958,1944.0136382820865,8267.0,,,
2022-10-17,2020-2022,647.0,,10180.714285714286,8.814285714285715,1,1572.0302071137407,1206.234212534275,1937.8262016932065,7963.0,,,
2022-10-24,2020-2022,620.0,,8896.857142857143,7.998571428571429,1,1426.403308201689,1103.335779754419,1749.470836648959,6839.0,,,
2022-10-31,2020-2022,605.0,,7015.428571428572,6.927142857142857,1,1277.7304653215847,997.4650663455969,1557.9958642975726,5079.0,,,
2022-11-07,2020-2022,478.0,,5581.857142857143,6.24,1,1146.3375762568842,893.8492658833012,1398.8258866304673,3764.0,,,
2022-11-14,2020-2022,401.0,,4924.857142857143,6.072857142857143,1,891.525070557577,705.4015314907939,1077.6486096243602,3483.0,,,
2022-11-21,2020-2022,333.0,,4647.571428571428,6.597142857142857,1,786.591621635186,627.4748438795366,945.7083993908354,3340.0,,,
2022-11-28,2020-2022,299.0,,4968.571428571428,7.295714285714285,1,857.7833312102126,681.8872279673532,1033.6794344530722,3546.0,,,
2022-12-05,2020-2022,295.0,,5649.714285714285,8.241428571428571,1,992.8719178023499,784.8900442289496,1200.8537913757502,4028.0,,,
2022-12-12,2020-2022,364.0,,6917.857142857143,9.664285714285716,1,1201.3372293506893,944.37395160305,1458.3005070983286,5009.0,,,
2022-12-19,2020-2022,397.0,,8711.142857142857,11.647142857142857,1,1240.0821323794808,974.6534430365333,1505.5108217224283,6827.0,,,
2022-12-26,2020-2022,367.0,,9389.857142857143,11.6,1,1146.2688203116338,887.361122512396,1405.1765181108717,7724.0,,,
2023-01-02,2023-2026,679.0,,8962.857142857143,10.468571428571428,1,1300.4660301637991,1016.6830408894787,1584.2490194381196,7039.0,,,
2023-01-09,2023-2026,849.0,,7481.857142857143,8.147142857142857,1,1103.2105601308872,866.0939139440109,1340.3272063177635,5838.0,,,
2023-01-16,2023-2026,711.0,,6128.571428571428,6.917142857142857,1,1198.5444693446768,936.7569579708247,1460.331980718529,4248.0,,,
2023-01-23,2023-2026,545.0,,5723.285714285715,7.777142857142857,1,1121.9265219587996,877.5996885122973,1366.253355405302,3907.0,,,
2023-01-30,2023-2026,469.0,,6149.857142857143,9.28,1,1016.5998839343124,805.0575425398649,1228.1422253287599,4497.0,,,
2023-02-06,2023-2026,432.0,,6475.285714285715,9.927142857142856,1,930.2403539310241,742.407038427981,1118.0736694340671,4974.0,,,
2023-02-13,2023-2026,401.0,,7284.285714285715,10.984285714285717,1,1131.6157386339519,893.4534379705125,1369.7780392973914,5480.0,,,
2023-02-20,2023-2026,399.0,,7801.571428571428,11.322857142857144,1,1004.7372381967857,795.1907391713845,1214.283737222187,6244.0,,,
2023-02-27,2023-2026,499.0,,7502.428571428572,10.982857142857142,1,986.3858848367681,782.8129547058041,1189.9588149677322,5961.0,,,
2023-03-06,2023-2026,521.0,,7746.285714285715,10.712857142857144,1,1018.0967266720935,805.6583085793752,1230.5351447648118,6182.0,,,
2023-03-13,2023-2026,512.0,,8363.857142857143,11.09,1,978.0439260464611,762.9512943348714,1193.136557758051,6908.0,,,
2023-03-20,2023-2026,584.0,,8400.0,10.195714285714288,1,893.08940562284,678.7204715220734,1107.4583397236067,7120.0,,,
2023-03-27,2023-2026,599.0,,7853.0,9.228571428571428,1,963.28268156493,750.0739042836202,1176.4914588462398,6440.0,,,
2023-04-03,2023-2026,484.0,,6898.285714285715,10.385714285714286,1,657.6663469609936,508.77241255876385,806.5602813632233,5876.0,,,
2023-04-10,2023-2026,439.0,,6271.0,10.98857142857143,1,995.2707622314284,782.7312757727861,1207.8102486900707,4607.0,,,
2023-04-17,2023-2026,508.0,,5360.714285714285,10.239999999999998,1,623.2024231480679,498.7875683848805,747.6172779112552,4267.0,,,
2023-04-24,2023-2026,436.0,,4723.714285714285,9.507142857142856,1,572.6104430540664,457.4587762100853,687.7621098980475,3684.0,,,
2023-05-01,2023-2026,286.0,,4440.142857142857,10.052857142857144,1,591.2642996058945,458.19815679832095,724.3304424134681,3326.0,,,
2023-05-08,2023-2026,283.0,,4036.714285714286,9.647142857142857,1,494.76429635994583,378.623149366078,610.9054433538137,3063.0,,,
2023-05-15,2023-2026,304.0,,3455.285714285714,8.632857142857143,1,352.9582659966976,261.98566433896616,443.93086765442905,2703.0,,,
2023-05-22,2023-2026,251.0,,2992.4285714285716,8.352857142857143,1,311.95531203931154,215.8977045264828,408.01291955214026,2278.0,,,
2023-05-29,2023-2026,175.0,,2636.4285714285716,7.671428571428571,1,183.7900664354376,98.08844501071796,269.49168786015724,2129.0,,,
2023-06-05,2023-2026,195.0,,2304.8571428571427,7.027142857142857,1,525.865112789191,367.2272577668613,684.5029678115206,1216.0,,,
2023-06-12,2023-2026,148.0,,2044.857142857143,5.951428571428571,1,85.9087532692663,1.5106879199308025,170.3068186186018,1708.0,,,
2023-06-19,2023-2026,141.0,,1590.428571428571,4.677142857142857,1,104.26456593610301,19.304322347021667,189.22480952518436,1226.0,,,
2023-06-26,2023-2026,122.0,,1238.0,3.99,1,117.93543815859813,27.27219633052738,208.59867998666888,843.0,,,
2023-07-03,2023-2026,91.0,,1068.2857142857142,4.107142857142857,1,96.20891310017457,0.4739934923856026,191.94383270796354,691.0,,,
2023-07-10,2023-2026,73.0,,1072.142857142857,4.981428571428571,1,-1.6375228436682396,-106.07257638632667,102.7975306989902,830.0,,,
2023-07-17,2023-2026,61.0,,1101.571428571429,5.857142857142857,1,-70.43766366820688,-188.30289249761046,47.42756516119668,948.0,,,
2023-07-24,2023-2026,55.0,,1377.142857142857,7.482857142857143,1,-27.6064906119834,-154.62884167589422,99.41586045192741,1121.0,,,
2023-07-31,2023-2026,65.0,,1775.857142857143,9.635714285714286,1,-74.05370986797818,-227.90618663394758,79.79876689799123,1560.0,,,
2023-08-07,2023-2026,101.0,,2156.5714285714284,11.162857142857144,1,-30.843142541464246,-199.48417634030636,137.7978912573779,1850.0,,,
2023-08-14,2023-2026,115.0,,2469.8571428571427,12.642857142857142,1,-95.30211301654556,-287.75398037634534,97.1497543432542,2249.0,,,
2023-08-21,2023-2026,178.0,,2528.4285714285716,12.917142857142858,1,-34.862435624613184,-227.96657427346247,158.24170302423607,2202.0,,,
2023-08-28,2023-2026,136.0,,2716.8571428571427,14.414285714285713,1,27.97464941247068,-191.4272594547369,247.37655827967828,2251.0,,,
2023-09-04,2023-2026,197.0,,3178.4285714285716,16.242857142857144,1,-92.78830194085191,-339.8242900030159,154.24768612131206,2894.0,,,
2023-09-11,2023-2026,229.0,,3147.0,15.101428571428572,1,-289.2387209713023,-536.3041205307903,-42.17332141181427,3228.0,,,
2023-09-18,2023-2026,241.0,,3061.285714285714,14.858571428571429,1,-47.37105892574753,-266.0065075725428,171.26438972104773,2737.0,,,
2023-09-25,2023-2026,203.0,,3540.1428571428573,16.898571428571426,1,-40.83366120351555,-289.6130565524371,207.945734145406,3178.0,,,
2023-10-02,2023-2026,233.0,,4214.857142857143,17.464285714285715,1,-126.29436434531407,-377.84214207514066,125.25341338451251,4036.0,,,
2023-10-09,2023-2026,318.0,,4414.285714285715,15.904285714285717,1,-142.17293123005885,-367.7384222306283,83.39255977051062,4332.0,,,
2023-10-16,2023-2026,287.0,,3942.714285714286,13.225714285714286,1,-29.904814407038995,-199.94473490242115,140.13510608834315,3721.0,,,
2023-10-23,2023-2026,297.0,,3715.285714285714,12.42,1,59.36823792341215,-88.90290490148885,207.63938074831316,3351.0,,,
2023-10-30,2023-2026,309.0,,3344.8571428571427,10.381428571428572,1,149.25057755320168,36.37314453166401,262.12801057473933,2866.0,,,
2023-11-06,2023-2026,291.0,,2820.285714285714,8.665714285714285,1,74.42686191127687,-26.734871876156774,175.58859569871052,2479.0,,,
2023-11-13,2023-2026,239.0,,2531.4285714285716,7.951428571428571,1,69.05301698559792,-27.99575796964109,166.10179194083693,2198.0,,,
2023-11-20,2023-2026,162.0,,2317.8571428571427,7.437142857142858,1,85.79569947567823,-7.40150956935112,178.9929085207076,1955.0,,,
2023-11-27,2023-2026,163.0,,2343.8571428571427,7.757142857142857,1,130.7737038499415,35.58874204101056,225.95866565887246,1897.0,,,
2023-12-04,2023-2026,167.0,,2761.5714285714284,9.232857142857142,1,199.57829918848978,90.37503791262206,308.7815604643575,2186.0,,,
2023-12-11,2023-2026,221.0,,3248.1428571428573,11.062857142857142,1,108.08725974118511,-21.104294096386553,237.27881357875677,2807.0,,,
2023-12-18,2023-2026,249.0,,3641.857142857142,12.394285714285717,1,39.725407677553854,-111.08419432981228,190.53500968491997,3305.0,,,
2023-12-25,2023-2026,161.0,,3927.0,12.864285714285714,1,-4.8344326183979005,-165.87003061780294,156.20116538100714,3674.0,,,
2024-01-01,2023-2026,292.0,,4244.857142857143,12.824285714285711,1,18.96191511411084,-136.96662804526304,174.8904582734847,3981.0,,,
2024-01-08,2023-2026,376.0,,3946.142857142858,11.665714285714284,1,-43.462730678588244,-196.86249025815897,109.9370289009825,3800.0,,,
2024-01-15,2023-2026,374.0,,3894.285714285714,10.845714285714283,1,291.4869062229135,181.04002644381723,401.93378600200975,3209.0,,,
2024-01-22,2023-2026,341.0,,3993.571428571429,10.732857142857142,1,139.41853349195864,27.706365477263702,251.13070150665357,3576.0,,,
2024-01-29,2023-2026,331.0,,3599.0,9.395714285714286,1,73.88926925501073,-33.409226770198856,181.18776528022033,3302.0,,,
2024-02-05,2023-2026,316.0,,3229.285714285714,8.16,1,114.77008099745258,25.65882997151016,203.881332023395,2873.0,,,
2024-02-12,2023-2026,255.0,,2718.5714285714284,6.622857142857143,1,138.27979596886317,61.15055817551075,215.40903376221559,2330.0,,,
2024-02-19,2023-2026,226.0,,2275.714285714286,5.692857142857143,1,157.2262610393845,81.98741560678164,232.46510647198735,1848.0,,,
2024-02-26,2023-2026,196.0,,1860.428571428571,4.688571428571429,1,131.17981251221045,51.61766098912868,210.7419640352922,1474.0,,,
2024-03-04,2023-2026,168.0,,1689.0,4.57,1,238.1800327576425,149.7502993001496,326.6097662151354,1112.0,,,
2024-03-11,2023-2026,122.0,,1674.2857142857142,4.7942857142857145,1,137.1695552885279,54.1619930558505,220.1771175212053,1258.0,,,
2024-03-18,2023-2026,138.0,,1556.857142857143,4.488571428571428,1,57.703913872403554,-30.724387116383774,146.13221486119087,1274.0,,,
2024-03-25,2023-2026,110.0,,1390.857142857143,4.421428571428572,1,64.71816664093528,-25.258201630577332,154.6945349124479,1084.0,,,
2024-04-01,2023-2026,107.0,,1474.0,4.884285714285714,1,78.31183031564663,-11.0644318968765,167.68809252816976,1136.0,,,
2024-04-08,2023-2026,108.0,,1464.2857142857142,5.054285714285714,1,49.54560852531136,-42.68792766987432,141.77914472049704,1168.0,,,
2024-04-15,2023-2026,116.0,,1435.142857142857,5.618571428571428,1,18.15977386187642,-81.10065451828343,117.42020224203627,1170.0,,,
2024-04-22,2023-2026,118.0,,1574.142857142857,6.728571428571429,1,65.68007383296607,-40.0968691097748,171.45701677570696,1204.0,,,
2024-04-29,2023-2026,103.0,,2004.0,8.938571428571429,1,65.06895582846097,-62.76037444304171,192.89828609996366,1598.0,,,
2024-05-06,2023-2026,93.0,,2339.1428571428573,10.29857142857143,1,-8.443080000408724,-153.41773968988858,136.53157968907115,2040.0,,,
2024-05-13,2023-2026,168.0,,2296.1428571428573,9.618571428571428,1,-71.51122091121246,-212.32082688126636,69.29838505884143,2122.0,,,
2024-05-20,2023-2026,147.0,,2066.285714285714,8.972857142857142,1,-54.341150627078484,-187.86519963031526,79.18289837615828,1865.0,,,
2024-05-27,2023-2026,112.0,,1891.2857142857144,8.711428571428572,1,2.5710182539155313,-126.54363285975774,131.6856693675888,1588.0,,,
2024-06-03,2023-2026,146.0,,1884.428571428571,9.567142857142857,1,-38.69248444370899,-185.61111897955718,108.22615009213919,1621.0,,,
2024-06-10,2023-2026,158.0,,2092.8571428571427,11.051428571428572,1,-16.8567578461293,-184.9670226938401,151.25350700158148,1761.0,,,
2024-06-17,2023-2026,149.0,,2596.8571428571427,13.794285714285715,1,-48.0450533034373,-258.19448198592545,162.10437537905082,2269.0,,,
2024-06-24,2023-2026,186.0,,2902.285714285714,14.994285714285713,1,-191.81000693272284,-427.9584471985976,44.338433333151926,2802.0,,,
2024-07-01,2023-2026,166.0,,2852.5714285714284,14.565714285714288,1,-173.71413532313562,-400.93430905958854,53.5060384133173,2732.0,,,
2024-07-08,2023-2026,204.0,,3073.8571428571427,15.804285714285712,1,-8.15057764598932,-246.43572924906863,230.13457395708997,2653.0,,,
2024-07-15,2023-2026,217.0,,3267.0,16.248571428571427,1,-124.29893888430163,-370.9445942493605,122.34671648075721,3043.0,,,
2024-07-22,2023-2026,182.0,,3261.714285714286,15.627142857142855,1,-180.79353395636193,-420.3799666888724,58.79289877614855,3153.0,,,
2024-07-29,2023-2026,203.0,,3008.714285714286,13.944285714285714,1,-67.85410920011343,-270.04284373002366,134.33462532979684,2745.0,,,
2024-08-05,2023-2026,208.0,,2622.1428571428573,12.145714285714286,1,-241.67404019228832,-441.8786006729955,-41.46947971158116,2677.0,,,
2024-08-12,2023-2026,173.0,,2178.285714285714,10.62142857142857,1,-126.2628712678904,-292.06733278183384,39.54159024605303,2052.0,,,
2024-08-19,2023-2026,141.0,,1870.428571428571,9.29857142857143,1,-142.46260345810484,-296.2224139821542,11.29720706594452,1789.0,,,
2024-08-26,2023-2026,104.0,,1821.857142857143,9.991428571428573,1,38.56887395213642,-117.62647440709466,194.7642223113675,1409.0,,,
2024-09-02,2023-2026,106.0,,1857.428571428571,10.198571428571428,1,-28.929330711045708,-188.38316964415483,130.52450822206342,1554.0,,,
2024-09-09,2023-2026,97.0,,1865.7142857142856,10.302857142857144,1,-37.5689472956738,-199.09768379773868,123.95978920639106,1574.0,,,
2024-09-16,2023-2026,138.0,,2167.8571428571427,12.55714285714286,1,-33.027086128499946,-230.8794897156947,164.8253174586948,1819.0,,,
2024-09-23,2023-2026,132.0,,2639.714285714286,13.461428571428572,1,-175.6556951995997,-387.0843177179469,35.77292731874746,2541.0,,,
2024-09-30,2023-2026,167.0,,2808.0,13.612857142857145,1,-83.38763500581153,-285.2052407351694,118.42997072354633,2564.0,,,
2024-10-07,2023-2026,205.0,,3238.0,14.338571428571427,1,-66.05356721812714,-270.405754433841,138.29861999758674,2978.0,,,
2024-10-14,2023-2026,244.0,,3200.4285714285716,13.23,1,12.269988089954913,-165.54799810077813,190.08797428068797,2843.0,,,
2024-10-21,2023-2026,273.0,,3135.1428571428573,11.907142857142857,1,-80.3418320844049,-244.8974094914112,84.2137453226014,2972.0,,,
2024-10-28,2023-2026,256.0,,2605.714285714286,9.134285714285712,1,-10.213273542991349,-131.06888108613867,110.64233400015598,2372.0,,,
2024-11-04,2023-2026,214.0,,2056.714285714286,6.778571428571429,1,53.17016096401894,-40.69011041510607,147.03043234314396,1748.0,,,
2024-11-11,2023-2026,167.0,,1642.857142857143,5.557142857142857,1,52.659829641691566,-38.88075689100517,144.2004161743883,1340.0,,,
2024-11-18,2023-2026,126.0,,1461.142857142857,4.804285714285713,1,81.7159497822464,-7.386769040244957,170.81866860473775,1119.0,,,
2024-11-25,2023-2026,104.0,,1392.2857142857142,4.312857142857143,1,85.09803974245169,-3.4378401418758244,173.6339196267792,1055.0,,,
2024-12-02,2023-2026,110.0,,1343.7142857142858,3.7542857142857144,1,60.07202478578206,-30.69687751755245,150.84092708911658,1063.0,,,
2024-12-09,2023-2026,113.0,,1274.7142857142858,3.402857142857143,1,39.70218841701052,-54.69554876935004,134.09992560337108,1034.0,,,
2024-12-16,2023-2026,115.0,,1276.571428571429,3.03,1,74.00066929875403,-18.738834692608123,166.7401732901162,991.0,,,
2024-12-23,2023-2026,53.0,,1187.0,2.5785714285714287,1,-27.392886286922714,-137.67427920380544,82.88850662996,1079.0,,,
2024-12-30,2023-2026,91.0,,1128.428571428571,2.3771428571428572,1,68.5829702957941,-29.484020727774478,166.64996131936266,861.0,,,
2025-01-06,2023-2026,133.0,,1113.7142857142858,2.2742857142857145,1,18.21978458098145,-86.63148465906832,123.07105382103123,933.0,,,
2025-01-13,2023-2026,122.0,,1070.0,2.4200000000000004,1,38.21684851511402,-62.58958283904417,139.02327986927222,847.0,,,
2025-01-20,2023-2026,84.0,,996.8571428571428,2.47,1,-4.802549455898223,-110.71752927062414,101.11243035882771,838.0,,,
2025-01-27,2023-2026,111.0,,953.1428571428572,2.565714285714286,1,37.64468416399943,-62.539125976390395,137.82849430438927,716.0,,,
2025-02-03,2023-2026,98.0,,957.7142857142856,2.6242857142857146,1,-34.44321631523207,-143.7619820567636,74.87554942629947,840.0,,,
2025-02-10,2023-2026,90.0,,988.2857142857144,2.8528571428571428,1,13.542291827457905,-87.54458545170336,114.62916910661916,785.0,,,
2025-02-17,2023-2026,71.0,,1027.2857142857142,3.0385714285714287,1,15.419961877242086,-84.44062402549267,115.28054777997684,818.0,,,
2025-02-24,2023-2026,75.0,,1101.857142857143,3.302857142857143,1,-13.067879654825665,-115.40808645293956,89.27232714328824,938.0,,,
2025-03-03,2023-2026,89.0,,1012.8571428571428,3.3057142857142856,1,5.482261443416852,-94.78500794576412,105.74953083259781,810.0,,,
2025-03-10,2023-2026,65.0,,1031.142857142857,3.46,1,-8.406297113092592,-109.9171734761089,93.10457924992372,848.0,,,
2025-03-17,2023-2026,70.0,,1051.428571428571,3.825714285714286,1,-19.8777743250161,-122.32831409899386,82.57276544896165,877.0,,,
2025-03-24,2023-2026,86.0,,1174.428571428571,4.319999999999999,1,-34.11959509254116,-137.71272228220454,69.47353209712223,1018.0,,,
2025-03-31,2023-2026,92.0,,1174.7142857142858,4.6571428571428575,1,-44.27060872269815,-150.01145269118646,61.47023524579017,1024.0,,,
2025-04-07,2023-2026,79.0,,1109.0,4.887142857142857,1,-59.278840581116114,-168.8416371745957,50.28395601236346,970.0,,,
2025-04-14,2023-2026,55.0,,1185.2857142857142,5.1000000000000005,1,-46.30459372397503,-153.97353789431372,61.36435044636366,1024.0,,,
2025-04-21,2023-2026,66.0,,1225.0,5.341428571428572,1,-0.39952519413328935,-103.8232385617864,103.02418817351982,982.0,,,
2025-04-28,2023-2026,104.0,,1224.428571428571,5.744285714285715,1,-74.38284007776356,-189.47278160262383,40.707101447096704,1092.0,,,
2025-05-05,2023-2026,79.0,,1114.2857142857142,5.21,1,-40.88261675985187,-149.7697933170603,68.00455979735655,934.0,,,
2025-05-12,2023-2026,76.0,,1132.571428571429,5.6814285714285715,1,-25.981678137531954,-136.90952917414555,84.94617289908165,913.0,,,
2025-05-19,2023-2026,76.0,,1060.857142857143,5.659999999999999,1,-51.74916077023508,-166.65941098365508,63.16108944318492,879.0,,,
2025-05-26,2023-2026,70.0,,1102.142857142857,6.098571428571428,1,-12.354531675154767,-127.95292853483585,103.24386518452633,843.0,,,
2025-06-02,2023-2026,74.0,,1114.2857142857142,6.507142857142857,1,-86.55739243686173,-212.76751371798716,39.65272884426369,967.0,,,
2025-06-09,2023-2026,67.0,,1122.2857142857142,6.855714285714286,1,-51.4289014832245,-178.81115574515005,75.95335277870103,905.0,,,
2025-06-16,2023-2026,63.0,,1086.0,7.23,1,-143.80290197974875,-286.25327067134896,-1.3525332881485497,1008.0,,,
2025-06-23,2023-2026,64.0,,1000.0,6.408571428571428,1,-182.43983079470394,-323.6638425963078,-41.21581899310007,1007.0,,,
2025-06-30,2023-2026,52.0,,862.4285714285714,5.914285714285714,1,-111.50720206012285,-240.22766815957192,17.213264039326234,755.0,,,
2025-07-07,2023-2026,58.0,,834.4285714285714,6.247142857142857,1,-99.3826516205881,-231.25366703935816,32.488363798181936,693.0,,,
2025-07-14,2023-2026,67.0,,864.5714285714286,6.677142857142857,1,-161.75996073936454,-305.0202650843062,-18.499656394422914,816.0,,,
2025-07-21,2023-2026,49.0,,883.7142857142857,6.388571428571429,1,-157.27522913174332,-296.3660718420109,-18.184386421475693,839.0,,,
2025-07-28,2023-2026,43.0,,878.1428571428571,7.122857142857143,1,-159.52494406922696,-307.6243405521043,-11.425547586349609,812.0,,,
2025-08-04,2023-2026,46.0,,954.4285714285714,7.87,1,-111.98813669069989,-264.43760554383766,40.461332162437884,790.0,,,
2025-08-11,2023-2026,47.0,,1136.142857142857,9.24,1,-162.95345300999648,-336.42938714044607,10.522481120453108,1027.0,,,
2025-08-18,2023-2026,56.0,,1144.142857142857,9.098571428571429,1,-222.8518050331067,-400.1471835264738,-45.55642653973965,1141.0,,,
2025-08-25,2023-2026,60.0,,1193.0,9.664285714285716,1,-121.52654083605775,-298.05683957509933,55.00375790298382,1005.0,,,
2025-09-01,2023-2026,84.0,,1250.428571428571,9.947142857142856,1,-181.15128892617088,-365.06516419608056,2.7625863437388034,1158.0,,,
2025-09-08,2023-2026,81.0,,1307.2857142857142,10.48,1,-204.4567377045108,-398.2739447780135,-10.639530631008085,1241.0,,,
2025-09-15,2023-2026,88.0,,1473.142857142857,11.288571428571428,1,-196.64507942556324,-399.69508373495376,6.404924883827277,1381.0,,,
2025-09-22,2023-2026,91.0,,1825.571428571429,12.395714285714286,1,-249.71878041871386,-468.7512311667181,-30.686329670709597,1816.0,,,
2025-09-29,2023-2026,102.0,,2192.285714285714,13.278571428571428,1,-157.37752459237018,-374.8519875145077,60.09693832976734,2030.0,,,
2025-10-06,2023-2026,148.0,,2458.1428571428573,12.235714285714286,1,-150.13046803415872,-340.45892183855483,40.19798577023735,2342.0,,,
2025-10-13,2023-2026,159.0,,2273.4285714285716,10.271428571428572,1,-172.59636387972554,-338.60678104009787,-6.585946719353245,2245.0,,,
2025-10-20,2023-2026,150.0,,1997.571428571429,8.035714285714286,1,-63.97073073454979,-187.52398396976832,59.58252250066876,1838.0,,,
2025-10-27,2023-2026,129.0,,1692.428571428571,6.142857142857143,1,26.553777211151534,-70.94093993701216,124.04849435931521,1418.0,,,
2025-11-03,2023-2026,145.0,,1456.7142857142858,4.954285714285715,1,35.92302967426044,-57.11898600082403,128.9650453493449,1186.0,,,
2025-11-10,2023-2026,125.0,,1148.571428571429,3.46,1,21.784763368099,-75.18356797313265,118.75309470933067,925.0,,,
2025-11-17,2023-2026,105.0,,868.0,2.575714285714286,1,26.974705392120796,-74.72021992150462,128.66963070574621,641.0,,,
2025-11-24,2023-2026,83.0,,825.8571428571429,2.275714285714286,1,76.58874200727993,-23.713694704009598,176.89117871856945,522.0,,,
2025-12-01,2023-2026,60.0,,861.2857142857143,2.18,1,0.1778787641409849,-106.96776758353448,107.32352511181645,692.0,,,
2025-12-08,2023-2026,47.0,,791.4285714285714,2.032857142857143,1,-35.56789720097544,-148.87613159730748,77.7403371953566,681.0,,,
2025-12-15,2023-2026,62.0,,706.5714285714286,1.7757142857142856,1,-42.482443145526986,-158.68262446386927,73.7177381728153,609.0,,,
2025-12-22,2023-2026,25.0,,608.4285714285714,1.7357142857142858,1,-49.84673794984593,-167.1282760240658,67.43480012437394,516.0,,,
2025-12-29,2023-2026,41.0,,658.8571428571429,1.832857142857143,1,5.296477416497282,-104.03490364932645,114.62785848232102,475.0,,,
2026-01-05,2023-2026,53.0,,667.1428571428571,1.832857142857143,1,-19.12448747223135,-131.34301408390291,93.0940391394402,525.0,,,
2026-01-12,2023-2026,61.0,,658.5714285714286,2.032857142857143,1,-28.68772367943768,-140.74387104372613,83.36842368485077,525.0,,,
2026-01-19,2023-2026,56.0,,644.4285714285714,2.255714285714286,1,-80.4469904472059,-199.06806688727858,38.17408599286675,589.0,,,
2026-01-26,2023-2026,43.0,,630.1428571428571,2.3428571428571425,1,-86.08643018458241,-205.1251121032388,32.952251734073954,580.0,,,
2026-02-02,2023-2026,46.0,,581.2857142857143,2.6757142857142857,1,-79.13149332100346,-195.52471985049257,37.26173320848565,504.0,,,
2026-02-09,2023-2026,43.0,,569.8571428571429,2.7885714285714287,1,-123.94767966857529,-247.68742261740016,-0.20793671975043537,563.0,,,
2026-02-16,2023-2026,45.0,,541.1428571428571,2.768571428571428,1,-117.12435872818244,-239.7133140388903,5.464596582525417,521.0,,,
2026-02-23,2023-2026,36.0,,562.0,2.6542857142857144,1,-138.85500213359865,-266.0374467901551,-11.672557477042162,584.0,,,
2026-03-02,2023-2026,30.0,,508.7142857142857,2.4528571428571433,1,-112.1381725751753,-235.12290573135866,10.846560581008049,488.0,,,
2026-03-09,2023-2026,27.0,,474.7142857142857,2.2,1,-82.62125304106115,-201.90606677852827,36.663560696405966,410.0,,,
2026-03-16,2023-2026,30.0,,419.57142857142856,2.3085714285714287,1,-133.02860868156637,-260.4907287853929,-5.566488577739861,431.0,,,
2026-03-23,2023-2026,27.0,,398.0,2.2985714285714285,1,-142.03491622164998,-271.22387873147727,-12.84595371182266,423.0,,,
2026-03-30,2023-2026,17.0,,331.0,2.085714285714286,1,-137.07909350514814,-266.3480485946942,-7.810138415602069,349.0,,,
2026-04-06,2023-2026,25.0,,324.42857142857144,2.04,1,-111.22664052973713,-236.22547261442134,13.7721915549471,300.0,,,
2026-04-13,2023-2026,22.0,,294.7142857142857,1.5157142857142856,1,-84.21374351291118,-208.01768589046395,39.59019886464161,240.0,,,
2026-04-20,2023-2026,17.0,,245.57142857142856,1.17,1,-84.09076943834856,-210.38175875615235,42.20021987945525,198.0,,,
2026-04-27,2023-2026,19.0,,225.75,1.1242857142857143,1,-74.56593450572223,-199.8227222909149,50.69085327947046,162.0,,,
2021-01-04,2020-2022,5597.0,,28376.0,16.74857142857143,2,4992.220510582228,3431.49081846563,6552.950202698825,,14915.0,,
2021-01-11,2020-2022,6767.0,,32789.0,14.304285714285712,2,5879.859221019047,4015.8122734272238,7743.906168610871,,20584.0,,
2021-01-18,2020-2022,7956.0,,33486.42857142857,13.215714285714286,2,5844.222398623445,3748.3687077728564,7940.076089474033,,25938.0,,
2021-01-25,2020-2022,8063.0,,30356.571428571428,10.63,2,5262.9928355476195,3178.895843445169,7347.08982765007,,25834.0,,
2021-02-01,2020-2022,6990.0,,25439.85714285714,8.188571428571429,2,4388.855786768415,2522.71379359026,6254.99777994657,,23015.0,,
2021-02-08,2020-2022,5464.0,,20069.428571428572,6.077142857142857,2,3512.933664585414,2086.5092779349607,4939.358051235868,,17663.0,,
2021-02-15,2020-2022,3891.0,,15770.0,5.155714285714287,2,2754.906233740864,1672.6893142596539,3837.1231532220745,,13683.0,,
2021-02-22,2020-2022,2772.0,,12373.714285714286,4.184285714285714,2,2187.349262625516,1394.6577596382676,2980.0407656127645,,10167.0,,
2021-03-01,2020-2022,1994.0,,9142.714285714286,2.855714285714286,2,1613.1664401904666,999.3654547896678,2226.9674255912655,,7995.0,,
2021-03-08,2020-2022,1428.0,,6780.285714285715,2.432857142857143,2,1198.9103575703696,780.7768645874932,1617.043850553246,,5666.0,,
2021-03-15,2020-2022,912.0,,5148.857142857143,2.1414285714285715,2,912.4031074942565,620.4873025704549,1204.318912418058,,4066.0,,
2021-03-22,2020-2022,687.0,,3905.714285714286,2.005714285714286,2,679.3411912400162,469.21355189870724,889.4688305813252,,3055.0,,
2021-03-29,2020-2022,385.0,,2984.8571428571427,1.697142857142857,2,516.5664504723077,352.81665115769397,680.3162497869214,,2338.0,,
2021-04-05,2020-2022,360.0,,2391.8571428571427,1.3728571428571428,2,420.515136953962,276.84003876060603,564.1902351473179,,1837.0,,
2021-04-12,2020-2022,346.0,,1898.857142857143,1.0485714285714285,2,347.48055218196606,209.96609665714075,484.9950077067914,,1341.0,,
2021-04-19,2020-2022,244.0,,1538.428571428571,0.8157142857142857,2,282.23373700133834,152.9268056174614,411.54066838521527,,1220.0,,
2021-04-26,2020-2022,198.0,,1218.571428571429,0.7571428571428571,2,222.88419241751245,97.12175592481087,348.646628910214,,974.0,,
2021-05-03,2020-2022,124.0,,1007.2857142857144,0.7571428571428571,2,182.8826705777741,56.69994792832202,309.0653932272262,,784.0,,
2021-05-10,2020-2022,145.0,,863.7142857142857,0.7585714285714287,2,156.00240064728655,27.718113845347176,284.28668744922595,,647.0,,
2021-05-17,2020-2022,100.0,,757.8571428571429,0.79,2,132.3540433194251,4.66002277038325,260.04806386846695,,591.0,,
2021-05-24,2020-2022,92.0,,756.4285714285714,0.9585714285714284,2,126.05513013047404,-4.143327718706942,256.25358797965504,,523.0,,
2021-05-31,2020-2022,96.0,,789.0,1.5571428571428572,2,97.51287527400127,-25.24482183645877,220.27057238446133,,592.0,,
2021-06-07,2020-2022,83.0,,895.2857142857143,2.1957142857142857,2,86.61585864076112,-36.75441743125471,209.98613471277696,,605.0,,
2021-06-14,2020-2022,102.0,,1097.571428571429,2.795714285714286,2,95.25384000513662,-25.34388213286195,215.8515621431352,,720.0,,
2021-06-21,2020-2022,97.0,,1287.2857142857142,3.81,2,67.15763786760023,-35.74477978021683,170.06005551541728,,1066.0,,
2021-06-28,2020-2022,106.0,,1565.857142857143,5.7457142857142856,2,15.296582146034657,-101.26490033478835,131.85806462685767,,1286.0,,
2021-07-05,2020-2022,176.0,,2226.285714285714,7.444285714285714,2,69.08656450419694,-77.21688626403436,215.39001527242823,,1426.0,,
2021-07-12,2020-2022,213.0,,3210.5714285714284,10.14,2,114.36537909325801,-47.43584249414121,276.1666006806572,,2173.0,,
2021-07-19,2020-2022,308.0,,4228.857142857143,10.412857142857144,2,285.9818671839487,171.60388505519538,400.35984931270195,,3218.0,,
2021-07-26,2020-2022,389.0,,5102.0,7.988571428571428,2,563.2174676109315,398.7024901107202,727.7324451111429,,4438.0,,
2021-08-02,2020-2022,502.0,,4985.428571428572,7.932857142857143,2,489.9122554062257,200.08356892621424,779.7409418862371,,5462.0,,
2021-08-09,2020-2022,550.0,,5065.714285714285,8.107142857142858,2,520.2913217628449,293.6801318407503,746.9025116849394,,5020.0,,
2021-08-16,2020-2022,551.0,,5547.714285714285,8.262857142857143,2,637.1321038237253,452.62844661094664,821.6357610365039,,4744.0,,
2021-08-23,2020-2022,649.0,,5889.428571428572,7.967142857142858,2,718.9584023926163,504.32396182005846,933.5928429651742,,5032.0,,
2021-08-30,2020-2022,632.0,,6160.285714285715,7.591428571428572,2,782.7735695665085,524.4655514445435,1041.0815876884735,,5443.0,,
2021-09-06,2020-2022,786.0,,6290.571428571428,7.405714285714285,2,824.9820234029926,565.4589305375057,1084.5051162684795,,5407.0,,
2021-09-13,2020-2022,783.0,,6064.0,6.048571428571429,2,848.913640846106,562.6167505393041,1135.2105311529078,,5360.0,,
2021-09-20,2020-2022,799.0,,5282.142857142857,6.581428571428572,2,640.3301386565819,360.6998480674117,919.960429245752,,5309.0,,
2021-09-27,2020-2022,715.0,,4915.571428571428,6.918571428571428,2,579.1639728714783,394.65711948797616,763.6708262549805,,4424.0,,
2021-10-04,2020-2022,582.0,,4979.857142857143,7.558571428571428,2,580.928013539816,441.9560997447153,719.8999273349167,,3969.0,,
2021-10-11,2020-2022,640.0,,5332.142857142857,8.811428571428571,2,590.9865510444878,456.79085726571554,725.18224482326,,4036.0,,
2021-10-18,2020-2022,708.0,,6286.857142857143,9.63,2,751.1954946112154,574.2164151745419,928.1745740478889,,4389.0,,
2021-10-25,2020-2022,777.0,,7033.285714285715,9.37142857142857,2,897.5546226101866,669.4464577364938,1125.6627874838794,,5250.0,,
2021-11-01,2020-2022,892.0,,7199.0,8.79857142857143,2,939.2547634061564,666.4150557107127,1212.0944711016,,5837.0,,
2021-11-08,2020-2022,943.0,,6867.571428571428,8.827142857142857,2,849.883537057064,562.5183825250738,1137.2486915890543,,6060.0,,
2021-11-15,2020-2022,865.0,,6436.857142857143,9.487142857142857,2,743.9890567147812,523.5981367071615,964.3799767224009,,5427.0,,
2021-11-22,2020-2022,738.0,,6077.857142857143,9.517142857142858,2,663.1321157850963,449.44164488318506,876.8225866870075,,5338.0,,
2021-11-29,2020-2022,729.0,,5928.428571428572,9.478571428571428,2,659.8292821930496,492.15991311836274,827.4986512677365,,4728.0,,
2021-12-06,2020-2022,708.0,,6086.857142857143,9.911428571428573,2,683.9698811147113,523.1846809900516,844.755081239371,,4499.0,,
2021-12-13,2020-2022,702.0,,6376.285714285715,13.581428571428573,2,537.0538090562835,369.49971971168304,704.607898400884,,4772.0,,
2021-12-20,2020-2022,797.0,,7121.714285714285,20.09714285714286,2,329.77380210292074,40.57894216903901,618.9686620368025,,5263.0,,
2021-12-27,2020-2022,557.0,,11156.42857142857,29.74571428571429,2,723.4693281976984,107.79701627894178,1339.141640116455,,5595.0,,
2022-01-03,2020-2022,857.0,,15652.42857142857,30.65142857142857,2,1587.8539830421846,923.41697632922,2252.290989755149,,8332.0,,
2022-01-10,2020-2022,1308.0,,16692.285714285714,22.665714285714284,2,2004.4029230548479,1282.0157966137042,2726.7900494959913,,13798.0,,
2022-01-17,2020-2022,1378.0,,15343.142857142857,17.07,2,1982.1975304074956,1132.6870228357282,2831.7080379792633,,14111.0,,
2022-01-24,2020-2022,1323.0,,13625.142857142857,16.39,2,1661.6924669440193,861.8465671719968,2461.5383667160418,,13242.0,,
2022-01-31,2020-2022,1162.0,,12341.714285714286,14.622857142857145,2,1551.3625495900583,902.3854101819502,2200.3396889981664,,11343.0,,
2022-02-07,2020-2022,1025.0,,10773.142857142857,11.79857142857143,2,1385.800920008094,757.2256531572557,2014.3761868589322,,10418.0,,
2022-02-14,2020-2022,814.0,,9599.857142857143,10.49,2,1242.967902288892,699.8959430423167,1786.0398615354673,,9205.0,,
2022-02-21,2020-2022,722.0,,8670.0,10.587142857142856,2,1084.0990509764013,666.1908506548926,1502.00725129791,,7901.0,,
2022-02-28,2020-2022,621.0,,8420.142857142857,11.338571428571427,2,1024.6831411146961,695.8905460120443,1353.475736217348,,7072.0,,
2022-03-07,2020-2022,628.0,,9342.57142857143,16.181428571428572,2,994.4306628554957,718.1895969780262,1270.6717287329652,,6644.0,,
2022-03-14,2020-2022,650.0,,11301.714285714286,20.66,2,1138.4909297373679,787.5970141725393,1489.3848453021965,,8020.0,,
2022-03-21,2020-2022,734.0,,13538.0,22.794285714285714,2,1447.7138573819882,996.4536367041584,1898.974078059818,,9973.0,,
2022-03-28,2020-2022,789.0,,15650.714285714286,21.16142857142857,2,1919.1825388991642,1294.7257614086725,2543.639316389656,,12247.0,,
2022-04-04,2020-2022,903.0,,16355.142857142857,12.168571428571427,2,2488.7819766921994,1544.3021377842815,3433.261815600117,,14056.0,,
2022-04-11,2020-2022,951.0,,15130.0,8.714285714285714,2,2359.6071295023226,1268.1997740144982,3451.014484990147,,14753.0,,
2022-04-18,2020-2022,970.0,,13352.57142857143,7.218571428571429,2,2069.59343649222,1010.0842503199631,3129.102622664477,,13892.0,,
2022-04-25,2020-2022,1056.0,,10500.142857142857,5.374285714285714,2,1621.1888065613737,727.312362036881,2515.0652510858663,,11523.0,,
2022-05-02,2020-2022,690.0,,8538.285714285714,4.301428571428572,2,1351.0530633669318,690.5928568113338,2011.5132699225298,,8875.0,,
2022-05-09,2020-2022,674.0,,6759.571428571428,3.712857142857143,2,1076.4870284165656,611.8427474545981,1541.1313093785332,,6653.0,,
2022-05-16,2020-2022,528.0,,5405.285714285715,3.3814285714285717,2,841.4780646046509,484.62849370263723,1198.3276355066646,,5368.0,,
2022-05-23,2020-2022,377.0,,4390.142857142857,2.7085714285714286,2,685.4892184910191,390.14199207541714,980.836444906621,,4469.0,,
2022-05-30,2020-2022,174.0,,3916.714285714286,2.815714285714286,2,608.2266512593452,387.75756609882745,828.6957364198629,,3664.0,,
2022-06-06,2020-2022,271.0,,4191.285714285715,3.8628571428571425,2,641.1564207592879,470.160750053539,812.1520914650368,,3114.0,,
2022-06-13,2020-2022,246.0,,4975.857142857143,5.171428571428572,2,746.0063926253144,554.0650676202456,937.9477176303833,,3237.0,,
2022-06-20,2020-2022,270.0,,6498.0,6.964285714285714,2,950.4105077572771,707.2072564568557,1193.6137590576984,,4305.0,,
2022-06-27,2020-2022,309.0,,8919.142857142857,8.571428571428571,2,1357.5292291657486,989.555232324059,1725.5032260074381,,5717.0,,
2022-07-04,2020-2022,399.0,,11807.42857142857,10.174285714285714,2,1835.8705596490402,1312.3575161090712,2359.383603189009,,7912.0,,
2022-07-11,2020-2022,542.0,,13717.285714285714,10.05,2,2159.751150442748,1459.2164969337318,2860.285803951764,,10555.0,,
2022-07-18,2020-2022,697.0,,13292.714285714286,8.915714285714285,2,2008.701097242917,1089.8171584228812,2927.585036062953,,12935.0,,
2022-07-25,2020-2022,745.0,,11443.142857142857,7.377142857142857,2,1693.9174645693433,777.8767207403947,2609.958208398292,,12289.0,,
2022-08-01,2020-2022,682.0,,9524.57142857143,6.264285714285714,2,1393.2862254424458,609.2514134723505,2177.321037412541,,10530.0,,
2022-08-08,2020-2022,561.0,,8364.142857142857,5.707142857142857,2,1271.037672635339,724.3877742675393,1817.6875710031388,,8095.0,,
2022-08-15,2020-2022,520.0,,7331.285714285715,4.96,2,1132.0243049964379,683.8158251764974,1580.2327848163784,,6842.0,,
2022-08-22,2020-2022,419.0,,6159.571428571428,4.291428571428571,2,930.9221977096157,528.7446847856846,1333.0997106335467,,6119.0,,
2022-08-29,2020-2022,297.0,,5492.714285714285,4.037142857142857,2,843.7236286740531,539.2647913530891,1148.182465995017,,4997.0,,
2022-09-05,2020-2022,339.0,,4880.714285714285,4.624285714285714,2,707.9313651017357,488.318773809965,927.5439563935063,,4192.0,,
2022-09-12,2020-2022,280.0,,4567.571428571428,5.064285714285715,2,634.4622894551773,463.1164134361908,805.8081654741637,,3704.0,,
2022-09-19,2020-2022,217.0,,5358.857142857143,6.688571428571429,2,742.1378321843779,557.5976628289743,926.6780015397815,,3441.0,,
2022-09-26,2020-2022,274.0,,7373.857142857143,9.135714285714286,2,1061.6727597841582,734.5687148671783,1388.7768047011382,,3753.0,,
2022-10-03,2020-2022,372.0,,9713.42857142857,10.731428571428571,2,1424.09172371887,1030.0476539850554,1818.1357934526848,,5713.0,,
2022-10-10,2020-2022,523.0,,10508.142857142857,9.974285714285712,2,1561.6770966411077,1114.7073633684759,2008.6468299137396,,7558.0,,
2022-10-17,2020-2022,647.0,,10180.714285714286,8.814285714285715,2,1514.9915809653992,1018.7677070135778,2011.2154549172205,,8267.0,,
2022-10-24,2020-2022,620.0,,8896.857142857143,7.998571428571429,2,1275.7201529556987,798.5938586560436,1752.8464472553537,,7963.0,,
2022-10-31,2020-2022,605.0,,7015.428571428572,6.927142857142857,2,950.9183684349147,546.0592148173017,1355.7775220525277,,6839.0,,
2022-11-07,2020-2022,478.0,,5581.857142857143,6.24,2,739.805346406611,483.1325453203015,996.4781474929205,,5079.0,,
2022-11-14,2020-2022,401.0,,4924.857142857143,6.072857142857143,2,659.4061098126213,497.4724005259277,821.3398190993148,,3764.0,,
2022-11-21,2020-2022,333.0,,4647.571428571428,6.597142857142857,2,579.7027377563829,448.0738809022382,711.3315946105276,,3483.0,,
2022-11-28,2020-2022,299.0,,4968.571428571428,7.295714285714285,2,622.9569530176791,477.47405977140045,768.4398462639577,,3340.0,,
2022-12-05,2020-2022,295.0,,5649.714285714285,8.241428571428571,2,719.6436177019889,538.5864698372553,900.7007655667225,,3546.0,,
2022-12-12,2020-2022,364.0,,6917.857142857143,9.664285714285716,2,913.4311151076744,662.8006914058193,1164.0615388095296,,4028.0,,
2022-12-19,2020-2022,397.0,,8711.142857142857,11.647142857142857,2,1174.6683469020159,845.1084387011429,1504.2282551028889,,5009.0,,
2022-12-26,2020-2022,367.0,,9389.857142857143,11.6,2,1247.6690244363751,909.9788093203035,1585.3592395524468,,6827.0,,
2023-01-02,2023-2026,679.0,,8962.857142857143,10.468571428571428,2,1167.2189857455464,765.1438927232196,1569.2940787678733,,7724.0,,
2023-01-09,2023-2026,849.0,,7481.857142857143,8.147142857142857,2,982.927433554311,590.1212219874992,1375.733645121123,,7039.0,,
2023-01-16,2023-2026,711.0,,6128.571428571428,6.917142857142857,2,793.3489924243668,480.9345517686993,1105.7634330800342,,5838.0,,
2023-01-23,2023-2026,545.0,,5723.285714285715,7.777142857142857,2,728.4340300683198,554.6844453014519,902.1836148351877,,4248.0,,
2023-01-30,2023-2026,469.0,,6149.857142857143,9.28,2,761.6922451435823,570.7140106087674,952.6704796783973,,3907.0,,
2023-02-06,2023-2026,432.0,,6475.285714285715,9.927142857142856,2,773.5425716789389,589.6752036141145,957.4099397437633,,4497.0,,
2023-02-13,2023-2026,401.0,,7284.285714285715,10.984285714285717,2,880.8263190515186,664.268489276715,1097.3841488263222,,4974.0,,
2023-02-20,2023-2026,399.0,,7801.571428571428,11.322857142857144,2,958.2453587319573,718.748652710103,1197.7420647538115,,5480.0,,
2023-02-27,2023-2026,499.0,,7502.428571428572,10.982857142857142,2,870.5608438189804,605.9698160702291,1135.1518715677316,,6244.0,,
2023-03-06,2023-2026,521.0,,7746.285714285715,10.712857142857144,2,955.6801895267032,698.9827972685794,1212.377581784827,,5961.0,,
2023-03-13,2023-2026,512.0,,8363.857142857143,11.09,2,1068.0157304023405,785.8837417496056,1350.1477190550754,,6182.0,,
2023-03-20,2023-2026,584.0,,8400.0,10.195714285714288,2,1090.5091793410438,752.5994611750705,1428.4188975070172,,6908.0,,
2023-03-27,2023-2026,599.0,,7853.0,9.228571428571428,2,1006.0918420976184,631.5109204604557,1380.672763734781,,7120.0,,
2023-04-03,2023-2026,484.0,,6898.285714285715,10.385714285714286,2,753.3488043137506,454.3052774698141,1052.3923311576873,,6440.0,,
2023-04-10,2023-2026,439.0,,6271.0,10.98857142857143,2,601.5501124347401,354.00356659304214,849.096658276438,,5876.0,,
2023-04-17,2023-2026,508.0,,5360.714285714285,10.239999999999998,2,491.89117891928,341.01063223618877,642.7717256023711,,4607.0,,
2023-04-24,2023-2026,436.0,,4723.714285714285,9.507142857142856,2,400.2516892437765,259.3099059634817,541.1934725240714,,4267.0,,
2023-05-01,2023-2026,286.0,,4440.142857142857,10.052857142857144,2,332.43622421846584,223.91946387235737,440.9529845645743,,3684.0,,
2023-05-08,2023-2026,283.0,,4036.714285714286,9.647142857142857,2,278.0585786031752,177.50743294567005,378.6097242606803,,3326.0,,
2023-05-15,2023-2026,304.0,,3455.285714285714,8.632857142857143,2,211.06134791815373,115.84499803225863,306.27769780404884,,3063.0,,
2023-05-22,2023-2026,251.0,,2992.4285714285716,8.352857142857143,2,136.06988481595374,37.02010237704181,235.11966725486567,,2703.0,,
2023-05-29,2023-2026,175.0,,2636.4285714285716,7.671428571428571,2,111.0529214472502,15.264431632660632,206.84141126183977,,2278.0,,
2023-06-05,2023-2026,195.0,,2304.8571428571427,7.027142857142857,2,76.40852413682126,-19.33961630200868,172.15666457565118,,2129.0,,
2023-06-12,2023-2026,148.0,,2044.857142857143,5.951428571428571,2,118.79278536222017,-15.481620154418522,253.06719087885887,,1216.0,,
2023-06-19,2023-2026,141.0,,1590.428571428571,4.677142857142857,2,59.269090360204515,-31.36193343378224,149.90011415419127,,1708.0,,
2023-06-26,2023-2026,122.0,,1238.0,3.99,2,38.13713922643088,-59.62872116051066,135.90299961337243,,1226.0,,
2023-07-03,2023-2026,91.0,,1068.2857142857142,4.107142857142857,2,10.66693506304203,-110.22519514860335,131.5590652746874,,843.0,,
2023-07-10,2023-2026,73.0,,1072.142857142857,4.981428571428571,2,-29.032903263969697,-176.98380355495232,118.91799702701292,,691.0,,
2023-07-17,2023-2026,61.0,,1101.571428571429,5.857142857142857,2,-76.85878409828639,-231.74981941887074,78.03225122229794,,830.0,,
2023-07-24,2023-2026,55.0,,1377.142857142857,7.482857142857143,2,-107.52547947412953,-291.8954999142826,76.84454096602354,,948.0,,
2023-07-31,2023-2026,65.0,,1775.857142857143,9.635714285714286,2,-141.08279245963314,-369.4822276956611,87.31664277639484,,1121.0,,
2023-08-07,2023-2026,101.0,,2156.5714285714284,11.162857142857144,2,-157.33267285082218,-396.5252799218723,81.85993422022796,,1560.0,,
2023-08-14,2023-2026,115.0,,2469.8571428571427,12.642857142857142,2,-179.51552192019508,-442.2952384093844,83.26419456899427,,1850.0,,
2023-08-21,2023-2026,178.0,,2528.4285714285716,12.917142857142858,2,-200.1120590498181,-454.44153463513646,54.21741653550029,,2249.0,,
2023-08-28,2023-2026,136.0,,2716.8571428571427,14.414285714285713,2,-236.06530515989124,-533.0260174604789,60.89540714069642,,2202.0,,
2023-09-04,2023-2026,197.0,,3178.4285714285716,16.242857142857144,2,-231.27090365328533,-573.3455655067163,110.80375820014567,,2251.0,,
2023-09-11,2023-2026,229.0,,3147.0,15.101428571428572,2,-206.95864861684754,-493.2567131474084,79.33941591371331,,2894.0,,
2023-09-18,2023-2026,241.0,,3061.285714285714,14.858571428571429,2,-229.64883226265854,-516.1240578465896,56.82639332127249,,3228.0,,
2023-09-25,2023-2026,203.0,,3540.1428571428573,16.898571428571426,2,-206.44958023925994,-539.3732460374124,126.47408555889245,,2737.0,,
2023-10-02,2023-2026,233.0,,4214.857142857143,17.464285714285715,2,-101.73747577814608,-419.319156972432,215.84420541613986,,3178.0,,
2023-10-09,2023-2026,318.0,,4414.285714285715,15.904285714285717,2,-11.138390629011377,-265.2246712453061,242.9478899872834,,4036.0,,
2023-10-16,2023-2026,287.0,,3942.714285714286,13.225714285714286,2,11.725760318360564,-228.0246960559397,251.4762166926608,,4332.0,,
2023-10-23,2023-2026,297.0,,3715.285714285714,12.42,2,32.36643910790763,-161.59770485514238,226.33058307095766,,3721.0,,
2023-10-30,2023-2026,309.0,,3344.8571428571427,10.381428571428572,2,75.71411503863713,-76.58865491953095,228.01688499680523,,3351.0,,
2023-11-06,2023-2026,291.0,,2820.285714285714,8.665714285714285,2,71.05200392817595,-53.910390103053004,196.0143979594049,,2866.0,,
2023-11-13,2023-2026,239.0,,2531.4285714285716,7.951428571428571,2,61.62348911409021,-48.85053957198425,172.09751780016467,,2479.0,,
2023-11-20,2023-2026,162.0,,2317.8571428571427,7.437142857142858,2,53.64738331971327,-51.07780612562202,158.37257276504857,,2198.0,,
2023-11-27,2023-2026,163.0,,2343.8571428571427,7.757142857142857,2,53.84618355533819,-61.23156548710802,168.92393259778441,,1955.0,,
2023-12-04,2023-2026,167.0,,2761.5714285714284,9.232857142857142,2,72.92156601559147,-82.58374909141195,228.42688112259486,,1897.0,,
2023-12-11,2023-2026,221.0,,3248.1428571428573,11.062857142857142,2,71.90975161032523,-114.58156791482261,258.4010711354731,,2186.0,,
2023-12-18,2023-2026,249.0,,3641.857142857142,12.394285714285717,2,60.65472067298495,-125.58148285375296,246.89092419972286,,2807.0,,
2023-12-25,2023-2026,161.0,,3927.0,12.864285714285714,2,77.26688821112879,-103.97647768634636,258.51025410860393,,3305.0,,
2024-01-01,2023-2026,292.0,,4244.857142857143,12.824285714285711,2,135.637171294557,-34.49139395777681,305.7657365468908,,3674.0,,
2024-01-08,2023-2026,376.0,,3946.142857142858,11.665714285714284,2,114.88475560336505,-65.04895945185578,294.81847065858585,,3981.0,,
2024-01-15,2023-2026,374.0,,3894.285714285714,10.845714285714283,2,156.4613755711144,1.9695308242297926,310.953220317999,,3800.0,,
2024-01-22,2023-2026,341.0,,3993.571428571429,10.732857142857142,2,214.15926861395545,91.38967464484394,336.928862583067,,3209.0,,
2024-01-29,2023-2026,331.0,,3599.0,9.395714285714286,2,178.0125376273388,42.30588317347767,313.71919208119994,,3576.0,,
2024-02-05,2023-2026,316.0,,3229.285714285714,8.16,2,172.91642846723417,48.55947909096842,297.27337784349993,,3302.0,,
2024-02-12,2023-2026,255.0,,2718.5714285714284,6.622857142857143,2,158.9989885564302,48.98422290504905,269.0137542078113,,2873.0,,
2024-02-19,2023-2026,226.0,,2275.714285714286,5.692857142857143,2,133.07703761059088,45.14419524377354,221.00987997740822,,2330.0,,
2024-02-26,2023-2026,196.0,,1860.428571428571,4.688571428571429,2,114.7043034551724,33.42699186596087,195.98161504438391,,1848.0,,
2024-03-04,2023-2026,168.0,,1689.0,4.57,2,99.31866921868536,12.113659587481521,186.5236788498892,,1474.0,,
2024-03-11,2023-2026,122.0,,1674.2857142857142,4.7942857142857145,2,101.01621324470504,-15.11911588839645,217.15154237780655,,1112.0,,
2024-03-18,2023-2026,138.0,,1556.857142857143,4.488571428571428,2,83.43588724706728,-14.74598290385012,181.6177573979847,,1258.0,,
2024-03-25,2023-2026,110.0,,1390.857142857143,4.421428571428572,2,47.73859735410794,-49.84692022446116,145.32411493267705,,1274.0,,
2024-04-01,2023-2026,107.0,,1474.0,4.884285714285714,2,50.850372998173754,-65.01434710459837,166.71509310094586,,1084.0,,
2024-04-08,2023-2026,108.0,,1464.2857142857142,5.054285714285714,2,36.77503868821483,-77.63061036867012,151.1806877450998,,1136.0,,
2024-04-15,2023-2026,116.0,,1435.142857142857,5.618571428571428,2,-2.4620930175717453,-125.33314599488833,120.40895995974483,,1168.0,,
2024-04-22,2023-2026,118.0,,1574.142857142857,6.728571428571429,2,-31.053863221518874,-177.94080053629344,115.8330740932557,,1170.0,,
2024-04-29,2023-2026,103.0,,2004.0,8.938571428571429,2,-53.81452002523618,-255.8451745447486,148.21613449427622,,1204.0,,
2024-05-06,2023-2026,93.0,,2339.1428571428573,10.29857142857143,2,-69.34017808316332,-277.8475535359141,139.16719736958743,,1598.0,,
2024-05-13,2023-2026,168.0,,2296.1428571428573,9.618571428571428,2,-63.33673218337513,-229.77746807380942,103.10400370705916,,2040.0,,
2024-05-20,2023-2026,147.0,,2066.285714285714,8.972857142857142,2,-85.35636414871784,-244.00720359179633,73.29447529436065,,2122.0,,
2024-05-27,2023-2026,112.0,,1891.2857142857144,8.711428571428572,2,-99.37151326291821,-260.85443071605204,62.111404190215595,,1865.0,,
2024-06-03,2023-2026,146.0,,1884.428571428571,9.567142857142857,2,-134.5339811093509,-329.783751357845,60.715789139143226,,1588.0,,
2024-06-10,2023-2026,158.0,,2092.8571428571427,11.051428571428572,2,-168.97868587217258,-402.532609350239,64.57523760589385,,1621.0,,
2024-06-17,2023-2026,149.0,,2596.8571428571427,13.794285714285715,2,-208.79182672183435,-510.68378668172585,93.10013323805714,,1761.0,,
2024-06-24,2023-2026,186.0,,2902.285714285714,14.994285714285713,2,-227.9434635830947,-535.4591454182952,79.57221825210578,,2269.0,,
2024-07-01,2023-2026,166.0,,2852.5714285714284,14.565714285714288,2,-241.65517425949886,-526.4992907437166,43.18894222471894,,2802.0,,
2024-07-08,2023-2026,204.0,,3073.8571428571427,15.804285714285712,2,-254.6920721802682,-568.738590957714,59.35444659717757,,2732.0,,
2024-07-15,2023-2026,217.0,,3267.0,16.248571428571427,2,-230.3180368407241,-553.3396297757768,92.70355609432855,,2653.0,,
2024-07-22,2023-2026,182.0,,3261.714285714286,15.627142857142855,2,-216.25194439895571,-512.7823010694115,80.2784122715,,3043.0,,
2024-07-29,2023-2026,203.0,,3008.714285714286,13.944285714285714,2,-188.16971596414078,-449.1994129540194,72.85998102573785,,3153.0,,
2024-08-05,2023-2026,208.0,,2622.1428571428573,12.145714285714286,2,-159.8998314366028,-384.1416507728675,64.34198789966189,,2745.0,,
2024-08-12,2023-2026,173.0,,2178.285714285714,10.62142857142857,2,-176.33413617284543,-388.74375548730717,36.0754831416163,,2677.0,,
2024-08-19,2023-2026,141.0,,1870.428571428571,9.29857142857143,2,-145.38845043675883,-324.9846858813761,34.207785007858405,,2052.0,,
2024-08-26,2023-2026,104.0,,1821.857142857143,9.991428571428573,2,-182.00193697058984,-386.12093571293406,22.11706177175438,,1789.0,,
2024-09-02,2023-2026,106.0,,1857.428571428571,10.198571428571428,2,-166.8043276391431,-391.15092451656494,57.54226923827872,,1409.0,,
2024-09-09,2023-2026,97.0,,1865.7142857142856,10.302857142857144,2,-177.56513158481567,-397.3244057626956,42.19414259306427,,1554.0,,
2024-09-16,2023-2026,138.0,,2167.8571428571427,12.55714285714286,2,-231.78190889003926,-513.2862551977428,49.722437417664224,,1574.0,,
2024-09-23,2023-2026,132.0,,2639.714285714286,13.461428571428572,2,-183.37473549260875,-470.6271128634022,103.8776418781847,,1819.0,,
2024-09-30,2023-2026,167.0,,2808.0,13.612857142857145,2,-187.25670747049065,-446.02647485962086,71.51305991863956,,2541.0,,
2024-10-07,2023-2026,205.0,,3238.0,14.338571428571427,2,-128.12284014758222,-393.7216652114795,137.47598491631504,,2564.0,,
2024-10-14,2023-2026,244.0,,3200.4285714285716,13.23,2,-96.02645159563669,-321.27760690830064,129.2247037170273,,2978.0,,
2024-10-21,2023-2026,273.0,,3135.1428571428573,11.907142857142857,2,-32.230858539052385,-220.45512671277658,155.99340963467182,,2843.0,,
2024-10-28,2023-2026,256.0,,2605.714285714286,9.134285714285712,2,-9.624743476108106,-169.72015001155356,150.47066305933734,,2972.0,,
2024-11-04,2023-2026,214.0,,2056.714285714286,6.778571428571429,2,20.631563953382834,-99.20856170130148,140.47168960806715,,2372.0,,
2024-11-11,2023-2026,167.0,,1642.857142857143,5.557142857142857,2,21.318697263468838,-78.1518655857248,120.78926011266248,,1748.0,,
2024-11-18,2023-2026,126.0,,1461.142857142857,4.804285714285713,2,39.932091314015516,-58.78214492242143,138.64632755045247,,1340.0,,
2024-11-25,2023-2026,104.0,,1392.2857142857142,4.312857142857143,2,61.47443596817798,-43.347392048225096,166.29626398458106,,1119.0,,
2024-12-02,2023-2026,110.0,,1343.7142857142858,3.7542857142857144,2,83.86325412532626,-19.86134496987532,187.58785322052785,,1055.0,,
2024-12-09,2023-2026,113.0,,1274.7142857142858,3.402857142857143,2,86.6877791029236,-13.819983732149737,187.19554193799695,,1063.0,,
2024-12-16,2023-2026,115.0,,1276.571428571429,3.03,2,108.94530440505227,7.467428799829008,210.42318001027553,,1034.0,,
2024-12-23,2023-2026,53.0,,1187.0,2.5785714285714287,2,114.91777449924747,11.79488361727823,218.0406653812167,,991.0,,
2024-12-30,2023-2026,91.0,,1128.428571428571,2.3771428571428572,2,108.10094547559913,8.171257274616366,208.03063367658189,,1079.0,,
2025-01-06,2023-2026,133.0,,1113.7142857142858,2.2742857142857145,2,120.79912783845555,10.404032006936788,231.1942236699743,,861.0,,
2025-01-13,2023-2026,122.0,,1070.0,2.4200000000000004,2,99.1852449199879,-5.791442599838675,204.16193243981445,,933.0,,
2025-01-20,2023-2026,84.0,,996.8571428571428,2.47,2,83.57045913731818,-25.050759100157336,192.1916773747937,,847.0,,
2025-01-27,2023-2026,111.0,,953.1428571428572,2.565714285714286,2,68.59185882606222,-40.136184771742236,177.31990242386667,,838.0,,
2025-02-03,2023-2026,98.0,,957.7142857142856,2.6242857142857146,2,72.31289252745013,-44.528767704430805,189.15455275933107,,716.0,,
2025-02-10,2023-2026,90.0,,988.2857142857144,2.8528571428571428,2,60.93475900389374,-48.60113309729325,170.47065110508072,,840.0,,
2025-02-17,2023-2026,71.0,,1027.2857142857142,3.0385714285714287,2,62.47383929735129,-52.07815472836367,177.02583332306625,,785.0,,
2025-02-24,2023-2026,75.0,,1101.857142857143,3.302857142857143,2,63.74831621473524,-51.08284425798753,178.579476687458,,818.0,,
2025-03-03,2023-2026,89.0,,1012.8571428571428,3.3057142857142856,2,37.12173933709194,-69.41529158153578,143.65877025571967,,938.0,,
2025-03-10,2023-2026,65.0,,1031.142857142857,3.46,2,39.076167895921195,-76.6634044873233,154.81574027916568,,810.0,,
2025-03-17,2023-2026,70.0,,1051.428571428571,3.825714285714286,2,21.927012514145222,-94.96435738724921,138.81838241553965,,848.0,,
2025-03-24,2023-2026,86.0,,1174.428571428571,4.319999999999999,2,22.05400492732374,-99.71928183716636,143.82729169181383,,877.0,,
2025-03-31,2023-2026,92.0,,1174.7142857142858,4.6571428571428575,2,-3.1345434720599292,-120.18534922717257,113.9162622830527,,1018.0,,
2025-04-07,2023-2026,79.0,,1109.0,4.887142857142857,2,-31.30937781515674,-153.14664324923064,90.52788761891715,,1024.0,,
2025-04-14,2023-2026,55.0,,1185.2857142857142,5.1000000000000005,2,-22.6340883236945,-150.6707411525229,105.40256450513391,,970.0,,
2025-04-21,2023-2026,66.0,,1225.0,5.341428571428572,2,-29.22387940284101,-158.0866284145234,99.63886960884138,,1024.0,,
2025-04-28,2023-2026,104.0,,1224.428571428571,5.744285714285715,2,-49.41167302789384,-189.7028776942069,90.87953163841922,,982.0,,
2025-05-05,2023-2026,79.0,,1114.2857142857142,5.21,2,-51.0415097719164,-175.90936651278932,73.8263469689565,,1092.0,,
2025-05-12,2023-2026,76.0,,1132.571428571429,5.6814285714285715,2,-65.02232525490624,-208.27295357703113,78.22830306721866,,934.0,,
2025-05-19,2023-2026,76.0,,1060.857142857143,5.659999999999999,2,-79.51691806242479,-224.75004697389744,65.71621084904785,,913.0,,
2025-05-26,2023-2026,70.0,,1102.142857142857,6.098571428571428,2,-92.31164138478428,-249.3769121443118,64.75362937474324,,879.0,,
2025-06-02,2023-2026,74.0,,1114.2857142857142,6.507142857142857,2,-110.1441225751515,-279.59824970331454,59.31000455301157,,843.0,,
2025-06-09,2023-2026,67.0,,1122.2857142857142,6.855714285714286,2,-133.34720486803468,-303.61655674827585,36.922147012206494,,967.0,,
2025-06-16,2023-2026,63.0,,1086.0,7.23,2,-159.3136979144101,-344.0595409649027,25.432145136082482,,905.0,,
2025-06-23,2023-2026,64.0,,1000.0,6.408571428571428,2,-139.25777923758267,-299.31341900245525,20.797860527289885,,1008.0,,
2025-06-30,2023-2026,52.0,,862.4285714285714,5.914285714285714,2,-144.12027079292073,-297.1328601959823,8.89231861014079,,1007.0,,
2025-07-07,2023-2026,58.0,,834.4285714285714,6.247142857142857,2,-156.75203488461267,-330.289524472932,16.785454703706648,,755.0,,
2025-07-14,2023-2026,67.0,,864.5714285714286,6.677142857142857,2,-170.32200354900183,-358.1476827782627,17.50367568025905,,693.0,,
2025-07-21,2023-2026,49.0,,883.7142857142857,6.388571428571429,2,-155.97287203959607,-328.4361088593198,16.490364780127663,,816.0,,
2025-07-28,2023-2026,43.0,,878.1428571428571,7.122857142857143,2,-198.61036431331127,-389.4526143482087,-7.768114278413776,,839.0,,
2025-08-04,2023-2026,46.0,,954.4285714285714,7.87,2,-220.5100660042729,-431.53959781515476,-9.480534193391009,,812.0,,
2025-08-11,2023-2026,47.0,,1136.142857142857,9.24,2,-252.26031730816945,-500.38241821321856,-4.138216403120339,,790.0,,
2025-08-18,2023-2026,56.0,,1144.142857142857,9.098571428571429,2,-254.04803947374316,-484.10693806015365,-23.989140887332667,,1027.0,,
2025-08-25,2023-2026,60.0,,1193.0,9.664285714285716,2,-279.16643762484483,-519.5105363902401,-38.82233885944959,,1141.0,,
2025-09-01,2023-2026,84.0,,1250.428571428571,9.947142857142856,2,-274.76888309295106,-528.4690579224963,-21.068708263405824,,1005.0,,
2025-09-08,2023-2026,81.0,,1307.2857142857142,10.48,2,-298.1018931528533,-558.7668800344493,-37.43690627125727,,1158.0,,
2025-09-15,2023-2026,88.0,,1473.142857142857,11.288571428571428,2,-307.8260001088692,-584.5232990940358,-31.128701123702683,,1241.0,,
2025-09-22,2023-2026,91.0,,1825.571428571429,12.395714285714286,2,-293.2605038257747,-587.9731477372579,1.4521400857085496,,1381.0,,
2025-09-29,2023-2026,102.0,,2192.285714285714,13.278571428571428,2,-277.2700181120662,-569.3628837668477,14.822847542715294,,1816.0,,
2025-10-06,2023-2026,148.0,,2458.1428571428573,12.235714285714286,2,-168.58698714571847,-410.5924344920683,73.41846020063139,,2030.0,,
2025-10-13,2023-2026,159.0,,2273.4285714285716,10.271428571428572,2,-118.9170943633277,-304.0843232708521,66.25013454419671,,2342.0,,
2025-10-20,2023-2026,150.0,,1997.571428571429,8.035714285714286,2,-55.90149645077102,-197.94302149218254,86.1400285906405,,2245.0,,
2025-10-27,2023-2026,129.0,,1692.428571428571,6.142857142857143,2,-3.575266018856509,-112.43534142618776,105.28480938847474,,1838.0,,
2025-11-03,2023-2026,145.0,,1456.7142857142858,4.954285714285715,2,26.931568365553233,-71.83226417919087,125.69540091029734,,1418.0,,
2025-11-10,2023-2026,125.0,,1148.571428571429,3.46,2,48.30392209601367,-48.677246885705465,145.2850910777328,,1186.0,,
2025-11-17,2023-2026,105.0,,868.0,2.575714285714286,2,44.058005390969356,-61.341624127539376,149.4576349094781,,925.0,,
2025-11-24,2023-2026,83.0,,825.8571428571429,2.275714285714286,2,64.35374179549656,-54.74614816347713,183.45363175447025,,641.0,,
2025-12-01,2023-2026,60.0,,861.2857142857143,2.18,2,83.56117603961482,-45.75420088574509,212.87655296497474,,522.0,,
2025-12-08,2023-2026,47.0,,791.4285714285714,2.032857142857143,2,67.201393375353,-48.124006194850836,182.52679294555685,,692.0,,
2025-12-15,2023-2026,62.0,,706.5714285714286,1.7757142857142856,2,62.08531305485201,-53.513815906848436,177.68444201655245,,681.0,,
2025-12-22,2023-2026,25.0,,608.4285714285714,1.7357142857142858,2,44.914533490052534,-73.64608064604003,163.4751476261451,,609.0,,
2025-12-29,2023-2026,41.0,,658.8571428571429,1.832857142857143,2,55.792420883383315,-68.68707987343139,180.271921640198,,516.0,,
2026-01-05,2023-2026,53.0,,667.1428571428571,1.832857142857143,2,59.691243757478006,-67.87954152189471,187.26202903685072,,475.0,,
2026-01-12,2023-2026,61.0,,658.5714285714286,2.032857142857143,2,44.33402414050198,-79.7053137793645,168.37336206036846,,525.0,,
2026-01-19,2023-2026,56.0,,644.4285714285714,2.255714285714286,2,28.833208725024406,-95.64482635832282,153.31124380837161,,525.0,,
2026-01-26,2023-2026,43.0,,630.1428571428571,2.3428571428571425,2,17.65778107109483,-103.00919355340818,138.32475569559784,,589.0,,
2026-02-02,2023-2026,46.0,,581.2857142857143,2.6757142857142857,2,-11.511281223639315,-134.77383141308513,111.75126896580649,,580.0,,
2026-02-09,2023-2026,43.0,,569.8571428571429,2.7885714285714287,2,-16.69827646342472,-145.62948337370813,112.23293044685869,,504.0,,
2026-02-16,2023-2026,45.0,,541.1428571428571,2.768571428571428,2,-25.1179676165236,-150.36146470149612,100.12552946844892,,563.0,,
2026-02-23,2023-2026,36.0,,562.0,2.6542857142857144,2,-11.984940063781067,-138.6569892825824,114.68710915502025,,521.0,,
2026-03-02,2023-2026,30.0,,508.7142857142857,2.4528571428571433,2,-16.3701442735497,-138.38952403036603,105.64923548326664,,584.0,,
2026-03-09,2023-2026,27.0,,474.7142857142857,2.2,2,-5.805244679677088,-131.49874565498092,119.88825629562675,,488.0,,
2026-03-16,2023-2026,30.0,,419.57142857142856,2.3085714285714287,2,-20.8279318232522,-151.8803689286858,110.22450528218143,,410.0,,
2026-03-23,2023-2026,27.0,,398.0,2.2985714285714285,2,-26.306830204772766,-156.05637249197792,103.44271208243238,,431.0,,
2026-03-30,2023-2026,17.0,,331.0,2.085714285714286,2,-29.840779382094397,-158.99810403412954,99.31654526994076,,423.0,,
2026-04-06,2023-2026,25.0,,324.42857142857144,2.04,2,-25.305313192880433,-158.3466638545376,107.73603746877673,,349.0,,
2026-04-13,2023-2026,22.0,,294.7142857142857,1.5157142857142856,2,-1.1309480074093443,-134.83883008907833,132.5769340742596,,300.0,,
2026-04-20,2023-2026,17.0,,245.57142857142856,1.17,2,9.268973045691567,-127.23724500677606,145.7751910981592,,240.0,,
2026-04-27,2023-2026,19.0,,225.75,1.1242857142857143,2,9.183896696977271,-129.76496477191108,148.1327581658656,,198.0,,
2021-01-04,2020-2022,5597.0,,28376.0,16.74857142857143,3,4541.140527734537,2691.7661015149956,6390.514953954078,,,12605.0,
2021-01-11,2020-2022,6767.0,,32789.0,14.304285714285712,3,5511.328312625878,3257.266018607232,7765.390606644525,,,14915.0,
2021-01-18,2020-2022,7956.0,,33486.42857142857,13.215714285714286,3,5757.333483437194,3564.1556505567423,7950.511316317647,,,20584.0,
2021-01-25,2020-2022,8063.0,,30356.571428571428,10.63,3,5365.204694467975,3289.6186530305176,7440.7907359054325,,,25938.0,
2021-02-01,2020-2022,6990.0,,25439.85714285714,8.188571428571429,3,4575.176220556184,2667.2886023864075,6483.06383872596,,,25834.0,
2021-02-08,2020-2022,5464.0,,20069.428571428572,6.077142857142857,3,3654.8788385674525,2007.8690202009504,5301.888656933955,,,23015.0,
2021-02-15,2020-2022,3891.0,,15770.0,5.155714285714287,3,2845.638907987348,1604.3314242640959,4086.9463917106,,,17663.0,
2021-02-22,2020-2022,2772.0,,12373.714285714286,4.184285714285714,3,2221.5108272801644,1278.8927941464462,3164.1288604138826,,,13683.0,
2021-03-01,2020-2022,1994.0,,9142.714285714286,2.855714285714286,3,1651.3581121773714,966.3032310271815,2336.4129933275613,,,10167.0,
2021-03-08,2020-2022,1428.0,,6780.285714285715,2.432857142857143,3,1210.6479715967707,700.6133536217123,1720.682589571829,,,7995.0,
2021-03-15,2020-2022,912.0,,5148.857142857143,2.1414285714285715,3,897.410715376209,554.227412956163,1240.5940177962552,,,5666.0,
2021-03-22,2020-2022,687.0,,3905.714285714286,2.005714285714286,3,656.1706203832824,424.17180807371767,888.1694326928472,,,4066.0,
2021-03-29,2020-2022,385.0,,2984.8571428571427,1.697142857142857,3,489.9889265772282,319.0382985852624,660.939554569194,,,3055.0,
2021-04-05,2020-2022,360.0,,2391.8571428571427,1.3728571428571428,3,388.6994631855964,245.1690316333978,532.229894737795,,,2338.0,
2021-04-12,2020-2022,346.0,,1898.857142857143,1.0485714285714285,3,308.3081323348459,176.98695851878722,439.62930615090454,,,1837.0,
2021-04-19,2020-2022,244.0,,1538.428571428571,0.8157142857142857,3,247.9311702124028,114.97602543927982,380.8863149855258,,,1341.0,
2021-04-26,2020-2022,198.0,,1218.571428571429,0.7571428571428571,3,190.18011433325563,66.92878526545944,313.4314434010518,,,1220.0,
2021-05-03,2020-2022,124.0,,1007.2857142857144,0.7571428571428571,3,148.27481039848988,22.785779897775598,273.7638408992042,,,974.0,
2021-05-10,2020-2022,145.0,,863.7142857142857,0.7585714285714287,3,119.4822297245159,-10.462934305318427,249.42739375435025,,,784.0,
2021-05-17,2020-2022,100.0,,757.8571428571429,0.79,3,96.73054551482866,-36.96453474446869,230.42562577412602,,,647.0,
2021-05-24,2020-2022,92.0,,756.4285714285714,0.9585714285714284,3,87.23341786731702,-48.0181835891775,222.4850193238115,,,591.0,
2021-05-31,2020-2022,96.0,,789.0,1.5571428571428572,3,61.907141733253745,-74.06822002154698,197.88250348805448,,,523.0,
2021-06-07,2020-2022,83.0,,895.2857142857143,2.1957142857142857,3,49.699696223525336,-81.65145058718036,181.05084303423104,,,592.0,
2021-06-14,2020-2022,102.0,,1097.571428571429,2.795714285714286,3,56.71377287183059,-77.74348514494292,191.17103088860412,,,605.0,
2021-06-21,2020-2022,97.0,,1287.2857142857142,3.81,3,41.26545087018951,-90.44549356471282,172.97639530509184,,,720.0,
2021-06-28,2020-2022,106.0,,1565.857142857143,5.7457142857142856,3,-2.383381651897435,-132.09905000363943,127.33228669984457,,,1066.0,
2021-07-05,2020-2022,176.0,,2226.285714285714,7.444285714285714,3,35.746655062319334,-104.64524043156756,176.1385505562062,,,1286.0,
2021-07-12,2020-2022,213.0,,3210.5714285714284,10.14,3,82.15644281672266,-103.652711769506,267.9655974029513,,,1426.0,
2021-07-19,2020-2022,308.0,,4228.857142857143,10.412857142857144,3,265.45484386964444,101.92336618476955,428.98632155451935,,,2173.0,
2021-07-26,2020-2022,389.0,,5102.0,7.988571428571428,3,563.0843961051683,394.03819618270273,732.1305960276338,,,3218.0,
2021-08-02,2020-2022,502.0,,4985.428571428572,7.932857142857143,3,557.3135663107888,405.1043015025368,709.5228311190408,,,4438.0,
2021-08-09,2020-2022,550.0,,5065.714285714285,8.107142857142858,3,574.2612348656681,355.93960760013215,792.5828621312041,,,5462.0,
2021-08-16,2020-2022,551.0,,5547.714285714285,8.262857142857143,3,651.157561632783,461.3589114892619,840.956211776304,,,5020.0,
2021-08-23,2020-2022,649.0,,5889.428571428572,7.967142857142858,3,726.8701081554537,524.0400510851352,929.7001652257723,,,4744.0,
2021-08-30,2020-2022,632.0,,6160.285714285715,7.591428571428572,3,799.5388512856896,567.4442297115469,1031.6334728598324,,,5032.0,
2021-09-06,2020-2022,786.0,,6290.571428571428,7.405714285714285,3,837.6624080826681,584.4739415010616,1090.8508746642747,,,5443.0,
2021-09-13,2020-2022,783.0,,6064.0,6.048571428571429,3,864.662460911203,592.2429334432675,1137.0819883791385,,,5407.0,
2021-09-20,2020-2022,799.0,,5282.142857142857,6.581428571428572,3,691.5356311599528,459.893813779164,923.1774485407416,,,5360.0,
2021-09-27,2020-2022,715.0,,4915.571428571428,6.918571428571428,3,605.5844257447129,385.19265258176154,825.9761989076643,,,5309.0,
2021-10-04,2020-2022,582.0,,4979.857142857143,7.558571428571428,3,575.2959548483797,417.70529320822993,732.8866164885294,,,4424.0,
2021-10-11,2020-2022,640.0,,5332.142857142857,8.811428571428571,3,571.7549524086672,423.7671255323445,719.74277928499,,,3969.0,
2021-10-18,2020-2022,708.0,,6286.857142857143,9.63,3,708.0185815965762,498.8997351342184,917.1374280589339,,,4036.0,
2021-10-25,2020-2022,777.0,,7033.285714285715,9.37142857142857,3,863.7850887153348,594.8358141697908,1132.734363260879,,,4389.0,
2021-11-01,2020-2022,892.0,,7199.0,8.79857142857143,3,933.1321067464892,655.6979405965606,1210.5662728964178,,,5250.0,
2021-11-08,2020-2022,943.0,,6867.571428571428,8.827142857142857,3,876.337688324067,612.9962861904373,1139.6790904576967,,,5837.0,
2021-11-15,2020-2022,865.0,,6436.857142857143,9.487142857142857,3,764.859015657308,517.1350634942589,1012.582967820357,,,6060.0,
2021-11-22,2020-2022,738.0,,6077.857142857143,9.517142857142858,3,689.821419433198,484.77203750129036,894.8708013651056,,,5427.0,
2021-11-29,2020-2022,729.0,,5928.428571428572,9.478571428571428,3,663.06848686308,465.54115842415854,860.5958153020015,,,5338.0,
2021-12-06,2020-2022,708.0,,6086.857142857143,9.911428571428573,3,663.8283460350568,485.8605546508922,841.7961374192214,,,4728.0,
2021-12-13,2020-2022,702.0,,6376.285714285715,13.581428571428573,3,527.2341248745594,359.5768126086091,694.8914371405097,,,4499.0,
2021-12-20,2020-2022,797.0,,7121.714285714285,20.09714285714286,3,335.0380349947498,68.1098400926092,601.9662298968904,,,4772.0,
2021-12-27,2020-2022,557.0,,11156.42857142857,29.74571428571429,3,596.1649792051442,116.4222946517753,1075.907663758513,,,5263.0,
2022-01-03,2020-2022,857.0,,15652.42857142857,30.65142857142857,3,1389.0729120089786,644.298325730391,2133.8474982875664,,,5595.0,
2022-01-10,2020-2022,1308.0,,16692.285714285714,22.665714285714284,3,2020.593071220368,1265.1753812054635,2776.0107612352726,,,8332.0,
2022-01-17,2020-2022,1378.0,,15343.142857142857,17.07,3,2114.817331574399,1336.7948614648517,2892.839801683946,,,13798.0,
2022-01-24,2020-2022,1323.0,,13625.142857142857,16.39,3,1833.636704366918,1058.954976313114,2608.318432420722,,,14111.0,
2022-01-31,2020-2022,1162.0,,12341.714285714286,14.622857142857145,3,1676.272221729074,948.1019806965666,2404.4424627615817,,,13242.0,
2022-02-07,2020-2022,1025.0,,10773.142857142857,11.79857142857143,3,1509.0283880285142,889.5262451567362,2128.5305309002924,,,11343.0,
2022-02-14,2020-2022,814.0,,9599.857142857143,10.49,3,1348.0549492847842,784.2875527943792,1911.8223457751892,,,10418.0,
2022-02-21,2020-2022,722.0,,8670.0,10.587142857142856,3,1157.2631589037976,688.6658404858454,1625.8604773217498,,,9205.0,
2022-02-28,2020-2022,621.0,,8420.142857142857,11.338571428571427,3,1058.393505293759,690.9635478190252,1425.8234627684928,,,7901.0,
2022-03-07,2020-2022,628.0,,9342.57142857143,16.181428571428572,3,972.9854861263856,671.3887812858455,1274.5821909669257,,,7072.0,
2022-03-14,2020-2022,650.0,,11301.714285714286,20.66,3,1103.230893887913,717.350760033275,1489.111027742551,,,6644.0,
2022-03-21,2020-2022,734.0,,13538.0,22.794285714285714,3,1424.336837359677,933.493405458239,1915.180269261115,,,8020.0,
2022-03-28,2020-2022,789.0,,15650.714285714286,21.16142857142857,3,1921.5632648742876,1281.350873617716,2561.7756561308593,,,9973.0,
2022-04-04,2020-2022,903.0,,16355.142857142857,12.168571428571427,3,2537.35878200579,1646.692441008642,3428.025123002938,,,12247.0,
2022-04-11,2020-2022,951.0,,15130.0,8.714285714285714,3,2505.8644812894922,1552.4287527200693,3459.300209858915,,,14056.0,
2022-04-18,2020-2022,970.0,,13352.57142857143,7.218571428571429,3,2259.5168293451925,1292.4661877989963,3226.5674708913884,,,14753.0,
2022-04-25,2020-2022,1056.0,,10500.142857142857,5.374285714285714,3,1814.5342127648914,900.7680795687562,2728.300345961027,,,13892.0,
2022-05-02,2020-2022,690.0,,8538.285714285714,4.301428571428572,3,1479.4655171138443,733.79408722734,2225.1369470003483,,,11523.0,
2022-05-09,2020-2022,674.0,,6759.571428571428,3.712857142857143,3,1150.6562013547946,603.0004630995908,1698.3119396099983,,,8875.0,
2022-05-16,2020-2022,528.0,,5405.285714285715,3.3814285714285717,3,892.1283315685351,510.5583647492176,1273.6982983878527,,,6653.0,
2022-05-23,2020-2022,377.0,,4390.142857142857,2.7085714285714286,3,724.1461574241835,427.71703629948206,1020.5752785488849,,,5368.0,
2022-05-30,2020-2022,174.0,,3916.714285714286,2.815714285714286,3,621.043139289509,390.62524794832865,851.4610306306893,,,4469.0,
2022-06-06,2020-2022,271.0,,4191.285714285715,3.8628571428571425,3,609.8487313053253,424.0640178964778,795.6334447141727,,,3664.0,
2022-06-13,2020-2022,246.0,,4975.857142857143,5.171428571428572,3,682.7943519424978,456.1982512561509,909.3904526288446,,,3114.0,
2022-06-20,2020-2022,270.0,,6498.0,6.964285714285714,3,875.2388505130499,545.5428619346741,1204.9348390914256,,,3237.0,
2022-06-27,2020-2022,309.0,,8919.142857142857,8.571428571428571,3,1254.4095218795278,775.3905956203035,1733.4284481387522,,,4305.0,
2022-07-04,2020-2022,399.0,,11807.42857142857,10.174285714285714,3,1724.3129641588832,1062.727583290175,2385.8983450275914,,,5717.0,
2022-07-11,2020-2022,542.0,,13717.285714285714,10.05,3,2109.1625926008055,1343.2706334233471,2875.054551778264,,,7912.0,
2022-07-18,2020-2022,697.0,,13292.714285714286,8.915714285714285,3,2116.5897756182576,1371.705118236579,2861.474432999936,,,10555.0,
2022-07-25,2020-2022,745.0,,11443.142857142857,7.377142857142857,3,1877.0221285430684,1064.5600662393063,2689.4841908468306,,,12935.0,
2022-08-01,2020-2022,682.0,,9524.57142857143,6.264285714285714,3,1570.4713128057738,797.12817480151,2343.8144508100377,,,12289.0,
2022-08-08,2020-2022,561.0,,8364.142857142857,5.707142857142857,3,1364.4884752059759,720.7577950845106,2008.219155327441,,,10530.0,
2022-08-15,2020-2022,520.0,,7331.285714285715,4.96,3,1184.7213419520021,711.6064200857522,1657.836263818252,,,8095.0,
2022-08-22,2020-2022,419.0,,6159.571428571428,4.291428571428571,3,987.7575001541811,602.0122380370499,1373.5027622713123,,,6842.0,
2022-08-29,2020-2022,297.0,,5492.714285714285,4.037142857142857,3,869.0901083698259,535.7596239039376,1202.4205928357142,,,6119.0,
2022-09-05,2020-2022,339.0,,4880.714285714285,4.624285714285714,3,713.2627241962558,471.73728640158333,954.7881619909283,,,4997.0,
2022-09-12,2020-2022,280.0,,4567.571428571428,5.064285714285715,3,623.9134744010308,438.41202296715755,809.4149258349041,,,4192.0,
2022-09-19,2020-2022,217.0,,5358.857142857143,6.688571428571429,3,682.6019191394123,481.75187121997976,883.4519670588448,,,3704.0,
2022-09-26,2020-2022,274.0,,7373.857142857143,9.135714285714286,3,929.027122328608,569.1655590380574,1288.8886856191587,,,3441.0,
2022-10-03,2020-2022,372.0,,9713.42857142857,10.731428571428571,3,1285.5365705786096,735.7602640797437,1835.3128770774756,,,3753.0,
2022-10-10,2020-2022,523.0,,10508.142857142857,9.974285714285712,3,1492.9941800623958,956.3333487497907,2029.6550113750009,,,5713.0,
2022-10-17,2020-2022,647.0,,10180.714285714286,8.814285714285715,3,1511.2630322702396,1010.3008041328858,2012.2252604075934,,,7558.0,
2022-10-24,2020-2022,620.0,,8896.857142857143,7.998571428571429,3,1321.9676216040473,858.3924909896735,1785.542752218421,,,8267.0,
2022-10-31,2020-2022,605.0,,7015.428571428572,6.927142857142857,3,1023.8563500484079,599.977784641566,1447.7349154552498,,,7963.0,
2022-11-07,2020-2022,478.0,,5581.857142857143,6.24,3,780.5474821821749,431.5941004381746,1129.5008639261753,,,6839.0,
2022-11-14,2020-2022,401.0,,4924.857142857143,6.072857142857143,3,648.1615163585138,430.66272049730037,865.6603122197273,,,5079.0,
2022-11-21,2020-2022,333.0,,4647.571428571428,6.597142857142857,3,555.7079980839077,409.92589940641625,701.4900967613992,,,3764.0,
2022-11-28,2020-2022,299.0,,4968.571428571428,7.295714285714285,3,576.5977382257356,417.3450262113197,735.8504502401515,,,3483.0,
2022-12-05,2020-2022,295.0,,5649.714285714285,8.241428571428571,3,653.251810511814,443.5324829331826,862.9711380904455,,,3340.0,
2022-12-12,2020-2022,364.0,,6917.857142857143,9.664285714285716,3,818.3171380644986,522.5082655101833,1114.126010618814,,,3546.0,
2022-12-19,2020-2022,397.0,,8711.142857142857,11.647142857142857,3,1055.2715846444794,646.275114540113,1464.2680547488458,,,4028.0,
2022-12-26,2020-2022,367.0,,9389.857142857143,11.6,3,1194.338328693413,773.2221707051892,1615.4544866816366,,,5009.0,
2023-01-02,2023-2026,679.0,,8962.857142857143,10.468571428571428,3,1192.3464167988911,821.9080803457871,1562.7847532519952,,,6827.0,
2023-01-09,2023-2026,849.0,,7481.857142857143,8.147142857142857,3,1045.5250950077846,654.3955096855045,1436.6546803300646,,,7724.0,
2023-01-16,2023-2026,711.0,,6128.571428571428,6.917142857142857,3,849.6347224059799,497.43290158987276,1201.8365432220871,,,7039.0,
2023-01-23,2023-2026,545.0,,5723.285714285715,7.777142857142857,3,717.4143840605389,468.420549348182,966.4082187728957,,,5838.0,
2023-01-30,2023-2026,469.0,,6149.857142857143,9.28,3,702.7431154607424,505.59874337750875,899.887487543976,,,4248.0,
2023-02-06,2023-2026,432.0,,6475.285714285715,9.927142857142856,3,726.4482446928425,499.71818560995,953.178303775735,,,3907.0,
2023-02-13,2023-2026,401.0,,7284.285714285715,10.984285714285717,3,829.0003031319624,573.2249549085162,1084.7756513554084,,,4497.0,
2023-02-20,2023-2026,399.0,,7801.571428571428,11.322857142857144,3,912.91778136427,634.3317589580466,1191.5038037704935,,,4974.0,
2023-02-27,2023-2026,499.0,,7502.428571428572,10.982857142857142,3,880.1338067429707,627.1056686592169,1133.1619448267245,,,5480.0,
2023-03-06,2023-2026,521.0,,7746.285714285715,10.712857142857144,3,947.4595018921871,665.2047337379139,1229.7142700464601,,,6244.0,
2023-03-13,2023-2026,512.0,,8363.857142857143,11.09,3,1039.9170093866844,728.0539857786745,1351.7800329946945,,,5961.0,
2023-03-20,2023-2026,584.0,,8400.0,10.195714285714288,3,1094.796200372899,761.2736525757464,1428.3187481700515,,,6182.0,
2023-03-27,2023-2026,599.0,,7853.0,9.228571428571428,3,1050.4084701407628,712.6409699690789,1388.1759703124467,,,6908.0,
2023-04-03,2023-2026,484.0,,6898.285714285715,10.385714285714286,3,815.9487726951862,502.87824641632346,1129.019298974049,,,7120.0,
2023-04-10,2023-2026,439.0,,6271.0,10.98857142857143,3,661.2013443816883,400.36280353971927,922.0398852236573,,,6440.0,
2023-04-17,2023-2026,508.0,,5360.714285714285,10.239999999999998,3,524.2973463389404,286.60726929781623,761.9874233800647,,,5876.0,
2023-04-24,2023-2026,436.0,,4723.714285714285,9.507142857142856,3,429.8501987248763,280.1631328689833,579.5372645807693,,,4607.0,
2023-05-01,2023-2026,286.0,,4440.142857142857,10.052857142857144,3,345.5560886914052,209.20104035457032,481.9111370282401,,,4267.0,
2023-05-08,2023-2026,283.0,,4036.714285714286,9.647142857142857,3,285.10807463314217,174.0688269617676,396.1473223045167,,,3684.0,
2023-05-15,2023-2026,304.0,,3455.285714285714,8.632857142857143,3,225.14412361165904,121.78528797039694,328.50295925292113,,,3326.0,
2023-05-22,2023-2026,251.0,,2992.4285714285716,8.352857142857143,3,150.6327967136752,37.86328585656314,263.40230757078723,,,3063.0,
2023-05-29,2023-2026,175.0,,2636.4285714285716,7.671428571428571,3,115.50524029593308,9.957676381783997,221.05280421008217,,,2703.0,
2023-06-05,2023-2026,195.0,,2304.8571428571427,7.027142857142857,3,82.32144395483726,-17.77560748517034,182.41849539484485,,,2278.0,
2023-06-12,2023-2026,148.0,,2044.857142857143,5.951428571428571,3,87.48697705890967,-3.692532216519865,178.6664863343392,,,2129.0,
2023-06-19,2023-2026,141.0,,1590.428571428571,4.677142857142857,3,58.51111144668024,-48.47204310820137,165.49426600156184,,,1216.0,
2023-06-26,2023-2026,122.0,,1238.0,3.99,3,33.45010742786627,-68.85904042091254,135.7592552766451,,,1708.0,
2023-07-03,2023-2026,91.0,,1068.2857142857142,4.107142857142857,3,-9.250171637401978,-121.17309410291952,102.67275082811557,,,1226.0,
2023-07-10,2023-2026,73.0,,1072.142857142857,4.981428571428571,3,-57.40190503374028,-195.7830317833338,80.97922171585323,,,843.0,
2023-07-17,2023-2026,61.0,,1101.571428571429,5.857142857142857,3,-98.40346586291705,-259.63872830019386,62.83179657435974,,,691.0,
2023-07-24,2023-2026,55.0,,1377.142857142857,7.482857142857143,3,-128.9477453046469,-311.448118844494,53.55262823520019,,,830.0,
2023-07-31,2023-2026,65.0,,1775.857142857143,9.635714285714286,3,-163.82187676050205,-382.3322774000201,54.688523879015946,,,948.0,
2023-08-07,2023-2026,101.0,,2156.5714285714284,11.162857142857144,3,-169.41009208995106,-409.0751293554317,70.25494517552963,,,1121.0,
2023-08-14,2023-2026,115.0,,2469.8571428571427,12.642857142857142,3,-182.27382773859983,-438.7291058622883,74.18145038508862,,,1560.0,
2023-08-21,2023-2026,178.0,,2528.4285714285716,12.917142857142858,3,-182.33199835067236,-439.61683133185295,74.95283463050825,,,1850.0,
2023-08-28,2023-2026,136.0,,2716.8571428571427,14.414285714285713,3,-219.71047324189666,-511.9864369608007,72.56549047700739,,,2249.0,
2023-09-04,2023-2026,197.0,,3178.4285714285716,16.242857142857144,3,-228.05748758117602,-550.2713251479795,94.15634998562751,,,2202.0,
2023-09-11,2023-2026,229.0,,3147.0,15.101428571428572,3,-174.92140242079816,-462.4561637487719,112.61335890717558,,,2251.0,
2023-09-18,2023-2026,241.0,,3061.285714285714,14.858571428571429,3,-171.5420643880425,-462.58024736805265,119.49611859196767,,,2894.0,
2023-09-25,2023-2026,203.0,,3540.1428571428573,16.898571428571426,3,-183.42963412180552,-511.892116087348,145.03284784373693,,,3228.0,
2023-10-02,2023-2026,233.0,,4214.857142857143,17.464285714285715,3,-92.23117279860136,-394.5611458385023,210.09880024129953,,,2737.0,
2023-10-09,2023-2026,318.0,,4414.285714285715,15.904285714285717,3,29.445039299863318,-213.13676774526493,272.02684634499155,,,3178.0,
2023-10-16,2023-2026,287.0,,3942.714285714286,13.225714285714286,3,88.13461588014933,-129.35131312503682,305.6205448853355,,,4036.0,
2023-10-23,2023-2026,297.0,,3715.285714285714,12.42,3,90.28577715642177,-144.95605653127654,325.5276108441201,,,4332.0,
2023-10-30,2023-2026,309.0,,3344.8571428571427,10.381428571428572,3,119.29364988305765,-54.27039388424946,292.85769365036475,,,3721.0,
2023-11-06,2023-2026,291.0,,2820.285714285714,8.665714285714285,3,105.69151100051161,-46.85232383611543,258.23534583713865,,,3351.0,
2023-11-13,2023-2026,239.0,,2531.4285714285716,7.951428571428571,3,83.39093173207975,-45.32669570481711,212.10855916897663,,,2866.0,
2023-11-20,2023-2026,162.0,,2317.8571428571427,7.437142857142858,3,65.89044055448215,-48.896722489347624,180.67760359831192,,,2479.0,
2023-11-27,2023-2026,163.0,,2343.8571428571427,7.757142857142857,3,51.3311815076228,-63.07471242585953,165.73707544110513,,,2198.0,
2023-12-04,2023-2026,167.0,,2761.5714285714284,9.232857142857142,3,50.80636804017013,-86.4207568373121,188.03349291765235,,,1955.0,
2023-12-11,2023-2026,221.0,,3248.1428571428573,11.062857142857142,3,46.91571286900594,-127.98720911688551,221.8186348548974,,,1897.0,
2023-12-18,2023-2026,249.0,,3641.857142857142,12.394285714285717,3,55.00716377671177,-134.02856160841742,244.04288916184095,,,2186.0,
2023-12-25,2023-2026,161.0,,3927.0,12.864285714285714,3,90.58173292982865,-86.42092750145777,267.5843933611151,,,2807.0,
2024-01-01,2023-2026,292.0,,4244.857142857143,12.824285714285711,3,157.04009344993074,-4.680065605218289,318.76025250507973,,,3305.0,
2024-01-08,2023-2026,376.0,,3946.142857142858,11.665714285714284,3,164.7911747282583,7.718220839687774,321.86412861682885,,,3674.0,
2024-01-15,2023-2026,374.0,,3894.285714285714,10.845714285714283,3,200.42772117126586,40.84182853351723,360.0136138090145,,,3981.0,
2024-01-22,2023-2026,341.0,,3993.571428571429,10.732857142857142,3,222.72772570613137,83.73871358628048,361.71673782598225,,,3800.0,
2024-01-29,2023-2026,331.0,,3599.0,9.395714285714286,3,211.54043637436763,106.78065152921032,316.30022121952493,,,3209.0,
2024-02-05,2023-2026,316.0,,3229.285714285714,8.16,3,210.02286659531924,81.84781991749023,338.1979132731483,,,3576.0,
2024-02-12,2023-2026,255.0,,2718.5714285714284,6.622857142857143,3,190.87814213425568,68.04315643065407,313.7131278378573,,,3302.0,
2024-02-19,2023-2026,226.0,,2275.714285714286,5.692857142857143,3,151.59703640438343,41.25050532171457,261.9435674870523,,,2873.0,
2024-02-26,2023-2026,196.0,,1860.428571428571,4.688571428571429,3,120.02639191674693,26.747082396216584,213.30570143727726,,,2330.0,
2024-03-04,2023-2026,168.0,,1689.0,4.57,3,89.0787333830185,2.8268014271883146,175.3306653388487,,,1848.0,
2024-03-11,2023-2026,122.0,,1674.2857142857142,4.7942857142857145,3,70.8585470781304,-24.220545266624484,165.9376394228853,,,1474.0,
2024-03-18,2023-2026,138.0,,1556.857142857143,4.488571428571428,3,60.815672794995756,-50.803576559555175,172.43492214954668,,,1112.0,
2024-03-25,2023-2026,110.0,,1390.857142857143,4.421428571428572,3,34.958283740061674,-69.64803992903614,139.5646074091595,,,1258.0,
2024-04-01,2023-2026,107.0,,1474.0,4.884285714285714,3,26.880804989848745,-81.18951659349506,134.95112657319254,,,1274.0,
2024-04-08,2023-2026,108.0,,1464.2857142857142,5.054285714285714,3,14.337524802860225,-105.24578317565911,133.92083278137957,,,1084.0,
2024-04-15,2023-2026,116.0,,1435.142857142857,5.618571428571428,3,-19.421612500235323,-146.30965660511868,107.46643160464802,,,1136.0,
2024-04-22,2023-2026,118.0,,1574.142857142857,6.728571428571429,3,-50.086134558493974,-194.24163866554315,94.06936954855522,,,1168.0,
2024-04-29,2023-2026,103.0,,2004.0,8.938571428571429,3,-83.33796704246227,-266.75228622187507,100.07635213695055,,,1170.0,
2024-05-06,2023-2026,93.0,,2339.1428571428573,10.29857142857143,3,-90.32387434372167,-297.5352643754007,116.88751568795733,,,1204.0,
2024-05-13,2023-2026,168.0,,2296.1428571428573,9.618571428571428,3,-59.280272968106416,-234.59793792469816,116.03739198848534,,,1598.0,
2024-05-20,2023-2026,147.0,,2066.285714285714,8.972857142857142,3,-64.21327731335901,-230.0217817835213,101.59522715680328,,,2040.0,
2024-05-27,2023-2026,112.0,,1891.2857142857144,8.711428571428572,3,-82.47829542711138,-255.4784109957427,90.52182014151997,,,2122.0,
2024-06-03,2023-2026,146.0,,1884.428571428571,9.567142857142857,3,-130.32332878751797,-325.4632862144618,64.81662863942586,,,1865.0,
2024-06-10,2023-2026,158.0,,2092.8571428571427,11.051428571428572,3,-170.5538138369502,-398.24096642016605,57.13333874626562,,,1588.0,
2024-06-17,2023-2026,149.0,,2596.8571428571427,13.794285714285715,3,-216.98051089330636,-500.9729826600003,67.01196087338758,,,1621.0,
2024-06-24,2023-2026,186.0,,2902.285714285714,14.994285714285713,3,-220.1626236490524,-523.2888959852289,82.96364868712416,,,1761.0,
2024-07-01,2023-2026,166.0,,2852.5714285714284,14.565714285714288,3,-202.0241948735013,-490.32289930052644,86.27450955352384,,,2269.0,
2024-07-08,2023-2026,204.0,,3073.8571428571427,15.804285714285712,3,-218.62037558302785,-537.2355163013292,99.99476513527355,,,2802.0,
2024-07-15,2023-2026,217.0,,3267.0,16.248571428571427,3,-206.21894177495776,-524.4580672092561,112.02018365934063,,,2732.0,
2024-07-22,2023-2026,182.0,,3261.714285714286,15.627142857142855,3,-176.2219022415563,-474.0300547402867,121.5862502571741,,,2653.0,
2024-07-29,2023-2026,203.0,,3008.714285714286,13.944285714285714,3,-132.89920106011644,-402.98665144699726,137.1882493267644,,,3043.0,
2024-08-05,2023-2026,208.0,,2622.1428571428573,12.145714285714286,3,-111.47349303901736,-363.21873915617755,140.27175307814286,,,3153.0,
2024-08-12,2023-2026,173.0,,2178.285714285714,10.62142857142857,3,-120.28168026375205,-347.3697704430009,106.80640991549679,,,2745.0,
2024-08-19,2023-2026,141.0,,1870.428571428571,9.29857142857143,3,-110.48944304950152,-324.3398480272337,103.36096192823067,,,2677.0,
2024-08-26,2023-2026,104.0,,1821.857142857143,9.991428571428573,3,-161.6832496803907,-377.32049103037525,53.95399166959385,,,2052.0,
2024-09-02,2023-2026,106.0,,1857.428571428571,10.198571428571428,3,-168.4912706167359,-384.4023251175739,47.419783884102145,,,1789.0,
2024-09-09,2023-2026,97.0,,1865.7142857142856,10.302857142857144,3,-176.354867135349,-396.9442396095312,44.23450533883326,,,1409.0,
2024-09-16,2023-2026,138.0,,2167.8571428571427,12.55714285714286,3,-234.08583283216308,-504.1403337189958,35.96866805466965,,,1554.0,
2024-09-23,2023-2026,132.0,,2639.714285714286,13.461428571428572,3,-192.47042817858824,-465.2492841255031,80.30842776832662,,,1574.0,
2024-09-30,2023-2026,167.0,,2808.0,13.612857142857145,3,-166.32377499494584,-430.5873453247355,97.93979533484384,,,1819.0,
2024-10-07,2023-2026,205.0,,3238.0,14.338571428571427,3,-115.83793559697895,-373.41211977722776,141.73624858326983,,,2541.0,
2024-10-14,2023-2026,244.0,,3200.4285714285716,13.23,3,-65.80438754737946,-290.86217806995705,159.25340297519813,,,2564.0,
2024-10-21,2023-2026,273.0,,3135.1428571428573,11.907142857142857,3,-5.767849295209854,-200.8757256445078,189.3400270540881,,,2978.0,
2024-10-28,2023-2026,256.0,,2605.714285714286,9.134285714285712,3,36.377752710984026,-114.96908235007419,187.72458777204224,,,2843.0,
2024-11-04,2023-2026,214.0,,2056.714285714286,6.778571428571429,3,56.345629785979696,-97.37385016748894,210.06510973944833,,,2972.0,
2024-11-11,2023-2026,167.0,,1642.857142857143,5.557142857142857,3,35.5512721869807,-90.03069454134089,161.1332389153023,,,2372.0,
2024-11-18,2023-2026,126.0,,1461.142857142857,4.804285714285713,3,33.65602982959372,-67.21300502842904,134.52506468761646,,,1748.0,
2024-11-25,2023-2026,104.0,,1392.2857142857142,4.312857142857143,3,41.66072747474363,-58.81886730643124,142.1403222559185,,,1340.0,
2024-12-02,2023-2026,110.0,,1343.7142857142858,3.7542857142857144,3,58.87423428520736,-47.089763106473306,164.83823167688803,,,1119.0,
2024-12-09,2023-2026,113.0,,1274.7142857142858,3.402857142857143,3,63.36099893310056,-44.53685750915972,171.25885537536084,,,1055.0,
2024-12-16,2023-2026,115.0,,1276.571428571429,3.03,3,82.88632729336422,-24.311161152882576,190.083815739611,,,1063.0,
2024-12-23,2023-2026,53.0,,1187.0,2.5785714285714287,3,89.04455095052133,-19.538696129118193,197.62779803016085,,,1034.0,
2024-12-30,2023-2026,91.0,,1128.428571428571,2.3771428571428572,3,88.0126540578295,-22.754359909364794,198.7796680250238,,,991.0,
2025-01-06,2023-2026,133.0,,1113.7142857142858,2.2742857142857145,3,91.48589356302776,-15.148228268615995,198.1200153946715,,,1079.0,
2025-01-13,2023-2026,122.0,,1070.0,2.4200000000000004,3,73.56682481173304,-43.42640888827562,190.56005851174172,,,861.0,
2025-01-20,2023-2026,84.0,,996.8571428571428,2.47,3,58.17991929528339,-53.77600210468311,170.1358406952499,,,933.0,
2025-01-27,2023-2026,111.0,,953.1428571428572,2.565714285714286,3,44.23283980701177,-71.90086062363294,160.36654023765647,,,847.0,
2025-02-03,2023-2026,98.0,,957.7142857142856,2.6242857142857146,3,41.98683856723433,-74.70125003759125,158.6749271720599,,,838.0,
2025-02-10,2023-2026,90.0,,988.2857142857144,2.8528571428571428,3,34.65964840026352,-89.8519990456544,159.17129584618144,,,716.0,
2025-02-17,2023-2026,71.0,,1027.2857142857142,3.0385714285714287,3,33.72434874380075,-84.05334100211084,151.50203848971233,,,840.0,
2025-02-24,2023-2026,75.0,,1101.857142857143,3.302857142857143,3,33.463536235299664,-89.06435586708622,155.99142833768556,,,785.0,
2025-03-03,2023-2026,89.0,,1012.8571428571428,3.3057142857142856,3,17.12626598917322,-103.1270446591702,137.37957663751664,,,818.0,
2025-03-10,2023-2026,65.0,,1031.142857142857,3.46,3,13.907215994097617,-101.09552396849706,128.9099559566923,,,938.0,
2025-03-17,2023-2026,70.0,,1051.428571428571,3.825714285714286,3,-2.419384974223345,-126.96208777180983,122.12331782336314,,,810.0,
2025-03-24,2023-2026,86.0,,1174.428571428571,4.319999999999999,3,-4.462269113390535,-131.01140533283055,122.08686710604948,,,848.0,
2025-03-31,2023-2026,92.0,,1174.7142857142858,4.6571428571428575,3,-21.364665742560714,-150.64044928308337,107.91111779796195,,,877.0,
2025-04-07,2023-2026,79.0,,1109.0,4.887142857142857,3,-43.85099243694341,-172.45071365562907,84.74872878174224,,,1018.0,
2025-04-14,2023-2026,55.0,,1185.2857142857142,5.1000000000000005,3,-40.50716551390286,-170.08268407864142,89.0683530508357,,,1024.0,
2025-04-21,2023-2026,66.0,,1225.0,5.341428571428572,3,-46.066172779941056,-180.98059919491726,88.84825363503516,,,970.0,
2025-04-28,2023-2026,104.0,,1224.428571428571,5.744285714285715,3,-66.2259133662618,-207.06548396619138,74.61365723366777,,,1024.0,
2025-05-05,2023-2026,79.0,,1114.2857142857142,5.21,3,-59.787383682283384,-195.4721831633412,75.89741579877446,,,982.0,
2025-05-12,2023-2026,76.0,,1132.571428571429,5.6814285714285715,3,-79.35471931862133,-220.87214208909293,62.16270345185026,,,1092.0,
2025-05-19,2023-2026,76.0,,1060.857142857143,5.659999999999999,3,-93.2773928923303,-241.9961885811158,55.44140279645522,,,934.0,
2025-05-26,2023-2026,70.0,,1102.142857142857,6.098571428571428,3,-108.2874215669207,-265.69492154859665,49.120078414755284,,,913.0,
2025-06-02,2023-2026,74.0,,1114.2857142857142,6.507142857142857,3,-127.31734147956298,-294.8686782575787,40.23399529845277,,,879.0,
2025-06-09,2023-2026,67.0,,1122.2857142857142,6.855714285714286,3,-144.066053547754,-320.89979225958257,32.76768516407455,,,843.0,
2025-06-16,2023-2026,63.0,,1086.0,7.23,3,-168.65289733607017,-353.63431403215844,16.328519360018106,,,967.0,
2025-06-23,2023-2026,64.0,,1000.0,6.408571428571428,3,-143.23539698295662,-313.1136399147815,26.642845948868313,,,905.0,
2025-06-30,2023-2026,52.0,,862.4285714285714,5.914285714285714,3,-142.39348219810228,-305.81375473993523,21.02679034373071,,,1008.0,
2025-07-07,2023-2026,58.0,,834.4285714285714,6.247142857142857,3,-164.65507980084078,-338.2308620007956,8.920702399113992,,,1007.0,
2025-07-14,2023-2026,67.0,,864.5714285714286,6.677142857142857,3,-183.76742310677486,-371.1271427010033,3.592296487453609,,,755.0,
2025-07-21,2023-2026,49.0,,883.7142857142857,6.388571428571429,3,-166.09380683352836,-347.1560085643433,14.968394897286629,,,693.0,
2025-07-28,2023-2026,43.0,,878.1428571428571,7.122857142857143,3,-203.41814297401336,-400.25336515732357,-6.582920790703156,,,816.0,
2025-08-04,2023-2026,46.0,,954.4285714285714,7.87,3,-227.25411394321702,-439.59327352445246,-14.914954361981557,,,839.0,
2025-08-11,2023-2026,47.0,,1136.142857142857,9.24,3,-263.9245202259329,-505.2553333768585,-22.593707075007273,,,812.0,
2025-08-18,2023-2026,56.0,,1144.142857142857,9.098571428571429,3,-255.42990355934165,-492.77502553736906,-18.084781581314274,,,790.0,
2025-08-25,2023-2026,60.0,,1193.0,9.664285714285716,3,-272.78501610550734,-519.6497300075561,-25.92030220345862,,,1027.0,
2025-09-01,2023-2026,84.0,,1250.428571428571,9.947142857142856,3,-275.3764688391667,-525.9751696269855,-24.77776805134789,,,1141.0,
2025-09-08,2023-2026,81.0,,1307.2857142857142,10.48,3,-293.55014935518574,-558.1001537451352,-29.00014496523619,,,1005.0,
2025-09-15,2023-2026,88.0,,1473.142857142857,11.288571428571428,3,-302.491914465966,-579.5992955391307,-25.38453339280119,,,1158.0,
2025-09-22,2023-2026,91.0,,1825.571428571429,12.395714285714286,3,-292.7915321173302,-581.7811506642645,-3.801913570395868,,,1241.0,
2025-09-29,2023-2026,102.0,,2192.285714285714,13.278571428571428,3,-268.340161821004,-561.8753376454301,25.195014003422045,,,1381.0,
2025-10-06,2023-2026,148.0,,2458.1428571428573,12.235714285714286,3,-160.8636594449971,-401.35366121109496,79.62634232110074,,,1816.0,
2025-10-13,2023-2026,159.0,,2273.4285714285716,10.271428571428572,3,-92.31714497878272,-282.7833605795462,98.14907062198071,,,2030.0,
2025-10-20,2023-2026,150.0,,1997.571428571429,8.035714285714286,3,-25.764630157117374,-177.30498566737938,125.77572535314462,,,2342.0,
2025-10-27,2023-2026,129.0,,1692.428571428571,6.142857142857143,3,13.412622790936982,-112.7468075514938,139.57205313336777,,,2245.0,
2025-11-03,2023-2026,145.0,,1456.7142857142858,4.954285714285715,3,26.11342638342138,-79.41743529655295,131.64428806339572,,,1838.0,
2025-11-10,2023-2026,125.0,,1148.571428571429,3.46,3,40.86789530614886,-57.84919026604364,139.58498087834136,,,1418.0,
2025-11-17,2023-2026,105.0,,868.0,2.575714285714286,3,31.518675197094986,-73.78831165136884,136.8256620455588,,,1186.0,
2025-11-24,2023-2026,83.0,,825.8571428571429,2.275714285714286,3,36.25762877446642,-76.09907472280213,148.61433227173495,,,925.0,
2025-12-01,2023-2026,60.0,,861.2857142857143,2.18,3,44.708277065408794,-82.7518051007375,172.1683592315551,,,641.0,
2025-12-08,2023-2026,47.0,,791.4285714285714,2.032857142857143,3,37.98584484182726,-96.24078264425978,172.2124723279143,,,522.0,
2025-12-15,2023-2026,62.0,,706.5714285714286,1.7757142857142856,3,37.19853765853394,-86.10291151933869,160.49998683640655,,,692.0,
2025-12-22,2023-2026,25.0,,608.4285714285714,1.7357142857142858,3,20.886050212485785,-102.57491886652737,144.34701929149895,,,681.0,
2025-12-29,2023-2026,41.0,,658.8571428571429,1.832857142857143,3,24.51529453779142,-102.76273694655016,151.793326022133,,,609.0,
2026-01-05,2023-2026,53.0,,667.1428571428571,1.832857142857143,3,25.06108266085019,-107.75122967239227,157.87339499409265,,,516.0,
2026-01-12,2023-2026,61.0,,658.5714285714286,2.032857142857143,3,12.787085609608667,-122.3546520051156,147.92882322433292,,,475.0,
2026-01-19,2023-2026,56.0,,644.4285714285714,2.255714285714286,3,-0.720086893512871,-133.0145265019553,131.57435271492955,,,525.0,
2026-01-26,2023-2026,43.0,,630.1428571428571,2.3428571428571425,3,-7.838309481199445,-140.36204430599733,124.68542534359844,,,525.0,
2026-02-02,2023-2026,46.0,,581.2857142857143,2.6757142857142857,3,-33.281931840583894,-164.58288322116886,98.01901954000107,,,589.0,
2026-02-09,2023-2026,43.0,,569.8571428571429,2.7885714285714287,3,-41.28215298918239,-174.0763743679986,91.51206838963382,,,580.0,
2026-02-16,2023-2026,45.0,,541.1428571428571,2.768571428571428,3,-46.408123616943584,-183.14838103163873,90.33213379775157,,,504.0,
2026-02-23,2023-2026,36.0,,562.0,2.6542857142857144,3,-36.04748223700781,-168.6939217308299,96.59895725681429,,,563.0,
2026-03-02,2023-2026,30.0,,508.7142857142857,2.4528571428571433,3,-36.08614920294782,-170.0167586952275,97.84446028933185,,,521.0,
2026-03-09,2023-2026,27.0,,474.7142857142857,2.2,3,-28.783432301798555,-158.69213429248532,101.1252696888882,,,584.0,
2026-03-16,2023-2026,30.0,,419.57142857142856,2.3085714285714287,3,-45.62027582662192,-181.29758787145585,90.05703621821202,,,488.0,
2026-03-23,2023-2026,27.0,,398.0,2.2985714285714285,3,-49.951993252289135,-189.62167060069038,89.71768409611212,,,410.0,
2026-03-30,2023-2026,17.0,,331.0,2.085714285714286,3,-51.28104256299165,-189.37819883969763,86.81611371371434,,,431.0,
2026-04-06,2023-2026,25.0,,324.42857142857144,2.04,3,-50.24701882643205,-188.52136816035363,88.02733050748952,,,423.0,
2026-04-13,2023-2026,22.0,,294.7142857142857,1.5157142857142856,3,-29.712263769288754,-169.72875377907934,110.30422624050182,,,349.0,
2026-04-20,2023-2026,17.0,,245.57142857142856,1.17,3,-21.66659424909271,-163.87178133221335,120.53859283402791,,,300.0,
2026-04-27,2023-2026,19.0,,225.75,1.1242857142857143,3,-23.65156451065007,-169.0890654286487,121.78593640734854,,,240.0,
2021-01-04,2020-2022,5597.0,,28376.0,16.74857142857143,4,4555.043333296022,2632.797634536645,6477.289032055399,,,,10686.0
2021-01-11,2020-2022,6767.0,,32789.0,14.304285714285712,4,5525.246701626805,3166.336393569766,7884.157009683843,,,,12605.0
2021-01-18,2020-2022,7956.0,,33486.42857142857,13.215714285714286,4,5731.9431548857365,3349.882760898977,8114.003548872496,,,,14915.0
2021-01-25,2020-2022,8063.0,,30356.571428571428,10.63,4,5325.545871091402,3280.4201834211103,7370.671558761693,,,,20584.0
2021-02-01,2020-2022,6990.0,,25439.85714285714,8.188571428571429,4,4573.441316857967,2812.029921598243,6334.85271211769,,,,25938.0
2021-02-08,2020-2022,5464.0,,20069.428571428572,6.077142857142857,4,3671.5100787282518,2129.7506889773745,5213.2694684791295,,,,25834.0
2021-02-15,2020-2022,3891.0,,15770.0,5.155714285714287,4,2886.300146503831,1580.9807640867034,4191.619528920959,,,,23015.0
2021-02-22,2020-2022,2772.0,,12373.714285714286,4.184285714285714,4,2251.079985793398,1264.8016374639824,3237.3583341228136,,,,17663.0
2021-03-01,2020-2022,1994.0,,9142.714285714286,2.855714285714286,4,1677.1196532180081,933.7346952416593,2420.504611194357,,,,13683.0
2021-03-08,2020-2022,1428.0,,6780.285714285715,2.432857142857143,4,1224.1888045630378,695.4009645343655,1752.9766445917103,,,,10167.0
2021-03-15,2020-2022,912.0,,5148.857142857143,2.1414285714285715,4,913.6194980541075,519.1723281267352,1308.0666679814797,,,,7995.0
2021-03-22,2020-2022,687.0,,3905.714285714286,2.005714285714286,4,666.6640235809851,403.57061191610586,929.7574352458644,,,,5666.0
2021-03-29,2020-2022,385.0,,2984.8571428571427,1.697142857142857,4,495.43178967869306,310.0170377715092,680.8465415858769,,,,4066.0
2021-04-05,2020-2022,360.0,,2391.8571428571427,1.3728571428571428,4,391.7339720514898,241.01851831236115,542.4494257906184,,,,3055.0
2021-04-12,2020-2022,346.0,,1898.857142857143,1.0485714285714285,4,309.39190517603487,174.07776424587948,444.70604610619023,,,,2338.0
2021-04-19,2020-2022,244.0,,1538.428571428571,0.8157142857142857,4,249.1799625102506,118.53583899650306,379.8240860239981,,,,1837.0
2021-04-26,2020-2022,198.0,,1218.571428571429,0.7571428571428571,4,187.74862334270537,57.81837346637934,317.6788732190314,,,,1341.0
2021-05-03,2020-2022,124.0,,1007.2857142857144,0.7571428571428571,4,147.00687129104645,22.397840329688364,271.61590225240457,,,,1220.0
2021-05-10,2020-2022,145.0,,863.7142857142857,0.7585714285714287,4,117.81534831581463,-10.340721865112258,245.97141849674153,,,,974.0
2021-05-17,2020-2022,100.0,,757.8571428571429,0.79,4,94.6683850609053,-37.05689750793617,226.39366762974674,,,,784.0
2021-05-24,2020-2022,92.0,,756.4285714285714,0.9585714285714284,4,84.60864675462442,-50.65477255154475,219.8720660607936,,,,647.0
2021-05-31,2020-2022,96.0,,789.0,1.5571428571428572,4,59.72753347644736,-71.39807942472048,190.8531463776152,,,,591.0
2021-06-07,2020-2022,83.0,,895.2857142857143,2.1957142857142857,4,46.547113608538154,-84.84201384216536,177.93624105924167,,,,523.0
2021-06-14,2020-2022,102.0,,1097.571428571429,2.795714285714286,4,54.56231374399295,-73.83187005501864,182.95649754300453,,,,592.0
2021-06-21,2020-2022,97.0,,1287.2857142857142,3.81,4,38.61068823092987,-89.49848028809592,166.71985674995565,,,,605.0
2021-06-28,2020-2022,106.0,,1565.857142857143,5.7457142857142856,4,-6.722744505544684,-141.36769607995382,127.92220706886445,,,,720.0
2021-07-05,2020-2022,176.0,,2226.285714285714,7.444285714285714,4,33.7710653199123,-101.79274727449561,169.33487791432023,,,,1066.0
2021-07-12,2020-2022,213.0,,3210.5714285714284,10.14,4,83.16358449528319,-80.73222434564316,247.05939333620955,,,,1286.0
2021-07-19,2020-2022,308.0,,4228.857142857143,10.412857142857144,4,261.7297580355119,79.63711262735481,443.82240344366903,,,,1426.0
2021-07-26,2020-2022,389.0,,5102.0,7.988571428571428,4,555.8198834902691,330.6846515025636,780.9551154779747,,,,2173.0
2021-08-02,2020-2022,502.0,,4985.428571428572,7.932857142857143,4,545.9166045543743,383.0362226941773,708.7969864145714,,,,3218.0
2021-08-09,2020-2022,550.0,,5065.714285714285,8.107142857142858,4,562.7953892205169,416.768737160848,708.8220412801858,,,,4438.0
2021-08-16,2020-2022,551.0,,5547.714285714285,8.262857142857143,4,654.3515770289387,467.03278791428136,841.670366143596,,,,5462.0
2021-08-23,2020-2022,649.0,,5889.428571428572,7.967142857142858,4,729.7315258115408,524.6890241118601,934.7740275112214,,,,5020.0
2021-08-30,2020-2022,632.0,,6160.285714285715,7.591428571428572,4,797.3346389123374,560.9243012239008,1033.744976600774,,,,4744.0
2021-09-06,2020-2022,786.0,,6290.571428571428,7.405714285714285,4,833.791413285571,584.5516635581979,1083.031163012944,,,,5032.0
2021-09-13,2020-2022,783.0,,6064.0,6.048571428571429,4,864.0084006063637,595.6903743639853,1132.3264268487421,,,,5443.0
2021-09-20,2020-2022,799.0,,5282.142857142857,6.581428571428572,4,689.691504802207,483.6324297148235,895.7505798895904,,,,5407.0
2021-09-27,2020-2022,715.0,,4915.571428571428,6.918571428571428,4,603.2495253321036,419.65497003037484,786.8440806338324,,,,5360.0
2021-10-04,2020-2022,582.0,,4979.857142857143,7.558571428571428,4,582.2570119312071,408.46697425089667,756.0470496115175,,,,5309.0
2021-10-11,2020-2022,640.0,,5332.142857142857,8.811428571428571,4,576.8153986614712,427.72796159475115,725.9028357281913,,,,4424.0
2021-10-18,2020-2022,708.0,,6286.857142857143,9.63,4,710.4177824801145,496.7759785084785,924.0595864517505,,,,3969.0
2021-10-25,2020-2022,777.0,,7033.285714285715,9.37142857142857,4,864.3723536836834,578.6832374627609,1150.061469904606,,,,4036.0
2021-11-01,2020-2022,892.0,,7199.0,8.79857142857143,4,927.7842102525203,623.5580352583729,1232.0103852466677,,,,4389.0
2021-11-08,2020-2022,943.0,,6867.571428571428,8.827142857142857,4,871.6208631637182,614.8660581929037,1128.3756681345328,,,,5250.0
2021-11-15,2020-2022,865.0,,6436.857142857143,9.487142857142857,4,762.2283045658015,545.7732771505283,978.6833319810747,,,,5837.0
2021-11-22,2020-2022,738.0,,6077.857142857143,9.517142857142858,4,695.2271346613192,487.46053137965896,902.9937379429794,,,,6060.0
2021-11-29,2020-2022,729.0,,5928.428571428572,9.478571428571428,4,663.5854688153777,480.0883385221743,847.082599108581,,,,5427.0
2021-12-06,2020-2022,708.0,,6086.857142857143,9.911428571428573,4,670.4991408610944,487.9018878395,853.0963938826887,,,,5338.0
2021-12-13,2020-2022,702.0,,6376.285714285715,13.581428571428573,4,532.4629196995648,367.9230525953411,697.0027868037886,,,,4728.0
2021-12-20,2020-2022,797.0,,7121.714285714285,20.09714285714286,4,338.3649047037521,71.14172497341639,605.5880844340877,,,,4499.0
2021-12-27,2020-2022,557.0,,11156.42857142857,29.74571428571429,4,606.757321970016,165.68152643463912,1047.833117505393,,,,4772.0
2022-01-03,2020-2022,857.0,,15652.42857142857,30.65142857142857,4,1409.3013780942701,770.6034221094832,2047.999334079057,,,,5263.0
2022-01-10,2020-2022,1308.0,,16692.285714285714,22.665714285714284,4,2014.524324007384,1181.8532440887732,2847.1954039259945,,,,5595.0
2022-01-17,2020-2022,1378.0,,15343.142857142857,17.07,4,2070.3079314612523,1337.688637840923,2802.9272250815816,,,,8332.0
2022-01-24,2020-2022,1323.0,,13625.142857142857,16.39,4,1830.1674052256612,1179.4733727249395,2480.861437726383,,,,13798.0
2022-01-31,2020-2022,1162.0,,12341.714285714286,14.622857142857145,4,1681.9317010540078,1030.29985185297,2333.563550255046,,,,14111.0
2022-02-07,2020-2022,1025.0,,10773.142857142857,11.79857142857143,4,1523.672730521926,909.6511480864556,2137.6943129573965,,,,13242.0
2022-02-14,2020-2022,814.0,,9599.857142857143,10.49,4,1353.3810489516486,838.3302382782066,1868.4318596250905,,,,11343.0
2022-02-21,2020-2022,722.0,,8670.0,10.587142857142856,4,1165.6907270268944,715.5088412283155,1615.8726128254732,,,,10418.0
2022-02-28,2020-2022,621.0,,8420.142857142857,11.338571428571427,4,1069.8435807819808,692.2850414032212,1447.4021201607404,,,,9205.0
2022-03-07,2020-2022,628.0,,9342.57142857143,16.181428571428572,4,984.8375018545992,678.1658995970892,1291.509104112109,,,,7901.0
2022-03-14,2020-2022,650.0,,11301.714285714286,20.66,4,1117.2661895076012,757.1173775037922,1477.41500151141,,,,7072.0
2022-03-21,2020-2022,734.0,,13538.0,22.794285714285714,4,1424.741219997773,919.4873003484495,1929.9951396470965,,,,6644.0
2022-03-28,2020-2022,789.0,,15650.714285714286,21.16142857142857,4,1916.8092199082373,1243.635524796835,2589.9829150196397,,,,8020.0
2022-04-04,2020-2022,903.0,,16355.142857142857,12.168571428571427,4,2524.5610571536267,1604.1777283746783,3444.944385932575,,,,9973.0
2022-04-11,2020-2022,951.0,,15130.0,8.714285714285714,4,2490.434495402305,1598.3123760040812,3382.5566148005287,,,,12247.0
2022-04-18,2020-2022,970.0,,13352.57142857143,7.218571428571429,4,2248.684911025261,1416.034073860803,3081.335748189719,,,,14056.0
2022-04-25,2020-2022,1056.0,,10500.142857142857,5.374285714285714,4,1813.0650330560547,1031.889643550147,2594.2404225619625,,,,14753.0
2022-05-02,2020-2022,690.0,,8538.285714285714,4.301428571428572,4,1491.744883496702,771.0157468019024,2212.4740201915015,,,,13892.0
2022-05-09,2020-2022,674.0,,6759.571428571428,3.712857142857143,4,1166.9331717354344,586.7184700168766,1747.1478734539921,,,,11523.0
2022-05-16,2020-2022,528.0,,5405.285714285715,3.3814285714285717,4,906.2854522304249,482.65185439425477,1329.919050066595,,,,8875.0
2022-05-23,2020-2022,377.0,,4390.142857142857,2.7085714285714286,4,730.4654738681782,426.6052856749604,1034.3256620613959,,,,6653.0
2022-05-30,2020-2022,174.0,,3916.714285714286,2.815714285714286,4,624.8362851833444,391.12797454273436,858.5445958239545,,,,5368.0
2022-06-06,2020-2022,271.0,,4191.285714285715,3.8628571428571425,4,615.1612043289865,419.4610716894341,810.8613369685389,,,,4469.0
2022-06-13,2020-2022,246.0,,4975.857142857143,5.171428571428572,4,688.7693335851211,466.01738160986093,911.5212855603813,,,,3664.0
2022-06-20,2020-2022,270.0,,6498.0,6.964285714285714,4,878.4527430408308,541.8554986280853,1215.0499874535763,,,,3114.0
2022-06-27,2020-2022,309.0,,8919.142857142857,8.571428571428571,4,1252.338750077487,725.1265071443374,1779.5509930106366,,,,3237.0
2022-07-04,2020-2022,399.0,,11807.42857142857,10.174285714285714,4,1722.4537097459397,1000.9331563515545,2443.974263140325,,,,4305.0
2022-07-11,2020-2022,542.0,,13717.285714285714,10.05,4,2099.8486518821533,1244.1997906116665,2955.49751315264,,,,5717.0
2022-07-18,2020-2022,697.0,,13292.714285714286,8.915714285714285,4,2097.1419083352243,1318.9366653564948,2875.347151313954,,,,7912.0
2022-07-25,2020-2022,745.0,,11443.142857142857,7.377142857142857,4,1851.3303503137524,1201.602976639852,2501.057723987653,,,,10555.0
2022-08-01,2020-2022,682.0,,9524.57142857143,6.264285714285714,4,1568.5588303500404,912.6896510006677,2224.428009699413,,,,12935.0
2022-08-08,2020-2022,561.0,,8364.142857142857,5.707142857142857,4,1373.3550389044635,763.3224301488796,1983.3876476600476,,,,12289.0
2022-08-15,2020-2022,520.0,,7331.285714285715,4.96,4,1202.048619691365,688.9621897245373,1715.1350496581927,,,,10530.0
2022-08-22,2020-2022,419.0,,6159.571428571428,4.291428571428571,4,994.738895696155,611.8523521300849,1377.6254392622252,,,,8095.0
2022-08-29,2020-2022,297.0,,5492.714285714285,4.037142857142857,4,871.4828700859707,555.0353968672997,1187.9303433046416,,,,6842.0
2022-09-05,2020-2022,339.0,,4880.714285714285,4.624285714285714,4,720.2846920002463,465.290009451601,975.2793745488916,,,,6119.0
2022-09-12,2020-2022,280.0,,4567.571428571428,5.064285714285715,4,629.2214602464903,433.78681823816197,824.6561022548187,,,,4997.0
2022-09-19,2020-2022,217.0,,5358.857142857143,6.688571428571429,4,687.9992465756376,486.3646156092217,889.6338775420535,,,,4192.0
2022-09-26,2020-2022,274.0,,7373.857142857143,9.135714285714286,4,937.4428010035851,599.905739821324,1274.9798621858463,,,,3704.0
2022-10-03,2020-2022,372.0,,9713.42857142857,10.731428571428571,4,1293.2110639073878,754.3819438303753,1832.0401839844003,,,,3441.0
2022-10-10,2020-2022,523.0,,10508.142857142857,9.974285714285712,4,1483.790959619604,860.978422314202,2106.6034969250063,,,,3753.0
2022-10-17,2020-2022,647.0,,10180.714285714286,8.814285714285715,4,1498.5817029268073,952.5336261294059,2044.6297797242087,,,,5713.0
2022-10-24,2020-2022,620.0,,8896.857142857143,7.998571428571429,4,1315.188133330967,884.8706894148177,1745.5055772471164,,,,7558.0
2022-10-31,2020-2022,605.0,,7015.428571428572,6.927142857142857,4,1022.6486331349001,656.5991355204101,1388.6981307493902,,,,8267.0
2022-11-07,2020-2022,478.0,,5581.857142857143,6.24,4,785.7657016075386,450.71431369961203,1120.8170895154653,,,,7963.0
2022-11-14,2020-2022,401.0,,4924.857142857143,6.072857142857143,4,661.0490722808852,391.72511300968097,930.3730315520894,,,,6839.0
2022-11-21,2020-2022,333.0,,4647.571428571428,6.597142857142857,4,566.8376510206251,396.722735384144,736.9525666571062,,,,5079.0
2022-11-28,2020-2022,299.0,,4968.571428571428,7.295714285714285,4,580.0057347027348,419.3667177734085,740.6447516320611,,,,3764.0
2022-12-05,2020-2022,295.0,,5649.714285714285,8.241428571428571,4,657.2712753201561,451.86706824974453,862.6754823905676,,,,3483.0
2022-12-12,2020-2022,364.0,,6917.857142857143,9.664285714285716,4,821.6723593514622,524.9455135377989,1118.3992051651255,,,,3340.0
2022-12-19,2020-2022,397.0,,8711.142857142857,11.647142857142857,4,1059.2159896823387,646.5847786621484,1471.8472007025289,,,,3546.0
2022-12-26,2020-2022,367.0,,9389.857142857143,11.6,4,1193.31082406514,736.4809712253299,1650.14067690495,,,,4028.0
2023-01-02,2023-2026,679.0,,8962.857142857143,10.468571428571428,4,1179.3717735453715,773.3594744556864,1585.3840726350568,,,,5009.0
2023-01-09,2023-2026,849.0,,7481.857142857143,8.147142857142857,4,1035.4592592108363,712.9905907201933,1357.9279277014793,,,,6827.0
2023-01-16,2023-2026,711.0,,6128.571428571428,6.917142857142857,4,851.8401803957946,532.9440538165358,1170.7363069750536,,,,7724.0
2023-01-23,2023-2026,545.0,,5723.285714285715,7.777142857142857,4,725.891355650926,459.22445450742345,992.5582567944286,,,,7039.0
2023-01-30,2023-2026,469.0,,6149.857142857143,9.28,4,718.8924261739169,512.3693533630629,925.4154989847708,,,,5838.0
2023-02-06,2023-2026,432.0,,6475.285714285715,9.927142857142856,4,733.1053948848097,517.742539969616,948.4682498000034,,,,4248.0
2023-02-13,2023-2026,401.0,,7284.285714285715,10.984285714285717,4,828.1794588174857,552.1275495276254,1104.231368107346,,,,3907.0
2023-02-20,2023-2026,399.0,,7801.571428571428,11.322857142857144,4,913.2424876074807,619.3305599287983,1207.1544152861632,,,,4497.0
2023-02-27,2023-2026,499.0,,7502.428571428572,10.982857142857142,4,878.5656686279168,616.3616579602215,1140.7696792956121,,,,4974.0
2023-03-06,2023-2026,521.0,,7746.285714285715,10.712857142857144,4,942.5574659890447,662.7248824507607,1222.3900495273288,,,,5480.0
2023-03-13,2023-2026,512.0,,8363.857142857143,11.09,4,1046.013194701027,733.1435063063965,1358.8828830956577,,,,6244.0
2023-03-20,2023-2026,584.0,,8400.0,10.195714285714288,4,1095.9032496364575,755.8373300380257,1435.9691692348893,,,,5961.0
2023-03-27,2023-2026,599.0,,7853.0,9.228571428571428,4,1044.3982537266024,725.7304166611384,1363.0660907920665,,,,6182.0
2023-04-03,2023-2026,484.0,,6898.285714285715,10.385714285714286,4,812.4704196687201,559.4082090530551,1065.532630284385,,,,6908.0
2023-04-10,2023-2026,439.0,,6271.0,10.98857142857143,4,665.7879207263531,414.1421279426678,917.4337135100385,,,,7120.0
2023-04-17,2023-2026,508.0,,5360.714285714285,10.239999999999998,4,527.0232369649655,304.06395270340306,749.9825212265279,,,,6440.0
2023-04-24,2023-2026,436.0,,4723.714285714285,9.507142857142856,4,439.79999826997266,239.29091906886097,640.3090774710844,,,,5876.0
2023-05-01,2023-2026,286.0,,4440.142857142857,10.052857142857144,4,347.6153761630943,210.26467467257314,484.96607765361546,,,,4607.0
2023-05-08,2023-2026,283.0,,4036.714285714286,9.647142857142857,4,289.5475041313307,159.99401883082862,419.1009894318328,,,,4267.0
2023-05-15,2023-2026,304.0,,3455.285714285714,8.632857142857143,4,226.9388178576122,116.39358458111164,337.48405113411275,,,,3684.0
2023-05-22,2023-2026,251.0,,2992.4285714285716,8.352857142857143,4,151.1444450708324,34.91260398190259,267.37628615976223,,,,3326.0
2023-05-29,2023-2026,175.0,,2636.4285714285716,7.671428571428571,4,116.7111825627201,3.5936872621489897,229.8286778632912,,,,3063.0
2023-06-05,2023-2026,195.0,,2304.8571428571427,7.027142857142857,4,84.123425457687,-23.371581331195813,191.61843224656982,,,,2703.0
2023-06-12,2023-2026,148.0,,2044.857142857143,5.951428571428571,4,86.39764509810797,-3.036890815139884,175.83218101135583,,,,2278.0
2023-06-19,2023-2026,141.0,,1590.428571428571,4.677142857142857,4,64.69330891807981,-26.350703831211604,155.73732166737122,,,,2129.0
2023-06-26,2023-2026,122.0,,1238.0,3.99,4,25.530234644369312,-76.64879891417125,127.70926820290988,,,,1216.0
2023-07-03,2023-2026,91.0,,1068.2857142857142,4.107142857142857,4,-8.006595376419677,-115.31462345357258,99.30143270073322,,,,1708.0
2023-07-10,2023-2026,73.0,,1072.142857142857,4.981428571428571,4,-56.06360149256581,-179.5768522034275,67.44964921829589,,,,1226.0
2023-07-17,2023-2026,61.0,,1101.571428571429,5.857142857142857,4,-98.52386542844674,-245.2863464103924,48.238615553498946,,,,843.0
2023-07-24,2023-2026,55.0,,1377.142857142857,7.482857142857143,4,-130.95863485678035,-306.4743781144331,44.55710840087235,,,,691.0
2023-07-31,2023-2026,65.0,,1775.857142857143,9.635714285714286,4,-164.5848905772965,-375.2680205340389,46.098239379445914,,,,830.0
2023-08-07,2023-2026,101.0,,2156.5714285714284,11.162857142857144,4,-169.88417013612377,-402.9845144725092,63.216174200261634,,,,948.0
2023-08-14,2023-2026,115.0,,2469.8571428571427,12.642857142857142,4,-184.96301049522762,-443.7091774827268,73.78315649227156,,,,1121.0
2023-08-21,2023-2026,178.0,,2528.4285714285716,12.917142857142858,4,-184.09820470212824,-445.63312465598347,77.43671525172695,,,,1560.0
2023-08-28,2023-2026,136.0,,2716.8571428571427,14.414285714285713,4,-222.47604850157882,-522.1876886988559,77.2355916956983,,,,1850.0
2023-09-04,2023-2026,197.0,,3178.4285714285716,16.242857142857144,4,-225.49194705675873,-558.4590557117451,107.47516159822769,,,,2249.0
2023-09-11,2023-2026,229.0,,3147.0,15.101428571428572,4,-173.62970080245128,-469.3693231662439,122.10992156134131,,,,2202.0
2023-09-18,2023-2026,241.0,,3061.285714285714,14.858571428571429,4,-176.92090086931026,-470.90351475860473,117.06171301998424,,,,2251.0
2023-09-25,2023-2026,203.0,,3540.1428571428573,16.898571428571426,4,-185.3298197925115,-524.2036951783397,153.54405559331667,,,,2894.0
2023-10-02,2023-2026,233.0,,4214.857142857143,17.464285714285715,4,-84.51841511688616,-400.3187517335472,231.28192149977485,,,,3228.0
2023-10-09,2023-2026,318.0,,4414.285714285715,15.904285714285717,4,28.147658313282122,-219.33140802897253,275.62672465553675,,,,2737.0
2023-10-16,2023-2026,287.0,,3942.714285714286,13.225714285714286,4,79.963935554994,-112.84233887311952,272.7702099831075,,,,3178.0
2023-10-23,2023-2026,297.0,,3715.285714285714,12.42,4,85.82886661809471,-124.33270632185307,295.99043955804245,,,,4036.0
2023-10-30,2023-2026,309.0,,3344.8571428571427,10.381428571428572,4,122.75175543289336,-72.89370531609723,318.39721618188395,,,,4332.0
2023-11-06,2023-2026,291.0,,2820.285714285714,8.665714285714285,4,106.32690835440853,-51.05317053099013,263.7069872398072,,,,3721.0
2023-11-13,2023-2026,239.0,,2531.4285714285716,7.951428571428571,4,85.2416522342037,-56.956295022302484,227.4395994907099,,,,3351.0
2023-11-20,2023-2026,162.0,,2317.8571428571427,7.437142857142858,4,67.09538590211712,-56.195027903343714,190.38579970757795,,,,2866.0
2023-11-27,2023-2026,163.0,,2343.8571428571427,7.757142857142857,4,52.279893940913816,-65.79888780234,170.35867568416762,,,,2479.0
2023-12-04,2023-2026,167.0,,2761.5714285714284,9.232857142857142,4,53.057012309094645,-78.10577334904671,184.219797967236,,,,2198.0
2023-12-11,2023-2026,221.0,,3248.1428571428573,11.062857142857142,4,49.041860632563505,-113.3460619516326,211.4297832167596,,,,1955.0
2023-12-18,2023-2026,249.0,,3641.857142857142,12.394285714285717,4,54.618175234727836,-130.91565155961783,240.1520020290735,,,,1897.0
2023-12-25,2023-2026,161.0,,3927.0,12.864285714285714,4,86.7473428911907,-96.44847657655302,269.9431623589344,,,,2186.0
2024-01-01,2023-2026,292.0,,4244.857142857143,12.824285714285711,4,153.9216399800512,-9.941756183148414,317.7850361432508,,,,2807.0
2024-01-08,2023-2026,376.0,,3946.142857142858,11.665714285714284,4,161.23027268535233,13.756565765642904,308.70397960506176,,,,3305.0
2024-01-15,2023-2026,374.0,,3894.285714285714,10.845714285714283,4,196.51591288844432,59.10348144254468,333.92834433434393,,,,3674.0
2024-01-22,2023-2026,341.0,,3993.571428571429,10.732857142857142,4,223.6034676152485,82.8173560007267,364.3895792297703,,,,3981.0
2024-01-29,2023-2026,331.0,,3599.0,9.395714285714286,4,216.06457898853657,92.0421599930562,340.08699798401693,,,,3800.0
2024-02-05,2023-2026,316.0,,3229.285714285714,8.16,4,204.43433340757147,111.03067805738176,297.8379887577612,,,,3209.0
2024-02-12,2023-2026,255.0,,2718.5714285714284,6.622857142857143,4,190.07458062700002,77.41204920400102,302.73711204999904,,,,3576.0
2024-02-19,2023-2026,226.0,,2275.714285714286,5.692857142857143,4,151.9013225505597,40.831307365512416,262.971337735607,,,,3302.0
2024-02-26,2023-2026,196.0,,1860.428571428571,4.688571428571429,4,121.33526191365088,20.109842942710003,222.56068088459176,,,,2873.0
2024-03-04,2023-2026,168.0,,1689.0,4.57,4,90.42726063247225,1.8998119439455934,178.95470932099892,,,,2330.0
2024-03-11,2023-2026,122.0,,1674.2857142857142,4.7942857142857145,4,72.01159642899363,-14.414718511435666,158.43791136942292,,,,1848.0
2024-03-18,2023-2026,138.0,,1556.857142857143,4.488571428571428,4,62.26369369802707,-30.403094352404253,154.9304817484584,,,,1474.0
2024-03-25,2023-2026,110.0,,1390.857142857143,4.421428571428572,4,31.338982102540033,-75.0106298689852,137.68859407406526,,,,1112.0
2024-04-01,2023-2026,107.0,,1474.0,4.884285714285714,4,24.641787340057842,-79.89154465102037,129.17511933113605,,,,1258.0
2024-04-08,2023-2026,108.0,,1464.2857142857142,5.054285714285714,4,14.29283937624318,-92.34135000101328,120.92702875349964,,,,1274.0
2024-04-15,2023-2026,116.0,,1435.142857142857,5.618571428571428,4,-21.604928311991753,-143.52999895075905,100.32014232677554,,,,1084.0
2024-04-22,2023-2026,118.0,,1574.142857142857,6.728571428571429,4,-51.61822545516411,-189.6431548322068,86.40670392187859,,,,1136.0
2024-04-29,2023-2026,103.0,,2004.0,8.938571428571429,4,-83.24487524750619,-256.54660963763564,90.05685914262328,,,,1168.0
2024-05-06,2023-2026,93.0,,2339.1428571428573,10.29857142857143,4,-89.59986892129753,-284.4816614703088,105.28192362771371,,,,1170.0
2024-05-13,2023-2026,168.0,,2296.1428571428573,9.618571428571428,4,-62.71975922771639,-240.0664785145697,114.6269600591369,,,,1204.0
2024-05-20,2023-2026,147.0,,2066.285714285714,8.972857142857142,4,-69.52893235544862,-235.59383052917786,96.53596581828062,,,,1598.0
2024-05-27,2023-2026,112.0,,1891.2857142857144,8.711428571428572,4,-85.20123518090142,-258.52575642172246,88.12328605991965,,,,2040.0
2024-06-03,2023-2026,146.0,,1884.428571428571,9.567142857142857,4,-129.38522428014696,-332.5837111048632,73.81326254456928,,,,2122.0
2024-06-10,2023-2026,158.0,,2092.8571428571427,11.051428571428572,4,-168.14138841249928,-400.1685367813411,63.885759956342554,,,,1865.0
2024-06-17,2023-2026,149.0,,2596.8571428571427,13.794285714285715,4,-215.7075934443155,-501.7142715331564,70.29908464452538,,,,1588.0
2024-06-24,2023-2026,186.0,,2902.285714285714,14.994285714285713,4,-219.21695555946343,-525.0891840748085,86.65527295588163,,,,1621.0
2024-07-01,2023-2026,166.0,,2852.5714285714284,14.565714285714288,4,-205.4845204984668,-500.56088851909686,89.59184752216328,,,,1761.0
2024-07-08,2023-2026,204.0,,3073.8571428571427,15.804285714285712,4,-222.60351091319865,-548.2765085740384,103.06948674764118,,,,2269.0
2024-07-15,2023-2026,217.0,,3267.0,16.248571428571427,4,-204.3059059098936,-539.5781083388138,130.9662965190266,,,,2802.0
2024-07-22,2023-2026,182.0,,3261.714285714286,15.627142857142855,4,-174.23853246247947,-487.0522879640049,138.57522303904594,,,,2732.0
2024-07-29,2023-2026,203.0,,3008.714285714286,13.944285714285714,4,-136.67487514661082,-409.2946191126857,135.9448688194641,,,,2653.0
2024-08-05,2023-2026,208.0,,2622.1428571428573,12.145714285714286,4,-114.19305558985408,-366.88521557539605,138.4991043956879,,,,3043.0
2024-08-12,2023-2026,173.0,,2178.285714285714,10.62142857142857,4,-118.90193205713074,-363.9684359416987,126.16457182743726,,,,3153.0
2024-08-19,2023-2026,141.0,,1870.428571428571,9.29857142857143,4,-112.87062764957616,-326.6660282522862,100.92477295313384,,,,2745.0
2024-08-26,2023-2026,104.0,,1821.857142857143,9.991428571428573,4,-157.90207023849973,-396.25788269052157,80.4537422135221,,,,2677.0
2024-09-02,2023-2026,106.0,,1857.428571428571,10.198571428571428,4,-167.2518854287511,-392.24580391818813,57.742033060685884,,,,2052.0
2024-09-09,2023-2026,97.0,,1865.7142857142856,10.302857142857144,4,-173.31396817968798,-396.9747932690516,50.34685690967564,,,,1789.0
2024-09-16,2023-2026,138.0,,2167.8571428571427,12.55714285714286,4,-234.7919160646127,-508.5908508252272,39.00701869600178,,,,1409.0
2024-09-23,2023-2026,132.0,,2639.714285714286,13.461428571428572,4,-190.99107937267522,-463.1729284870262,81.19076974167572,,,,1554.0
2024-09-30,2023-2026,167.0,,2808.0,13.612857142857145,4,-166.92774029387584,-433.43405388351283,99.57857329576115,,,,1574.0
2024-10-07,2023-2026,205.0,,3238.0,14.338571428571427,4,-121.01109831946945,-384.4677083402845,142.4455117013456,,,,1819.0
2024-10-14,2023-2026,244.0,,3200.4285714285716,13.23,4,-65.24336844156758,-297.74033384627415,167.253596963139,,,,2541.0
2024-10-21,2023-2026,273.0,,3135.1428571428573,11.907142857142857,4,-9.879889176316471,-203.32415870840256,183.5643803557696,,,,2564.0
2024-10-28,2023-2026,256.0,,2605.714285714286,9.134285714285712,4,35.63920505130087,-118.03356713249755,189.3119772350993,,,,2978.0
2024-11-04,2023-2026,214.0,,2056.714285714286,6.778571428571429,4,51.41413378088258,-74.75609076944106,177.5843583312062,,,,2843.0
2024-11-11,2023-2026,167.0,,1642.857142857143,5.557142857142857,4,37.06995462951795,-101.28079482873332,175.42070408776922,,,,2972.0
2024-11-18,2023-2026,126.0,,1461.142857142857,4.804285714285713,4,36.05940309003219,-73.06381665970395,145.18262283976833,,,,2372.0
2024-11-25,2023-2026,104.0,,1392.2857142857142,4.312857142857143,4,42.71019706881156,-49.948472793073385,135.3688669306965,,,,1748.0
2024-12-02,2023-2026,110.0,,1343.7142857142858,3.7542857142857144,4,58.48449374348153,-37.09146037135695,154.06044785832,,,,1340.0
2024-12-09,2023-2026,113.0,,1274.7142857142858,3.402857142857143,4,61.50184412896755,-41.6674174650031,164.6711057229382,,,,1119.0
2024-12-16,2023-2026,115.0,,1276.571428571429,3.03,4,80.29405296537249,-26.98340439634896,187.57151032709393,,,,1055.0
2024-12-23,2023-2026,53.0,,1187.0,2.5785714285714287,4,86.54990874123745,-21.998686875141857,195.09850435761675,,,,1063.0
2024-12-30,2023-2026,91.0,,1128.428571428571,2.3771428571428572,4,85.56193346605453,-24.842111340052227,195.9659782721613,,,,1034.0
2025-01-06,2023-2026,133.0,,1113.7142857142858,2.2742857142857145,4,87.6643022367975,-25.31199551859858,200.6405999921936,,,,991.0
2025-01-13,2023-2026,122.0,,1070.0,2.4200000000000004,4,72.79798952650758,-34.38198663832246,179.9779656913376,,,,1079.0
2025-01-20,2023-2026,84.0,,996.8571428571428,2.47,4,54.60345612395159,-60.30279958032665,169.50971182822983,,,,861.0
2025-01-27,2023-2026,111.0,,953.1428571428572,2.565714285714286,4,42.14544457163247,-68.87003301620909,153.160922159474,,,,933.0
2025-02-03,2023-2026,98.0,,957.7142857142856,2.6242857142857146,4,39.265669407549254,-75.09671972547963,153.62805854057814,,,,847.0
2025-02-10,2023-2026,90.0,,988.2857142857144,2.8528571428571428,4,33.278707759869235,-81.07602466630586,147.6334401860443,,,,838.0
2025-02-17,2023-2026,71.0,,1027.2857142857142,3.0385714285714287,4,30.069589594400583,-89.7969594933274,149.93613868212856,,,,716.0
2025-02-24,2023-2026,75.0,,1101.857142857143,3.302857142857143,4,31.690741413191095,-82.73507917596757,146.11656200234975,,,,840.0
2025-03-03,2023-2026,89.0,,1012.8571428571428,3.3057142857142856,4,14.348148120420722,-102.43848807747472,131.13478431831615,,,,785.0
2025-03-10,2023-2026,65.0,,1031.142857142857,3.46,4,10.207754408027338,-105.57811602830046,125.99362484435514,,,,818.0
2025-03-17,2023-2026,70.0,,1051.428571428571,3.825714285714286,4,-3.5713083028496393,-116.79078894162788,109.64817233592859,,,,938.0
2025-03-24,2023-2026,86.0,,1174.428571428571,4.319999999999999,4,-6.783991314917338,-126.96153726375627,113.39355463392158,,,,810.0
2025-03-31,2023-2026,92.0,,1174.7142857142858,4.6571428571428575,4,-23.58112548910133,-145.97399137441909,98.81174039621644,,,,848.0
2025-04-07,2023-2026,79.0,,1109.0,4.887142857142857,4,-47.391852502785525,-174.1132737481064,79.32956874253534,,,,877.0
2025-04-14,2023-2026,55.0,,1185.2857142857142,5.1000000000000005,4,-42.67865351839644,-166.4669645870313,81.10965755023844,,,,1018.0
2025-04-21,2023-2026,66.0,,1225.0,5.341428571428572,4,-47.47242309832722,-173.93844610272615,78.9935999060717,,,,1024.0
2025-04-28,2023-2026,104.0,,1224.428571428571,5.744285714285715,4,-68.58548665074142,-204.38680448767752,67.21583118619469,,,,970.0
2025-05-05,2023-2026,79.0,,1114.2857142857142,5.21,4,-61.5673311392374,-190.41776982737,67.28310754889517,,,,1024.0
2025-05-12,2023-2026,76.0,,1132.571428571429,5.6814285714285715,4,-82.52865771973377,-221.1863282551256,56.129012815658044,,,,982.0
2025-05-19,2023-2026,76.0,,1060.857142857143,5.659999999999999,4,-93.94212536630096,-234.55891843029423,46.674667697692314,,,,1092.0
2025-05-26,2023-2026,70.0,,1102.142857142857,6.098571428571428,4,-109.92485657766301,-260.6740648471141,40.82435169178811,,,,934.0
2025-06-02,2023-2026,74.0,,1114.2857142857142,6.507142857142857,4,-128.65228963421467,-289.20254274173897,31.89796347330963,,,,913.0
2025-06-09,2023-2026,67.0,,1122.2857142857142,6.855714285714286,4,-145.21355242001394,-314.8283340211846,24.401229181156737,,,,879.0
2025-06-16,2023-2026,63.0,,1086.0,7.23,4,-171.42036969377205,-353.81986706462067,10.979127677076605,,,,843.0
2025-06-23,2023-2026,64.0,,1000.0,6.408571428571428,4,-144.61976725277006,-309.01043208049214,19.770897574951988,,,,967.0
2025-06-30,2023-2026,52.0,,862.4285714285714,5.914285714285714,4,-145.80755001766613,-306.5245323043075,14.909432268975252,,,,905.0
2025-07-07,2023-2026,58.0,,834.4285714285714,6.247142857142857,4,-167.12949145218974,-338.0439627744603,3.7849798700808037,,,,1008.0
2025-07-14,2023-2026,67.0,,864.5714285714286,6.677142857142857,4,-183.39333274188414,-364.20953908520755,-2.5771263985607504,,,,1007.0
2025-07-21,2023-2026,49.0,,883.7142857142857,6.388571428571429,4,-167.29677857462713,-340.452532858562,5.858975709307742,,,,755.0
2025-07-28,2023-2026,43.0,,878.1428571428571,7.122857142857143,4,-206.31126109410658,-400.3255989855798,-12.296923202633366,,,,693.0
2025-08-04,2023-2026,46.0,,954.4285714285714,7.87,4,-228.98723582567376,-438.6868457410376,-19.287625910309913,,,,816.0
2025-08-11,2023-2026,47.0,,1136.142857142857,9.24,4,-264.4838975361177,-503.2479580958867,-25.719836976348688,,,,839.0
2025-08-18,2023-2026,56.0,,1144.142857142857,9.098571428571429,4,-256.009470598403,-489.8965184640901,-22.12242273271596,,,,812.0
2025-08-25,2023-2026,60.0,,1193.0,9.664285714285716,4,-275.8595217853898,-524.0440375088749,-27.67500606190464,,,,790.0
2025-09-01,2023-2026,84.0,,1250.428571428571,9.947142857142856,4,-277.4150714383886,-530.4785129443736,-24.351629932403625,,,,1027.0
2025-09-08,2023-2026,81.0,,1307.2857142857142,10.48,4,-292.89704742116373,-559.5555529225189,-26.23854191980854,,,,1141.0
2025-09-15,2023-2026,88.0,,1473.142857142857,11.288571428571428,4,-304.14921743717827,-584.5235877563374,-23.774847118019125,,,,1005.0
2025-09-22,2023-2026,91.0,,1825.571428571429,12.395714285714286,4,-293.0478157656251,-584.9787947148877,-1.116836816362536,,,,1158.0
2025-09-29,2023-2026,102.0,,2192.285714285714,13.278571428571428,4,-268.4449089497867,-564.2878743587012,27.39805645912776,,,,1241.0
2025-10-06,2023-2026,148.0,,2458.1428571428573,12.235714285714286,4,-164.13505976203913,-408.59736040460405,80.3272408805258,,,,1381.0
2025-10-13,2023-2026,159.0,,2273.4285714285716,10.271428571428572,4,-94.9016506917341,-287.8432448391255,98.03994345565728,,,,1816.0
2025-10-20,2023-2026,150.0,,1997.571428571429,8.035714285714286,4,-30.887059010171022,-174.91000428209537,113.13588626175334,,,,2030.0
2025-10-27,2023-2026,129.0,,1692.428571428571,6.142857142857143,4,11.01065269817731,-109.47718773922625,131.49849313558087,,,,2342.0
2025-11-03,2023-2026,145.0,,1456.7142857142858,4.954285714285715,4,26.470343657630472,-81.62194710391358,134.56263441917454,,,,2245.0
2025-11-10,2023-2026,125.0,,1148.571428571429,3.46,4,41.19414090242659,-54.23589433968878,136.62417614454196,,,,1838.0
2025-11-17,2023-2026,105.0,,868.0,2.575714285714286,4,29.89180258519358,-70.26519704708738,130.04880221747453,,,,1418.0
2025-11-24,2023-2026,83.0,,825.8571428571429,2.275714285714286,4,35.23573060300875,-69.09194974514098,139.56341095115846,,,,1186.0
2025-12-01,2023-2026,60.0,,861.2857142857143,2.18,4,44.48257170765585,-67.98064353873274,156.94578695404442,,,,925.0
2025-12-08,2023-2026,47.0,,791.4285714285714,2.032857142857143,4,36.37520613090261,-88.19025631814384,160.94066857994906,,,,641.0
2025-12-15,2023-2026,62.0,,706.5714285714286,1.7757142857142856,4,32.50198874966979,-98.06418960950099,163.06816710884056,,,,522.0
2025-12-22,2023-2026,25.0,,608.4285714285714,1.7357142857142858,4,17.596842560733464,-104.49780783116842,139.69149295263534,,,,692.0
2025-12-29,2023-2026,41.0,,658.8571428571429,1.832857142857143,4,22.02046771635173,-100.37136954778384,144.4123049804873,,,,681.0
2026-01-05,2023-2026,53.0,,667.1428571428571,1.832857142857143,4,22.94615393948439,-102.59722528766696,148.48953316663574,,,,609.0
2026-01-12,2023-2026,61.0,,658.5714285714286,2.032857142857143,4,10.32833063585322,-118.33788018634506,138.99454145805151,,,,516.0
2026-01-19,2023-2026,56.0,,644.4285714285714,2.255714285714286,4,-4.045519985531627,-133.83961574039574,125.74857576933249,,,,475.0
2026-01-26,2023-2026,43.0,,630.1428571428571,2.3428571428571425,4,-10.732240386978546,-138.18153116525332,116.71705039129624,,,,525.0
2026-02-02,2023-2026,46.0,,581.2857142857143,2.6757142857142857,4,-36.87335820837289,-165.24282256036435,91.49610614361855,,,,525.0
2026-02-09,2023-2026,43.0,,569.8571428571429,2.7885714285714287,4,-44.21148664951308,-170.9759319971001,82.55295869807395,,,,589.0
2026-02-16,2023-2026,45.0,,541.1428571428571,2.768571428571428,4,-48.663848817475284,-176.14600811364846,78.81831047869788,,,,580.0
2026-02-23,2023-2026,36.0,,562.0,2.6542857142857144,4,-39.587180441649934,-168.90224115077692,89.72788026747705,,,,504.0
2026-03-02,2023-2026,30.0,,508.7142857142857,2.4528571428571433,4,-38.81184528526896,-165.80922570482676,88.18553513428884,,,,563.0
2026-03-09,2023-2026,27.0,,474.7142857142857,2.2,4,-32.67760478644948,-160.875801006701,95.52059143380205,,,,521.0
2026-03-16,2023-2026,30.0,,419.57142857142856,2.3085714285714287,4,-48.016164890044365,-175.14460192783832,79.11227214774958,,,,584.0
2026-03-23,2023-2026,27.0,,398.0,2.2985714285714285,4,-52.39851539429601,-183.04488243595188,78.24785164735984,,,,488.0
2026-03-30,2023-2026,17.0,,331.0,2.085714285714286,4,-54.816068170285334,-188.40172539745402,78.76958905688336,,,,410.0
2026-04-06,2023-2026,25.0,,324.42857142857144,2.04,4,-53.53640562450192,-186.3077367457242,79.23492549672036,,,,431.0
2026-04-13,2023-2026,22.0,,294.7142857142857,1.5157142857142856,4,-32.465314488587865,-165.3303591101494,100.39973013297367,,,,423.0
2026-04-20,2023-2026,17.0,,245.57142857142856,1.17,4,-24.72255489718005,-161.4178863513373,111.9727765569772,,,,349.0
2026-04-27,2023-2026,19.0,,225.75,1.1242857142857143,4,-26.54437935569996,-165.36969297330282,112.2809342619029,,,,300.0
