DATAFLOW,LAST UPDATE,freq,na_item,sector,unit,geo,TIME_PERIOD,OBS_VALUE,OBS_FLAG,CONF_STATUS
ESTAT:GOV_10Q_GGDEBT(1.0),22/04/26 11:00:00,Quarterly,Government consolidated gross debt,General government,Percentage of gross domestic product (GDP),Austria,2017-Q3,80.7,,
ESTAT:GOV_10Q_GGDEBT(1.0),22/04/26 11:00:00,Quarterly,Government consolidated gross debt,General government,Percentage of gross domestic product (GDP),Austria,2017-Q4,79.1,,
ESTAT:GOV_10Q_GGDEBT(1.0),22/04/26 11:00:00,Quarterly,Government consolidated gross debt,General government,Percentage of gross domestic product (GDP),Austria,2018-Q1,78.0,,
ESTAT:GOV_10Q_GGDEBT(1.0),22/04/26 11:00:00,Quarterly,Government consolidated gross debt,General government,Percentage of gross domestic product (GDP),Austria,2018-Q2,77.3,,
ESTAT:GOV_10Q_GGDEBT(1.0),22/04/26 11:00:00,Quarterly,Government consolidated gross debt,General government,Percentage of gross domestic product (GDP),Austria,2018-Q3,76.4,,
ESTAT:GOV_10Q_GGDEBT(1.0),22/04/26 11:00:00,Quarterly,Government consolidated gross debt,General government,Percentage of gross domestic product (GDP),Austria,2018-Q4,74.6,,
ESTAT:GOV_10Q_GGDEBT(1.0),22/04/26 11:00:00,Quarterly,Government consolidated gross debt,General government,Percentage of gross domestic product (GDP),Austria,2019-Q1,73.4,,
ESTAT:GOV_10Q_GGDEBT(1.0),22/04/26 11:00:00,Quarterly,Government consolidated gross debt,General government,Percentage of gross domestic product (GDP),Austria,2019-Q2,72.4,,
ESTAT:GOV_10Q_GGDEBT(1.0),22/04/26 11:00:00,Quarterly,Government consolidated gross debt,General government,Percentage of gross domestic product (GDP),Austria,2019-Q3,71.7,,
ESTAT:GOV_10Q_GGDEBT(1.0),22/04/26 11:00:00,Quarterly,Government consolidated gross debt,General government,Percentage of gross domestic product (GDP),Austria,2019-Q4,71.0,,
ESTAT:GOV_10Q_GGDEBT(1.0),22/04/26 11:00:00,Quarterly,Government consolidated gross debt,General government,Percentage of gross domestic product (GDP),Austria,2020-Q1,73.3,,
ESTAT:GOV_10Q_GGDEBT(1.0),22/04/26 11:00:00,Quarterly,Government consolidated gross debt,General government,Percentage of gross domestic product (GDP),Austria,2020-Q2,82.3,,
ESTAT:GOV_10Q_GGDEBT(1.0),22/04/26 11:00:00,Quarterly,Government consolidated gross debt,General government,Percentage of gross domestic product (GDP),Austria,2020-Q3,78.6,,
ESTAT:GOV_10Q_GGDEBT(1.0),22/04/26 11:00:00,Quarterly,Government consolidated gross debt,General government,Percentage of gross domestic product (GDP),Austria,2020-Q4,83.2,,
ESTAT:GOV_10Q_GGDEBT(1.0),22/04/26 11:00:00,Quarterly,Government consolidated gross debt,General government,Percentage of gross domestic product (GDP),Austria,2021-Q1,87.0,,
ESTAT:GOV_10Q_GGDEBT(1.0),22/04/26 11:00:00,Quarterly,Government consolidated gross debt,General government,Percentage of gross domestic product (GDP),Austria,2021-Q2,85.9,,
ESTAT:GOV_10Q_GGDEBT(1.0),22/04/26 11:00:00,Quarterly,Government consolidated gross debt,General government,Percentage of gross domestic product (GDP),Austria,2021-Q3,84.0,,
ESTAT:GOV_10Q_GGDEBT(1.0),22/04/26 11:00:00,Quarterly,Government consolidated gross debt,General government,Percentage of gross domestic product (GDP),Austria,2021-Q4,82.4,,
ESTAT:GOV_10Q_GGDEBT(1.0),22/04/26 11:00:00,Quarterly,Government consolidated gross debt,General government,Percentage of gross domestic product (GDP),Austria,2022-Q1,83.2,,
ESTAT:GOV_10Q_GGDEBT(1.0),22/04/26 11:00:00,Quarterly,Government consolidated gross debt,General government,Percentage of gross domestic product (GDP),Austria,2022-Q2,82.3,,
ESTAT:GOV_10Q_GGDEBT(1.0),22/04/26 11:00:00,Quarterly,Government consolidated gross debt,General government,Percentage of gross domestic product (GDP),Austria,2022-Q3,80.9,,
ESTAT:GOV_10Q_GGDEBT(1.0),22/04/26 11:00:00,Quarterly,Government consolidated gross debt,General government,Percentage of gross domestic product (GDP),Austria,2022-Q4,78.1,,
ESTAT:GOV_10Q_GGDEBT(1.0),22/04/26 11:00:00,Quarterly,Government consolidated gross debt,General government,Percentage of gross domestic product (GDP),Austria,2023-Q1,79.9,,
ESTAT:GOV_10Q_GGDEBT(1.0),22/04/26 11:00:00,Quarterly,Government consolidated gross debt,General government,Percentage of gross domestic product (GDP),Austria,2023-Q2,78.3,,
ESTAT:GOV_10Q_GGDEBT(1.0),22/04/26 11:00:00,Quarterly,Government consolidated gross debt,General government,Percentage of gross domestic product (GDP),Austria,2023-Q3,78.2,,
ESTAT:GOV_10Q_GGDEBT(1.0),22/04/26 11:00:00,Quarterly,Government consolidated gross debt,General government,Percentage of gross domestic product (GDP),Austria,2023-Q4,77.8,,
ESTAT:GOV_10Q_GGDEBT(1.0),22/04/26 11:00:00,Quarterly,Government consolidated gross debt,General government,Percentage of gross domestic product (GDP),Austria,2024-Q1,79.9,,
ESTAT:GOV_10Q_GGDEBT(1.0),22/04/26 11:00:00,Quarterly,Government consolidated gross debt,General government,Percentage of gross domestic product (GDP),Austria,2024-Q2,81.6,,
ESTAT:GOV_10Q_GGDEBT(1.0),22/04/26 11:00:00,Quarterly,Government consolidated gross debt,General government,Percentage of gross domestic product (GDP),Austria,2024-Q3,81.6,,
ESTAT:GOV_10Q_GGDEBT(1.0),22/04/26 11:00:00,Quarterly,Government consolidated gross debt,General government,Percentage of gross domestic product (GDP),Austria,2024-Q4,80.0,,
ESTAT:GOV_10Q_GGDEBT(1.0),22/04/26 11:00:00,Quarterly,Government consolidated gross debt,General government,Percentage of gross domestic product (GDP),Austria,2025-Q1,83.0,,
ESTAT:GOV_10Q_GGDEBT(1.0),22/04/26 11:00:00,Quarterly,Government consolidated gross debt,General government,Percentage of gross domestic product (GDP),Austria,2025-Q2,82.0,,
ESTAT:GOV_10Q_GGDEBT(1.0),22/04/26 11:00:00,Quarterly,Government consolidated gross debt,General government,Percentage of gross domestic product (GDP),Austria,2025-Q3,83.5,,
ESTAT:GOV_10Q_GGDEBT(1.0),22/04/26 11:00:00,Quarterly,Government consolidated gross debt,General government,Percentage of gross domestic product (GDP),Austria,2025-Q4,81.5,,
ESTAT:GOV_10Q_GGDEBT(1.0),22/04/26 11:00:00,Quarterly,Government consolidated gross debt,General government,Percentage of gross domestic product (GDP),Belgium,2017-Q3,106.4,,
ESTAT:GOV_10Q_GGDEBT(1.0),22/04/26 11:00:00,Quarterly,Government consolidated gross debt,General government,Percentage of gross domestic product (GDP),Belgium,2017-Q4,102.6,,
ESTAT:GOV_10Q_GGDEBT(1.0),22/04/26 11:00:00,Quarterly,Government consolidated gross debt,General government,Percentage of gross domestic product (GDP),Belgium,2018-Q1,105.5,,
ESTAT:GOV_10Q_GGDEBT(1.0),22/04/26 11:00:00,Quarterly,Government consolidated gross debt,General government,Percentage of gross domestic product (GDP),Belgium,2018-Q2,104.6,,
ESTAT:GOV_10Q_GGDEBT(1.0),22/04/26 11:00:00,Quarterly,Government consolidated gross debt,General government,Percentage of gross domestic product (GDP),Belgium,2018-Q3,103.9,,
ESTAT:GOV_10Q_GGDEBT(1.0),22/04/26 11:00:00,Quarterly,Government consolidated gross debt,General government,Percentage of gross domestic product (GDP),Belgium,2018-Q4,100.2,,
ESTAT:GOV_10Q_GGDEBT(1.0),22/04/26 11:00:00,Quarterly,Government consolidated gross debt,General government,Percentage of gross domestic product (GDP),Belgium,2019-Q1,103.1,,
ESTAT:GOV_10Q_GGDEBT(1.0),22/04/26 11:00:00,Quarterly,Government consolidated gross debt,General government,Percentage of gross domestic product (GDP),Belgium,2019-Q2,102.1,,
ESTAT:GOV_10Q_GGDEBT(1.0),22/04/26 11:00:00,Quarterly,Government consolidated gross debt,General government,Percentage of gross domestic product (GDP),Belgium,2019-Q3,101.5,,
ESTAT:GOV_10Q_GGDEBT(1.0),22/04/26 11:00:00,Quarterly,Government consolidated gross debt,General government,Percentage of gross domestic product (GDP),Belgium,2019-Q4,97.7,,
ESTAT:GOV_10Q_GGDEBT(1.0),22/04/26 11:00:00,Quarterly,Government consolidated gross debt,General government,Percentage of gross domestic product (GDP),Belgium,2020-Q1,102.3,,
ESTAT:GOV_10Q_GGDEBT(1.0),22/04/26 11:00:00,Quarterly,Government consolidated gross debt,General government,Percentage of gross domestic product (GDP),Belgium,2020-Q2,112.1,,
ESTAT:GOV_10Q_GGDEBT(1.0),22/04/26 11:00:00,Quarterly,Government consolidated gross debt,General government,Percentage of gross domestic product (GDP),Belgium,2020-Q3,110.8,,
ESTAT:GOV_10Q_GGDEBT(1.0),22/04/26 11:00:00,Quarterly,Government consolidated gross debt,General government,Percentage of gross domestic product (GDP),Belgium,2020-Q4,111.4,,
ESTAT:GOV_10Q_GGDEBT(1.0),22/04/26 11:00:00,Quarterly,Government consolidated gross debt,General government,Percentage of gross domestic product (GDP),Belgium,2021-Q1,115.4,,
ESTAT:GOV_10Q_GGDEBT(1.0),22/04/26 11:00:00,Quarterly,Government consolidated gross debt,General government,Percentage of gross domestic product (GDP),Belgium,2021-Q2,112.9,,
ESTAT:GOV_10Q_GGDEBT(1.0),22/04/26 11:00:00,Quarterly,Government consolidated gross debt,General government,Percentage of gross domestic product (GDP),Belgium,2021-Q3,111.4,,
ESTAT:GOV_10Q_GGDEBT(1.0),22/04/26 11:00:00,Quarterly,Government consolidated gross debt,General government,Percentage of gross domestic product (GDP),Belgium,2021-Q4,108.7,,
ESTAT:GOV_10Q_GGDEBT(1.0),22/04/26 11:00:00,Quarterly,Government consolidated gross debt,General government,Percentage of gross domestic product (GDP),Belgium,2022-Q1,108.7,,
ESTAT:GOV_10Q_GGDEBT(1.0),22/04/26 11:00:00,Quarterly,Government consolidated gross debt,General government,Percentage of gross domestic product (GDP),Belgium,2022-Q2,107.9,,
ESTAT:GOV_10Q_GGDEBT(1.0),22/04/26 11:00:00,Quarterly,Government consolidated gross debt,General government,Percentage of gross domestic product (GDP),Belgium,2022-Q3,105.4,,
ESTAT:GOV_10Q_GGDEBT(1.0),22/04/26 11:00:00,Quarterly,Government consolidated gross debt,General government,Percentage of gross domestic product (GDP),Belgium,2022-Q4,103.3,,
ESTAT:GOV_10Q_GGDEBT(1.0),22/04/26 11:00:00,Quarterly,Government consolidated gross debt,General government,Percentage of gross domestic product (GDP),Belgium,2023-Q1,104.5,,
ESTAT:GOV_10Q_GGDEBT(1.0),22/04/26 11:00:00,Quarterly,Government consolidated gross debt,General government,Percentage of gross domestic product (GDP),Belgium,2023-Q2,103.2,,
ESTAT:GOV_10Q_GGDEBT(1.0),22/04/26 11:00:00,Quarterly,Government consolidated gross debt,General government,Percentage of gross domestic product (GDP),Belgium,2023-Q3,105.1,,
ESTAT:GOV_10Q_GGDEBT(1.0),22/04/26 11:00:00,Quarterly,Government consolidated gross debt,General government,Percentage of gross domestic product (GDP),Belgium,2023-Q4,102.5,,
ESTAT:GOV_10Q_GGDEBT(1.0),22/04/26 11:00:00,Quarterly,Government consolidated gross debt,General government,Percentage of gross domestic product (GDP),Belgium,2024-Q1,105.5,,
ESTAT:GOV_10Q_GGDEBT(1.0),22/04/26 11:00:00,Quarterly,Government consolidated gross debt,General government,Percentage of gross domestic product (GDP),Belgium,2024-Q2,105.6,,
ESTAT:GOV_10Q_GGDEBT(1.0),22/04/26 11:00:00,Quarterly,Government consolidated gross debt,General government,Percentage of gross domestic product (GDP),Belgium,2024-Q3,104.7,,
ESTAT:GOV_10Q_GGDEBT(1.0),22/04/26 11:00:00,Quarterly,Government consolidated gross debt,General government,Percentage of gross domestic product (GDP),Belgium,2024-Q4,103.9,,
ESTAT:GOV_10Q_GGDEBT(1.0),22/04/26 11:00:00,Quarterly,Government consolidated gross debt,General government,Percentage of gross domestic product (GDP),Belgium,2025-Q1,106.1,,
ESTAT:GOV_10Q_GGDEBT(1.0),22/04/26 11:00:00,Quarterly,Government consolidated gross debt,General government,Percentage of gross domestic product (GDP),Belgium,2025-Q2,106.2,,
ESTAT:GOV_10Q_GGDEBT(1.0),22/04/26 11:00:00,Quarterly,Government consolidated gross debt,General government,Percentage of gross domestic product (GDP),Belgium,2025-Q3,107.1,,
ESTAT:GOV_10Q_GGDEBT(1.0),22/04/26 11:00:00,Quarterly,Government consolidated gross debt,General government,Percentage of gross domestic product (GDP),Belgium,2025-Q4,107.9,,
ESTAT:GOV_10Q_GGDEBT(1.0),22/04/26 11:00:00,Quarterly,Government consolidated gross debt,General government,Percentage of gross domestic product (GDP),Bulgaria,2017-Q3,25.5,,
ESTAT:GOV_10Q_GGDEBT(1.0),22/04/26 11:00:00,Quarterly,Government consolidated gross debt,General government,Percentage of gross domestic product (GDP),Bulgaria,2017-Q4,25.1,,
ESTAT:GOV_10Q_GGDEBT(1.0),22/04/26 11:00:00,Quarterly,Government consolidated gross debt,General government,Percentage of gross domestic product (GDP),Bulgaria,2018-Q1,23.8,,
ESTAT:GOV_10Q_GGDEBT(1.0),22/04/26 11:00:00,Quarterly,Government consolidated gross debt,General government,Percentage of gross domestic product (GDP),Bulgaria,2018-Q2,23.3,,
ESTAT:GOV_10Q_GGDEBT(1.0),22/04/26 11:00:00,Quarterly,Government consolidated gross debt,General government,Percentage of gross domestic product (GDP),Bulgaria,2018-Q3,22.6,,
ESTAT:GOV_10Q_GGDEBT(1.0),22/04/26 11:00:00,Quarterly,Government consolidated gross debt,General government,Percentage of gross domestic product (GDP),Bulgaria,2018-Q4,22.2,,
ESTAT:GOV_10Q_GGDEBT(1.0),22/04/26 11:00:00,Quarterly,Government consolidated gross debt,General government,Percentage of gross domestic product (GDP),Bulgaria,2019-Q1,20.8,,
ESTAT:GOV_10Q_GGDEBT(1.0),22/04/26 11:00:00,Quarterly,Government consolidated gross debt,General government,Percentage of gross domestic product (GDP),Bulgaria,2019-Q2,20.3,,
ESTAT:GOV_10Q_GGDEBT(1.0),22/04/26 11:00:00,Quarterly,Government consolidated gross debt,General government,Percentage of gross domestic product (GDP),Bulgaria,2019-Q3,20.4,,
ESTAT:GOV_10Q_GGDEBT(1.0),22/04/26 11:00:00,Quarterly,Government consolidated gross debt,General government,Percentage of gross domestic product (GDP),Bulgaria,2019-Q4,20.1,,
ESTAT:GOV_10Q_GGDEBT(1.0),22/04/26 11:00:00,Quarterly,Government consolidated gross debt,General government,Percentage of gross domestic product (GDP),Bulgaria,2020-Q1,20.0,,
ESTAT:GOV_10Q_GGDEBT(1.0),22/04/26 11:00:00,Quarterly,Government consolidated gross debt,General government,Percentage of gross domestic product (GDP),Bulgaria,2020-Q2,21.1,,
ESTAT:GOV_10Q_GGDEBT(1.0),22/04/26 11:00:00,Quarterly,Government consolidated gross debt,General government,Percentage of gross domestic product (GDP),Bulgaria,2020-Q3,24.9,,
ESTAT:GOV_10Q_GGDEBT(1.0),22/04/26 11:00:00,Quarterly,Government consolidated gross debt,General government,Percentage of gross domestic product (GDP),Bulgaria,2020-Q4,24.5,,
ESTAT:GOV_10Q_GGDEBT(1.0),22/04/26 11:00:00,Quarterly,Government consolidated gross debt,General government,Percentage of gross domestic product (GDP),Bulgaria,2021-Q1,24.2,,
ESTAT:GOV_10Q_GGDEBT(1.0),22/04/26 11:00:00,Quarterly,Government consolidated gross debt,General government,Percentage of gross domestic product (GDP),Bulgaria,2021-Q2,24.1,,
ESTAT:GOV_10Q_GGDEBT(1.0),22/04/26 11:00:00,Quarterly,Government consolidated gross debt,General government,Percentage of gross domestic product (GDP),Bulgaria,2021-Q3,23.2,,
ESTAT:GOV_10Q_GGDEBT(1.0),22/04/26 11:00:00,Quarterly,Government consolidated gross debt,General government,Percentage of gross domestic product (GDP),Bulgaria,2021-Q4,23.8,,
ESTAT:GOV_10Q_GGDEBT(1.0),22/04/26 11:00:00,Quarterly,Government consolidated gross debt,General government,Percentage of gross domestic product (GDP),Bulgaria,2022-Q1,21.9,,
ESTAT:GOV_10Q_GGDEBT(1.0),22/04/26 11:00:00,Quarterly,Government consolidated gross debt,General government,Percentage of gross domestic product (GDP),Bulgaria,2022-Q2,21.2,,
ESTAT:GOV_10Q_GGDEBT(1.0),22/04/26 11:00:00,Quarterly,Government consolidated gross debt,General government,Percentage of gross domestic product (GDP),Bulgaria,2022-Q3,23.0,,
ESTAT:GOV_10Q_GGDEBT(1.0),22/04/26 11:00:00,Quarterly,Government consolidated gross debt,General government,Percentage of gross domestic product (GDP),Bulgaria,2022-Q4,22.5,,
ESTAT:GOV_10Q_GGDEBT(1.0),22/04/26 11:00:00,Quarterly,Government consolidated gross debt,General government,Percentage of gross domestic product (GDP),Bulgaria,2023-Q1,22.2,,
ESTAT:GOV_10Q_GGDEBT(1.0),22/04/26 11:00:00,Quarterly,Government consolidated gross debt,General government,Percentage of gross domestic product (GDP),Bulgaria,2023-Q2,21.5,,
ESTAT:GOV_10Q_GGDEBT(1.0),22/04/26 11:00:00,Quarterly,Government consolidated gross debt,General government,Percentage of gross domestic product (GDP),Bulgaria,2023-Q3,21.0,,
ESTAT:GOV_10Q_GGDEBT(1.0),22/04/26 11:00:00,Quarterly,Government consolidated gross debt,General government,Percentage of gross domestic product (GDP),Bulgaria,2023-Q4,22.9,,
ESTAT:GOV_10Q_GGDEBT(1.0),22/04/26 11:00:00,Quarterly,Government consolidated gross debt,General government,Percentage of gross domestic product (GDP),Bulgaria,2024-Q1,22.4,,
ESTAT:GOV_10Q_GGDEBT(1.0),22/04/26 11:00:00,Quarterly,Government consolidated gross debt,General government,Percentage of gross domestic product (GDP),Bulgaria,2024-Q2,22.0,,
ESTAT:GOV_10Q_GGDEBT(1.0),22/04/26 11:00:00,Quarterly,Government consolidated gross debt,General government,Percentage of gross domestic product (GDP),Bulgaria,2024-Q3,24.3,,
ESTAT:GOV_10Q_GGDEBT(1.0),22/04/26 11:00:00,Quarterly,Government consolidated gross debt,General government,Percentage of gross domestic product (GDP),Bulgaria,2024-Q4,23.8,,
ESTAT:GOV_10Q_GGDEBT(1.0),22/04/26 11:00:00,Quarterly,Government consolidated gross debt,General government,Percentage of gross domestic product (GDP),Bulgaria,2025-Q1,23.7,,
ESTAT:GOV_10Q_GGDEBT(1.0),22/04/26 11:00:00,Quarterly,Government consolidated gross debt,General government,Percentage of gross domestic product (GDP),Bulgaria,2025-Q2,26.3,,
ESTAT:GOV_10Q_GGDEBT(1.0),22/04/26 11:00:00,Quarterly,Government consolidated gross debt,General government,Percentage of gross domestic product (GDP),Bulgaria,2025-Q3,28.4,,
ESTAT:GOV_10Q_GGDEBT(1.0),22/04/26 11:00:00,Quarterly,Government consolidated gross debt,General government,Percentage of gross domestic product (GDP),Bulgaria,2025-Q4,29.9,,
ESTAT:GOV_10Q_GGDEBT(1.0),22/04/26 11:00:00,Quarterly,Government consolidated gross debt,General government,Percentage of gross domestic product (GDP),Cyprus,2017-Q3,101.3,,
ESTAT:GOV_10Q_GGDEBT(1.0),22/04/26 11:00:00,Quarterly,Government consolidated gross debt,General government,Percentage of gross domestic product (GDP),Cyprus,2017-Q4,96.5,,
ESTAT:GOV_10Q_GGDEBT(1.0),22/04/26 11:00:00,Quarterly,Government consolidated gross debt,General government,Percentage of gross domestic product (GDP),Cyprus,2018-Q1,93.3,,
ESTAT:GOV_10Q_GGDEBT(1.0),22/04/26 11:00:00,Quarterly,Government consolidated gross debt,General government,Percentage of gross domestic product (GDP),Cyprus,2018-Q2,102.6,,
ESTAT:GOV_10Q_GGDEBT(1.0),22/04/26 11:00:00,Quarterly,Government consolidated gross debt,General government,Percentage of gross domestic product (GDP),Cyprus,2018-Q3,108.9,,
ESTAT:GOV_10Q_GGDEBT(1.0),22/04/26 11:00:00,Quarterly,Government consolidated gross debt,General government,Percentage of gross domestic product (GDP),Cyprus,2018-Q4,100.7,,
ESTAT:GOV_10Q_GGDEBT(1.0),22/04/26 11:00:00,Quarterly,Government consolidated gross debt,General government,Percentage of gross domestic product (GDP),Cyprus,2019-Q1,102.3,,
ESTAT:GOV_10Q_GGDEBT(1.0),22/04/26 11:00:00,Quarterly,Government consolidated gross debt,General government,Percentage of gross domestic product (GDP),Cyprus,2019-Q2,105.3,,
ESTAT:GOV_10Q_GGDEBT(1.0),22/04/26 11:00:00,Quarterly,Government consolidated gross debt,General government,Percentage of gross domestic product (GDP),Cyprus,2019-Q3,95.4,,
ESTAT:GOV_10Q_GGDEBT(1.0),22/04/26 11:00:00,Quarterly,Government consolidated gross debt,General government,Percentage of gross domestic product (GDP),Cyprus,2019-Q4,92.3,,
ESTAT:GOV_10Q_GGDEBT(1.0),22/04/26 11:00:00,Quarterly,Government consolidated gross debt,General government,Percentage of gross domestic product (GDP),Cyprus,2020-Q1,93.6,,
ESTAT:GOV_10Q_GGDEBT(1.0),22/04/26 11:00:00,Quarterly,Government consolidated gross debt,General government,Percentage of gross domestic product (GDP),Cyprus,2020-Q2,109.5,,
ESTAT:GOV_10Q_GGDEBT(1.0),22/04/26 11:00:00,Quarterly,Government consolidated gross debt,General government,Percentage of gross domestic product (GDP),Cyprus,2020-Q3,115.4,,
ESTAT:GOV_10Q_GGDEBT(1.0),22/04/26 11:00:00,Quarterly,Government consolidated gross debt,General government,Percentage of gross domestic product (GDP),Cyprus,2020-Q4,113.6,,
ESTAT:GOV_10Q_GGDEBT(1.0),22/04/26 11:00:00,Quarterly,Government consolidated gross debt,General government,Percentage of gross domestic product (GDP),Cyprus,2021-Q1,117.5,,
ESTAT:GOV_10Q_GGDEBT(1.0),22/04/26 11:00:00,Quarterly,Government consolidated gross debt,General government,Percentage of gross domestic product (GDP),Cyprus,2021-Q2,107.1,,
ESTAT:GOV_10Q_GGDEBT(1.0),22/04/26 11:00:00,Quarterly,Government consolidated gross debt,General government,Percentage of gross domestic product (GDP),Cyprus,2021-Q3,102.9,,
ESTAT:GOV_10Q_GGDEBT(1.0),22/04/26 11:00:00,Quarterly,Government consolidated gross debt,General government,Percentage of gross domestic product (GDP),Cyprus,2021-Q4,96.5,,
ESTAT:GOV_10Q_GGDEBT(1.0),22/04/26 11:00:00,Quarterly,Government consolidated gross debt,General government,Percentage of gross domestic product (GDP),Cyprus,2022-Q1,95.8,,
ESTAT:GOV_10Q_GGDEBT(1.0),22/04/26 11:00:00,Quarterly,Government consolidated gross debt,General government,Percentage of gross domestic product (GDP),Cyprus,2022-Q2,88.9,,
ESTAT:GOV_10Q_GGDEBT(1.0),22/04/26 11:00:00,Quarterly,Government consolidated gross debt,General government,Percentage of gross domestic product (GDP),Cyprus,2022-Q3,84.6,,
ESTAT:GOV_10Q_GGDEBT(1.0),22/04/26 11:00:00,Quarterly,Government consolidated gross debt,General government,Percentage of gross domestic product (GDP),Cyprus,2022-Q4,80.1,,
ESTAT:GOV_10Q_GGDEBT(1.0),22/04/26 11:00:00,Quarterly,Government consolidated gross debt,General government,Percentage of gross domestic product (GDP),Cyprus,2023-Q1,77.4,,
ESTAT:GOV_10Q_GGDEBT(1.0),22/04/26 11:00:00,Quarterly,Government consolidated gross debt,General government,Percentage of gross domestic product (GDP),Cyprus,2023-Q2,78.6,,
ESTAT:GOV_10Q_GGDEBT(1.0),22/04/26 11:00:00,Quarterly,Government consolidated gross debt,General government,Percentage of gross domestic product (GDP),Cyprus,2023-Q3,73.0,,
ESTAT:GOV_10Q_GGDEBT(1.0),22/04/26 11:00:00,Quarterly,Government consolidated gross debt,General government,Percentage of gross domestic product (GDP),Cyprus,2023-Q4,71.1,,
ESTAT:GOV_10Q_GGDEBT(1.0),22/04/26 11:00:00,Quarterly,Government consolidated gross debt,General government,Percentage of gross domestic product (GDP),Cyprus,2024-Q1,69.8,,
ESTAT:GOV_10Q_GGDEBT(1.0),22/04/26 11:00:00,Quarterly,Government consolidated gross debt,General government,Percentage of gross domestic product (GDP),Cyprus,2024-Q2,67.6,,
ESTAT:GOV_10Q_GGDEBT(1.0),22/04/26 11:00:00,Quarterly,Government consolidated gross debt,General government,Percentage of gross domestic product (GDP),Cyprus,2024-Q3,66.6,,
ESTAT:GOV_10Q_GGDEBT(1.0),22/04/26 11:00:00,Quarterly,Government consolidated gross debt,General government,Percentage of gross domestic product (GDP),Cyprus,2024-Q4,62.7,,
ESTAT:GOV_10Q_GGDEBT(1.0),22/04/26 11:00:00,Quarterly,Government consolidated gross debt,General government,Percentage of gross domestic product (GDP),Cyprus,2025-Q1,61.9,,
ESTAT:GOV_10Q_GGDEBT(1.0),22/04/26 11:00:00,Quarterly,Government consolidated gross debt,General government,Percentage of gross domestic product (GDP),Cyprus,2025-Q2,61.1,,
ESTAT:GOV_10Q_GGDEBT(1.0),22/04/26 11:00:00,Quarterly,Government consolidated gross debt,General government,Percentage of gross domestic product (GDP),Cyprus,2025-Q3,60.3,,
ESTAT:GOV_10Q_GGDEBT(1.0),22/04/26 11:00:00,Quarterly,Government consolidated gross debt,General government,Percentage of gross domestic product (GDP),Cyprus,2025-Q4,55.0,,
ESTAT:GOV_10Q_GGDEBT(1.0),22/04/26 11:00:00,Quarterly,Government consolidated gross debt,General government,Percentage of gross domestic product (GDP),Czechia,2017-Q3,34.3,,
ESTAT:GOV_10Q_GGDEBT(1.0),22/04/26 11:00:00,Quarterly,Government consolidated gross debt,General government,Percentage of gross domestic product (GDP),Czechia,2017-Q4,33.8,,
ESTAT:GOV_10Q_GGDEBT(1.0),22/04/26 11:00:00,Quarterly,Government consolidated gross debt,General government,Percentage of gross domestic product (GDP),Czechia,2018-Q1,34.9,,
ESTAT:GOV_10Q_GGDEBT(1.0),22/04/26 11:00:00,Quarterly,Government consolidated gross debt,General government,Percentage of gross domestic product (GDP),Czechia,2018-Q2,34.3,,
ESTAT:GOV_10Q_GGDEBT(1.0),22/04/26 11:00:00,Quarterly,Government consolidated gross debt,General government,Percentage of gross domestic product (GDP),Czechia,2018-Q3,32.9,,
ESTAT:GOV_10Q_GGDEBT(1.0),22/04/26 11:00:00,Quarterly,Government consolidated gross debt,General government,Percentage of gross domestic product (GDP),Czechia,2018-Q4,31.7,,
ESTAT:GOV_10Q_GGDEBT(1.0),22/04/26 11:00:00,Quarterly,Government consolidated gross debt,General government,Percentage of gross domestic product (GDP),Czechia,2019-Q1,33.0,,
ESTAT:GOV_10Q_GGDEBT(1.0),22/04/26 11:00:00,Quarterly,Government consolidated gross debt,General government,Percentage of gross domestic product (GDP),Czechia,2019-Q2,32.1,,
ESTAT:GOV_10Q_GGDEBT(1.0),22/04/26 11:00:00,Quarterly,Government consolidated gross debt,General government,Percentage of gross domestic product (GDP),Czechia,2019-Q3,30.8,,
ESTAT:GOV_10Q_GGDEBT(1.0),22/04/26 11:00:00,Quarterly,Government consolidated gross debt,General government,Percentage of gross domestic product (GDP),Czechia,2019-Q4,29.6,,
ESTAT:GOV_10Q_GGDEBT(1.0),22/04/26 11:00:00,Quarterly,Government consolidated gross debt,General government,Percentage of gross domestic product (GDP),Czechia,2020-Q1,31.9,,
ESTAT:GOV_10Q_GGDEBT(1.0),22/04/26 11:00:00,Quarterly,Government consolidated gross debt,General government,Percentage of gross domestic product (GDP),Czechia,2020-Q2,38.9,,
ESTAT:GOV_10Q_GGDEBT(1.0),22/04/26 11:00:00,Quarterly,Government consolidated gross debt,General government,Percentage of gross domestic product (GDP),Czechia,2020-Q3,37.4,,
ESTAT:GOV_10Q_GGDEBT(1.0),22/04/26 11:00:00,Quarterly,Government consolidated gross debt,General government,Percentage of gross domestic product (GDP),Czechia,2020-Q4,36.9,,
ESTAT:GOV_10Q_GGDEBT(1.0),22/04/26 11:00:00,Quarterly,Government consolidated gross debt,General government,Percentage of gross domestic product (GDP),Czechia,2021-Q1,42.9,,
ESTAT:GOV_10Q_GGDEBT(1.0),22/04/26 11:00:00,Quarterly,Government consolidated gross debt,General government,Percentage of gross domestic product (GDP),Czechia,2021-Q2,41.5,,
ESTAT:GOV_10Q_GGDEBT(1.0),22/04/26 11:00:00,Quarterly,Government consolidated gross debt,General government,Percentage of gross domestic product (GDP),Czechia,2021-Q3,39.3,,
ESTAT:GOV_10Q_GGDEBT(1.0),22/04/26 11:00:00,Quarterly,Government consolidated gross debt,General government,Percentage of gross domestic product (GDP),Czechia,2021-Q4,40.7,,
ESTAT:GOV_10Q_GGDEBT(1.0),22/04/26 11:00:00,Quarterly,Government consolidated gross debt,General government,Percentage of gross domestic product (GDP),Czechia,2022-Q1,41.4,,
ESTAT:GOV_10Q_GGDEBT(1.0),22/04/26 11:00:00,Quarterly,Government consolidated gross debt,General government,Percentage of gross domestic product (GDP),Czechia,2022-Q2,41.9,,
ESTAT:GOV_10Q_GGDEBT(1.0),22/04/26 11:00:00,Quarterly,Government consolidated gross debt,General government,Percentage of gross domestic product (GDP),Czechia,2022-Q3,43.5,,
ESTAT:GOV_10Q_GGDEBT(1.0),22/04/26 11:00:00,Quarterly,Government consolidated gross debt,General government,Percentage of gross domestic product (GDP),Czechia,2022-Q4,42.5,,
ESTAT:GOV_10Q_GGDEBT(1.0),22/04/26 11:00:00,Quarterly,Government consolidated gross debt,General government,Percentage of gross domestic product (GDP),Czechia,2023-Q1,42.8,,
ESTAT:GOV_10Q_GGDEBT(1.0),22/04/26 11:00:00,Quarterly,Government consolidated gross debt,General government,Percentage of gross domestic product (GDP),Czechia,2023-Q2,42.5,,
ESTAT:GOV_10Q_GGDEBT(1.0),22/04/26 11:00:00,Quarterly,Government consolidated gross debt,General government,Percentage of gross domestic product (GDP),Czechia,2023-Q3,42.7,,
ESTAT:GOV_10Q_GGDEBT(1.0),22/04/26 11:00:00,Quarterly,Government consolidated gross debt,General government,Percentage of gross domestic product (GDP),Czechia,2023-Q4,42.2,,
ESTAT:GOV_10Q_GGDEBT(1.0),22/04/26 11:00:00,Quarterly,Government consolidated gross debt,General government,Percentage of gross domestic product (GDP),Czechia,2024-Q1,43.1,,
ESTAT:GOV_10Q_GGDEBT(1.0),22/04/26 11:00:00,Quarterly,Government consolidated gross debt,General government,Percentage of gross domestic product (GDP),Czechia,2024-Q2,42.4,,
ESTAT:GOV_10Q_GGDEBT(1.0),22/04/26 11:00:00,Quarterly,Government consolidated gross debt,General government,Percentage of gross domestic product (GDP),Czechia,2024-Q3,43.4,,
ESTAT:GOV_10Q_GGDEBT(1.0),22/04/26 11:00:00,Quarterly,Government consolidated gross debt,General government,Percentage of gross domestic product (GDP),Czechia,2024-Q4,43.3,,
ESTAT:GOV_10Q_GGDEBT(1.0),22/04/26 11:00:00,Quarterly,Government consolidated gross debt,General government,Percentage of gross domestic product (GDP),Czechia,2025-Q1,43.3,,
ESTAT:GOV_10Q_GGDEBT(1.0),22/04/26 11:00:00,Quarterly,Government consolidated gross debt,General government,Percentage of gross domestic product (GDP),Czechia,2025-Q2,43.8,,
ESTAT:GOV_10Q_GGDEBT(1.0),22/04/26 11:00:00,Quarterly,Government consolidated gross debt,General government,Percentage of gross domestic product (GDP),Czechia,2025-Q3,43.1,,
ESTAT:GOV_10Q_GGDEBT(1.0),22/04/26 11:00:00,Quarterly,Government consolidated gross debt,General government,Percentage of gross domestic product (GDP),Czechia,2025-Q4,44.3,,
ESTAT:GOV_10Q_GGDEBT(1.0),22/04/26 11:00:00,Quarterly,Government consolidated gross debt,General government,Percentage of gross domestic product (GDP),Germany,2017-Q3,65.2,,
ESTAT:GOV_10Q_GGDEBT(1.0),22/04/26 11:00:00,Quarterly,Government consolidated gross debt,General government,Percentage of gross domestic product (GDP),Germany,2017-Q4,64.0,,
ESTAT:GOV_10Q_GGDEBT(1.0),22/04/26 11:00:00,Quarterly,Government consolidated gross debt,General government,Percentage of gross domestic product (GDP),Germany,2018-Q1,62.9,p,
ESTAT:GOV_10Q_GGDEBT(1.0),22/04/26 11:00:00,Quarterly,Government consolidated gross debt,General government,Percentage of gross domestic product (GDP),Germany,2018-Q2,61.8,p,
ESTAT:GOV_10Q_GGDEBT(1.0),22/04/26 11:00:00,Quarterly,Government consolidated gross debt,General government,Percentage of gross domestic product (GDP),Germany,2018-Q3,61.5,p,
ESTAT:GOV_10Q_GGDEBT(1.0),22/04/26 11:00:00,Quarterly,Government consolidated gross debt,General government,Percentage of gross domestic product (GDP),Germany,2018-Q4,60.8,p,
ESTAT:GOV_10Q_GGDEBT(1.0),22/04/26 11:00:00,Quarterly,Government consolidated gross debt,General government,Percentage of gross domestic product (GDP),Germany,2019-Q1,60.6,p,
ESTAT:GOV_10Q_GGDEBT(1.0),22/04/26 11:00:00,Quarterly,Government consolidated gross debt,General government,Percentage of gross domestic product (GDP),Germany,2019-Q2,60.0,p,
ESTAT:GOV_10Q_GGDEBT(1.0),22/04/26 11:00:00,Quarterly,Government consolidated gross debt,General government,Percentage of gross domestic product (GDP),Germany,2019-Q3,59.9,p,
ESTAT:GOV_10Q_GGDEBT(1.0),22/04/26 11:00:00,Quarterly,Government consolidated gross debt,General government,Percentage of gross domestic product (GDP),Germany,2019-Q4,58.7,p,
ESTAT:GOV_10Q_GGDEBT(1.0),22/04/26 11:00:00,Quarterly,Government consolidated gross debt,General government,Percentage of gross domestic product (GDP),Germany,2020-Q1,59.8,p,
ESTAT:GOV_10Q_GGDEBT(1.0),22/04/26 11:00:00,Quarterly,Government consolidated gross debt,General government,Percentage of gross domestic product (GDP),Germany,2020-Q2,66.0,p,
ESTAT:GOV_10Q_GGDEBT(1.0),22/04/26 11:00:00,Quarterly,Government consolidated gross debt,General government,Percentage of gross domestic product (GDP),Germany,2020-Q3,68.5,p,
ESTAT:GOV_10Q_GGDEBT(1.0),22/04/26 11:00:00,Quarterly,Government consolidated gross debt,General government,Percentage of gross domestic product (GDP),Germany,2020-Q4,68.0,p,
ESTAT:GOV_10Q_GGDEBT(1.0),22/04/26 11:00:00,Quarterly,Government consolidated gross debt,General government,Percentage of gross domestic product (GDP),Germany,2021-Q1,68.8,p,
ESTAT:GOV_10Q_GGDEBT(1.0),22/04/26 11:00:00,Quarterly,Government consolidated gross debt,General government,Percentage of gross domestic product (GDP),Germany,2021-Q2,68.2,p,
ESTAT:GOV_10Q_GGDEBT(1.0),22/04/26 11:00:00,Quarterly,Government consolidated gross debt,General government,Percentage of gross domestic product (GDP),Germany,2021-Q3,68.0,p,
ESTAT:GOV_10Q_GGDEBT(1.0),22/04/26 11:00:00,Quarterly,Government consolidated gross debt,General government,Percentage of gross domestic product (GDP),Germany,2021-Q4,67.9,p,
ESTAT:GOV_10Q_GGDEBT(1.0),22/04/26 11:00:00,Quarterly,Government consolidated gross debt,General government,Percentage of gross domestic product (GDP),Germany,2022-Q1,66.5,p,
ESTAT:GOV_10Q_GGDEBT(1.0),22/04/26 11:00:00,Quarterly,Government consolidated gross debt,General government,Percentage of gross domestic product (GDP),Germany,2022-Q2,66.1,p,
ESTAT:GOV_10Q_GGDEBT(1.0),22/04/26 11:00:00,Quarterly,Government consolidated gross debt,General government,Percentage of gross domestic product (GDP),Germany,2022-Q3,65.2,p,
ESTAT:GOV_10Q_GGDEBT(1.0),22/04/26 11:00:00,Quarterly,Government consolidated gross debt,General government,Percentage of gross domestic product (GDP),Germany,2022-Q4,64.4,p,
ESTAT:GOV_10Q_GGDEBT(1.0),22/04/26 11:00:00,Quarterly,Government consolidated gross debt,General government,Percentage of gross domestic product (GDP),Germany,2023-Q1,63.9,p,
ESTAT:GOV_10Q_GGDEBT(1.0),22/04/26 11:00:00,Quarterly,Government consolidated gross debt,General government,Percentage of gross domestic product (GDP),Germany,2023-Q2,63.0,p,
ESTAT:GOV_10Q_GGDEBT(1.0),22/04/26 11:00:00,Quarterly,Government consolidated gross debt,General government,Percentage of gross domestic product (GDP),Germany,2023-Q3,63.2,p,
ESTAT:GOV_10Q_GGDEBT(1.0),22/04/26 11:00:00,Quarterly,Government consolidated gross debt,General government,Percentage of gross domestic product (GDP),Germany,2023-Q4,62.3,p,
ESTAT:GOV_10Q_GGDEBT(1.0),22/04/26 11:00:00,Quarterly,Government consolidated gross debt,General government,Percentage of gross domestic product (GDP),Germany,2024-Q1,62.1,p,
ESTAT:GOV_10Q_GGDEBT(1.0),22/04/26 11:00:00,Quarterly,Government consolidated gross debt,General government,Percentage of gross domestic product (GDP),Germany,2024-Q2,61.6,p,
ESTAT:GOV_10Q_GGDEBT(1.0),22/04/26 11:00:00,Quarterly,Government consolidated gross debt,General government,Percentage of gross domestic product (GDP),Germany,2024-Q3,62.0,p,
ESTAT:GOV_10Q_GGDEBT(1.0),22/04/26 11:00:00,Quarterly,Government consolidated gross debt,General government,Percentage of gross domestic product (GDP),Germany,2024-Q4,62.2,p,
ESTAT:GOV_10Q_GGDEBT(1.0),22/04/26 11:00:00,Quarterly,Government consolidated gross debt,General government,Percentage of gross domestic product (GDP),Germany,2025-Q1,62.0,p,
ESTAT:GOV_10Q_GGDEBT(1.0),22/04/26 11:00:00,Quarterly,Government consolidated gross debt,General government,Percentage of gross domestic product (GDP),Germany,2025-Q2,62.3,p,
ESTAT:GOV_10Q_GGDEBT(1.0),22/04/26 11:00:00,Quarterly,Government consolidated gross debt,General government,Percentage of gross domestic product (GDP),Germany,2025-Q3,63.0,p,
ESTAT:GOV_10Q_GGDEBT(1.0),22/04/26 11:00:00,Quarterly,Government consolidated gross debt,General government,Percentage of gross domestic product (GDP),Germany,2025-Q4,63.5,p,
ESTAT:GOV_10Q_GGDEBT(1.0),22/04/26 11:00:00,Quarterly,Government consolidated gross debt,General government,Percentage of gross domestic product (GDP),Denmark,2017-Q3,40.5,,
ESTAT:GOV_10Q_GGDEBT(1.0),22/04/26 11:00:00,Quarterly,Government consolidated gross debt,General government,Percentage of gross domestic product (GDP),Denmark,2017-Q4,40.2,,
ESTAT:GOV_10Q_GGDEBT(1.0),22/04/26 11:00:00,Quarterly,Government consolidated gross debt,General government,Percentage of gross domestic product (GDP),Denmark,2018-Q1,39.8,,
ESTAT:GOV_10Q_GGDEBT(1.0),22/04/26 11:00:00,Quarterly,Government consolidated gross debt,General government,Percentage of gross domestic product (GDP),Denmark,2018-Q2,39.3,,
ESTAT:GOV_10Q_GGDEBT(1.0),22/04/26 11:00:00,Quarterly,Government consolidated gross debt,General government,Percentage of gross domestic product (GDP),Denmark,2018-Q3,39.3,,
ESTAT:GOV_10Q_GGDEBT(1.0),22/04/26 11:00:00,Quarterly,Government consolidated gross debt,General government,Percentage of gross domestic product (GDP),Denmark,2018-Q4,38.5,,
ESTAT:GOV_10Q_GGDEBT(1.0),22/04/26 11:00:00,Quarterly,Government consolidated gross debt,General government,Percentage of gross domestic product (GDP),Denmark,2019-Q1,38.0,,
ESTAT:GOV_10Q_GGDEBT(1.0),22/04/26 11:00:00,Quarterly,Government consolidated gross debt,General government,Percentage of gross domestic product (GDP),Denmark,2019-Q2,39.5,,
ESTAT:GOV_10Q_GGDEBT(1.0),22/04/26 11:00:00,Quarterly,Government consolidated gross debt,General government,Percentage of gross domestic product (GDP),Denmark,2019-Q3,39.1,,
ESTAT:GOV_10Q_GGDEBT(1.0),22/04/26 11:00:00,Quarterly,Government consolidated gross debt,General government,Percentage of gross domestic product (GDP),Denmark,2019-Q4,38.3,,
ESTAT:GOV_10Q_GGDEBT(1.0),22/04/26 11:00:00,Quarterly,Government consolidated gross debt,General government,Percentage of gross domestic product (GDP),Denmark,2020-Q1,37.1,,
ESTAT:GOV_10Q_GGDEBT(1.0),22/04/26 11:00:00,Quarterly,Government consolidated gross debt,General government,Percentage of gross domestic product (GDP),Denmark,2020-Q2,45.0,,
ESTAT:GOV_10Q_GGDEBT(1.0),22/04/26 11:00:00,Quarterly,Government consolidated gross debt,General government,Percentage of gross domestic product (GDP),Denmark,2020-Q3,45.5,,
ESTAT:GOV_10Q_GGDEBT(1.0),22/04/26 11:00:00,Quarterly,Government consolidated gross debt,General government,Percentage of gross domestic product (GDP),Denmark,2020-Q4,45.2,,
ESTAT:GOV_10Q_GGDEBT(1.0),22/04/26 11:00:00,Quarterly,Government consolidated gross debt,General government,Percentage of gross domestic product (GDP),Denmark,2021-Q1,43.9,,
ESTAT:GOV_10Q_GGDEBT(1.0),22/04/26 11:00:00,Quarterly,Government consolidated gross debt,General government,Percentage of gross domestic product (GDP),Denmark,2021-Q2,43.1,,
ESTAT:GOV_10Q_GGDEBT(1.0),22/04/26 11:00:00,Quarterly,Government consolidated gross debt,General government,Percentage of gross domestic product (GDP),Denmark,2021-Q3,42.6,,
ESTAT:GOV_10Q_GGDEBT(1.0),22/04/26 11:00:00,Quarterly,Government consolidated gross debt,General government,Percentage of gross domestic product (GDP),Denmark,2021-Q4,39.6,,
ESTAT:GOV_10Q_GGDEBT(1.0),22/04/26 11:00:00,Quarterly,Government consolidated gross debt,General government,Percentage of gross domestic product (GDP),Denmark,2022-Q1,36.1,,
ESTAT:GOV_10Q_GGDEBT(1.0),22/04/26 11:00:00,Quarterly,Government consolidated gross debt,General government,Percentage of gross domestic product (GDP),Denmark,2022-Q2,34.7,,
ESTAT:GOV_10Q_GGDEBT(1.0),22/04/26 11:00:00,Quarterly,Government consolidated gross debt,General government,Percentage of gross domestic product (GDP),Denmark,2022-Q3,33.7,,
ESTAT:GOV_10Q_GGDEBT(1.0),22/04/26 11:00:00,Quarterly,Government consolidated gross debt,General government,Percentage of gross domestic product (GDP),Denmark,2022-Q4,33.3,,
ESTAT:GOV_10Q_GGDEBT(1.0),22/04/26 11:00:00,Quarterly,Government consolidated gross debt,General government,Percentage of gross domestic product (GDP),Denmark,2023-Q1,33.2,,
ESTAT:GOV_10Q_GGDEBT(1.0),22/04/26 11:00:00,Quarterly,Government consolidated gross debt,General government,Percentage of gross domestic product (GDP),Denmark,2023-Q2,33.8,,
ESTAT:GOV_10Q_GGDEBT(1.0),22/04/26 11:00:00,Quarterly,Government consolidated gross debt,General government,Percentage of gross domestic product (GDP),Denmark,2023-Q3,33.7,,
ESTAT:GOV_10Q_GGDEBT(1.0),22/04/26 11:00:00,Quarterly,Government consolidated gross debt,General government,Percentage of gross domestic product (GDP),Denmark,2023-Q4,33.0,,
ESTAT:GOV_10Q_GGDEBT(1.0),22/04/26 11:00:00,Quarterly,Government consolidated gross debt,General government,Percentage of gross domestic product (GDP),Denmark,2024-Q1,33.1,,
ESTAT:GOV_10Q_GGDEBT(1.0),22/04/26 11:00:00,Quarterly,Government consolidated gross debt,General government,Percentage of gross domestic product (GDP),Denmark,2024-Q2,33.1,,
ESTAT:GOV_10Q_GGDEBT(1.0),22/04/26 11:00:00,Quarterly,Government consolidated gross debt,General government,Percentage of gross domestic product (GDP),Denmark,2024-Q3,32.7,,
ESTAT:GOV_10Q_GGDEBT(1.0),22/04/26 11:00:00,Quarterly,Government consolidated gross debt,General government,Percentage of gross domestic product (GDP),Denmark,2024-Q4,30.5,,
ESTAT:GOV_10Q_GGDEBT(1.0),22/04/26 11:00:00,Quarterly,Government consolidated gross debt,General government,Percentage of gross domestic product (GDP),Denmark,2025-Q1,29.8,,
ESTAT:GOV_10Q_GGDEBT(1.0),22/04/26 11:00:00,Quarterly,Government consolidated gross debt,General government,Percentage of gross domestic product (GDP),Denmark,2025-Q2,29.5,,
ESTAT:GOV_10Q_GGDEBT(1.0),22/04/26 11:00:00,Quarterly,Government consolidated gross debt,General government,Percentage of gross domestic product (GDP),Denmark,2025-Q3,29.6,,
ESTAT:GOV_10Q_GGDEBT(1.0),22/04/26 11:00:00,Quarterly,Government consolidated gross debt,General government,Percentage of gross domestic product (GDP),Denmark,2025-Q4,27.9,,
ESTAT:GOV_10Q_GGDEBT(1.0),22/04/26 11:00:00,Quarterly,Government consolidated gross debt,General government,Percentage of gross domestic product (GDP),Euro area - 19 countries  (2015-2022),2017-Q3,89.2,,
ESTAT:GOV_10Q_GGDEBT(1.0),22/04/26 11:00:00,Quarterly,Government consolidated gross debt,General government,Percentage of gross domestic product (GDP),Euro area - 19 countries  (2015-2022),2017-Q4,87.5,,
ESTAT:GOV_10Q_GGDEBT(1.0),22/04/26 11:00:00,Quarterly,Government consolidated gross debt,General government,Percentage of gross domestic product (GDP),Euro area - 19 countries  (2015-2022),2018-Q1,87.5,p,
ESTAT:GOV_10Q_GGDEBT(1.0),22/04/26 11:00:00,Quarterly,Government consolidated gross debt,General government,Percentage of gross domestic product (GDP),Euro area - 19 countries  (2015-2022),2018-Q2,87.1,p,
ESTAT:GOV_10Q_GGDEBT(1.0),22/04/26 11:00:00,Quarterly,Government consolidated gross debt,General government,Percentage of gross domestic product (GDP),Euro area - 19 countries  (2015-2022),2018-Q3,86.9,p,
ESTAT:GOV_10Q_GGDEBT(1.0),22/04/26 11:00:00,Quarterly,Government consolidated gross debt,General government,Percentage of gross domestic product (GDP),Euro area - 19 countries  (2015-2022),2018-Q4,85.6,p,
ESTAT:GOV_10Q_GGDEBT(1.0),22/04/26 11:00:00,Quarterly,Government consolidated gross debt,General government,Percentage of gross domestic product (GDP),Euro area - 19 countries  (2015-2022),2019-Q1,86.1,p,
ESTAT:GOV_10Q_GGDEBT(1.0),22/04/26 11:00:00,Quarterly,Government consolidated gross debt,General government,Percentage of gross domestic product (GDP),Euro area - 19 countries  (2015-2022),2019-Q2,85.8,p,
ESTAT:GOV_10Q_GGDEBT(1.0),22/04/26 11:00:00,Quarterly,Government consolidated gross debt,General government,Percentage of gross domestic product (GDP),Euro area - 19 countries  (2015-2022),2019-Q3,85.4,p,
ESTAT:GOV_10Q_GGDEBT(1.0),22/04/26 11:00:00,Quarterly,Government consolidated gross debt,General government,Percentage of gross domestic product (GDP),Euro area - 19 countries  (2015-2022),2019-Q4,83.7,p,
ESTAT:GOV_10Q_GGDEBT(1.0),22/04/26 11:00:00,Quarterly,Government consolidated gross debt,General government,Percentage of gross domestic product (GDP),Euro area - 19 countries  (2015-2022),2020-Q1,85.7,p,
ESTAT:GOV_10Q_GGDEBT(1.0),22/04/26 11:00:00,Quarterly,Government consolidated gross debt,General government,Percentage of gross domestic product (GDP),Euro area - 19 countries  (2015-2022),2020-Q2,94.1,p,
ESTAT:GOV_10Q_GGDEBT(1.0),22/04/26 11:00:00,Quarterly,Government consolidated gross debt,General government,Percentage of gross domestic product (GDP),Euro area - 19 countries  (2015-2022),2020-Q3,96.3,p,
ESTAT:GOV_10Q_GGDEBT(1.0),22/04/26 11:00:00,Quarterly,Government consolidated gross debt,General government,Percentage of gross domestic product (GDP),Euro area - 19 countries  (2015-2022),2020-Q4,96.6,p,
ESTAT:GOV_10Q_GGDEBT(1.0),22/04/26 11:00:00,Quarterly,Government consolidated gross debt,General government,Percentage of gross domestic product (GDP),Euro area - 19 countries  (2015-2022),2021-Q1,98.8,p,
ESTAT:GOV_10Q_GGDEBT(1.0),22/04/26 11:00:00,Quarterly,Government consolidated gross debt,General government,Percentage of gross domestic product (GDP),Euro area - 19 countries  (2015-2022),2021-Q2,96.9,p,
ESTAT:GOV_10Q_GGDEBT(1.0),22/04/26 11:00:00,Quarterly,Government consolidated gross debt,General government,Percentage of gross domestic product (GDP),Euro area - 19 countries  (2015-2022),2021-Q3,96.0,p,
ESTAT:GOV_10Q_GGDEBT(1.0),22/04/26 11:00:00,Quarterly,Government consolidated gross debt,General government,Percentage of gross domestic product (GDP),Euro area - 19 countries  (2015-2022),2021-Q4,93.9,p,
ESTAT:GOV_10Q_GGDEBT(1.0),22/04/26 11:00:00,Quarterly,Government consolidated gross debt,General government,Percentage of gross domestic product (GDP),Euro area - 19 countries  (2015-2022),2022-Q1,93.5,p,
ESTAT:GOV_10Q_GGDEBT(1.0),22/04/26 11:00:00,Quarterly,Government consolidated gross debt,General government,Percentage of gross domestic product (GDP),Euro area - 19 countries  (2015-2022),2022-Q2,92.3,p,
ESTAT:GOV_10Q_GGDEBT(1.0),22/04/26 11:00:00,Quarterly,Government consolidated gross debt,General government,Percentage of gross domestic product (GDP),Euro area - 19 countries  (2015-2022),2022-Q3,90.8,p,
ESTAT:GOV_10Q_GGDEBT(1.0),22/04/26 11:00:00,Quarterly,Government consolidated gross debt,General government,Percentage of gross domestic product (GDP),Euro area - 19 countries  (2015-2022),2022-Q4,89.4,p,
ESTAT:GOV_10Q_GGDEBT(1.0),22/04/26 11:00:00,Quarterly,Government consolidated gross debt,General government,Percentage of gross domestic product (GDP),Euro area - 19 countries  (2015-2022),2023-Q1,89.1,p,
ESTAT:GOV_10Q_GGDEBT(1.0),22/04/26 11:00:00,Quarterly,Government consolidated gross debt,General government,Percentage of gross domestic product (GDP),Euro area - 19 countries  (2015-2022),2023-Q2,88.6,p,
ESTAT:GOV_10Q_GGDEBT(1.0),22/04/26 11:00:00,Quarterly,Government consolidated gross debt,General government,Percentage of gross domestic product (GDP),Euro area - 19 countries  (2015-2022),2023-Q3,88.1,p,
ESTAT:GOV_10Q_GGDEBT(1.0),22/04/26 11:00:00,Quarterly,Government consolidated gross debt,General government,Percentage of gross domestic product (GDP),Euro area - 19 countries  (2015-2022),2023-Q4,87.1,p,
ESTAT:GOV_10Q_GGDEBT(1.0),22/04/26 11:00:00,Quarterly,Government consolidated gross debt,General government,Percentage of gross domestic product (GDP),Euro area - 19 countries  (2015-2022),2024-Q1,87.6,p,
ESTAT:GOV_10Q_GGDEBT(1.0),22/04/26 11:00:00,Quarterly,Government consolidated gross debt,General government,Percentage of gross domestic product (GDP),Euro area - 19 countries  (2015-2022),2024-Q2,87.9,p,
ESTAT:GOV_10Q_GGDEBT(1.0),22/04/26 11:00:00,Quarterly,Government consolidated gross debt,General government,Percentage of gross domestic product (GDP),Euro area - 19 countries  (2015-2022),2024-Q3,87.9,p,
ESTAT:GOV_10Q_GGDEBT(1.0),22/04/26 11:00:00,Quarterly,Government consolidated gross debt,General government,Percentage of gross domestic product (GDP),Euro area - 19 countries  (2015-2022),2024-Q4,87.2,p,
ESTAT:GOV_10Q_GGDEBT(1.0),22/04/26 11:00:00,Quarterly,Government consolidated gross debt,General government,Percentage of gross domestic product (GDP),Euro area - 19 countries  (2015-2022),2025-Q1,87.8,p,
ESTAT:GOV_10Q_GGDEBT(1.0),22/04/26 11:00:00,Quarterly,Government consolidated gross debt,General government,Percentage of gross domestic product (GDP),Euro area - 19 countries  (2015-2022),2025-Q2,88.3,p,
ESTAT:GOV_10Q_GGDEBT(1.0),22/04/26 11:00:00,Quarterly,Government consolidated gross debt,General government,Percentage of gross domestic product (GDP),Euro area - 19 countries  (2015-2022),2025-Q3,88.6,p,
ESTAT:GOV_10Q_GGDEBT(1.0),22/04/26 11:00:00,Quarterly,Government consolidated gross debt,General government,Percentage of gross domestic product (GDP),Euro area - 19 countries  (2015-2022),2025-Q4,88.1,p,
ESTAT:GOV_10Q_GGDEBT(1.0),22/04/26 11:00:00,Quarterly,Government consolidated gross debt,General government,Percentage of gross domestic product (GDP),Estonia,2017-Q3,9.5,,
ESTAT:GOV_10Q_GGDEBT(1.0),22/04/26 11:00:00,Quarterly,Government consolidated gross debt,General government,Percentage of gross domestic product (GDP),Estonia,2017-Q4,9.4,,
ESTAT:GOV_10Q_GGDEBT(1.0),22/04/26 11:00:00,Quarterly,Government consolidated gross debt,General government,Percentage of gross domestic product (GDP),Estonia,2018-Q1,9.1,,
ESTAT:GOV_10Q_GGDEBT(1.0),22/04/26 11:00:00,Quarterly,Government consolidated gross debt,General government,Percentage of gross domestic product (GDP),Estonia,2018-Q2,8.9,,
ESTAT:GOV_10Q_GGDEBT(1.0),22/04/26 11:00:00,Quarterly,Government consolidated gross debt,General government,Percentage of gross domestic product (GDP),Estonia,2018-Q3,8.7,,
ESTAT:GOV_10Q_GGDEBT(1.0),22/04/26 11:00:00,Quarterly,Government consolidated gross debt,General government,Percentage of gross domestic product (GDP),Estonia,2018-Q4,8.5,,
ESTAT:GOV_10Q_GGDEBT(1.0),22/04/26 11:00:00,Quarterly,Government consolidated gross debt,General government,Percentage of gross domestic product (GDP),Estonia,2019-Q1,8.3,,
ESTAT:GOV_10Q_GGDEBT(1.0),22/04/26 11:00:00,Quarterly,Government consolidated gross debt,General government,Percentage of gross domestic product (GDP),Estonia,2019-Q2,9.7,,
ESTAT:GOV_10Q_GGDEBT(1.0),22/04/26 11:00:00,Quarterly,Government consolidated gross debt,General government,Percentage of gross domestic product (GDP),Estonia,2019-Q3,9.6,,
ESTAT:GOV_10Q_GGDEBT(1.0),22/04/26 11:00:00,Quarterly,Government consolidated gross debt,General government,Percentage of gross domestic product (GDP),Estonia,2019-Q4,9.0,,
ESTAT:GOV_10Q_GGDEBT(1.0),22/04/26 11:00:00,Quarterly,Government consolidated gross debt,General government,Percentage of gross domestic product (GDP),Estonia,2020-Q1,9.5,,
ESTAT:GOV_10Q_GGDEBT(1.0),22/04/26 11:00:00,Quarterly,Government consolidated gross debt,General government,Percentage of gross domestic product (GDP),Estonia,2020-Q2,19.0,,
ESTAT:GOV_10Q_GGDEBT(1.0),22/04/26 11:00:00,Quarterly,Government consolidated gross debt,General government,Percentage of gross domestic product (GDP),Estonia,2020-Q3,19.2,,
ESTAT:GOV_10Q_GGDEBT(1.0),22/04/26 11:00:00,Quarterly,Government consolidated gross debt,General government,Percentage of gross domestic product (GDP),Estonia,2020-Q4,19.1,,
ESTAT:GOV_10Q_GGDEBT(1.0),22/04/26 11:00:00,Quarterly,Government consolidated gross debt,General government,Percentage of gross domestic product (GDP),Estonia,2021-Q1,19.7,,
ESTAT:GOV_10Q_GGDEBT(1.0),22/04/26 11:00:00,Quarterly,Government consolidated gross debt,General government,Percentage of gross domestic product (GDP),Estonia,2021-Q2,19.7,,
ESTAT:GOV_10Q_GGDEBT(1.0),22/04/26 11:00:00,Quarterly,Government consolidated gross debt,General government,Percentage of gross domestic product (GDP),Estonia,2021-Q3,19.8,,
ESTAT:GOV_10Q_GGDEBT(1.0),22/04/26 11:00:00,Quarterly,Government consolidated gross debt,General government,Percentage of gross domestic product (GDP),Estonia,2021-Q4,18.4,,
ESTAT:GOV_10Q_GGDEBT(1.0),22/04/26 11:00:00,Quarterly,Government consolidated gross debt,General government,Percentage of gross domestic product (GDP),Estonia,2022-Q1,18.1,,
ESTAT:GOV_10Q_GGDEBT(1.0),22/04/26 11:00:00,Quarterly,Government consolidated gross debt,General government,Percentage of gross domestic product (GDP),Estonia,2022-Q2,17.7,,
ESTAT:GOV_10Q_GGDEBT(1.0),22/04/26 11:00:00,Quarterly,Government consolidated gross debt,General government,Percentage of gross domestic product (GDP),Estonia,2022-Q3,16.7,,
ESTAT:GOV_10Q_GGDEBT(1.0),22/04/26 11:00:00,Quarterly,Government consolidated gross debt,General government,Percentage of gross domestic product (GDP),Estonia,2022-Q4,19.2,,
ESTAT:GOV_10Q_GGDEBT(1.0),22/04/26 11:00:00,Quarterly,Government consolidated gross debt,General government,Percentage of gross domestic product (GDP),Estonia,2023-Q1,17.8,,
ESTAT:GOV_10Q_GGDEBT(1.0),22/04/26 11:00:00,Quarterly,Government consolidated gross debt,General government,Percentage of gross domestic product (GDP),Estonia,2023-Q2,19.0,,
ESTAT:GOV_10Q_GGDEBT(1.0),22/04/26 11:00:00,Quarterly,Government consolidated gross debt,General government,Percentage of gross domestic product (GDP),Estonia,2023-Q3,18.7,,
ESTAT:GOV_10Q_GGDEBT(1.0),22/04/26 11:00:00,Quarterly,Government consolidated gross debt,General government,Percentage of gross domestic product (GDP),Estonia,2023-Q4,20.2,,
ESTAT:GOV_10Q_GGDEBT(1.0),22/04/26 11:00:00,Quarterly,Government consolidated gross debt,General government,Percentage of gross domestic product (GDP),Estonia,2024-Q1,24.0,,
ESTAT:GOV_10Q_GGDEBT(1.0),22/04/26 11:00:00,Quarterly,Government consolidated gross debt,General government,Percentage of gross domestic product (GDP),Estonia,2024-Q2,23.6,,
ESTAT:GOV_10Q_GGDEBT(1.0),22/04/26 11:00:00,Quarterly,Government consolidated gross debt,General government,Percentage of gross domestic product (GDP),Estonia,2024-Q3,23.8,,
ESTAT:GOV_10Q_GGDEBT(1.0),22/04/26 11:00:00,Quarterly,Government consolidated gross debt,General government,Percentage of gross domestic product (GDP),Estonia,2024-Q4,23.5,,
ESTAT:GOV_10Q_GGDEBT(1.0),22/04/26 11:00:00,Quarterly,Government consolidated gross debt,General government,Percentage of gross domestic product (GDP),Estonia,2025-Q1,23.9,,
ESTAT:GOV_10Q_GGDEBT(1.0),22/04/26 11:00:00,Quarterly,Government consolidated gross debt,General government,Percentage of gross domestic product (GDP),Estonia,2025-Q2,23.2,,
ESTAT:GOV_10Q_GGDEBT(1.0),22/04/26 11:00:00,Quarterly,Government consolidated gross debt,General government,Percentage of gross domestic product (GDP),Estonia,2025-Q3,22.8,,
ESTAT:GOV_10Q_GGDEBT(1.0),22/04/26 11:00:00,Quarterly,Government consolidated gross debt,General government,Percentage of gross domestic product (GDP),Estonia,2025-Q4,24.1,,
ESTAT:GOV_10Q_GGDEBT(1.0),22/04/26 11:00:00,Quarterly,Government consolidated gross debt,General government,Percentage of gross domestic product (GDP),Greece,2017-Q3,179.7,,
ESTAT:GOV_10Q_GGDEBT(1.0),22/04/26 11:00:00,Quarterly,Government consolidated gross debt,General government,Percentage of gross domestic product (GDP),Greece,2017-Q4,182.1,,
ESTAT:GOV_10Q_GGDEBT(1.0),22/04/26 11:00:00,Quarterly,Government consolidated gross debt,General government,Percentage of gross domestic product (GDP),Greece,2018-Q1,184.4,,
ESTAT:GOV_10Q_GGDEBT(1.0),22/04/26 11:00:00,Quarterly,Government consolidated gross debt,General government,Percentage of gross domestic product (GDP),Greece,2018-Q2,184.6,,
ESTAT:GOV_10Q_GGDEBT(1.0),22/04/26 11:00:00,Quarterly,Government consolidated gross debt,General government,Percentage of gross domestic product (GDP),Greece,2018-Q3,190.0,,
ESTAT:GOV_10Q_GGDEBT(1.0),22/04/26 11:00:00,Quarterly,Government consolidated gross debt,General government,Percentage of gross domestic product (GDP),Greece,2018-Q4,189.0,,
ESTAT:GOV_10Q_GGDEBT(1.0),22/04/26 11:00:00,Quarterly,Government consolidated gross debt,General government,Percentage of gross domestic product (GDP),Greece,2019-Q1,189.8,,
ESTAT:GOV_10Q_GGDEBT(1.0),22/04/26 11:00:00,Quarterly,Government consolidated gross debt,General government,Percentage of gross domestic product (GDP),Greece,2019-Q2,187.6,,
ESTAT:GOV_10Q_GGDEBT(1.0),22/04/26 11:00:00,Quarterly,Government consolidated gross debt,General government,Percentage of gross domestic product (GDP),Greece,2019-Q3,185.3,,
ESTAT:GOV_10Q_GGDEBT(1.0),22/04/26 11:00:00,Quarterly,Government consolidated gross debt,General government,Percentage of gross domestic product (GDP),Greece,2019-Q4,183.2,,
ESTAT:GOV_10Q_GGDEBT(1.0),22/04/26 11:00:00,Quarterly,Government consolidated gross debt,General government,Percentage of gross domestic product (GDP),Greece,2020-Q1,183.5,,
ESTAT:GOV_10Q_GGDEBT(1.0),22/04/26 11:00:00,Quarterly,Government consolidated gross debt,General government,Percentage of gross domestic product (GDP),Greece,2020-Q2,194.6,,
ESTAT:GOV_10Q_GGDEBT(1.0),22/04/26 11:00:00,Quarterly,Government consolidated gross debt,General government,Percentage of gross domestic product (GDP),Greece,2020-Q3,202.7,,
ESTAT:GOV_10Q_GGDEBT(1.0),22/04/26 11:00:00,Quarterly,Government consolidated gross debt,General government,Percentage of gross domestic product (GDP),Greece,2020-Q4,209.4,,
ESTAT:GOV_10Q_GGDEBT(1.0),22/04/26 11:00:00,Quarterly,Government consolidated gross debt,General government,Percentage of gross domestic product (GDP),Greece,2021-Q1,212.9,,
ESTAT:GOV_10Q_GGDEBT(1.0),22/04/26 11:00:00,Quarterly,Government consolidated gross debt,General government,Percentage of gross domestic product (GDP),Greece,2021-Q2,211.5,,
ESTAT:GOV_10Q_GGDEBT(1.0),22/04/26 11:00:00,Quarterly,Government consolidated gross debt,General government,Percentage of gross domestic product (GDP),Greece,2021-Q3,206.3,,
ESTAT:GOV_10Q_GGDEBT(1.0),22/04/26 11:00:00,Quarterly,Government consolidated gross debt,General government,Percentage of gross domestic product (GDP),Greece,2021-Q4,197.3,,
ESTAT:GOV_10Q_GGDEBT(1.0),22/04/26 11:00:00,Quarterly,Government consolidated gross debt,General government,Percentage of gross domestic product (GDP),Greece,2022-Q1,193.5,,
ESTAT:GOV_10Q_GGDEBT(1.0),22/04/26 11:00:00,Quarterly,Government consolidated gross debt,General government,Percentage of gross domestic product (GDP),Greece,2022-Q2,188.5,,
ESTAT:GOV_10Q_GGDEBT(1.0),22/04/26 11:00:00,Quarterly,Government consolidated gross debt,General government,Percentage of gross domestic product (GDP),Greece,2022-Q3,182.3,,
ESTAT:GOV_10Q_GGDEBT(1.0),22/04/26 11:00:00,Quarterly,Government consolidated gross debt,General government,Percentage of gross domestic product (GDP),Greece,2022-Q4,177.8,,
ESTAT:GOV_10Q_GGDEBT(1.0),22/04/26 11:00:00,Quarterly,Government consolidated gross debt,General government,Percentage of gross domestic product (GDP),Greece,2023-Q1,174.0,,
ESTAT:GOV_10Q_GGDEBT(1.0),22/04/26 11:00:00,Quarterly,Government consolidated gross debt,General government,Percentage of gross domestic product (GDP),Greece,2023-Q2,171.5,,
ESTAT:GOV_10Q_GGDEBT(1.0),22/04/26 11:00:00,Quarterly,Government consolidated gross debt,General government,Percentage of gross domestic product (GDP),Greece,2023-Q3,168.9,,
ESTAT:GOV_10Q_GGDEBT(1.0),22/04/26 11:00:00,Quarterly,Government consolidated gross debt,General government,Percentage of gross domestic product (GDP),Greece,2023-Q4,164.3,,
ESTAT:GOV_10Q_GGDEBT(1.0),22/04/26 11:00:00,Quarterly,Government consolidated gross debt,General government,Percentage of gross domestic product (GDP),Greece,2024-Q1,162.1,,
ESTAT:GOV_10Q_GGDEBT(1.0),22/04/26 11:00:00,Quarterly,Government consolidated gross debt,General government,Percentage of gross domestic product (GDP),Greece,2024-Q2,160.3,,
ESTAT:GOV_10Q_GGDEBT(1.0),22/04/26 11:00:00,Quarterly,Government consolidated gross debt,General government,Percentage of gross domestic product (GDP),Greece,2024-Q3,158.6,,
ESTAT:GOV_10Q_GGDEBT(1.0),22/04/26 11:00:00,Quarterly,Government consolidated gross debt,General government,Percentage of gross domestic product (GDP),Greece,2024-Q4,154.2,,
ESTAT:GOV_10Q_GGDEBT(1.0),22/04/26 11:00:00,Quarterly,Government consolidated gross debt,General government,Percentage of gross domestic product (GDP),Greece,2025-Q1,152.9,,
ESTAT:GOV_10Q_GGDEBT(1.0),22/04/26 11:00:00,Quarterly,Government consolidated gross debt,General government,Percentage of gross domestic product (GDP),Greece,2025-Q2,152.0,,
ESTAT:GOV_10Q_GGDEBT(1.0),22/04/26 11:00:00,Quarterly,Government consolidated gross debt,General government,Percentage of gross domestic product (GDP),Greece,2025-Q3,149.8,,
ESTAT:GOV_10Q_GGDEBT(1.0),22/04/26 11:00:00,Quarterly,Government consolidated gross debt,General government,Percentage of gross domestic product (GDP),Greece,2025-Q4,146.1,,
ESTAT:GOV_10Q_GGDEBT(1.0),22/04/26 11:00:00,Quarterly,Government consolidated gross debt,General government,Percentage of gross domestic product (GDP),Spain,2017-Q3,101.8,,
ESTAT:GOV_10Q_GGDEBT(1.0),22/04/26 11:00:00,Quarterly,Government consolidated gross debt,General government,Percentage of gross domestic product (GDP),Spain,2017-Q4,101.2,,
ESTAT:GOV_10Q_GGDEBT(1.0),22/04/26 11:00:00,Quarterly,Government consolidated gross debt,General government,Percentage of gross domestic product (GDP),Spain,2018-Q1,101.7,,
ESTAT:GOV_10Q_GGDEBT(1.0),22/04/26 11:00:00,Quarterly,Government consolidated gross debt,General government,Percentage of gross domestic product (GDP),Spain,2018-Q2,101.1,,
ESTAT:GOV_10Q_GGDEBT(1.0),22/04/26 11:00:00,Quarterly,Government consolidated gross debt,General government,Percentage of gross domestic product (GDP),Spain,2018-Q3,101.2,,
ESTAT:GOV_10Q_GGDEBT(1.0),22/04/26 11:00:00,Quarterly,Government consolidated gross debt,General government,Percentage of gross domestic product (GDP),Spain,2018-Q4,99.8,,
ESTAT:GOV_10Q_GGDEBT(1.0),22/04/26 11:00:00,Quarterly,Government consolidated gross debt,General government,Percentage of gross domestic product (GDP),Spain,2019-Q1,100.6,,
ESTAT:GOV_10Q_GGDEBT(1.0),22/04/26 11:00:00,Quarterly,Government consolidated gross debt,General government,Percentage of gross domestic product (GDP),Spain,2019-Q2,100.6,,
ESTAT:GOV_10Q_GGDEBT(1.0),22/04/26 11:00:00,Quarterly,Government consolidated gross debt,General government,Percentage of gross domestic product (GDP),Spain,2019-Q3,99.6,,
ESTAT:GOV_10Q_GGDEBT(1.0),22/04/26 11:00:00,Quarterly,Government consolidated gross debt,General government,Percentage of gross domestic product (GDP),Spain,2019-Q4,97.7,,
ESTAT:GOV_10Q_GGDEBT(1.0),22/04/26 11:00:00,Quarterly,Government consolidated gross debt,General government,Percentage of gross domestic product (GDP),Spain,2020-Q1,101.3,,
ESTAT:GOV_10Q_GGDEBT(1.0),22/04/26 11:00:00,Quarterly,Government consolidated gross debt,General government,Percentage of gross domestic product (GDP),Spain,2020-Q2,112.6,,
ESTAT:GOV_10Q_GGDEBT(1.0),22/04/26 11:00:00,Quarterly,Government consolidated gross debt,General government,Percentage of gross domestic product (GDP),Spain,2020-Q3,116.5,,
ESTAT:GOV_10Q_GGDEBT(1.0),22/04/26 11:00:00,Quarterly,Government consolidated gross debt,General government,Percentage of gross domestic product (GDP),Spain,2020-Q4,119.3,,
ESTAT:GOV_10Q_GGDEBT(1.0),22/04/26 11:00:00,Quarterly,Government consolidated gross debt,General government,Percentage of gross domestic product (GDP),Spain,2021-Q1,124.2,,
ESTAT:GOV_10Q_GGDEBT(1.0),22/04/26 11:00:00,Quarterly,Government consolidated gross debt,General government,Percentage of gross domestic product (GDP),Spain,2021-Q2,121.2,,
ESTAT:GOV_10Q_GGDEBT(1.0),22/04/26 11:00:00,Quarterly,Government consolidated gross debt,General government,Percentage of gross domestic product (GDP),Spain,2021-Q3,119.4,,
ESTAT:GOV_10Q_GGDEBT(1.0),22/04/26 11:00:00,Quarterly,Government consolidated gross debt,General government,Percentage of gross domestic product (GDP),Spain,2021-Q4,115.7,,
ESTAT:GOV_10Q_GGDEBT(1.0),22/04/26 11:00:00,Quarterly,Government consolidated gross debt,General government,Percentage of gross domestic product (GDP),Spain,2022-Q1,114.6,,
ESTAT:GOV_10Q_GGDEBT(1.0),22/04/26 11:00:00,Quarterly,Government consolidated gross debt,General government,Percentage of gross domestic product (GDP),Spain,2022-Q2,112.9,,
ESTAT:GOV_10Q_GGDEBT(1.0),22/04/26 11:00:00,Quarterly,Government consolidated gross debt,General government,Percentage of gross domestic product (GDP),Spain,2022-Q3,112.1,,
ESTAT:GOV_10Q_GGDEBT(1.0),22/04/26 11:00:00,Quarterly,Government consolidated gross debt,General government,Percentage of gross domestic product (GDP),Spain,2022-Q4,109.3,,
ESTAT:GOV_10Q_GGDEBT(1.0),22/04/26 11:00:00,Quarterly,Government consolidated gross debt,General government,Percentage of gross domestic product (GDP),Spain,2023-Q1,108.9,,
ESTAT:GOV_10Q_GGDEBT(1.0),22/04/26 11:00:00,Quarterly,Government consolidated gross debt,General government,Percentage of gross domestic product (GDP),Spain,2023-Q2,108.8,,
ESTAT:GOV_10Q_GGDEBT(1.0),22/04/26 11:00:00,Quarterly,Government consolidated gross debt,General government,Percentage of gross domestic product (GDP),Spain,2023-Q3,107.3,,
ESTAT:GOV_10Q_GGDEBT(1.0),22/04/26 11:00:00,Quarterly,Government consolidated gross debt,General government,Percentage of gross domestic product (GDP),Spain,2023-Q4,105.2,,
ESTAT:GOV_10Q_GGDEBT(1.0),22/04/26 11:00:00,Quarterly,Government consolidated gross debt,General government,Percentage of gross domestic product (GDP),Spain,2024-Q1,106.3,,
ESTAT:GOV_10Q_GGDEBT(1.0),22/04/26 11:00:00,Quarterly,Government consolidated gross debt,General government,Percentage of gross domestic product (GDP),Spain,2024-Q2,105.2,,
ESTAT:GOV_10Q_GGDEBT(1.0),22/04/26 11:00:00,Quarterly,Government consolidated gross debt,General government,Percentage of gross domestic product (GDP),Spain,2024-Q3,104.2,,
ESTAT:GOV_10Q_GGDEBT(1.0),22/04/26 11:00:00,Quarterly,Government consolidated gross debt,General government,Percentage of gross domestic product (GDP),Spain,2024-Q4,101.6,,
ESTAT:GOV_10Q_GGDEBT(1.0),22/04/26 11:00:00,Quarterly,Government consolidated gross debt,General government,Percentage of gross domestic product (GDP),Spain,2025-Q1,103.3,,
ESTAT:GOV_10Q_GGDEBT(1.0),22/04/26 11:00:00,Quarterly,Government consolidated gross debt,General government,Percentage of gross domestic product (GDP),Spain,2025-Q2,103.4,,
ESTAT:GOV_10Q_GGDEBT(1.0),22/04/26 11:00:00,Quarterly,Government consolidated gross debt,General government,Percentage of gross domestic product (GDP),Spain,2025-Q3,103.1,,
ESTAT:GOV_10Q_GGDEBT(1.0),22/04/26 11:00:00,Quarterly,Government consolidated gross debt,General government,Percentage of gross domestic product (GDP),Spain,2025-Q4,100.7,,
ESTAT:GOV_10Q_GGDEBT(1.0),22/04/26 11:00:00,Quarterly,Government consolidated gross debt,General government,Percentage of gross domestic product (GDP),European Union - 27 countries (from 2020),2017-Q3,83.0,,
ESTAT:GOV_10Q_GGDEBT(1.0),22/04/26 11:00:00,Quarterly,Government consolidated gross debt,General government,Percentage of gross domestic product (GDP),European Union - 27 countries (from 2020),2017-Q4,81.5,,
ESTAT:GOV_10Q_GGDEBT(1.0),22/04/26 11:00:00,Quarterly,Government consolidated gross debt,General government,Percentage of gross domestic product (GDP),European Union - 27 countries (from 2020),2018-Q1,81.4,p,
ESTAT:GOV_10Q_GGDEBT(1.0),22/04/26 11:00:00,Quarterly,Government consolidated gross debt,General government,Percentage of gross domestic product (GDP),European Union - 27 countries (from 2020),2018-Q2,80.8,p,
ESTAT:GOV_10Q_GGDEBT(1.0),22/04/26 11:00:00,Quarterly,Government consolidated gross debt,General government,Percentage of gross domestic product (GDP),European Union - 27 countries (from 2020),2018-Q3,80.7,p,
ESTAT:GOV_10Q_GGDEBT(1.0),22/04/26 11:00:00,Quarterly,Government consolidated gross debt,General government,Percentage of gross domestic product (GDP),European Union - 27 countries (from 2020),2018-Q4,79.5,p,
ESTAT:GOV_10Q_GGDEBT(1.0),22/04/26 11:00:00,Quarterly,Government consolidated gross debt,General government,Percentage of gross domestic product (GDP),European Union - 27 countries (from 2020),2019-Q1,79.8,p,
ESTAT:GOV_10Q_GGDEBT(1.0),22/04/26 11:00:00,Quarterly,Government consolidated gross debt,General government,Percentage of gross domestic product (GDP),European Union - 27 countries (from 2020),2019-Q2,79.6,p,
ESTAT:GOV_10Q_GGDEBT(1.0),22/04/26 11:00:00,Quarterly,Government consolidated gross debt,General government,Percentage of gross domestic product (GDP),European Union - 27 countries (from 2020),2019-Q3,79.0,p,
ESTAT:GOV_10Q_GGDEBT(1.0),22/04/26 11:00:00,Quarterly,Government consolidated gross debt,General government,Percentage of gross domestic product (GDP),European Union - 27 countries (from 2020),2019-Q4,77.5,p,
ESTAT:GOV_10Q_GGDEBT(1.0),22/04/26 11:00:00,Quarterly,Government consolidated gross debt,General government,Percentage of gross domestic product (GDP),European Union - 27 countries (from 2020),2020-Q1,79.0,p,
ESTAT:GOV_10Q_GGDEBT(1.0),22/04/26 11:00:00,Quarterly,Government consolidated gross debt,General government,Percentage of gross domestic product (GDP),European Union - 27 countries (from 2020),2020-Q2,87.1,p,
ESTAT:GOV_10Q_GGDEBT(1.0),22/04/26 11:00:00,Quarterly,Government consolidated gross debt,General government,Percentage of gross domestic product (GDP),European Union - 27 countries (from 2020),2020-Q3,89.0,p,
ESTAT:GOV_10Q_GGDEBT(1.0),22/04/26 11:00:00,Quarterly,Government consolidated gross debt,General government,Percentage of gross domestic product (GDP),European Union - 27 countries (from 2020),2020-Q4,89.5,p,
ESTAT:GOV_10Q_GGDEBT(1.0),22/04/26 11:00:00,Quarterly,Government consolidated gross debt,General government,Percentage of gross domestic product (GDP),European Union - 27 countries (from 2020),2021-Q1,91.5,p,
ESTAT:GOV_10Q_GGDEBT(1.0),22/04/26 11:00:00,Quarterly,Government consolidated gross debt,General government,Percentage of gross domestic product (GDP),European Union - 27 countries (from 2020),2021-Q2,89.7,p,
ESTAT:GOV_10Q_GGDEBT(1.0),22/04/26 11:00:00,Quarterly,Government consolidated gross debt,General government,Percentage of gross domestic product (GDP),European Union - 27 countries (from 2020),2021-Q3,88.7,p,
ESTAT:GOV_10Q_GGDEBT(1.0),22/04/26 11:00:00,Quarterly,Government consolidated gross debt,General government,Percentage of gross domestic product (GDP),European Union - 27 countries (from 2020),2021-Q4,86.7,p,
ESTAT:GOV_10Q_GGDEBT(1.0),22/04/26 11:00:00,Quarterly,Government consolidated gross debt,General government,Percentage of gross domestic product (GDP),European Union - 27 countries (from 2020),2022-Q1,86.2,p,
ESTAT:GOV_10Q_GGDEBT(1.0),22/04/26 11:00:00,Quarterly,Government consolidated gross debt,General government,Percentage of gross domestic product (GDP),European Union - 27 countries (from 2020),2022-Q2,85.0,p,
ESTAT:GOV_10Q_GGDEBT(1.0),22/04/26 11:00:00,Quarterly,Government consolidated gross debt,General government,Percentage of gross domestic product (GDP),European Union - 27 countries (from 2020),2022-Q3,83.6,p,
ESTAT:GOV_10Q_GGDEBT(1.0),22/04/26 11:00:00,Quarterly,Government consolidated gross debt,General government,Percentage of gross domestic product (GDP),European Union - 27 countries (from 2020),2022-Q4,82.4,p,
ESTAT:GOV_10Q_GGDEBT(1.0),22/04/26 11:00:00,Quarterly,Government consolidated gross debt,General government,Percentage of gross domestic product (GDP),European Union - 27 countries (from 2020),2023-Q1,82.2,p,
ESTAT:GOV_10Q_GGDEBT(1.0),22/04/26 11:00:00,Quarterly,Government consolidated gross debt,General government,Percentage of gross domestic product (GDP),European Union - 27 countries (from 2020),2023-Q2,81.8,p,
ESTAT:GOV_10Q_GGDEBT(1.0),22/04/26 11:00:00,Quarterly,Government consolidated gross debt,General government,Percentage of gross domestic product (GDP),European Union - 27 countries (from 2020),2023-Q3,81.2,p,
ESTAT:GOV_10Q_GGDEBT(1.0),22/04/26 11:00:00,Quarterly,Government consolidated gross debt,General government,Percentage of gross domestic product (GDP),European Union - 27 countries (from 2020),2023-Q4,80.5,p,
ESTAT:GOV_10Q_GGDEBT(1.0),22/04/26 11:00:00,Quarterly,Government consolidated gross debt,General government,Percentage of gross domestic product (GDP),European Union - 27 countries (from 2020),2024-Q1,81.0,p,
ESTAT:GOV_10Q_GGDEBT(1.0),22/04/26 11:00:00,Quarterly,Government consolidated gross debt,General government,Percentage of gross domestic product (GDP),European Union - 27 countries (from 2020),2024-Q2,81.2,p,
ESTAT:GOV_10Q_GGDEBT(1.0),22/04/26 11:00:00,Quarterly,Government consolidated gross debt,General government,Percentage of gross domestic product (GDP),European Union - 27 countries (from 2020),2024-Q3,81.3,p,
ESTAT:GOV_10Q_GGDEBT(1.0),22/04/26 11:00:00,Quarterly,Government consolidated gross debt,General government,Percentage of gross domestic product (GDP),European Union - 27 countries (from 2020),2024-Q4,80.7,p,
ESTAT:GOV_10Q_GGDEBT(1.0),22/04/26 11:00:00,Quarterly,Government consolidated gross debt,General government,Percentage of gross domestic product (GDP),European Union - 27 countries (from 2020),2025-Q1,81.4,p,
ESTAT:GOV_10Q_GGDEBT(1.0),22/04/26 11:00:00,Quarterly,Government consolidated gross debt,General government,Percentage of gross domestic product (GDP),European Union - 27 countries (from 2020),2025-Q2,81.8,p,
ESTAT:GOV_10Q_GGDEBT(1.0),22/04/26 11:00:00,Quarterly,Government consolidated gross debt,General government,Percentage of gross domestic product (GDP),European Union - 27 countries (from 2020),2025-Q3,82.1,p,
ESTAT:GOV_10Q_GGDEBT(1.0),22/04/26 11:00:00,Quarterly,Government consolidated gross debt,General government,Percentage of gross domestic product (GDP),European Union - 27 countries (from 2020),2025-Q4,81.7,p,
ESTAT:GOV_10Q_GGDEBT(1.0),22/04/26 11:00:00,Quarterly,Government consolidated gross debt,General government,Percentage of gross domestic product (GDP),Finland,2017-Q3,66.0,,
ESTAT:GOV_10Q_GGDEBT(1.0),22/04/26 11:00:00,Quarterly,Government consolidated gross debt,General government,Percentage of gross domestic product (GDP),Finland,2017-Q4,66.6,,
ESTAT:GOV_10Q_GGDEBT(1.0),22/04/26 11:00:00,Quarterly,Government consolidated gross debt,General government,Percentage of gross domestic product (GDP),Finland,2018-Q1,65.4,,
ESTAT:GOV_10Q_GGDEBT(1.0),22/04/26 11:00:00,Quarterly,Government consolidated gross debt,General government,Percentage of gross domestic product (GDP),Finland,2018-Q2,65.2,,
ESTAT:GOV_10Q_GGDEBT(1.0),22/04/26 11:00:00,Quarterly,Government consolidated gross debt,General government,Percentage of gross domestic product (GDP),Finland,2018-Q3,64.8,,
ESTAT:GOV_10Q_GGDEBT(1.0),22/04/26 11:00:00,Quarterly,Government consolidated gross debt,General government,Percentage of gross domestic product (GDP),Finland,2018-Q4,65.4,,
ESTAT:GOV_10Q_GGDEBT(1.0),22/04/26 11:00:00,Quarterly,Government consolidated gross debt,General government,Percentage of gross domestic product (GDP),Finland,2019-Q1,65.2,,
ESTAT:GOV_10Q_GGDEBT(1.0),22/04/26 11:00:00,Quarterly,Government consolidated gross debt,General government,Percentage of gross domestic product (GDP),Finland,2019-Q2,67.3,,
ESTAT:GOV_10Q_GGDEBT(1.0),22/04/26 11:00:00,Quarterly,Government consolidated gross debt,General government,Percentage of gross domestic product (GDP),Finland,2019-Q3,65.8,,
ESTAT:GOV_10Q_GGDEBT(1.0),22/04/26 11:00:00,Quarterly,Government consolidated gross debt,General government,Percentage of gross domestic product (GDP),Finland,2019-Q4,65.3,,
ESTAT:GOV_10Q_GGDEBT(1.0),22/04/26 11:00:00,Quarterly,Government consolidated gross debt,General government,Percentage of gross domestic product (GDP),Finland,2020-Q1,70.1,,
ESTAT:GOV_10Q_GGDEBT(1.0),22/04/26 11:00:00,Quarterly,Government consolidated gross debt,General government,Percentage of gross domestic product (GDP),Finland,2020-Q2,74.6,,
ESTAT:GOV_10Q_GGDEBT(1.0),22/04/26 11:00:00,Quarterly,Government consolidated gross debt,General government,Percentage of gross domestic product (GDP),Finland,2020-Q3,72.8,,
ESTAT:GOV_10Q_GGDEBT(1.0),22/04/26 11:00:00,Quarterly,Government consolidated gross debt,General government,Percentage of gross domestic product (GDP),Finland,2020-Q4,75.3,,
ESTAT:GOV_10Q_GGDEBT(1.0),22/04/26 11:00:00,Quarterly,Government consolidated gross debt,General government,Percentage of gross domestic product (GDP),Finland,2021-Q1,76.2,,
ESTAT:GOV_10Q_GGDEBT(1.0),22/04/26 11:00:00,Quarterly,Government consolidated gross debt,General government,Percentage of gross domestic product (GDP),Finland,2021-Q2,75.2,,
ESTAT:GOV_10Q_GGDEBT(1.0),22/04/26 11:00:00,Quarterly,Government consolidated gross debt,General government,Percentage of gross domestic product (GDP),Finland,2021-Q3,74.6,,
ESTAT:GOV_10Q_GGDEBT(1.0),22/04/26 11:00:00,Quarterly,Government consolidated gross debt,General government,Percentage of gross domestic product (GDP),Finland,2021-Q4,73.1,,
ESTAT:GOV_10Q_GGDEBT(1.0),22/04/26 11:00:00,Quarterly,Government consolidated gross debt,General government,Percentage of gross domestic product (GDP),Finland,2022-Q1,73.0,,
ESTAT:GOV_10Q_GGDEBT(1.0),22/04/26 11:00:00,Quarterly,Government consolidated gross debt,General government,Percentage of gross domestic product (GDP),Finland,2022-Q2,73.1,,
ESTAT:GOV_10Q_GGDEBT(1.0),22/04/26 11:00:00,Quarterly,Government consolidated gross debt,General government,Percentage of gross domestic product (GDP),Finland,2022-Q3,72.4,,
ESTAT:GOV_10Q_GGDEBT(1.0),22/04/26 11:00:00,Quarterly,Government consolidated gross debt,General government,Percentage of gross domestic product (GDP),Finland,2022-Q4,74.0,,
ESTAT:GOV_10Q_GGDEBT(1.0),22/04/26 11:00:00,Quarterly,Government consolidated gross debt,General government,Percentage of gross domestic product (GDP),Finland,2023-Q1,73.4,,
ESTAT:GOV_10Q_GGDEBT(1.0),22/04/26 11:00:00,Quarterly,Government consolidated gross debt,General government,Percentage of gross domestic product (GDP),Finland,2023-Q2,74.6,,
ESTAT:GOV_10Q_GGDEBT(1.0),22/04/26 11:00:00,Quarterly,Government consolidated gross debt,General government,Percentage of gross domestic product (GDP),Finland,2023-Q3,74.5,,
ESTAT:GOV_10Q_GGDEBT(1.0),22/04/26 11:00:00,Quarterly,Government consolidated gross debt,General government,Percentage of gross domestic product (GDP),Finland,2023-Q4,77.0,,
ESTAT:GOV_10Q_GGDEBT(1.0),22/04/26 11:00:00,Quarterly,Government consolidated gross debt,General government,Percentage of gross domestic product (GDP),Finland,2024-Q1,78.5,,
ESTAT:GOV_10Q_GGDEBT(1.0),22/04/26 11:00:00,Quarterly,Government consolidated gross debt,General government,Percentage of gross domestic product (GDP),Finland,2024-Q2,80.6,,
ESTAT:GOV_10Q_GGDEBT(1.0),22/04/26 11:00:00,Quarterly,Government consolidated gross debt,General government,Percentage of gross domestic product (GDP),Finland,2024-Q3,82.2,,
ESTAT:GOV_10Q_GGDEBT(1.0),22/04/26 11:00:00,Quarterly,Government consolidated gross debt,General government,Percentage of gross domestic product (GDP),Finland,2024-Q4,82.4,,
ESTAT:GOV_10Q_GGDEBT(1.0),22/04/26 11:00:00,Quarterly,Government consolidated gross debt,General government,Percentage of gross domestic product (GDP),Finland,2025-Q1,84.2,,
ESTAT:GOV_10Q_GGDEBT(1.0),22/04/26 11:00:00,Quarterly,Government consolidated gross debt,General government,Percentage of gross domestic product (GDP),Finland,2025-Q2,88.6,,
ESTAT:GOV_10Q_GGDEBT(1.0),22/04/26 11:00:00,Quarterly,Government consolidated gross debt,General government,Percentage of gross domestic product (GDP),Finland,2025-Q3,86.9,,
ESTAT:GOV_10Q_GGDEBT(1.0),22/04/26 11:00:00,Quarterly,Government consolidated gross debt,General government,Percentage of gross domestic product (GDP),Finland,2025-Q4,88.5,,
ESTAT:GOV_10Q_GGDEBT(1.0),22/04/26 11:00:00,Quarterly,Government consolidated gross debt,General government,Percentage of gross domestic product (GDP),France,2017-Q3,100.3,,
ESTAT:GOV_10Q_GGDEBT(1.0),22/04/26 11:00:00,Quarterly,Government consolidated gross debt,General government,Percentage of gross domestic product (GDP),France,2017-Q4,98.8,,
ESTAT:GOV_10Q_GGDEBT(1.0),22/04/26 11:00:00,Quarterly,Government consolidated gross debt,General government,Percentage of gross domestic product (GDP),France,2018-Q1,99.4,,
ESTAT:GOV_10Q_GGDEBT(1.0),22/04/26 11:00:00,Quarterly,Government consolidated gross debt,General government,Percentage of gross domestic product (GDP),France,2018-Q2,99.4,,
ESTAT:GOV_10Q_GGDEBT(1.0),22/04/26 11:00:00,Quarterly,Government consolidated gross debt,General government,Percentage of gross domestic product (GDP),France,2018-Q3,99.6,,
ESTAT:GOV_10Q_GGDEBT(1.0),22/04/26 11:00:00,Quarterly,Government consolidated gross debt,General government,Percentage of gross domestic product (GDP),France,2018-Q4,98.5,,
ESTAT:GOV_10Q_GGDEBT(1.0),22/04/26 11:00:00,Quarterly,Government consolidated gross debt,General government,Percentage of gross domestic product (GDP),France,2019-Q1,99.5,,
ESTAT:GOV_10Q_GGDEBT(1.0),22/04/26 11:00:00,Quarterly,Government consolidated gross debt,General government,Percentage of gross domestic product (GDP),France,2019-Q2,99.2,,
ESTAT:GOV_10Q_GGDEBT(1.0),22/04/26 11:00:00,Quarterly,Government consolidated gross debt,General government,Percentage of gross domestic product (GDP),France,2019-Q3,100.0,,
ESTAT:GOV_10Q_GGDEBT(1.0),22/04/26 11:00:00,Quarterly,Government consolidated gross debt,General government,Percentage of gross domestic product (GDP),France,2019-Q4,98.2,,
ESTAT:GOV_10Q_GGDEBT(1.0),22/04/26 11:00:00,Quarterly,Government consolidated gross debt,General government,Percentage of gross domestic product (GDP),France,2020-Q1,101.2,,
ESTAT:GOV_10Q_GGDEBT(1.0),22/04/26 11:00:00,Quarterly,Government consolidated gross debt,General government,Percentage of gross domestic product (GDP),France,2020-Q2,113.0,,
ESTAT:GOV_10Q_GGDEBT(1.0),22/04/26 11:00:00,Quarterly,Government consolidated gross debt,General government,Percentage of gross domestic product (GDP),France,2020-Q3,115.3,,
ESTAT:GOV_10Q_GGDEBT(1.0),22/04/26 11:00:00,Quarterly,Government consolidated gross debt,General government,Percentage of gross domestic product (GDP),France,2020-Q4,114.9,,
ESTAT:GOV_10Q_GGDEBT(1.0),22/04/26 11:00:00,Quarterly,Government consolidated gross debt,General government,Percentage of gross domestic product (GDP),France,2021-Q1,117.7,,
ESTAT:GOV_10Q_GGDEBT(1.0),22/04/26 11:00:00,Quarterly,Government consolidated gross debt,General government,Percentage of gross domestic product (GDP),France,2021-Q2,114.3,,
ESTAT:GOV_10Q_GGDEBT(1.0),22/04/26 11:00:00,Quarterly,Government consolidated gross debt,General government,Percentage of gross domestic product (GDP),France,2021-Q3,115.3,,
ESTAT:GOV_10Q_GGDEBT(1.0),22/04/26 11:00:00,Quarterly,Government consolidated gross debt,General government,Percentage of gross domestic product (GDP),France,2021-Q4,112.8,,
ESTAT:GOV_10Q_GGDEBT(1.0),22/04/26 11:00:00,Quarterly,Government consolidated gross debt,General government,Percentage of gross domestic product (GDP),France,2022-Q1,114.4,,
ESTAT:GOV_10Q_GGDEBT(1.0),22/04/26 11:00:00,Quarterly,Government consolidated gross debt,General government,Percentage of gross domestic product (GDP),France,2022-Q2,112.9,,
ESTAT:GOV_10Q_GGDEBT(1.0),22/04/26 11:00:00,Quarterly,Government consolidated gross debt,General government,Percentage of gross domestic product (GDP),France,2022-Q3,113.1,,
ESTAT:GOV_10Q_GGDEBT(1.0),22/04/26 11:00:00,Quarterly,Government consolidated gross debt,General government,Percentage of gross domestic product (GDP),France,2022-Q4,111.4,,
ESTAT:GOV_10Q_GGDEBT(1.0),22/04/26 11:00:00,Quarterly,Government consolidated gross debt,General government,Percentage of gross domestic product (GDP),France,2023-Q1,111.9,,
ESTAT:GOV_10Q_GGDEBT(1.0),22/04/26 11:00:00,Quarterly,Government consolidated gross debt,General government,Percentage of gross domestic product (GDP),France,2023-Q2,111.3,,
ESTAT:GOV_10Q_GGDEBT(1.0),22/04/26 11:00:00,Quarterly,Government consolidated gross debt,General government,Percentage of gross domestic product (GDP),France,2023-Q3,111.2,,
ESTAT:GOV_10Q_GGDEBT(1.0),22/04/26 11:00:00,Quarterly,Government consolidated gross debt,General government,Percentage of gross domestic product (GDP),France,2023-Q4,109.8,,
ESTAT:GOV_10Q_GGDEBT(1.0),22/04/26 11:00:00,Quarterly,Government consolidated gross debt,General government,Percentage of gross domestic product (GDP),France,2024-Q1,110.6,,
ESTAT:GOV_10Q_GGDEBT(1.0),22/04/26 11:00:00,Quarterly,Government consolidated gross debt,General government,Percentage of gross domestic product (GDP),France,2024-Q2,112.4,,
ESTAT:GOV_10Q_GGDEBT(1.0),22/04/26 11:00:00,Quarterly,Government consolidated gross debt,General government,Percentage of gross domestic product (GDP),France,2024-Q3,113.7,,
ESTAT:GOV_10Q_GGDEBT(1.0),22/04/26 11:00:00,Quarterly,Government consolidated gross debt,General government,Percentage of gross domestic product (GDP),France,2024-Q4,113.2,,
ESTAT:GOV_10Q_GGDEBT(1.0),22/04/26 11:00:00,Quarterly,Government consolidated gross debt,General government,Percentage of gross domestic product (GDP),France,2025-Q1,114.2,,
ESTAT:GOV_10Q_GGDEBT(1.0),22/04/26 11:00:00,Quarterly,Government consolidated gross debt,General government,Percentage of gross domestic product (GDP),France,2025-Q2,115.9,,
ESTAT:GOV_10Q_GGDEBT(1.0),22/04/26 11:00:00,Quarterly,Government consolidated gross debt,General government,Percentage of gross domestic product (GDP),France,2025-Q3,117.8,,
ESTAT:GOV_10Q_GGDEBT(1.0),22/04/26 11:00:00,Quarterly,Government consolidated gross debt,General government,Percentage of gross domestic product (GDP),France,2025-Q4,116.2,,
ESTAT:GOV_10Q_GGDEBT(1.0),22/04/26 11:00:00,Quarterly,Government consolidated gross debt,General government,Percentage of gross domestic product (GDP),Croatia,2017-Q3,77.2,,
ESTAT:GOV_10Q_GGDEBT(1.0),22/04/26 11:00:00,Quarterly,Government consolidated gross debt,General government,Percentage of gross domestic product (GDP),Croatia,2017-Q4,76.2,,
ESTAT:GOV_10Q_GGDEBT(1.0),22/04/26 11:00:00,Quarterly,Government consolidated gross debt,General government,Percentage of gross domestic product (GDP),Croatia,2018-Q1,75.0,,
ESTAT:GOV_10Q_GGDEBT(1.0),22/04/26 11:00:00,Quarterly,Government consolidated gross debt,General government,Percentage of gross domestic product (GDP),Croatia,2018-Q2,74.8,,
ESTAT:GOV_10Q_GGDEBT(1.0),22/04/26 11:00:00,Quarterly,Government consolidated gross debt,General government,Percentage of gross domestic product (GDP),Croatia,2018-Q3,73.2,,
ESTAT:GOV_10Q_GGDEBT(1.0),22/04/26 11:00:00,Quarterly,Government consolidated gross debt,General government,Percentage of gross domestic product (GDP),Croatia,2018-Q4,72.8,,
ESTAT:GOV_10Q_GGDEBT(1.0),22/04/26 11:00:00,Quarterly,Government consolidated gross debt,General government,Percentage of gross domestic product (GDP),Croatia,2019-Q1,72.7,,
ESTAT:GOV_10Q_GGDEBT(1.0),22/04/26 11:00:00,Quarterly,Government consolidated gross debt,General government,Percentage of gross domestic product (GDP),Croatia,2019-Q2,73.8,,
ESTAT:GOV_10Q_GGDEBT(1.0),22/04/26 11:00:00,Quarterly,Government consolidated gross debt,General government,Percentage of gross domestic product (GDP),Croatia,2019-Q3,72.7,,
ESTAT:GOV_10Q_GGDEBT(1.0),22/04/26 11:00:00,Quarterly,Government consolidated gross debt,General government,Percentage of gross domestic product (GDP),Croatia,2019-Q4,70.9,,
ESTAT:GOV_10Q_GGDEBT(1.0),22/04/26 11:00:00,Quarterly,Government consolidated gross debt,General government,Percentage of gross domestic product (GDP),Croatia,2020-Q1,71.9,,
ESTAT:GOV_10Q_GGDEBT(1.0),22/04/26 11:00:00,Quarterly,Government consolidated gross debt,General government,Percentage of gross domestic product (GDP),Croatia,2020-Q2,82.1,,
ESTAT:GOV_10Q_GGDEBT(1.0),22/04/26 11:00:00,Quarterly,Government consolidated gross debt,General government,Percentage of gross domestic product (GDP),Croatia,2020-Q3,84.3,,
ESTAT:GOV_10Q_GGDEBT(1.0),22/04/26 11:00:00,Quarterly,Government consolidated gross debt,General government,Percentage of gross domestic product (GDP),Croatia,2020-Q4,86.5,,
ESTAT:GOV_10Q_GGDEBT(1.0),22/04/26 11:00:00,Quarterly,Government consolidated gross debt,General government,Percentage of gross domestic product (GDP),Croatia,2021-Q1,88.5,,
ESTAT:GOV_10Q_GGDEBT(1.0),22/04/26 11:00:00,Quarterly,Government consolidated gross debt,General government,Percentage of gross domestic product (GDP),Croatia,2021-Q2,84.7,,
ESTAT:GOV_10Q_GGDEBT(1.0),22/04/26 11:00:00,Quarterly,Government consolidated gross debt,General government,Percentage of gross domestic product (GDP),Croatia,2021-Q3,81.2,,
ESTAT:GOV_10Q_GGDEBT(1.0),22/04/26 11:00:00,Quarterly,Government consolidated gross debt,General government,Percentage of gross domestic product (GDP),Croatia,2021-Q4,78.2,,
ESTAT:GOV_10Q_GGDEBT(1.0),22/04/26 11:00:00,Quarterly,Government consolidated gross debt,General government,Percentage of gross domestic product (GDP),Croatia,2022-Q1,75.9,,
ESTAT:GOV_10Q_GGDEBT(1.0),22/04/26 11:00:00,Quarterly,Government consolidated gross debt,General government,Percentage of gross domestic product (GDP),Croatia,2022-Q2,73.1,,
ESTAT:GOV_10Q_GGDEBT(1.0),22/04/26 11:00:00,Quarterly,Government consolidated gross debt,General government,Percentage of gross domestic product (GDP),Croatia,2022-Q3,70.3,,
ESTAT:GOV_10Q_GGDEBT(1.0),22/04/26 11:00:00,Quarterly,Government consolidated gross debt,General government,Percentage of gross domestic product (GDP),Croatia,2022-Q4,68.5,,
ESTAT:GOV_10Q_GGDEBT(1.0),22/04/26 11:00:00,Quarterly,Government consolidated gross debt,General government,Percentage of gross domestic product (GDP),Croatia,2023-Q1,68.9,,
ESTAT:GOV_10Q_GGDEBT(1.0),22/04/26 11:00:00,Quarterly,Government consolidated gross debt,General government,Percentage of gross domestic product (GDP),Croatia,2023-Q2,65.3,,
ESTAT:GOV_10Q_GGDEBT(1.0),22/04/26 11:00:00,Quarterly,Government consolidated gross debt,General government,Percentage of gross domestic product (GDP),Croatia,2023-Q3,62.5,,
ESTAT:GOV_10Q_GGDEBT(1.0),22/04/26 11:00:00,Quarterly,Government consolidated gross debt,General government,Percentage of gross domestic product (GDP),Croatia,2023-Q4,60.9,,
ESTAT:GOV_10Q_GGDEBT(1.0),22/04/26 11:00:00,Quarterly,Government consolidated gross debt,General government,Percentage of gross domestic product (GDP),Croatia,2024-Q1,61.1,,
ESTAT:GOV_10Q_GGDEBT(1.0),22/04/26 11:00:00,Quarterly,Government consolidated gross debt,General government,Percentage of gross domestic product (GDP),Croatia,2024-Q2,59.3,,
ESTAT:GOV_10Q_GGDEBT(1.0),22/04/26 11:00:00,Quarterly,Government consolidated gross debt,General government,Percentage of gross domestic product (GDP),Croatia,2024-Q3,59.2,,
ESTAT:GOV_10Q_GGDEBT(1.0),22/04/26 11:00:00,Quarterly,Government consolidated gross debt,General government,Percentage of gross domestic product (GDP),Croatia,2024-Q4,57.4,,
ESTAT:GOV_10Q_GGDEBT(1.0),22/04/26 11:00:00,Quarterly,Government consolidated gross debt,General government,Percentage of gross domestic product (GDP),Croatia,2025-Q1,58.2,,
ESTAT:GOV_10Q_GGDEBT(1.0),22/04/26 11:00:00,Quarterly,Government consolidated gross debt,General government,Percentage of gross domestic product (GDP),Croatia,2025-Q2,57.4,,
ESTAT:GOV_10Q_GGDEBT(1.0),22/04/26 11:00:00,Quarterly,Government consolidated gross debt,General government,Percentage of gross domestic product (GDP),Croatia,2025-Q3,57.1,,
ESTAT:GOV_10Q_GGDEBT(1.0),22/04/26 11:00:00,Quarterly,Government consolidated gross debt,General government,Percentage of gross domestic product (GDP),Croatia,2025-Q4,56.3,,
ESTAT:GOV_10Q_GGDEBT(1.0),22/04/26 11:00:00,Quarterly,Government consolidated gross debt,General government,Percentage of gross domestic product (GDP),Hungary,2017-Q3,72.9,,
ESTAT:GOV_10Q_GGDEBT(1.0),22/04/26 11:00:00,Quarterly,Government consolidated gross debt,General government,Percentage of gross domestic product (GDP),Hungary,2017-Q4,72.0,,
ESTAT:GOV_10Q_GGDEBT(1.0),22/04/26 11:00:00,Quarterly,Government consolidated gross debt,General government,Percentage of gross domestic product (GDP),Hungary,2018-Q1,72.2,,
ESTAT:GOV_10Q_GGDEBT(1.0),22/04/26 11:00:00,Quarterly,Government consolidated gross debt,General government,Percentage of gross domestic product (GDP),Hungary,2018-Q2,72.3,,
ESTAT:GOV_10Q_GGDEBT(1.0),22/04/26 11:00:00,Quarterly,Government consolidated gross debt,General government,Percentage of gross domestic product (GDP),Hungary,2018-Q3,70.7,,
ESTAT:GOV_10Q_GGDEBT(1.0),22/04/26 11:00:00,Quarterly,Government consolidated gross debt,General government,Percentage of gross domestic product (GDP),Hungary,2018-Q4,68.8,,
ESTAT:GOV_10Q_GGDEBT(1.0),22/04/26 11:00:00,Quarterly,Government consolidated gross debt,General government,Percentage of gross domestic product (GDP),Hungary,2019-Q1,68.1,,
ESTAT:GOV_10Q_GGDEBT(1.0),22/04/26 11:00:00,Quarterly,Government consolidated gross debt,General government,Percentage of gross domestic product (GDP),Hungary,2019-Q2,66.8,,
ESTAT:GOV_10Q_GGDEBT(1.0),22/04/26 11:00:00,Quarterly,Government consolidated gross debt,General government,Percentage of gross domestic product (GDP),Hungary,2019-Q3,66.7,,
ESTAT:GOV_10Q_GGDEBT(1.0),22/04/26 11:00:00,Quarterly,Government consolidated gross debt,General government,Percentage of gross domestic product (GDP),Hungary,2019-Q4,65.0,,
ESTAT:GOV_10Q_GGDEBT(1.0),22/04/26 11:00:00,Quarterly,Government consolidated gross debt,General government,Percentage of gross domestic product (GDP),Hungary,2020-Q1,65.2,,
ESTAT:GOV_10Q_GGDEBT(1.0),22/04/26 11:00:00,Quarterly,Government consolidated gross debt,General government,Percentage of gross domestic product (GDP),Hungary,2020-Q2,69.4,,
ESTAT:GOV_10Q_GGDEBT(1.0),22/04/26 11:00:00,Quarterly,Government consolidated gross debt,General government,Percentage of gross domestic product (GDP),Hungary,2020-Q3,72.8,,
ESTAT:GOV_10Q_GGDEBT(1.0),22/04/26 11:00:00,Quarterly,Government consolidated gross debt,General government,Percentage of gross domestic product (GDP),Hungary,2020-Q4,78.7,,
ESTAT:GOV_10Q_GGDEBT(1.0),22/04/26 11:00:00,Quarterly,Government consolidated gross debt,General government,Percentage of gross domestic product (GDP),Hungary,2021-Q1,79.7,,
ESTAT:GOV_10Q_GGDEBT(1.0),22/04/26 11:00:00,Quarterly,Government consolidated gross debt,General government,Percentage of gross domestic product (GDP),Hungary,2021-Q2,76.2,,
ESTAT:GOV_10Q_GGDEBT(1.0),22/04/26 11:00:00,Quarterly,Government consolidated gross debt,General government,Percentage of gross domestic product (GDP),Hungary,2021-Q3,79.0,,
ESTAT:GOV_10Q_GGDEBT(1.0),22/04/26 11:00:00,Quarterly,Government consolidated gross debt,General government,Percentage of gross domestic product (GDP),Hungary,2021-Q4,76.2,,
ESTAT:GOV_10Q_GGDEBT(1.0),22/04/26 11:00:00,Quarterly,Government consolidated gross debt,General government,Percentage of gross domestic product (GDP),Hungary,2022-Q1,76.7,,
ESTAT:GOV_10Q_GGDEBT(1.0),22/04/26 11:00:00,Quarterly,Government consolidated gross debt,General government,Percentage of gross domestic product (GDP),Hungary,2022-Q2,76.5,,
ESTAT:GOV_10Q_GGDEBT(1.0),22/04/26 11:00:00,Quarterly,Government consolidated gross debt,General government,Percentage of gross domestic product (GDP),Hungary,2022-Q3,75.5,,
ESTAT:GOV_10Q_GGDEBT(1.0),22/04/26 11:00:00,Quarterly,Government consolidated gross debt,General government,Percentage of gross domestic product (GDP),Hungary,2022-Q4,74.1,,
ESTAT:GOV_10Q_GGDEBT(1.0),22/04/26 11:00:00,Quarterly,Government consolidated gross debt,General government,Percentage of gross domestic product (GDP),Hungary,2023-Q1,75.4,,
ESTAT:GOV_10Q_GGDEBT(1.0),22/04/26 11:00:00,Quarterly,Government consolidated gross debt,General government,Percentage of gross domestic product (GDP),Hungary,2023-Q2,75.1,,
ESTAT:GOV_10Q_GGDEBT(1.0),22/04/26 11:00:00,Quarterly,Government consolidated gross debt,General government,Percentage of gross domestic product (GDP),Hungary,2023-Q3,74.7,,
ESTAT:GOV_10Q_GGDEBT(1.0),22/04/26 11:00:00,Quarterly,Government consolidated gross debt,General government,Percentage of gross domestic product (GDP),Hungary,2023-Q4,73.3,,
ESTAT:GOV_10Q_GGDEBT(1.0),22/04/26 11:00:00,Quarterly,Government consolidated gross debt,General government,Percentage of gross domestic product (GDP),Hungary,2024-Q1,76.5,,
ESTAT:GOV_10Q_GGDEBT(1.0),22/04/26 11:00:00,Quarterly,Government consolidated gross debt,General government,Percentage of gross domestic product (GDP),Hungary,2024-Q2,76.2,,
ESTAT:GOV_10Q_GGDEBT(1.0),22/04/26 11:00:00,Quarterly,Government consolidated gross debt,General government,Percentage of gross domestic product (GDP),Hungary,2024-Q3,76.0,,
ESTAT:GOV_10Q_GGDEBT(1.0),22/04/26 11:00:00,Quarterly,Government consolidated gross debt,General government,Percentage of gross domestic product (GDP),Hungary,2024-Q4,73.5,,
ESTAT:GOV_10Q_GGDEBT(1.0),22/04/26 11:00:00,Quarterly,Government consolidated gross debt,General government,Percentage of gross domestic product (GDP),Hungary,2025-Q1,75.3,,
ESTAT:GOV_10Q_GGDEBT(1.0),22/04/26 11:00:00,Quarterly,Government consolidated gross debt,General government,Percentage of gross domestic product (GDP),Hungary,2025-Q2,76.0,,
ESTAT:GOV_10Q_GGDEBT(1.0),22/04/26 11:00:00,Quarterly,Government consolidated gross debt,General government,Percentage of gross domestic product (GDP),Hungary,2025-Q3,75.0,,
ESTAT:GOV_10Q_GGDEBT(1.0),22/04/26 11:00:00,Quarterly,Government consolidated gross debt,General government,Percentage of gross domestic product (GDP),Hungary,2025-Q4,74.6,,
ESTAT:GOV_10Q_GGDEBT(1.0),22/04/26 11:00:00,Quarterly,Government consolidated gross debt,General government,Percentage of gross domestic product (GDP),Ireland,2017-Q3,70.2,,
ESTAT:GOV_10Q_GGDEBT(1.0),22/04/26 11:00:00,Quarterly,Government consolidated gross debt,General government,Percentage of gross domestic product (GDP),Ireland,2017-Q4,65.2,,
ESTAT:GOV_10Q_GGDEBT(1.0),22/04/26 11:00:00,Quarterly,Government consolidated gross debt,General government,Percentage of gross domestic product (GDP),Ireland,2018-Q1,66.3,,
ESTAT:GOV_10Q_GGDEBT(1.0),22/04/26 11:00:00,Quarterly,Government consolidated gross debt,General government,Percentage of gross domestic product (GDP),Ireland,2018-Q2,66.0,,
ESTAT:GOV_10Q_GGDEBT(1.0),22/04/26 11:00:00,Quarterly,Government consolidated gross debt,General government,Percentage of gross domestic product (GDP),Ireland,2018-Q3,65.0,,
ESTAT:GOV_10Q_GGDEBT(1.0),22/04/26 11:00:00,Quarterly,Government consolidated gross debt,General government,Percentage of gross domestic product (GDP),Ireland,2018-Q4,61.3,,
ESTAT:GOV_10Q_GGDEBT(1.0),22/04/26 11:00:00,Quarterly,Government consolidated gross debt,General government,Percentage of gross domestic product (GDP),Ireland,2019-Q1,63.0,,
ESTAT:GOV_10Q_GGDEBT(1.0),22/04/26 11:00:00,Quarterly,Government consolidated gross debt,General government,Percentage of gross domestic product (GDP),Ireland,2019-Q2,61.5,,
ESTAT:GOV_10Q_GGDEBT(1.0),22/04/26 11:00:00,Quarterly,Government consolidated gross debt,General government,Percentage of gross domestic product (GDP),Ireland,2019-Q3,59.9,,
ESTAT:GOV_10Q_GGDEBT(1.0),22/04/26 11:00:00,Quarterly,Government consolidated gross debt,General government,Percentage of gross domestic product (GDP),Ireland,2019-Q4,55.8,,
ESTAT:GOV_10Q_GGDEBT(1.0),22/04/26 11:00:00,Quarterly,Government consolidated gross debt,General government,Percentage of gross domestic product (GDP),Ireland,2020-Q1,57.3,,
ESTAT:GOV_10Q_GGDEBT(1.0),22/04/26 11:00:00,Quarterly,Government consolidated gross debt,General government,Percentage of gross domestic product (GDP),Ireland,2020-Q2,60.6,,
ESTAT:GOV_10Q_GGDEBT(1.0),22/04/26 11:00:00,Quarterly,Government consolidated gross debt,General government,Percentage of gross domestic product (GDP),Ireland,2020-Q3,59.7,,
ESTAT:GOV_10Q_GGDEBT(1.0),22/04/26 11:00:00,Quarterly,Government consolidated gross debt,General government,Percentage of gross domestic product (GDP),Ireland,2020-Q4,56.9,,
ESTAT:GOV_10Q_GGDEBT(1.0),22/04/26 11:00:00,Quarterly,Government consolidated gross debt,General government,Percentage of gross domestic product (GDP),Ireland,2021-Q1,58.4,,
ESTAT:GOV_10Q_GGDEBT(1.0),22/04/26 11:00:00,Quarterly,Government consolidated gross debt,General government,Percentage of gross domestic product (GDP),Ireland,2021-Q2,56.6,,
ESTAT:GOV_10Q_GGDEBT(1.0),22/04/26 11:00:00,Quarterly,Government consolidated gross debt,General government,Percentage of gross domestic product (GDP),Ireland,2021-Q3,54.8,,
ESTAT:GOV_10Q_GGDEBT(1.0),22/04/26 11:00:00,Quarterly,Government consolidated gross debt,General government,Percentage of gross domestic product (GDP),Ireland,2021-Q4,52.4,,
ESTAT:GOV_10Q_GGDEBT(1.0),22/04/26 11:00:00,Quarterly,Government consolidated gross debt,General government,Percentage of gross domestic product (GDP),Ireland,2022-Q1,50.5,,
ESTAT:GOV_10Q_GGDEBT(1.0),22/04/26 11:00:00,Quarterly,Government consolidated gross debt,General government,Percentage of gross domestic product (GDP),Ireland,2022-Q2,48.8,,
ESTAT:GOV_10Q_GGDEBT(1.0),22/04/26 11:00:00,Quarterly,Government consolidated gross debt,General government,Percentage of gross domestic product (GDP),Ireland,2022-Q3,46.8,,
ESTAT:GOV_10Q_GGDEBT(1.0),22/04/26 11:00:00,Quarterly,Government consolidated gross debt,General government,Percentage of gross domestic product (GDP),Ireland,2022-Q4,43.0,,
ESTAT:GOV_10Q_GGDEBT(1.0),22/04/26 11:00:00,Quarterly,Government consolidated gross debt,General government,Percentage of gross domestic product (GDP),Ireland,2023-Q1,42.0,,
ESTAT:GOV_10Q_GGDEBT(1.0),22/04/26 11:00:00,Quarterly,Government consolidated gross debt,General government,Percentage of gross domestic product (GDP),Ireland,2023-Q2,41.5,,
ESTAT:GOV_10Q_GGDEBT(1.0),22/04/26 11:00:00,Quarterly,Government consolidated gross debt,General government,Percentage of gross domestic product (GDP),Ireland,2023-Q3,41.8,,
ESTAT:GOV_10Q_GGDEBT(1.0),22/04/26 11:00:00,Quarterly,Government consolidated gross debt,General government,Percentage of gross domestic product (GDP),Ireland,2023-Q4,41.8,,
ESTAT:GOV_10Q_GGDEBT(1.0),22/04/26 11:00:00,Quarterly,Government consolidated gross debt,General government,Percentage of gross domestic product (GDP),Ireland,2024-Q1,40.7,,
ESTAT:GOV_10Q_GGDEBT(1.0),22/04/26 11:00:00,Quarterly,Government consolidated gross debt,General government,Percentage of gross domestic product (GDP),Ireland,2024-Q2,40.5,,
ESTAT:GOV_10Q_GGDEBT(1.0),22/04/26 11:00:00,Quarterly,Government consolidated gross debt,General government,Percentage of gross domestic product (GDP),Ireland,2024-Q3,40.0,,
ESTAT:GOV_10Q_GGDEBT(1.0),22/04/26 11:00:00,Quarterly,Government consolidated gross debt,General government,Percentage of gross domestic product (GDP),Ireland,2024-Q4,38.3,,
ESTAT:GOV_10Q_GGDEBT(1.0),22/04/26 11:00:00,Quarterly,Government consolidated gross debt,General government,Percentage of gross domestic product (GDP),Ireland,2025-Q1,34.5,,
ESTAT:GOV_10Q_GGDEBT(1.0),22/04/26 11:00:00,Quarterly,Government consolidated gross debt,General government,Percentage of gross domestic product (GDP),Ireland,2025-Q2,33.4,,
ESTAT:GOV_10Q_GGDEBT(1.0),22/04/26 11:00:00,Quarterly,Government consolidated gross debt,General government,Percentage of gross domestic product (GDP),Ireland,2025-Q3,32.8,,
ESTAT:GOV_10Q_GGDEBT(1.0),22/04/26 11:00:00,Quarterly,Government consolidated gross debt,General government,Percentage of gross domestic product (GDP),Ireland,2025-Q4,32.9,,
ESTAT:GOV_10Q_GGDEBT(1.0),22/04/26 11:00:00,Quarterly,Government consolidated gross debt,General government,Percentage of gross domestic product (GDP),Italy,2017-Q3,136.4,,
ESTAT:GOV_10Q_GGDEBT(1.0),22/04/26 11:00:00,Quarterly,Government consolidated gross debt,General government,Percentage of gross domestic product (GDP),Italy,2017-Q4,133.7,,
ESTAT:GOV_10Q_GGDEBT(1.0),22/04/26 11:00:00,Quarterly,Government consolidated gross debt,General government,Percentage of gross domestic product (GDP),Italy,2018-Q1,135.3,,
ESTAT:GOV_10Q_GGDEBT(1.0),22/04/26 11:00:00,Quarterly,Government consolidated gross debt,General government,Percentage of gross domestic product (GDP),Italy,2018-Q2,135.7,,
ESTAT:GOV_10Q_GGDEBT(1.0),22/04/26 11:00:00,Quarterly,Government consolidated gross debt,General government,Percentage of gross domestic product (GDP),Italy,2018-Q3,135.6,,
ESTAT:GOV_10Q_GGDEBT(1.0),22/04/26 11:00:00,Quarterly,Government consolidated gross debt,General government,Percentage of gross domestic product (GDP),Italy,2018-Q4,134.2,,
ESTAT:GOV_10Q_GGDEBT(1.0),22/04/26 11:00:00,Quarterly,Government consolidated gross debt,General government,Percentage of gross domestic product (GDP),Italy,2019-Q1,135.8,,
ESTAT:GOV_10Q_GGDEBT(1.0),22/04/26 11:00:00,Quarterly,Government consolidated gross debt,General government,Percentage of gross domestic product (GDP),Italy,2019-Q2,136.9,,
ESTAT:GOV_10Q_GGDEBT(1.0),22/04/26 11:00:00,Quarterly,Government consolidated gross debt,General government,Percentage of gross domestic product (GDP),Italy,2019-Q3,136.1,,
ESTAT:GOV_10Q_GGDEBT(1.0),22/04/26 11:00:00,Quarterly,Government consolidated gross debt,General government,Percentage of gross domestic product (GDP),Italy,2019-Q4,133.9,,
ESTAT:GOV_10Q_GGDEBT(1.0),22/04/26 11:00:00,Quarterly,Government consolidated gross debt,General government,Percentage of gross domestic product (GDP),Italy,2020-Q1,136.8,,
ESTAT:GOV_10Q_GGDEBT(1.0),22/04/26 11:00:00,Quarterly,Government consolidated gross debt,General government,Percentage of gross domestic product (GDP),Italy,2020-Q2,148.3,,
ESTAT:GOV_10Q_GGDEBT(1.0),22/04/26 11:00:00,Quarterly,Government consolidated gross debt,General government,Percentage of gross domestic product (GDP),Italy,2020-Q3,153.3,,
ESTAT:GOV_10Q_GGDEBT(1.0),22/04/26 11:00:00,Quarterly,Government consolidated gross debt,General government,Percentage of gross domestic product (GDP),Italy,2020-Q4,154.4,,
ESTAT:GOV_10Q_GGDEBT(1.0),22/04/26 11:00:00,Quarterly,Government consolidated gross debt,General government,Percentage of gross domestic product (GDP),Italy,2021-Q1,157.7,,
ESTAT:GOV_10Q_GGDEBT(1.0),22/04/26 11:00:00,Quarterly,Government consolidated gross debt,General government,Percentage of gross domestic product (GDP),Italy,2021-Q2,153.5,,
ESTAT:GOV_10Q_GGDEBT(1.0),22/04/26 11:00:00,Quarterly,Government consolidated gross debt,General government,Percentage of gross domestic product (GDP),Italy,2021-Q3,150.9,,
ESTAT:GOV_10Q_GGDEBT(1.0),22/04/26 11:00:00,Quarterly,Government consolidated gross debt,General government,Percentage of gross domestic product (GDP),Italy,2021-Q4,145.8,,
ESTAT:GOV_10Q_GGDEBT(1.0),22/04/26 11:00:00,Quarterly,Government consolidated gross debt,General government,Percentage of gross domestic product (GDP),Italy,2022-Q1,146.6,,
ESTAT:GOV_10Q_GGDEBT(1.0),22/04/26 11:00:00,Quarterly,Government consolidated gross debt,General government,Percentage of gross domestic product (GDP),Italy,2022-Q2,144.0,,
ESTAT:GOV_10Q_GGDEBT(1.0),22/04/26 11:00:00,Quarterly,Government consolidated gross debt,General government,Percentage of gross domestic product (GDP),Italy,2022-Q3,139.9,,
ESTAT:GOV_10Q_GGDEBT(1.0),22/04/26 11:00:00,Quarterly,Government consolidated gross debt,General government,Percentage of gross domestic product (GDP),Italy,2022-Q4,138.4,,
ESTAT:GOV_10Q_GGDEBT(1.0),22/04/26 11:00:00,Quarterly,Government consolidated gross debt,General government,Percentage of gross domestic product (GDP),Italy,2023-Q1,137.1,,
ESTAT:GOV_10Q_GGDEBT(1.0),22/04/26 11:00:00,Quarterly,Government consolidated gross debt,General government,Percentage of gross domestic product (GDP),Italy,2023-Q2,137.5,,
ESTAT:GOV_10Q_GGDEBT(1.0),22/04/26 11:00:00,Quarterly,Government consolidated gross debt,General government,Percentage of gross domestic product (GDP),Italy,2023-Q3,135.0,,
ESTAT:GOV_10Q_GGDEBT(1.0),22/04/26 11:00:00,Quarterly,Government consolidated gross debt,General government,Percentage of gross domestic product (GDP),Italy,2023-Q4,133.9,,
ESTAT:GOV_10Q_GGDEBT(1.0),22/04/26 11:00:00,Quarterly,Government consolidated gross debt,General government,Percentage of gross domestic product (GDP),Italy,2024-Q1,134.2,,
ESTAT:GOV_10Q_GGDEBT(1.0),22/04/26 11:00:00,Quarterly,Government consolidated gross debt,General government,Percentage of gross domestic product (GDP),Italy,2024-Q2,135.9,,
ESTAT:GOV_10Q_GGDEBT(1.0),22/04/26 11:00:00,Quarterly,Government consolidated gross debt,General government,Percentage of gross domestic product (GDP),Italy,2024-Q3,135.5,,
ESTAT:GOV_10Q_GGDEBT(1.0),22/04/26 11:00:00,Quarterly,Government consolidated gross debt,General government,Percentage of gross domestic product (GDP),Italy,2024-Q4,134.7,,
ESTAT:GOV_10Q_GGDEBT(1.0),22/04/26 11:00:00,Quarterly,Government consolidated gross debt,General government,Percentage of gross domestic product (GDP),Italy,2025-Q1,137.2,p,
ESTAT:GOV_10Q_GGDEBT(1.0),22/04/26 11:00:00,Quarterly,Government consolidated gross debt,General government,Percentage of gross domestic product (GDP),Italy,2025-Q2,138.1,p,
ESTAT:GOV_10Q_GGDEBT(1.0),22/04/26 11:00:00,Quarterly,Government consolidated gross debt,General government,Percentage of gross domestic product (GDP),Italy,2025-Q3,137.5,p,
ESTAT:GOV_10Q_GGDEBT(1.0),22/04/26 11:00:00,Quarterly,Government consolidated gross debt,General government,Percentage of gross domestic product (GDP),Italy,2025-Q4,137.1,p,
ESTAT:GOV_10Q_GGDEBT(1.0),22/04/26 11:00:00,Quarterly,Government consolidated gross debt,General government,Percentage of gross domestic product (GDP),Lithuania,2017-Q3,38.9,,
ESTAT:GOV_10Q_GGDEBT(1.0),22/04/26 11:00:00,Quarterly,Government consolidated gross debt,General government,Percentage of gross domestic product (GDP),Lithuania,2017-Q4,39.1,,
ESTAT:GOV_10Q_GGDEBT(1.0),22/04/26 11:00:00,Quarterly,Government consolidated gross debt,General government,Percentage of gross domestic product (GDP),Lithuania,2018-Q1,35.5,,
ESTAT:GOV_10Q_GGDEBT(1.0),22/04/26 11:00:00,Quarterly,Government consolidated gross debt,General government,Percentage of gross domestic product (GDP),Lithuania,2018-Q2,34.4,,
ESTAT:GOV_10Q_GGDEBT(1.0),22/04/26 11:00:00,Quarterly,Government consolidated gross debt,General government,Percentage of gross domestic product (GDP),Lithuania,2018-Q3,34.3,,
ESTAT:GOV_10Q_GGDEBT(1.0),22/04/26 11:00:00,Quarterly,Government consolidated gross debt,General government,Percentage of gross domestic product (GDP),Lithuania,2018-Q4,33.3,,
ESTAT:GOV_10Q_GGDEBT(1.0),22/04/26 11:00:00,Quarterly,Government consolidated gross debt,General government,Percentage of gross domestic product (GDP),Lithuania,2019-Q1,33.3,,
ESTAT:GOV_10Q_GGDEBT(1.0),22/04/26 11:00:00,Quarterly,Government consolidated gross debt,General government,Percentage of gross domestic product (GDP),Lithuania,2019-Q2,35.3,,
ESTAT:GOV_10Q_GGDEBT(1.0),22/04/26 11:00:00,Quarterly,Government consolidated gross debt,General government,Percentage of gross domestic product (GDP),Lithuania,2019-Q3,35.1,,
ESTAT:GOV_10Q_GGDEBT(1.0),22/04/26 11:00:00,Quarterly,Government consolidated gross debt,General government,Percentage of gross domestic product (GDP),Lithuania,2019-Q4,35.6,,
ESTAT:GOV_10Q_GGDEBT(1.0),22/04/26 11:00:00,Quarterly,Government consolidated gross debt,General government,Percentage of gross domestic product (GDP),Lithuania,2020-Q1,32.6,,
ESTAT:GOV_10Q_GGDEBT(1.0),22/04/26 11:00:00,Quarterly,Government consolidated gross debt,General government,Percentage of gross domestic product (GDP),Lithuania,2020-Q2,40.7,,
ESTAT:GOV_10Q_GGDEBT(1.0),22/04/26 11:00:00,Quarterly,Government consolidated gross debt,General government,Percentage of gross domestic product (GDP),Lithuania,2020-Q3,44.8,,
ESTAT:GOV_10Q_GGDEBT(1.0),22/04/26 11:00:00,Quarterly,Government consolidated gross debt,General government,Percentage of gross domestic product (GDP),Lithuania,2020-Q4,45.9,,
ESTAT:GOV_10Q_GGDEBT(1.0),22/04/26 11:00:00,Quarterly,Government consolidated gross debt,General government,Percentage of gross domestic product (GDP),Lithuania,2021-Q1,44.4,,
ESTAT:GOV_10Q_GGDEBT(1.0),22/04/26 11:00:00,Quarterly,Government consolidated gross debt,General government,Percentage of gross domestic product (GDP),Lithuania,2021-Q2,43.8,,
ESTAT:GOV_10Q_GGDEBT(1.0),22/04/26 11:00:00,Quarterly,Government consolidated gross debt,General government,Percentage of gross domestic product (GDP),Lithuania,2021-Q3,44.3,,
ESTAT:GOV_10Q_GGDEBT(1.0),22/04/26 11:00:00,Quarterly,Government consolidated gross debt,General government,Percentage of gross domestic product (GDP),Lithuania,2021-Q4,43.3,,
ESTAT:GOV_10Q_GGDEBT(1.0),22/04/26 11:00:00,Quarterly,Government consolidated gross debt,General government,Percentage of gross domestic product (GDP),Lithuania,2022-Q1,39.4,,
ESTAT:GOV_10Q_GGDEBT(1.0),22/04/26 11:00:00,Quarterly,Government consolidated gross debt,General government,Percentage of gross domestic product (GDP),Lithuania,2022-Q2,39.3,,
ESTAT:GOV_10Q_GGDEBT(1.0),22/04/26 11:00:00,Quarterly,Government consolidated gross debt,General government,Percentage of gross domestic product (GDP),Lithuania,2022-Q3,37.2,,
ESTAT:GOV_10Q_GGDEBT(1.0),22/04/26 11:00:00,Quarterly,Government consolidated gross debt,General government,Percentage of gross domestic product (GDP),Lithuania,2022-Q4,38.3,,
ESTAT:GOV_10Q_GGDEBT(1.0),22/04/26 11:00:00,Quarterly,Government consolidated gross debt,General government,Percentage of gross domestic product (GDP),Lithuania,2023-Q1,37.9,,
ESTAT:GOV_10Q_GGDEBT(1.0),22/04/26 11:00:00,Quarterly,Government consolidated gross debt,General government,Percentage of gross domestic product (GDP),Lithuania,2023-Q2,37.6,,
ESTAT:GOV_10Q_GGDEBT(1.0),22/04/26 11:00:00,Quarterly,Government consolidated gross debt,General government,Percentage of gross domestic product (GDP),Lithuania,2023-Q3,36.7,,
ESTAT:GOV_10Q_GGDEBT(1.0),22/04/26 11:00:00,Quarterly,Government consolidated gross debt,General government,Percentage of gross domestic product (GDP),Lithuania,2023-Q4,37.1,,
ESTAT:GOV_10Q_GGDEBT(1.0),22/04/26 11:00:00,Quarterly,Government consolidated gross debt,General government,Percentage of gross domestic product (GDP),Lithuania,2024-Q1,38.9,,
ESTAT:GOV_10Q_GGDEBT(1.0),22/04/26 11:00:00,Quarterly,Government consolidated gross debt,General government,Percentage of gross domestic product (GDP),Lithuania,2024-Q2,37.2,,
ESTAT:GOV_10Q_GGDEBT(1.0),22/04/26 11:00:00,Quarterly,Government consolidated gross debt,General government,Percentage of gross domestic product (GDP),Lithuania,2024-Q3,38.0,,
ESTAT:GOV_10Q_GGDEBT(1.0),22/04/26 11:00:00,Quarterly,Government consolidated gross debt,General government,Percentage of gross domestic product (GDP),Lithuania,2024-Q4,38.0,,
ESTAT:GOV_10Q_GGDEBT(1.0),22/04/26 11:00:00,Quarterly,Government consolidated gross debt,General government,Percentage of gross domestic product (GDP),Lithuania,2025-Q1,40.4,,
ESTAT:GOV_10Q_GGDEBT(1.0),22/04/26 11:00:00,Quarterly,Government consolidated gross debt,General government,Percentage of gross domestic product (GDP),Lithuania,2025-Q2,39.0,,
ESTAT:GOV_10Q_GGDEBT(1.0),22/04/26 11:00:00,Quarterly,Government consolidated gross debt,General government,Percentage of gross domestic product (GDP),Lithuania,2025-Q3,40.6,,
ESTAT:GOV_10Q_GGDEBT(1.0),22/04/26 11:00:00,Quarterly,Government consolidated gross debt,General government,Percentage of gross domestic product (GDP),Lithuania,2025-Q4,39.5,,
ESTAT:GOV_10Q_GGDEBT(1.0),22/04/26 11:00:00,Quarterly,Government consolidated gross debt,General government,Percentage of gross domestic product (GDP),Luxembourg,2017-Q3,22.2,,
ESTAT:GOV_10Q_GGDEBT(1.0),22/04/26 11:00:00,Quarterly,Government consolidated gross debt,General government,Percentage of gross domestic product (GDP),Luxembourg,2017-Q4,21.8,,
ESTAT:GOV_10Q_GGDEBT(1.0),22/04/26 11:00:00,Quarterly,Government consolidated gross debt,General government,Percentage of gross domestic product (GDP),Luxembourg,2018-Q1,21.3,,
ESTAT:GOV_10Q_GGDEBT(1.0),22/04/26 11:00:00,Quarterly,Government consolidated gross debt,General government,Percentage of gross domestic product (GDP),Luxembourg,2018-Q2,21.2,,
ESTAT:GOV_10Q_GGDEBT(1.0),22/04/26 11:00:00,Quarterly,Government consolidated gross debt,General government,Percentage of gross domestic product (GDP),Luxembourg,2018-Q3,21.0,,
ESTAT:GOV_10Q_GGDEBT(1.0),22/04/26 11:00:00,Quarterly,Government consolidated gross debt,General government,Percentage of gross domestic product (GDP),Luxembourg,2018-Q4,20.9,,
ESTAT:GOV_10Q_GGDEBT(1.0),22/04/26 11:00:00,Quarterly,Government consolidated gross debt,General government,Percentage of gross domestic product (GDP),Luxembourg,2019-Q1,20.8,,
ESTAT:GOV_10Q_GGDEBT(1.0),22/04/26 11:00:00,Quarterly,Government consolidated gross debt,General government,Percentage of gross domestic product (GDP),Luxembourg,2019-Q2,20.5,,
ESTAT:GOV_10Q_GGDEBT(1.0),22/04/26 11:00:00,Quarterly,Government consolidated gross debt,General government,Percentage of gross domestic product (GDP),Luxembourg,2019-Q3,20.3,,
ESTAT:GOV_10Q_GGDEBT(1.0),22/04/26 11:00:00,Quarterly,Government consolidated gross debt,General government,Percentage of gross domestic product (GDP),Luxembourg,2019-Q4,22.3,,
ESTAT:GOV_10Q_GGDEBT(1.0),22/04/26 11:00:00,Quarterly,Government consolidated gross debt,General government,Percentage of gross domestic product (GDP),Luxembourg,2020-Q1,22.4,,
ESTAT:GOV_10Q_GGDEBT(1.0),22/04/26 11:00:00,Quarterly,Government consolidated gross debt,General government,Percentage of gross domestic product (GDP),Luxembourg,2020-Q2,23.8,,
ESTAT:GOV_10Q_GGDEBT(1.0),22/04/26 11:00:00,Quarterly,Government consolidated gross debt,General government,Percentage of gross domestic product (GDP),Luxembourg,2020-Q3,25.9,,
ESTAT:GOV_10Q_GGDEBT(1.0),22/04/26 11:00:00,Quarterly,Government consolidated gross debt,General government,Percentage of gross domestic product (GDP),Luxembourg,2020-Q4,24.5,,
ESTAT:GOV_10Q_GGDEBT(1.0),22/04/26 11:00:00,Quarterly,Government consolidated gross debt,General government,Percentage of gross domestic product (GDP),Luxembourg,2021-Q1,27.8,,
ESTAT:GOV_10Q_GGDEBT(1.0),22/04/26 11:00:00,Quarterly,Government consolidated gross debt,General government,Percentage of gross domestic product (GDP),Luxembourg,2021-Q2,26.0,,
ESTAT:GOV_10Q_GGDEBT(1.0),22/04/26 11:00:00,Quarterly,Government consolidated gross debt,General government,Percentage of gross domestic product (GDP),Luxembourg,2021-Q3,25.2,,
ESTAT:GOV_10Q_GGDEBT(1.0),22/04/26 11:00:00,Quarterly,Government consolidated gross debt,General government,Percentage of gross domestic product (GDP),Luxembourg,2021-Q4,24.2,,
ESTAT:GOV_10Q_GGDEBT(1.0),22/04/26 11:00:00,Quarterly,Government consolidated gross debt,General government,Percentage of gross domestic product (GDP),Luxembourg,2022-Q1,22.5,,
ESTAT:GOV_10Q_GGDEBT(1.0),22/04/26 11:00:00,Quarterly,Government consolidated gross debt,General government,Percentage of gross domestic product (GDP),Luxembourg,2022-Q2,25.4,,
ESTAT:GOV_10Q_GGDEBT(1.0),22/04/26 11:00:00,Quarterly,Government consolidated gross debt,General government,Percentage of gross domestic product (GDP),Luxembourg,2022-Q3,24.9,,
ESTAT:GOV_10Q_GGDEBT(1.0),22/04/26 11:00:00,Quarterly,Government consolidated gross debt,General government,Percentage of gross domestic product (GDP),Luxembourg,2022-Q4,24.9,,
ESTAT:GOV_10Q_GGDEBT(1.0),22/04/26 11:00:00,Quarterly,Government consolidated gross debt,General government,Percentage of gross domestic product (GDP),Luxembourg,2023-Q1,28.4,,
ESTAT:GOV_10Q_GGDEBT(1.0),22/04/26 11:00:00,Quarterly,Government consolidated gross debt,General government,Percentage of gross domestic product (GDP),Luxembourg,2023-Q2,27.9,,
ESTAT:GOV_10Q_GGDEBT(1.0),22/04/26 11:00:00,Quarterly,Government consolidated gross debt,General government,Percentage of gross domestic product (GDP),Luxembourg,2023-Q3,25.1,,
ESTAT:GOV_10Q_GGDEBT(1.0),22/04/26 11:00:00,Quarterly,Government consolidated gross debt,General government,Percentage of gross domestic product (GDP),Luxembourg,2023-Q4,24.7,,
ESTAT:GOV_10Q_GGDEBT(1.0),22/04/26 11:00:00,Quarterly,Government consolidated gross debt,General government,Percentage of gross domestic product (GDP),Luxembourg,2024-Q1,25.9,,
ESTAT:GOV_10Q_GGDEBT(1.0),22/04/26 11:00:00,Quarterly,Government consolidated gross debt,General government,Percentage of gross domestic product (GDP),Luxembourg,2024-Q2,25.7,,
ESTAT:GOV_10Q_GGDEBT(1.0),22/04/26 11:00:00,Quarterly,Government consolidated gross debt,General government,Percentage of gross domestic product (GDP),Luxembourg,2024-Q3,25.6,,
ESTAT:GOV_10Q_GGDEBT(1.0),22/04/26 11:00:00,Quarterly,Government consolidated gross debt,General government,Percentage of gross domestic product (GDP),Luxembourg,2024-Q4,26.3,,
ESTAT:GOV_10Q_GGDEBT(1.0),22/04/26 11:00:00,Quarterly,Government consolidated gross debt,General government,Percentage of gross domestic product (GDP),Luxembourg,2025-Q1,26.1,,
ESTAT:GOV_10Q_GGDEBT(1.0),22/04/26 11:00:00,Quarterly,Government consolidated gross debt,General government,Percentage of gross domestic product (GDP),Luxembourg,2025-Q2,25.0,,
ESTAT:GOV_10Q_GGDEBT(1.0),22/04/26 11:00:00,Quarterly,Government consolidated gross debt,General government,Percentage of gross domestic product (GDP),Luxembourg,2025-Q3,27.5,,
ESTAT:GOV_10Q_GGDEBT(1.0),22/04/26 11:00:00,Quarterly,Government consolidated gross debt,General government,Percentage of gross domestic product (GDP),Luxembourg,2025-Q4,26.5,,
ESTAT:GOV_10Q_GGDEBT(1.0),22/04/26 11:00:00,Quarterly,Government consolidated gross debt,General government,Percentage of gross domestic product (GDP),Latvia,2017-Q3,39.9,,
ESTAT:GOV_10Q_GGDEBT(1.0),22/04/26 11:00:00,Quarterly,Government consolidated gross debt,General government,Percentage of gross domestic product (GDP),Latvia,2017-Q4,40.3,,
ESTAT:GOV_10Q_GGDEBT(1.0),22/04/26 11:00:00,Quarterly,Government consolidated gross debt,General government,Percentage of gross domestic product (GDP),Latvia,2018-Q1,37.7,,
ESTAT:GOV_10Q_GGDEBT(1.0),22/04/26 11:00:00,Quarterly,Government consolidated gross debt,General government,Percentage of gross domestic product (GDP),Latvia,2018-Q2,39.2,,
ESTAT:GOV_10Q_GGDEBT(1.0),22/04/26 11:00:00,Quarterly,Government consolidated gross debt,General government,Percentage of gross domestic product (GDP),Latvia,2018-Q3,39.4,,
ESTAT:GOV_10Q_GGDEBT(1.0),22/04/26 11:00:00,Quarterly,Government consolidated gross debt,General government,Percentage of gross domestic product (GDP),Latvia,2018-Q4,38.3,,
ESTAT:GOV_10Q_GGDEBT(1.0),22/04/26 11:00:00,Quarterly,Government consolidated gross debt,General government,Percentage of gross domestic product (GDP),Latvia,2019-Q1,39.6,,
ESTAT:GOV_10Q_GGDEBT(1.0),22/04/26 11:00:00,Quarterly,Government consolidated gross debt,General government,Percentage of gross domestic product (GDP),Latvia,2019-Q2,38.6,,
ESTAT:GOV_10Q_GGDEBT(1.0),22/04/26 11:00:00,Quarterly,Government consolidated gross debt,General government,Percentage of gross domestic product (GDP),Latvia,2019-Q3,38.2,,
ESTAT:GOV_10Q_GGDEBT(1.0),22/04/26 11:00:00,Quarterly,Government consolidated gross debt,General government,Percentage of gross domestic product (GDP),Latvia,2019-Q4,37.9,,
ESTAT:GOV_10Q_GGDEBT(1.0),22/04/26 11:00:00,Quarterly,Government consolidated gross debt,General government,Percentage of gross domestic product (GDP),Latvia,2020-Q1,38.5,,
ESTAT:GOV_10Q_GGDEBT(1.0),22/04/26 11:00:00,Quarterly,Government consolidated gross debt,General government,Percentage of gross domestic product (GDP),Latvia,2020-Q2,44.1,,
ESTAT:GOV_10Q_GGDEBT(1.0),22/04/26 11:00:00,Quarterly,Government consolidated gross debt,General government,Percentage of gross domestic product (GDP),Latvia,2020-Q3,45.5,,
ESTAT:GOV_10Q_GGDEBT(1.0),22/04/26 11:00:00,Quarterly,Government consolidated gross debt,General government,Percentage of gross domestic product (GDP),Latvia,2020-Q4,44.0,,
ESTAT:GOV_10Q_GGDEBT(1.0),22/04/26 11:00:00,Quarterly,Government consolidated gross debt,General government,Percentage of gross domestic product (GDP),Latvia,2021-Q1,46.3,,
ESTAT:GOV_10Q_GGDEBT(1.0),22/04/26 11:00:00,Quarterly,Government consolidated gross debt,General government,Percentage of gross domestic product (GDP),Latvia,2021-Q2,44.3,,
ESTAT:GOV_10Q_GGDEBT(1.0),22/04/26 11:00:00,Quarterly,Government consolidated gross debt,General government,Percentage of gross domestic product (GDP),Latvia,2021-Q3,44.7,,
ESTAT:GOV_10Q_GGDEBT(1.0),22/04/26 11:00:00,Quarterly,Government consolidated gross debt,General government,Percentage of gross domestic product (GDP),Latvia,2021-Q4,45.9,,
ESTAT:GOV_10Q_GGDEBT(1.0),22/04/26 11:00:00,Quarterly,Government consolidated gross debt,General government,Percentage of gross domestic product (GDP),Latvia,2022-Q1,44.2,,
ESTAT:GOV_10Q_GGDEBT(1.0),22/04/26 11:00:00,Quarterly,Government consolidated gross debt,General government,Percentage of gross domestic product (GDP),Latvia,2022-Q2,44.5,,
ESTAT:GOV_10Q_GGDEBT(1.0),22/04/26 11:00:00,Quarterly,Government consolidated gross debt,General government,Percentage of gross domestic product (GDP),Latvia,2022-Q3,43.0,,
ESTAT:GOV_10Q_GGDEBT(1.0),22/04/26 11:00:00,Quarterly,Government consolidated gross debt,General government,Percentage of gross domestic product (GDP),Latvia,2022-Q4,44.4,,
ESTAT:GOV_10Q_GGDEBT(1.0),22/04/26 11:00:00,Quarterly,Government consolidated gross debt,General government,Percentage of gross domestic product (GDP),Latvia,2023-Q1,46.0,,
ESTAT:GOV_10Q_GGDEBT(1.0),22/04/26 11:00:00,Quarterly,Government consolidated gross debt,General government,Percentage of gross domestic product (GDP),Latvia,2023-Q2,41.8,,
ESTAT:GOV_10Q_GGDEBT(1.0),22/04/26 11:00:00,Quarterly,Government consolidated gross debt,General government,Percentage of gross domestic product (GDP),Latvia,2023-Q3,43.4,,
ESTAT:GOV_10Q_GGDEBT(1.0),22/04/26 11:00:00,Quarterly,Government consolidated gross debt,General government,Percentage of gross domestic product (GDP),Latvia,2023-Q4,44.4,,
ESTAT:GOV_10Q_GGDEBT(1.0),22/04/26 11:00:00,Quarterly,Government consolidated gross debt,General government,Percentage of gross domestic product (GDP),Latvia,2024-Q1,45.7,,
ESTAT:GOV_10Q_GGDEBT(1.0),22/04/26 11:00:00,Quarterly,Government consolidated gross debt,General government,Percentage of gross domestic product (GDP),Latvia,2024-Q2,45.6,,
ESTAT:GOV_10Q_GGDEBT(1.0),22/04/26 11:00:00,Quarterly,Government consolidated gross debt,General government,Percentage of gross domestic product (GDP),Latvia,2024-Q3,47.0,,
ESTAT:GOV_10Q_GGDEBT(1.0),22/04/26 11:00:00,Quarterly,Government consolidated gross debt,General government,Percentage of gross domestic product (GDP),Latvia,2024-Q4,46.2,,
ESTAT:GOV_10Q_GGDEBT(1.0),22/04/26 11:00:00,Quarterly,Government consolidated gross debt,General government,Percentage of gross domestic product (GDP),Latvia,2025-Q1,45.0,,
ESTAT:GOV_10Q_GGDEBT(1.0),22/04/26 11:00:00,Quarterly,Government consolidated gross debt,General government,Percentage of gross domestic product (GDP),Latvia,2025-Q2,47.6,,
ESTAT:GOV_10Q_GGDEBT(1.0),22/04/26 11:00:00,Quarterly,Government consolidated gross debt,General government,Percentage of gross domestic product (GDP),Latvia,2025-Q3,44.8,,
ESTAT:GOV_10Q_GGDEBT(1.0),22/04/26 11:00:00,Quarterly,Government consolidated gross debt,General government,Percentage of gross domestic product (GDP),Latvia,2025-Q4,46.9,,
ESTAT:GOV_10Q_GGDEBT(1.0),22/04/26 11:00:00,Quarterly,Government consolidated gross debt,General government,Percentage of gross domestic product (GDP),Malta,2017-Q3,48.6,,
ESTAT:GOV_10Q_GGDEBT(1.0),22/04/26 11:00:00,Quarterly,Government consolidated gross debt,General government,Percentage of gross domestic product (GDP),Malta,2017-Q4,45.6,,
ESTAT:GOV_10Q_GGDEBT(1.0),22/04/26 11:00:00,Quarterly,Government consolidated gross debt,General government,Percentage of gross domestic product (GDP),Malta,2018-Q1,45.3,,
ESTAT:GOV_10Q_GGDEBT(1.0),22/04/26 11:00:00,Quarterly,Government consolidated gross debt,General government,Percentage of gross domestic product (GDP),Malta,2018-Q2,44.5,,
ESTAT:GOV_10Q_GGDEBT(1.0),22/04/26 11:00:00,Quarterly,Government consolidated gross debt,General government,Percentage of gross domestic product (GDP),Malta,2018-Q3,41.7,,
ESTAT:GOV_10Q_GGDEBT(1.0),22/04/26 11:00:00,Quarterly,Government consolidated gross debt,General government,Percentage of gross domestic product (GDP),Malta,2018-Q4,41.4,,
ESTAT:GOV_10Q_GGDEBT(1.0),22/04/26 11:00:00,Quarterly,Government consolidated gross debt,General government,Percentage of gross domestic product (GDP),Malta,2019-Q1,42.0,,
ESTAT:GOV_10Q_GGDEBT(1.0),22/04/26 11:00:00,Quarterly,Government consolidated gross debt,General government,Percentage of gross domestic product (GDP),Malta,2019-Q2,41.4,,
ESTAT:GOV_10Q_GGDEBT(1.0),22/04/26 11:00:00,Quarterly,Government consolidated gross debt,General government,Percentage of gross domestic product (GDP),Malta,2019-Q3,39.4,,
ESTAT:GOV_10Q_GGDEBT(1.0),22/04/26 11:00:00,Quarterly,Government consolidated gross debt,General government,Percentage of gross domestic product (GDP),Malta,2019-Q4,39.2,,
ESTAT:GOV_10Q_GGDEBT(1.0),22/04/26 11:00:00,Quarterly,Government consolidated gross debt,General government,Percentage of gross domestic product (GDP),Malta,2020-Q1,39.9,,
ESTAT:GOV_10Q_GGDEBT(1.0),22/04/26 11:00:00,Quarterly,Government consolidated gross debt,General government,Percentage of gross domestic product (GDP),Malta,2020-Q2,45.5,,
ESTAT:GOV_10Q_GGDEBT(1.0),22/04/26 11:00:00,Quarterly,Government consolidated gross debt,General government,Percentage of gross domestic product (GDP),Malta,2020-Q3,47.6,,
ESTAT:GOV_10Q_GGDEBT(1.0),22/04/26 11:00:00,Quarterly,Government consolidated gross debt,General government,Percentage of gross domestic product (GDP),Malta,2020-Q4,48.8,,
ESTAT:GOV_10Q_GGDEBT(1.0),22/04/26 11:00:00,Quarterly,Government consolidated gross debt,General government,Percentage of gross domestic product (GDP),Malta,2021-Q1,51.9,,
ESTAT:GOV_10Q_GGDEBT(1.0),22/04/26 11:00:00,Quarterly,Government consolidated gross debt,General government,Percentage of gross domestic product (GDP),Malta,2021-Q2,53.1,,
ESTAT:GOV_10Q_GGDEBT(1.0),22/04/26 11:00:00,Quarterly,Government consolidated gross debt,General government,Percentage of gross domestic product (GDP),Malta,2021-Q3,50.1,,
ESTAT:GOV_10Q_GGDEBT(1.0),22/04/26 11:00:00,Quarterly,Government consolidated gross debt,General government,Percentage of gross domestic product (GDP),Malta,2021-Q4,49.7,,
ESTAT:GOV_10Q_GGDEBT(1.0),22/04/26 11:00:00,Quarterly,Government consolidated gross debt,General government,Percentage of gross domestic product (GDP),Malta,2022-Q1,51.1,,
ESTAT:GOV_10Q_GGDEBT(1.0),22/04/26 11:00:00,Quarterly,Government consolidated gross debt,General government,Percentage of gross domestic product (GDP),Malta,2022-Q2,49.6,,
ESTAT:GOV_10Q_GGDEBT(1.0),22/04/26 11:00:00,Quarterly,Government consolidated gross debt,General government,Percentage of gross domestic product (GDP),Malta,2022-Q3,49.6,,
ESTAT:GOV_10Q_GGDEBT(1.0),22/04/26 11:00:00,Quarterly,Government consolidated gross debt,General government,Percentage of gross domestic product (GDP),Malta,2022-Q4,50.3,,
ESTAT:GOV_10Q_GGDEBT(1.0),22/04/26 11:00:00,Quarterly,Government consolidated gross debt,General government,Percentage of gross domestic product (GDP),Malta,2023-Q1,49.7,,
ESTAT:GOV_10Q_GGDEBT(1.0),22/04/26 11:00:00,Quarterly,Government consolidated gross debt,General government,Percentage of gross domestic product (GDP),Malta,2023-Q2,47.3,,
ESTAT:GOV_10Q_GGDEBT(1.0),22/04/26 11:00:00,Quarterly,Government consolidated gross debt,General government,Percentage of gross domestic product (GDP),Malta,2023-Q3,46.7,,
ESTAT:GOV_10Q_GGDEBT(1.0),22/04/26 11:00:00,Quarterly,Government consolidated gross debt,General government,Percentage of gross domestic product (GDP),Malta,2023-Q4,46.9,,
ESTAT:GOV_10Q_GGDEBT(1.0),22/04/26 11:00:00,Quarterly,Government consolidated gross debt,General government,Percentage of gross domestic product (GDP),Malta,2024-Q1,46.5,,
ESTAT:GOV_10Q_GGDEBT(1.0),22/04/26 11:00:00,Quarterly,Government consolidated gross debt,General government,Percentage of gross domestic product (GDP),Malta,2024-Q2,45.5,,
ESTAT:GOV_10Q_GGDEBT(1.0),22/04/26 11:00:00,Quarterly,Government consolidated gross debt,General government,Percentage of gross domestic product (GDP),Malta,2024-Q3,44.8,,
ESTAT:GOV_10Q_GGDEBT(1.0),22/04/26 11:00:00,Quarterly,Government consolidated gross debt,General government,Percentage of gross domestic product (GDP),Malta,2024-Q4,45.9,,
ESTAT:GOV_10Q_GGDEBT(1.0),22/04/26 11:00:00,Quarterly,Government consolidated gross debt,General government,Percentage of gross domestic product (GDP),Malta,2025-Q1,46.5,,
ESTAT:GOV_10Q_GGDEBT(1.0),22/04/26 11:00:00,Quarterly,Government consolidated gross debt,General government,Percentage of gross domestic product (GDP),Malta,2025-Q2,46.6,,
ESTAT:GOV_10Q_GGDEBT(1.0),22/04/26 11:00:00,Quarterly,Government consolidated gross debt,General government,Percentage of gross domestic product (GDP),Malta,2025-Q3,46.4,,
ESTAT:GOV_10Q_GGDEBT(1.0),22/04/26 11:00:00,Quarterly,Government consolidated gross debt,General government,Percentage of gross domestic product (GDP),Malta,2025-Q4,46.4,,
ESTAT:GOV_10Q_GGDEBT(1.0),22/04/26 11:00:00,Quarterly,Government consolidated gross debt,General government,Percentage of gross domestic product (GDP),Netherlands,2017-Q3,56.2,,
ESTAT:GOV_10Q_GGDEBT(1.0),22/04/26 11:00:00,Quarterly,Government consolidated gross debt,General government,Percentage of gross domestic product (GDP),Netherlands,2017-Q4,56.0,,
ESTAT:GOV_10Q_GGDEBT(1.0),22/04/26 11:00:00,Quarterly,Government consolidated gross debt,General government,Percentage of gross domestic product (GDP),Netherlands,2018-Q1,54.3,,
ESTAT:GOV_10Q_GGDEBT(1.0),22/04/26 11:00:00,Quarterly,Government consolidated gross debt,General government,Percentage of gross domestic product (GDP),Netherlands,2018-Q2,53.2,,
ESTAT:GOV_10Q_GGDEBT(1.0),22/04/26 11:00:00,Quarterly,Government consolidated gross debt,General government,Percentage of gross domestic product (GDP),Netherlands,2018-Q3,52.1,,
ESTAT:GOV_10Q_GGDEBT(1.0),22/04/26 11:00:00,Quarterly,Government consolidated gross debt,General government,Percentage of gross domestic product (GDP),Netherlands,2018-Q4,51.6,,
ESTAT:GOV_10Q_GGDEBT(1.0),22/04/26 11:00:00,Quarterly,Government consolidated gross debt,General government,Percentage of gross domestic product (GDP),Netherlands,2019-Q1,50.0,,
ESTAT:GOV_10Q_GGDEBT(1.0),22/04/26 11:00:00,Quarterly,Government consolidated gross debt,General government,Percentage of gross domestic product (GDP),Netherlands,2019-Q2,50.0,,
ESTAT:GOV_10Q_GGDEBT(1.0),22/04/26 11:00:00,Quarterly,Government consolidated gross debt,General government,Percentage of gross domestic product (GDP),Netherlands,2019-Q3,48.3,,
ESTAT:GOV_10Q_GGDEBT(1.0),22/04/26 11:00:00,Quarterly,Government consolidated gross debt,General government,Percentage of gross domestic product (GDP),Netherlands,2019-Q4,47.7,,
ESTAT:GOV_10Q_GGDEBT(1.0),22/04/26 11:00:00,Quarterly,Government consolidated gross debt,General government,Percentage of gross domestic product (GDP),Netherlands,2020-Q1,48.4,,
ESTAT:GOV_10Q_GGDEBT(1.0),22/04/26 11:00:00,Quarterly,Government consolidated gross debt,General government,Percentage of gross domestic product (GDP),Netherlands,2020-Q2,54.0,,
ESTAT:GOV_10Q_GGDEBT(1.0),22/04/26 11:00:00,Quarterly,Government consolidated gross debt,General government,Percentage of gross domestic product (GDP),Netherlands,2020-Q3,54.1,,
ESTAT:GOV_10Q_GGDEBT(1.0),22/04/26 11:00:00,Quarterly,Government consolidated gross debt,General government,Percentage of gross domestic product (GDP),Netherlands,2020-Q4,53.4,,
ESTAT:GOV_10Q_GGDEBT(1.0),22/04/26 11:00:00,Quarterly,Government consolidated gross debt,General government,Percentage of gross domestic product (GDP),Netherlands,2021-Q1,53.8,,
ESTAT:GOV_10Q_GGDEBT(1.0),22/04/26 11:00:00,Quarterly,Government consolidated gross debt,General government,Percentage of gross domestic product (GDP),Netherlands,2021-Q2,52.9,,
ESTAT:GOV_10Q_GGDEBT(1.0),22/04/26 11:00:00,Quarterly,Government consolidated gross debt,General government,Percentage of gross domestic product (GDP),Netherlands,2021-Q3,51.0,,
ESTAT:GOV_10Q_GGDEBT(1.0),22/04/26 11:00:00,Quarterly,Government consolidated gross debt,General government,Percentage of gross domestic product (GDP),Netherlands,2021-Q4,50.5,,
ESTAT:GOV_10Q_GGDEBT(1.0),22/04/26 11:00:00,Quarterly,Government consolidated gross debt,General government,Percentage of gross domestic product (GDP),Netherlands,2022-Q1,48.7,,
ESTAT:GOV_10Q_GGDEBT(1.0),22/04/26 11:00:00,Quarterly,Government consolidated gross debt,General government,Percentage of gross domestic product (GDP),Netherlands,2022-Q2,48.6,,
ESTAT:GOV_10Q_GGDEBT(1.0),22/04/26 11:00:00,Quarterly,Government consolidated gross debt,General government,Percentage of gross domestic product (GDP),Netherlands,2022-Q3,46.7,,
ESTAT:GOV_10Q_GGDEBT(1.0),22/04/26 11:00:00,Quarterly,Government consolidated gross debt,General government,Percentage of gross domestic product (GDP),Netherlands,2022-Q4,48.4,,
ESTAT:GOV_10Q_GGDEBT(1.0),22/04/26 11:00:00,Quarterly,Government consolidated gross debt,General government,Percentage of gross domestic product (GDP),Netherlands,2023-Q1,47.0,,
ESTAT:GOV_10Q_GGDEBT(1.0),22/04/26 11:00:00,Quarterly,Government consolidated gross debt,General government,Percentage of gross domestic product (GDP),Netherlands,2023-Q2,45.8,,
ESTAT:GOV_10Q_GGDEBT(1.0),22/04/26 11:00:00,Quarterly,Government consolidated gross debt,General government,Percentage of gross domestic product (GDP),Netherlands,2023-Q3,45.0,,
ESTAT:GOV_10Q_GGDEBT(1.0),22/04/26 11:00:00,Quarterly,Government consolidated gross debt,General government,Percentage of gross domestic product (GDP),Netherlands,2023-Q4,45.8,,
ESTAT:GOV_10Q_GGDEBT(1.0),22/04/26 11:00:00,Quarterly,Government consolidated gross debt,General government,Percentage of gross domestic product (GDP),Netherlands,2024-Q1,44.6,p,
ESTAT:GOV_10Q_GGDEBT(1.0),22/04/26 11:00:00,Quarterly,Government consolidated gross debt,General government,Percentage of gross domestic product (GDP),Netherlands,2024-Q2,43.8,p,
ESTAT:GOV_10Q_GGDEBT(1.0),22/04/26 11:00:00,Quarterly,Government consolidated gross debt,General government,Percentage of gross domestic product (GDP),Netherlands,2024-Q3,42.6,p,
ESTAT:GOV_10Q_GGDEBT(1.0),22/04/26 11:00:00,Quarterly,Government consolidated gross debt,General government,Percentage of gross domestic product (GDP),Netherlands,2024-Q4,43.8,p,
ESTAT:GOV_10Q_GGDEBT(1.0),22/04/26 11:00:00,Quarterly,Government consolidated gross debt,General government,Percentage of gross domestic product (GDP),Netherlands,2025-Q1,43.2,p,
ESTAT:GOV_10Q_GGDEBT(1.0),22/04/26 11:00:00,Quarterly,Government consolidated gross debt,General government,Percentage of gross domestic product (GDP),Netherlands,2025-Q2,42.7,p,
ESTAT:GOV_10Q_GGDEBT(1.0),22/04/26 11:00:00,Quarterly,Government consolidated gross debt,General government,Percentage of gross domestic product (GDP),Netherlands,2025-Q3,42.3,p,
ESTAT:GOV_10Q_GGDEBT(1.0),22/04/26 11:00:00,Quarterly,Government consolidated gross debt,General government,Percentage of gross domestic product (GDP),Netherlands,2025-Q4,44.4,p,
ESTAT:GOV_10Q_GGDEBT(1.0),22/04/26 11:00:00,Quarterly,Government consolidated gross debt,General government,Percentage of gross domestic product (GDP),Norway,2017-Q3,35.3,,
ESTAT:GOV_10Q_GGDEBT(1.0),22/04/26 11:00:00,Quarterly,Government consolidated gross debt,General government,Percentage of gross domestic product (GDP),Norway,2017-Q4,36.1,,
ESTAT:GOV_10Q_GGDEBT(1.0),22/04/26 11:00:00,Quarterly,Government consolidated gross debt,General government,Percentage of gross domestic product (GDP),Norway,2018-Q1,36.4,,
ESTAT:GOV_10Q_GGDEBT(1.0),22/04/26 11:00:00,Quarterly,Government consolidated gross debt,General government,Percentage of gross domestic product (GDP),Norway,2018-Q2,35.4,,
ESTAT:GOV_10Q_GGDEBT(1.0),22/04/26 11:00:00,Quarterly,Government consolidated gross debt,General government,Percentage of gross domestic product (GDP),Norway,2018-Q3,33.9,,
ESTAT:GOV_10Q_GGDEBT(1.0),22/04/26 11:00:00,Quarterly,Government consolidated gross debt,General government,Percentage of gross domestic product (GDP),Norway,2018-Q4,37.5,,
ESTAT:GOV_10Q_GGDEBT(1.0),22/04/26 11:00:00,Quarterly,Government consolidated gross debt,General government,Percentage of gross domestic product (GDP),Norway,2019-Q1,34.6,,
ESTAT:GOV_10Q_GGDEBT(1.0),22/04/26 11:00:00,Quarterly,Government consolidated gross debt,General government,Percentage of gross domestic product (GDP),Norway,2019-Q2,33.8,,
ESTAT:GOV_10Q_GGDEBT(1.0),22/04/26 11:00:00,Quarterly,Government consolidated gross debt,General government,Percentage of gross domestic product (GDP),Norway,2019-Q3,33.5,,
ESTAT:GOV_10Q_GGDEBT(1.0),22/04/26 11:00:00,Quarterly,Government consolidated gross debt,General government,Percentage of gross domestic product (GDP),Norway,2019-Q4,38.4,,
ESTAT:GOV_10Q_GGDEBT(1.0),22/04/26 11:00:00,Quarterly,Government consolidated gross debt,General government,Percentage of gross domestic product (GDP),Norway,2020-Q1,39.3,,
ESTAT:GOV_10Q_GGDEBT(1.0),22/04/26 11:00:00,Quarterly,Government consolidated gross debt,General government,Percentage of gross domestic product (GDP),Norway,2020-Q2,38.9,,
ESTAT:GOV_10Q_GGDEBT(1.0),22/04/26 11:00:00,Quarterly,Government consolidated gross debt,General government,Percentage of gross domestic product (GDP),Norway,2020-Q3,38.7,,
ESTAT:GOV_10Q_GGDEBT(1.0),22/04/26 11:00:00,Quarterly,Government consolidated gross debt,General government,Percentage of gross domestic product (GDP),Norway,2020-Q4,43.4,,
ESTAT:GOV_10Q_GGDEBT(1.0),22/04/26 11:00:00,Quarterly,Government consolidated gross debt,General government,Percentage of gross domestic product (GDP),Norway,2021-Q1,40.7,,
ESTAT:GOV_10Q_GGDEBT(1.0),22/04/26 11:00:00,Quarterly,Government consolidated gross debt,General government,Percentage of gross domestic product (GDP),Norway,2021-Q2,36.2,,
ESTAT:GOV_10Q_GGDEBT(1.0),22/04/26 11:00:00,Quarterly,Government consolidated gross debt,General government,Percentage of gross domestic product (GDP),Norway,2021-Q3,35.0,,
ESTAT:GOV_10Q_GGDEBT(1.0),22/04/26 11:00:00,Quarterly,Government consolidated gross debt,General government,Percentage of gross domestic product (GDP),Norway,2021-Q4,39.8,,
ESTAT:GOV_10Q_GGDEBT(1.0),22/04/26 11:00:00,Quarterly,Government consolidated gross debt,General government,Percentage of gross domestic product (GDP),Norway,2022-Q1,33.1,,
ESTAT:GOV_10Q_GGDEBT(1.0),22/04/26 11:00:00,Quarterly,Government consolidated gross debt,General government,Percentage of gross domestic product (GDP),Norway,2022-Q2,32.8,,
ESTAT:GOV_10Q_GGDEBT(1.0),22/04/26 11:00:00,Quarterly,Government consolidated gross debt,General government,Percentage of gross domestic product (GDP),Norway,2022-Q3,32.7,,
ESTAT:GOV_10Q_GGDEBT(1.0),22/04/26 11:00:00,Quarterly,Government consolidated gross debt,General government,Percentage of gross domestic product (GDP),Norway,2022-Q4,35.1,,
ESTAT:GOV_10Q_GGDEBT(1.0),22/04/26 11:00:00,Quarterly,Government consolidated gross debt,General government,Percentage of gross domestic product (GDP),Norway,2023-Q1,31.8,,
ESTAT:GOV_10Q_GGDEBT(1.0),22/04/26 11:00:00,Quarterly,Government consolidated gross debt,General government,Percentage of gross domestic product (GDP),Norway,2023-Q2,30.9,,
ESTAT:GOV_10Q_GGDEBT(1.0),22/04/26 11:00:00,Quarterly,Government consolidated gross debt,General government,Percentage of gross domestic product (GDP),Norway,2023-Q3,34.2,,
ESTAT:GOV_10Q_GGDEBT(1.0),22/04/26 11:00:00,Quarterly,Government consolidated gross debt,General government,Percentage of gross domestic product (GDP),Norway,2023-Q4,42.7,,
ESTAT:GOV_10Q_GGDEBT(1.0),22/04/26 11:00:00,Quarterly,Government consolidated gross debt,General government,Percentage of gross domestic product (GDP),Norway,2024-Q1,40.7,,
ESTAT:GOV_10Q_GGDEBT(1.0),22/04/26 11:00:00,Quarterly,Government consolidated gross debt,General government,Percentage of gross domestic product (GDP),Norway,2024-Q2,41.9,,
ESTAT:GOV_10Q_GGDEBT(1.0),22/04/26 11:00:00,Quarterly,Government consolidated gross debt,General government,Percentage of gross domestic product (GDP),Norway,2024-Q3,40.8,,
ESTAT:GOV_10Q_GGDEBT(1.0),22/04/26 11:00:00,Quarterly,Government consolidated gross debt,General government,Percentage of gross domestic product (GDP),Norway,2024-Q4,53.2,,
ESTAT:GOV_10Q_GGDEBT(1.0),22/04/26 11:00:00,Quarterly,Government consolidated gross debt,General government,Percentage of gross domestic product (GDP),Norway,2025-Q1,43.6,,
ESTAT:GOV_10Q_GGDEBT(1.0),22/04/26 11:00:00,Quarterly,Government consolidated gross debt,General government,Percentage of gross domestic product (GDP),Norway,2025-Q2,41.8,,
ESTAT:GOV_10Q_GGDEBT(1.0),22/04/26 11:00:00,Quarterly,Government consolidated gross debt,General government,Percentage of gross domestic product (GDP),Norway,2025-Q3,41.8,,
ESTAT:GOV_10Q_GGDEBT(1.0),22/04/26 11:00:00,Quarterly,Government consolidated gross debt,General government,Percentage of gross domestic product (GDP),Norway,2025-Q4,54.3,,
ESTAT:GOV_10Q_GGDEBT(1.0),22/04/26 11:00:00,Quarterly,Government consolidated gross debt,General government,Percentage of gross domestic product (GDP),Poland,2017-Q3,51.7,,
ESTAT:GOV_10Q_GGDEBT(1.0),22/04/26 11:00:00,Quarterly,Government consolidated gross debt,General government,Percentage of gross domestic product (GDP),Poland,2017-Q4,50.4,,
ESTAT:GOV_10Q_GGDEBT(1.0),22/04/26 11:00:00,Quarterly,Government consolidated gross debt,General government,Percentage of gross domestic product (GDP),Poland,2018-Q1,50.9,,
ESTAT:GOV_10Q_GGDEBT(1.0),22/04/26 11:00:00,Quarterly,Government consolidated gross debt,General government,Percentage of gross domestic product (GDP),Poland,2018-Q2,50.1,,
ESTAT:GOV_10Q_GGDEBT(1.0),22/04/26 11:00:00,Quarterly,Government consolidated gross debt,General government,Percentage of gross domestic product (GDP),Poland,2018-Q3,49.0,,
ESTAT:GOV_10Q_GGDEBT(1.0),22/04/26 11:00:00,Quarterly,Government consolidated gross debt,General government,Percentage of gross domestic product (GDP),Poland,2018-Q4,48.2,,
ESTAT:GOV_10Q_GGDEBT(1.0),22/04/26 11:00:00,Quarterly,Government consolidated gross debt,General government,Percentage of gross domestic product (GDP),Poland,2019-Q1,48.3,,
ESTAT:GOV_10Q_GGDEBT(1.0),22/04/26 11:00:00,Quarterly,Government consolidated gross debt,General government,Percentage of gross domestic product (GDP),Poland,2019-Q2,47.2,,
ESTAT:GOV_10Q_GGDEBT(1.0),22/04/26 11:00:00,Quarterly,Government consolidated gross debt,General government,Percentage of gross domestic product (GDP),Poland,2019-Q3,46.5,,
ESTAT:GOV_10Q_GGDEBT(1.0),22/04/26 11:00:00,Quarterly,Government consolidated gross debt,General government,Percentage of gross domestic product (GDP),Poland,2019-Q4,45.2,,
ESTAT:GOV_10Q_GGDEBT(1.0),22/04/26 11:00:00,Quarterly,Government consolidated gross debt,General government,Percentage of gross domestic product (GDP),Poland,2020-Q1,47.1,,
ESTAT:GOV_10Q_GGDEBT(1.0),22/04/26 11:00:00,Quarterly,Government consolidated gross debt,General government,Percentage of gross domestic product (GDP),Poland,2020-Q2,54.1,,
ESTAT:GOV_10Q_GGDEBT(1.0),22/04/26 11:00:00,Quarterly,Government consolidated gross debt,General government,Percentage of gross domestic product (GDP),Poland,2020-Q3,55.8,,
ESTAT:GOV_10Q_GGDEBT(1.0),22/04/26 11:00:00,Quarterly,Government consolidated gross debt,General government,Percentage of gross domestic product (GDP),Poland,2020-Q4,56.6,,
ESTAT:GOV_10Q_GGDEBT(1.0),22/04/26 11:00:00,Quarterly,Government consolidated gross debt,General government,Percentage of gross domestic product (GDP),Poland,2021-Q1,57.9,,
ESTAT:GOV_10Q_GGDEBT(1.0),22/04/26 11:00:00,Quarterly,Government consolidated gross debt,General government,Percentage of gross domestic product (GDP),Poland,2021-Q2,56.3,,
ESTAT:GOV_10Q_GGDEBT(1.0),22/04/26 11:00:00,Quarterly,Government consolidated gross debt,General government,Percentage of gross domestic product (GDP),Poland,2021-Q3,55.2,,
ESTAT:GOV_10Q_GGDEBT(1.0),22/04/26 11:00:00,Quarterly,Government consolidated gross debt,General government,Percentage of gross domestic product (GDP),Poland,2021-Q4,53.0,,
ESTAT:GOV_10Q_GGDEBT(1.0),22/04/26 11:00:00,Quarterly,Government consolidated gross debt,General government,Percentage of gross domestic product (GDP),Poland,2022-Q1,51.4,,
ESTAT:GOV_10Q_GGDEBT(1.0),22/04/26 11:00:00,Quarterly,Government consolidated gross debt,General government,Percentage of gross domestic product (GDP),Poland,2022-Q2,50.9,,
ESTAT:GOV_10Q_GGDEBT(1.0),22/04/26 11:00:00,Quarterly,Government consolidated gross debt,General government,Percentage of gross domestic product (GDP),Poland,2022-Q3,49.8,,
ESTAT:GOV_10Q_GGDEBT(1.0),22/04/26 11:00:00,Quarterly,Government consolidated gross debt,General government,Percentage of gross domestic product (GDP),Poland,2022-Q4,48.8,,
ESTAT:GOV_10Q_GGDEBT(1.0),22/04/26 11:00:00,Quarterly,Government consolidated gross debt,General government,Percentage of gross domestic product (GDP),Poland,2023-Q1,47.9,,
ESTAT:GOV_10Q_GGDEBT(1.0),22/04/26 11:00:00,Quarterly,Government consolidated gross debt,General government,Percentage of gross domestic product (GDP),Poland,2023-Q2,48.1,,
ESTAT:GOV_10Q_GGDEBT(1.0),22/04/26 11:00:00,Quarterly,Government consolidated gross debt,General government,Percentage of gross domestic product (GDP),Poland,2023-Q3,48.5,,
ESTAT:GOV_10Q_GGDEBT(1.0),22/04/26 11:00:00,Quarterly,Government consolidated gross debt,General government,Percentage of gross domestic product (GDP),Poland,2023-Q4,49.5,,
ESTAT:GOV_10Q_GGDEBT(1.0),22/04/26 11:00:00,Quarterly,Government consolidated gross debt,General government,Percentage of gross domestic product (GDP),Poland,2024-Q1,51.3,,
ESTAT:GOV_10Q_GGDEBT(1.0),22/04/26 11:00:00,Quarterly,Government consolidated gross debt,General government,Percentage of gross domestic product (GDP),Poland,2024-Q2,52.0,,
ESTAT:GOV_10Q_GGDEBT(1.0),22/04/26 11:00:00,Quarterly,Government consolidated gross debt,General government,Percentage of gross domestic product (GDP),Poland,2024-Q3,53.0,,
ESTAT:GOV_10Q_GGDEBT(1.0),22/04/26 11:00:00,Quarterly,Government consolidated gross debt,General government,Percentage of gross domestic product (GDP),Poland,2024-Q4,54.8,,
ESTAT:GOV_10Q_GGDEBT(1.0),22/04/26 11:00:00,Quarterly,Government consolidated gross debt,General government,Percentage of gross domestic product (GDP),Poland,2025-Q1,57.1,,
ESTAT:GOV_10Q_GGDEBT(1.0),22/04/26 11:00:00,Quarterly,Government consolidated gross debt,General government,Percentage of gross domestic product (GDP),Poland,2025-Q2,57.8,,
ESTAT:GOV_10Q_GGDEBT(1.0),22/04/26 11:00:00,Quarterly,Government consolidated gross debt,General government,Percentage of gross domestic product (GDP),Poland,2025-Q3,57.9,,
ESTAT:GOV_10Q_GGDEBT(1.0),22/04/26 11:00:00,Quarterly,Government consolidated gross debt,General government,Percentage of gross domestic product (GDP),Poland,2025-Q4,59.7,,
ESTAT:GOV_10Q_GGDEBT(1.0),22/04/26 11:00:00,Quarterly,Government consolidated gross debt,General government,Percentage of gross domestic product (GDP),Portugal,2017-Q3,131.2,,
ESTAT:GOV_10Q_GGDEBT(1.0),22/04/26 11:00:00,Quarterly,Government consolidated gross debt,General government,Percentage of gross domestic product (GDP),Portugal,2017-Q4,126.0,,
ESTAT:GOV_10Q_GGDEBT(1.0),22/04/26 11:00:00,Quarterly,Government consolidated gross debt,General government,Percentage of gross domestic product (GDP),Portugal,2018-Q1,126.3,,
ESTAT:GOV_10Q_GGDEBT(1.0),22/04/26 11:00:00,Quarterly,Government consolidated gross debt,General government,Percentage of gross domestic product (GDP),Portugal,2018-Q2,125.4,,
ESTAT:GOV_10Q_GGDEBT(1.0),22/04/26 11:00:00,Quarterly,Government consolidated gross debt,General government,Percentage of gross domestic product (GDP),Portugal,2018-Q3,124.9,,
ESTAT:GOV_10Q_GGDEBT(1.0),22/04/26 11:00:00,Quarterly,Government consolidated gross debt,General government,Percentage of gross domestic product (GDP),Portugal,2018-Q4,121.1,,
ESTAT:GOV_10Q_GGDEBT(1.0),22/04/26 11:00:00,Quarterly,Government consolidated gross debt,General government,Percentage of gross domestic product (GDP),Portugal,2019-Q1,122.2,,
ESTAT:GOV_10Q_GGDEBT(1.0),22/04/26 11:00:00,Quarterly,Government consolidated gross debt,General government,Percentage of gross domestic product (GDP),Portugal,2019-Q2,119.4,,
ESTAT:GOV_10Q_GGDEBT(1.0),22/04/26 11:00:00,Quarterly,Government consolidated gross debt,General government,Percentage of gross domestic product (GDP),Portugal,2019-Q3,118.6,,
ESTAT:GOV_10Q_GGDEBT(1.0),22/04/26 11:00:00,Quarterly,Government consolidated gross debt,General government,Percentage of gross domestic product (GDP),Portugal,2019-Q4,116.1,,
ESTAT:GOV_10Q_GGDEBT(1.0),22/04/26 11:00:00,Quarterly,Government consolidated gross debt,General government,Percentage of gross domestic product (GDP),Portugal,2020-Q1,118.5,,
ESTAT:GOV_10Q_GGDEBT(1.0),22/04/26 11:00:00,Quarterly,Government consolidated gross debt,General government,Percentage of gross domestic product (GDP),Portugal,2020-Q2,125.6,,
ESTAT:GOV_10Q_GGDEBT(1.0),22/04/26 11:00:00,Quarterly,Government consolidated gross debt,General government,Percentage of gross domestic product (GDP),Portugal,2020-Q3,130.7,,
ESTAT:GOV_10Q_GGDEBT(1.0),22/04/26 11:00:00,Quarterly,Government consolidated gross debt,General government,Percentage of gross domestic product (GDP),Portugal,2020-Q4,134.1,,
ESTAT:GOV_10Q_GGDEBT(1.0),22/04/26 11:00:00,Quarterly,Government consolidated gross debt,General government,Percentage of gross domestic product (GDP),Portugal,2021-Q1,137.5,,
ESTAT:GOV_10Q_GGDEBT(1.0),22/04/26 11:00:00,Quarterly,Government consolidated gross debt,General government,Percentage of gross domestic product (GDP),Portugal,2021-Q2,133.3,,
ESTAT:GOV_10Q_GGDEBT(1.0),22/04/26 11:00:00,Quarterly,Government consolidated gross debt,General government,Percentage of gross domestic product (GDP),Portugal,2021-Q3,127.9,,
ESTAT:GOV_10Q_GGDEBT(1.0),22/04/26 11:00:00,Quarterly,Government consolidated gross debt,General government,Percentage of gross domestic product (GDP),Portugal,2021-Q4,123.9,,
ESTAT:GOV_10Q_GGDEBT(1.0),22/04/26 11:00:00,Quarterly,Government consolidated gross debt,General government,Percentage of gross domestic product (GDP),Portugal,2022-Q1,123.4,,
ESTAT:GOV_10Q_GGDEBT(1.0),22/04/26 11:00:00,Quarterly,Government consolidated gross debt,General government,Percentage of gross domestic product (GDP),Portugal,2022-Q2,121.5,,
ESTAT:GOV_10Q_GGDEBT(1.0),22/04/26 11:00:00,Quarterly,Government consolidated gross debt,General government,Percentage of gross domestic product (GDP),Portugal,2022-Q3,117.7,,
ESTAT:GOV_10Q_GGDEBT(1.0),22/04/26 11:00:00,Quarterly,Government consolidated gross debt,General government,Percentage of gross domestic product (GDP),Portugal,2022-Q4,111.2,,
ESTAT:GOV_10Q_GGDEBT(1.0),22/04/26 11:00:00,Quarterly,Government consolidated gross debt,General government,Percentage of gross domestic product (GDP),Portugal,2023-Q1,110.8,,
ESTAT:GOV_10Q_GGDEBT(1.0),22/04/26 11:00:00,Quarterly,Government consolidated gross debt,General government,Percentage of gross domestic product (GDP),Portugal,2023-Q2,108.2,,
ESTAT:GOV_10Q_GGDEBT(1.0),22/04/26 11:00:00,Quarterly,Government consolidated gross debt,General government,Percentage of gross domestic product (GDP),Portugal,2023-Q3,105.4,,
ESTAT:GOV_10Q_GGDEBT(1.0),22/04/26 11:00:00,Quarterly,Government consolidated gross debt,General government,Percentage of gross domestic product (GDP),Portugal,2023-Q4,96.9,,
ESTAT:GOV_10Q_GGDEBT(1.0),22/04/26 11:00:00,Quarterly,Government consolidated gross debt,General government,Percentage of gross domestic product (GDP),Portugal,2024-Q1,98.1,,
ESTAT:GOV_10Q_GGDEBT(1.0),22/04/26 11:00:00,Quarterly,Government consolidated gross debt,General government,Percentage of gross domestic product (GDP),Portugal,2024-Q2,99.1,,
ESTAT:GOV_10Q_GGDEBT(1.0),22/04/26 11:00:00,Quarterly,Government consolidated gross debt,General government,Percentage of gross domestic product (GDP),Portugal,2024-Q3,95.8,,
ESTAT:GOV_10Q_GGDEBT(1.0),22/04/26 11:00:00,Quarterly,Government consolidated gross debt,General government,Percentage of gross domestic product (GDP),Portugal,2024-Q4,93.5,,
ESTAT:GOV_10Q_GGDEBT(1.0),22/04/26 11:00:00,Quarterly,Government consolidated gross debt,General government,Percentage of gross domestic product (GDP),Portugal,2025-Q1,94.8,,
ESTAT:GOV_10Q_GGDEBT(1.0),22/04/26 11:00:00,Quarterly,Government consolidated gross debt,General government,Percentage of gross domestic product (GDP),Portugal,2025-Q2,96.5,,
ESTAT:GOV_10Q_GGDEBT(1.0),22/04/26 11:00:00,Quarterly,Government consolidated gross debt,General government,Percentage of gross domestic product (GDP),Portugal,2025-Q3,97.4,,
ESTAT:GOV_10Q_GGDEBT(1.0),22/04/26 11:00:00,Quarterly,Government consolidated gross debt,General government,Percentage of gross domestic product (GDP),Portugal,2025-Q4,89.7,,
ESTAT:GOV_10Q_GGDEBT(1.0),22/04/26 11:00:00,Quarterly,Government consolidated gross debt,General government,Percentage of gross domestic product (GDP),Romania,2017-Q3,35.8,,
ESTAT:GOV_10Q_GGDEBT(1.0),22/04/26 11:00:00,Quarterly,Government consolidated gross debt,General government,Percentage of gross domestic product (GDP),Romania,2017-Q4,35.3,,
ESTAT:GOV_10Q_GGDEBT(1.0),22/04/26 11:00:00,Quarterly,Government consolidated gross debt,General government,Percentage of gross domestic product (GDP),Romania,2018-Q1,34.6,,
ESTAT:GOV_10Q_GGDEBT(1.0),22/04/26 11:00:00,Quarterly,Government consolidated gross debt,General government,Percentage of gross domestic product (GDP),Romania,2018-Q2,34.1,,
ESTAT:GOV_10Q_GGDEBT(1.0),22/04/26 11:00:00,Quarterly,Government consolidated gross debt,General government,Percentage of gross domestic product (GDP),Romania,2018-Q3,34.0,,
ESTAT:GOV_10Q_GGDEBT(1.0),22/04/26 11:00:00,Quarterly,Government consolidated gross debt,General government,Percentage of gross domestic product (GDP),Romania,2018-Q4,34.6,,
ESTAT:GOV_10Q_GGDEBT(1.0),22/04/26 11:00:00,Quarterly,Government consolidated gross debt,General government,Percentage of gross domestic product (GDP),Romania,2019-Q1,33.8,,
ESTAT:GOV_10Q_GGDEBT(1.0),22/04/26 11:00:00,Quarterly,Government consolidated gross debt,General government,Percentage of gross domestic product (GDP),Romania,2019-Q2,33.7,,
ESTAT:GOV_10Q_GGDEBT(1.0),22/04/26 11:00:00,Quarterly,Government consolidated gross debt,General government,Percentage of gross domestic product (GDP),Romania,2019-Q3,35.0,,
ESTAT:GOV_10Q_GGDEBT(1.0),22/04/26 11:00:00,Quarterly,Government consolidated gross debt,General government,Percentage of gross domestic product (GDP),Romania,2019-Q4,35.2,,
ESTAT:GOV_10Q_GGDEBT(1.0),22/04/26 11:00:00,Quarterly,Government consolidated gross debt,General government,Percentage of gross domestic product (GDP),Romania,2020-Q1,37.3,,
ESTAT:GOV_10Q_GGDEBT(1.0),22/04/26 11:00:00,Quarterly,Government consolidated gross debt,General government,Percentage of gross domestic product (GDP),Romania,2020-Q2,40.5,,
ESTAT:GOV_10Q_GGDEBT(1.0),22/04/26 11:00:00,Quarterly,Government consolidated gross debt,General government,Percentage of gross domestic product (GDP),Romania,2020-Q3,42.7,,
ESTAT:GOV_10Q_GGDEBT(1.0),22/04/26 11:00:00,Quarterly,Government consolidated gross debt,General government,Percentage of gross domestic product (GDP),Romania,2020-Q4,46.9,,
ESTAT:GOV_10Q_GGDEBT(1.0),22/04/26 11:00:00,Quarterly,Government consolidated gross debt,General government,Percentage of gross domestic product (GDP),Romania,2021-Q1,47.0,,
ESTAT:GOV_10Q_GGDEBT(1.0),22/04/26 11:00:00,Quarterly,Government consolidated gross debt,General government,Percentage of gross domestic product (GDP),Romania,2021-Q2,46.8,,
ESTAT:GOV_10Q_GGDEBT(1.0),22/04/26 11:00:00,Quarterly,Government consolidated gross debt,General government,Percentage of gross domestic product (GDP),Romania,2021-Q3,48.0,,
ESTAT:GOV_10Q_GGDEBT(1.0),22/04/26 11:00:00,Quarterly,Government consolidated gross debt,General government,Percentage of gross domestic product (GDP),Romania,2021-Q4,48.6,,
ESTAT:GOV_10Q_GGDEBT(1.0),22/04/26 11:00:00,Quarterly,Government consolidated gross debt,General government,Percentage of gross domestic product (GDP),Romania,2022-Q1,48.4,,
ESTAT:GOV_10Q_GGDEBT(1.0),22/04/26 11:00:00,Quarterly,Government consolidated gross debt,General government,Percentage of gross domestic product (GDP),Romania,2022-Q2,48.6,,
ESTAT:GOV_10Q_GGDEBT(1.0),22/04/26 11:00:00,Quarterly,Government consolidated gross debt,General government,Percentage of gross domestic product (GDP),Romania,2022-Q3,48.6,,
ESTAT:GOV_10Q_GGDEBT(1.0),22/04/26 11:00:00,Quarterly,Government consolidated gross debt,General government,Percentage of gross domestic product (GDP),Romania,2022-Q4,48.1,,
ESTAT:GOV_10Q_GGDEBT(1.0),22/04/26 11:00:00,Quarterly,Government consolidated gross debt,General government,Percentage of gross domestic product (GDP),Romania,2023-Q1,50.0,,
ESTAT:GOV_10Q_GGDEBT(1.0),22/04/26 11:00:00,Quarterly,Government consolidated gross debt,General government,Percentage of gross domestic product (GDP),Romania,2023-Q2,49.1,,
ESTAT:GOV_10Q_GGDEBT(1.0),22/04/26 11:00:00,Quarterly,Government consolidated gross debt,General government,Percentage of gross domestic product (GDP),Romania,2023-Q3,49.9,,
ESTAT:GOV_10Q_GGDEBT(1.0),22/04/26 11:00:00,Quarterly,Government consolidated gross debt,General government,Percentage of gross domestic product (GDP),Romania,2023-Q4,49.3,,
ESTAT:GOV_10Q_GGDEBT(1.0),22/04/26 11:00:00,Quarterly,Government consolidated gross debt,General government,Percentage of gross domestic product (GDP),Romania,2024-Q1,52.1,,
ESTAT:GOV_10Q_GGDEBT(1.0),22/04/26 11:00:00,Quarterly,Government consolidated gross debt,General government,Percentage of gross domestic product (GDP),Romania,2024-Q2,51.5,,
ESTAT:GOV_10Q_GGDEBT(1.0),22/04/26 11:00:00,Quarterly,Government consolidated gross debt,General government,Percentage of gross domestic product (GDP),Romania,2024-Q3,53.3,,
ESTAT:GOV_10Q_GGDEBT(1.0),22/04/26 11:00:00,Quarterly,Government consolidated gross debt,General government,Percentage of gross domestic product (GDP),Romania,2024-Q4,54.8,,
ESTAT:GOV_10Q_GGDEBT(1.0),22/04/26 11:00:00,Quarterly,Government consolidated gross debt,General government,Percentage of gross domestic product (GDP),Romania,2025-Q1,55.8,,
ESTAT:GOV_10Q_GGDEBT(1.0),22/04/26 11:00:00,Quarterly,Government consolidated gross debt,General government,Percentage of gross domestic product (GDP),Romania,2025-Q2,57.3,,
ESTAT:GOV_10Q_GGDEBT(1.0),22/04/26 11:00:00,Quarterly,Government consolidated gross debt,General government,Percentage of gross domestic product (GDP),Romania,2025-Q3,58.8,,
ESTAT:GOV_10Q_GGDEBT(1.0),22/04/26 11:00:00,Quarterly,Government consolidated gross debt,General government,Percentage of gross domestic product (GDP),Romania,2025-Q4,59.3,,
ESTAT:GOV_10Q_GGDEBT(1.0),22/04/26 11:00:00,Quarterly,Government consolidated gross debt,General government,Percentage of gross domestic product (GDP),Sweden,2017-Q3,40.4,,
ESTAT:GOV_10Q_GGDEBT(1.0),22/04/26 11:00:00,Quarterly,Government consolidated gross debt,General government,Percentage of gross domestic product (GDP),Sweden,2017-Q4,41.9,,
ESTAT:GOV_10Q_GGDEBT(1.0),22/04/26 11:00:00,Quarterly,Government consolidated gross debt,General government,Percentage of gross domestic product (GDP),Sweden,2018-Q1,39.9,,
ESTAT:GOV_10Q_GGDEBT(1.0),22/04/26 11:00:00,Quarterly,Government consolidated gross debt,General government,Percentage of gross domestic product (GDP),Sweden,2018-Q2,40.0,,
ESTAT:GOV_10Q_GGDEBT(1.0),22/04/26 11:00:00,Quarterly,Government consolidated gross debt,General government,Percentage of gross domestic product (GDP),Sweden,2018-Q3,39.7,,
ESTAT:GOV_10Q_GGDEBT(1.0),22/04/26 11:00:00,Quarterly,Government consolidated gross debt,General government,Percentage of gross domestic product (GDP),Sweden,2018-Q4,40.2,,
ESTAT:GOV_10Q_GGDEBT(1.0),22/04/26 11:00:00,Quarterly,Government consolidated gross debt,General government,Percentage of gross domestic product (GDP),Sweden,2019-Q1,37.9,,
ESTAT:GOV_10Q_GGDEBT(1.0),22/04/26 11:00:00,Quarterly,Government consolidated gross debt,General government,Percentage of gross domestic product (GDP),Sweden,2019-Q2,36.9,,
ESTAT:GOV_10Q_GGDEBT(1.0),22/04/26 11:00:00,Quarterly,Government consolidated gross debt,General government,Percentage of gross domestic product (GDP),Sweden,2019-Q3,36.3,,
ESTAT:GOV_10Q_GGDEBT(1.0),22/04/26 11:00:00,Quarterly,Government consolidated gross debt,General government,Percentage of gross domestic product (GDP),Sweden,2019-Q4,36.0,,
ESTAT:GOV_10Q_GGDEBT(1.0),22/04/26 11:00:00,Quarterly,Government consolidated gross debt,General government,Percentage of gross domestic product (GDP),Sweden,2020-Q1,36.7,,
ESTAT:GOV_10Q_GGDEBT(1.0),22/04/26 11:00:00,Quarterly,Government consolidated gross debt,General government,Percentage of gross domestic product (GDP),Sweden,2020-Q2,37.8,,
ESTAT:GOV_10Q_GGDEBT(1.0),22/04/26 11:00:00,Quarterly,Government consolidated gross debt,General government,Percentage of gross domestic product (GDP),Sweden,2020-Q3,39.0,,
ESTAT:GOV_10Q_GGDEBT(1.0),22/04/26 11:00:00,Quarterly,Government consolidated gross debt,General government,Percentage of gross domestic product (GDP),Sweden,2020-Q4,40.5,,
ESTAT:GOV_10Q_GGDEBT(1.0),22/04/26 11:00:00,Quarterly,Government consolidated gross debt,General government,Percentage of gross domestic product (GDP),Sweden,2021-Q1,40.5,,
ESTAT:GOV_10Q_GGDEBT(1.0),22/04/26 11:00:00,Quarterly,Government consolidated gross debt,General government,Percentage of gross domestic product (GDP),Sweden,2021-Q2,38.7,,
ESTAT:GOV_10Q_GGDEBT(1.0),22/04/26 11:00:00,Quarterly,Government consolidated gross debt,General government,Percentage of gross domestic product (GDP),Sweden,2021-Q3,37.1,,
ESTAT:GOV_10Q_GGDEBT(1.0),22/04/26 11:00:00,Quarterly,Government consolidated gross debt,General government,Percentage of gross domestic product (GDP),Sweden,2021-Q4,37.2,,
ESTAT:GOV_10Q_GGDEBT(1.0),22/04/26 11:00:00,Quarterly,Government consolidated gross debt,General government,Percentage of gross domestic product (GDP),Sweden,2022-Q1,36.0,,
ESTAT:GOV_10Q_GGDEBT(1.0),22/04/26 11:00:00,Quarterly,Government consolidated gross debt,General government,Percentage of gross domestic product (GDP),Sweden,2022-Q2,34.9,,
ESTAT:GOV_10Q_GGDEBT(1.0),22/04/26 11:00:00,Quarterly,Government consolidated gross debt,General government,Percentage of gross domestic product (GDP),Sweden,2022-Q3,35.2,,
ESTAT:GOV_10Q_GGDEBT(1.0),22/04/26 11:00:00,Quarterly,Government consolidated gross debt,General government,Percentage of gross domestic product (GDP),Sweden,2022-Q4,34.4,,
ESTAT:GOV_10Q_GGDEBT(1.0),22/04/26 11:00:00,Quarterly,Government consolidated gross debt,General government,Percentage of gross domestic product (GDP),Sweden,2023-Q1,33.2,,
ESTAT:GOV_10Q_GGDEBT(1.0),22/04/26 11:00:00,Quarterly,Government consolidated gross debt,General government,Percentage of gross domestic product (GDP),Sweden,2023-Q2,32.0,,
ESTAT:GOV_10Q_GGDEBT(1.0),22/04/26 11:00:00,Quarterly,Government consolidated gross debt,General government,Percentage of gross domestic product (GDP),Sweden,2023-Q3,31.1,,
ESTAT:GOV_10Q_GGDEBT(1.0),22/04/26 11:00:00,Quarterly,Government consolidated gross debt,General government,Percentage of gross domestic product (GDP),Sweden,2023-Q4,32.2,,
ESTAT:GOV_10Q_GGDEBT(1.0),22/04/26 11:00:00,Quarterly,Government consolidated gross debt,General government,Percentage of gross domestic product (GDP),Sweden,2024-Q1,31.8,,
ESTAT:GOV_10Q_GGDEBT(1.0),22/04/26 11:00:00,Quarterly,Government consolidated gross debt,General government,Percentage of gross domestic product (GDP),Sweden,2024-Q2,32.5,,
ESTAT:GOV_10Q_GGDEBT(1.0),22/04/26 11:00:00,Quarterly,Government consolidated gross debt,General government,Percentage of gross domestic product (GDP),Sweden,2024-Q3,32.5,,
ESTAT:GOV_10Q_GGDEBT(1.0),22/04/26 11:00:00,Quarterly,Government consolidated gross debt,General government,Percentage of gross domestic product (GDP),Sweden,2024-Q4,34.2,,
ESTAT:GOV_10Q_GGDEBT(1.0),22/04/26 11:00:00,Quarterly,Government consolidated gross debt,General government,Percentage of gross domestic product (GDP),Sweden,2025-Q1,33.6,,
ESTAT:GOV_10Q_GGDEBT(1.0),22/04/26 11:00:00,Quarterly,Government consolidated gross debt,General government,Percentage of gross domestic product (GDP),Sweden,2025-Q2,33.8,,
ESTAT:GOV_10Q_GGDEBT(1.0),22/04/26 11:00:00,Quarterly,Government consolidated gross debt,General government,Percentage of gross domestic product (GDP),Sweden,2025-Q3,33.2,,
ESTAT:GOV_10Q_GGDEBT(1.0),22/04/26 11:00:00,Quarterly,Government consolidated gross debt,General government,Percentage of gross domestic product (GDP),Sweden,2025-Q4,35.1,,
ESTAT:GOV_10Q_GGDEBT(1.0),22/04/26 11:00:00,Quarterly,Government consolidated gross debt,General government,Percentage of gross domestic product (GDP),Slovenia,2017-Q3,79.9,,
ESTAT:GOV_10Q_GGDEBT(1.0),22/04/26 11:00:00,Quarterly,Government consolidated gross debt,General government,Percentage of gross domestic product (GDP),Slovenia,2017-Q4,74.9,,
ESTAT:GOV_10Q_GGDEBT(1.0),22/04/26 11:00:00,Quarterly,Government consolidated gross debt,General government,Percentage of gross domestic product (GDP),Slovenia,2018-Q1,76.4,,
ESTAT:GOV_10Q_GGDEBT(1.0),22/04/26 11:00:00,Quarterly,Government consolidated gross debt,General government,Percentage of gross domestic product (GDP),Slovenia,2018-Q2,73.7,,
ESTAT:GOV_10Q_GGDEBT(1.0),22/04/26 11:00:00,Quarterly,Government consolidated gross debt,General government,Percentage of gross domestic product (GDP),Slovenia,2018-Q3,72.1,,
ESTAT:GOV_10Q_GGDEBT(1.0),22/04/26 11:00:00,Quarterly,Government consolidated gross debt,General government,Percentage of gross domestic product (GDP),Slovenia,2018-Q4,71.0,,
ESTAT:GOV_10Q_GGDEBT(1.0),22/04/26 11:00:00,Quarterly,Government consolidated gross debt,General government,Percentage of gross domestic product (GDP),Slovenia,2019-Q1,68.5,,
ESTAT:GOV_10Q_GGDEBT(1.0),22/04/26 11:00:00,Quarterly,Government consolidated gross debt,General government,Percentage of gross domestic product (GDP),Slovenia,2019-Q2,68.1,,
ESTAT:GOV_10Q_GGDEBT(1.0),22/04/26 11:00:00,Quarterly,Government consolidated gross debt,General government,Percentage of gross domestic product (GDP),Slovenia,2019-Q3,68.3,,
ESTAT:GOV_10Q_GGDEBT(1.0),22/04/26 11:00:00,Quarterly,Government consolidated gross debt,General government,Percentage of gross domestic product (GDP),Slovenia,2019-Q4,66.0,,
ESTAT:GOV_10Q_GGDEBT(1.0),22/04/26 11:00:00,Quarterly,Government consolidated gross debt,General government,Percentage of gross domestic product (GDP),Slovenia,2020-Q1,69.2,,
ESTAT:GOV_10Q_GGDEBT(1.0),22/04/26 11:00:00,Quarterly,Government consolidated gross debt,General government,Percentage of gross domestic product (GDP),Slovenia,2020-Q2,78.3,,
ESTAT:GOV_10Q_GGDEBT(1.0),22/04/26 11:00:00,Quarterly,Government consolidated gross debt,General government,Percentage of gross domestic product (GDP),Slovenia,2020-Q3,78.3,,
ESTAT:GOV_10Q_GGDEBT(1.0),22/04/26 11:00:00,Quarterly,Government consolidated gross debt,General government,Percentage of gross domestic product (GDP),Slovenia,2020-Q4,80.2,,
ESTAT:GOV_10Q_GGDEBT(1.0),22/04/26 11:00:00,Quarterly,Government consolidated gross debt,General government,Percentage of gross domestic product (GDP),Slovenia,2021-Q1,85.5,,
ESTAT:GOV_10Q_GGDEBT(1.0),22/04/26 11:00:00,Quarterly,Government consolidated gross debt,General government,Percentage of gross domestic product (GDP),Slovenia,2021-Q2,80.4,,
ESTAT:GOV_10Q_GGDEBT(1.0),22/04/26 11:00:00,Quarterly,Government consolidated gross debt,General government,Percentage of gross domestic product (GDP),Slovenia,2021-Q3,79.7,,
ESTAT:GOV_10Q_GGDEBT(1.0),22/04/26 11:00:00,Quarterly,Government consolidated gross debt,General government,Percentage of gross domestic product (GDP),Slovenia,2021-Q4,74.8,,
ESTAT:GOV_10Q_GGDEBT(1.0),22/04/26 11:00:00,Quarterly,Government consolidated gross debt,General government,Percentage of gross domestic product (GDP),Slovenia,2022-Q1,75.9,,
ESTAT:GOV_10Q_GGDEBT(1.0),22/04/26 11:00:00,Quarterly,Government consolidated gross debt,General government,Percentage of gross domestic product (GDP),Slovenia,2022-Q2,75.6,,
ESTAT:GOV_10Q_GGDEBT(1.0),22/04/26 11:00:00,Quarterly,Government consolidated gross debt,General government,Percentage of gross domestic product (GDP),Slovenia,2022-Q3,75.1,,
ESTAT:GOV_10Q_GGDEBT(1.0),22/04/26 11:00:00,Quarterly,Government consolidated gross debt,General government,Percentage of gross domestic product (GDP),Slovenia,2022-Q4,72.8,,
ESTAT:GOV_10Q_GGDEBT(1.0),22/04/26 11:00:00,Quarterly,Government consolidated gross debt,General government,Percentage of gross domestic product (GDP),Slovenia,2023-Q1,72.0,,
ESTAT:GOV_10Q_GGDEBT(1.0),22/04/26 11:00:00,Quarterly,Government consolidated gross debt,General government,Percentage of gross domestic product (GDP),Slovenia,2023-Q2,70.1,,
ESTAT:GOV_10Q_GGDEBT(1.0),22/04/26 11:00:00,Quarterly,Government consolidated gross debt,General government,Percentage of gross domestic product (GDP),Slovenia,2023-Q3,71.0,,
ESTAT:GOV_10Q_GGDEBT(1.0),22/04/26 11:00:00,Quarterly,Government consolidated gross debt,General government,Percentage of gross domestic product (GDP),Slovenia,2023-Q4,68.3,,
ESTAT:GOV_10Q_GGDEBT(1.0),22/04/26 11:00:00,Quarterly,Government consolidated gross debt,General government,Percentage of gross domestic product (GDP),Slovenia,2024-Q1,69.7,,
ESTAT:GOV_10Q_GGDEBT(1.0),22/04/26 11:00:00,Quarterly,Government consolidated gross debt,General government,Percentage of gross domestic product (GDP),Slovenia,2024-Q2,68.9,,
ESTAT:GOV_10Q_GGDEBT(1.0),22/04/26 11:00:00,Quarterly,Government consolidated gross debt,General government,Percentage of gross domestic product (GDP),Slovenia,2024-Q3,66.1,,
ESTAT:GOV_10Q_GGDEBT(1.0),22/04/26 11:00:00,Quarterly,Government consolidated gross debt,General government,Percentage of gross domestic product (GDP),Slovenia,2024-Q4,66.4,,
ESTAT:GOV_10Q_GGDEBT(1.0),22/04/26 11:00:00,Quarterly,Government consolidated gross debt,General government,Percentage of gross domestic product (GDP),Slovenia,2025-Q1,69.6,,
ESTAT:GOV_10Q_GGDEBT(1.0),22/04/26 11:00:00,Quarterly,Government consolidated gross debt,General government,Percentage of gross domestic product (GDP),Slovenia,2025-Q2,69.5,,
ESTAT:GOV_10Q_GGDEBT(1.0),22/04/26 11:00:00,Quarterly,Government consolidated gross debt,General government,Percentage of gross domestic product (GDP),Slovenia,2025-Q3,67.7,,
ESTAT:GOV_10Q_GGDEBT(1.0),22/04/26 11:00:00,Quarterly,Government consolidated gross debt,General government,Percentage of gross domestic product (GDP),Slovenia,2025-Q4,65.7,,
ESTAT:GOV_10Q_GGDEBT(1.0),22/04/26 11:00:00,Quarterly,Government consolidated gross debt,General government,Percentage of gross domestic product (GDP),Slovakia,2017-Q3,51.7,,
ESTAT:GOV_10Q_GGDEBT(1.0),22/04/26 11:00:00,Quarterly,Government consolidated gross debt,General government,Percentage of gross domestic product (GDP),Slovakia,2017-Q4,51.4,,
ESTAT:GOV_10Q_GGDEBT(1.0),22/04/26 11:00:00,Quarterly,Government consolidated gross debt,General government,Percentage of gross domestic product (GDP),Slovakia,2018-Q1,51.3,,
ESTAT:GOV_10Q_GGDEBT(1.0),22/04/26 11:00:00,Quarterly,Government consolidated gross debt,General government,Percentage of gross domestic product (GDP),Slovakia,2018-Q2,52.3,,
ESTAT:GOV_10Q_GGDEBT(1.0),22/04/26 11:00:00,Quarterly,Government consolidated gross debt,General government,Percentage of gross domestic product (GDP),Slovakia,2018-Q3,51.9,,
ESTAT:GOV_10Q_GGDEBT(1.0),22/04/26 11:00:00,Quarterly,Government consolidated gross debt,General government,Percentage of gross domestic product (GDP),Slovakia,2018-Q4,49.3,,
ESTAT:GOV_10Q_GGDEBT(1.0),22/04/26 11:00:00,Quarterly,Government consolidated gross debt,General government,Percentage of gross domestic product (GDP),Slovakia,2019-Q1,49.2,,
ESTAT:GOV_10Q_GGDEBT(1.0),22/04/26 11:00:00,Quarterly,Government consolidated gross debt,General government,Percentage of gross domestic product (GDP),Slovakia,2019-Q2,48.6,,
ESTAT:GOV_10Q_GGDEBT(1.0),22/04/26 11:00:00,Quarterly,Government consolidated gross debt,General government,Percentage of gross domestic product (GDP),Slovakia,2019-Q3,48.4,,
ESTAT:GOV_10Q_GGDEBT(1.0),22/04/26 11:00:00,Quarterly,Government consolidated gross debt,General government,Percentage of gross domestic product (GDP),Slovakia,2019-Q4,48.0,,
ESTAT:GOV_10Q_GGDEBT(1.0),22/04/26 11:00:00,Quarterly,Government consolidated gross debt,General government,Percentage of gross domestic product (GDP),Slovakia,2020-Q1,49.0,,
ESTAT:GOV_10Q_GGDEBT(1.0),22/04/26 11:00:00,Quarterly,Government consolidated gross debt,General government,Percentage of gross domestic product (GDP),Slovakia,2020-Q2,58.9,,
ESTAT:GOV_10Q_GGDEBT(1.0),22/04/26 11:00:00,Quarterly,Government consolidated gross debt,General government,Percentage of gross domestic product (GDP),Slovakia,2020-Q3,58.9,,
ESTAT:GOV_10Q_GGDEBT(1.0),22/04/26 11:00:00,Quarterly,Government consolidated gross debt,General government,Percentage of gross domestic product (GDP),Slovakia,2020-Q4,58.4,,
ESTAT:GOV_10Q_GGDEBT(1.0),22/04/26 11:00:00,Quarterly,Government consolidated gross debt,General government,Percentage of gross domestic product (GDP),Slovakia,2021-Q1,58.2,,
ESTAT:GOV_10Q_GGDEBT(1.0),22/04/26 11:00:00,Quarterly,Government consolidated gross debt,General government,Percentage of gross domestic product (GDP),Slovakia,2021-Q2,59.0,,
ESTAT:GOV_10Q_GGDEBT(1.0),22/04/26 11:00:00,Quarterly,Government consolidated gross debt,General government,Percentage of gross domestic product (GDP),Slovakia,2021-Q3,58.8,,
ESTAT:GOV_10Q_GGDEBT(1.0),22/04/26 11:00:00,Quarterly,Government consolidated gross debt,General government,Percentage of gross domestic product (GDP),Slovakia,2021-Q4,60.2,,
ESTAT:GOV_10Q_GGDEBT(1.0),22/04/26 11:00:00,Quarterly,Government consolidated gross debt,General government,Percentage of gross domestic product (GDP),Slovakia,2022-Q1,59.8,,
ESTAT:GOV_10Q_GGDEBT(1.0),22/04/26 11:00:00,Quarterly,Government consolidated gross debt,General government,Percentage of gross domestic product (GDP),Slovakia,2022-Q2,58.8,,
ESTAT:GOV_10Q_GGDEBT(1.0),22/04/26 11:00:00,Quarterly,Government consolidated gross debt,General government,Percentage of gross domestic product (GDP),Slovakia,2022-Q3,57.3,,
ESTAT:GOV_10Q_GGDEBT(1.0),22/04/26 11:00:00,Quarterly,Government consolidated gross debt,General government,Percentage of gross domestic product (GDP),Slovakia,2022-Q4,57.8,,
ESTAT:GOV_10Q_GGDEBT(1.0),22/04/26 11:00:00,Quarterly,Government consolidated gross debt,General government,Percentage of gross domestic product (GDP),Slovakia,2023-Q1,57.8,,
ESTAT:GOV_10Q_GGDEBT(1.0),22/04/26 11:00:00,Quarterly,Government consolidated gross debt,General government,Percentage of gross domestic product (GDP),Slovakia,2023-Q2,59.3,,
ESTAT:GOV_10Q_GGDEBT(1.0),22/04/26 11:00:00,Quarterly,Government consolidated gross debt,General government,Percentage of gross domestic product (GDP),Slovakia,2023-Q3,58.1,,
ESTAT:GOV_10Q_GGDEBT(1.0),22/04/26 11:00:00,Quarterly,Government consolidated gross debt,General government,Percentage of gross domestic product (GDP),Slovakia,2023-Q4,55.8,,
ESTAT:GOV_10Q_GGDEBT(1.0),22/04/26 11:00:00,Quarterly,Government consolidated gross debt,General government,Percentage of gross domestic product (GDP),Slovakia,2024-Q1,60.3,,
ESTAT:GOV_10Q_GGDEBT(1.0),22/04/26 11:00:00,Quarterly,Government consolidated gross debt,General government,Percentage of gross domestic product (GDP),Slovakia,2024-Q2,60.2,,
ESTAT:GOV_10Q_GGDEBT(1.0),22/04/26 11:00:00,Quarterly,Government consolidated gross debt,General government,Percentage of gross domestic product (GDP),Slovakia,2024-Q3,60.1,,
ESTAT:GOV_10Q_GGDEBT(1.0),22/04/26 11:00:00,Quarterly,Government consolidated gross debt,General government,Percentage of gross domestic product (GDP),Slovakia,2024-Q4,59.7,,
ESTAT:GOV_10Q_GGDEBT(1.0),22/04/26 11:00:00,Quarterly,Government consolidated gross debt,General government,Percentage of gross domestic product (GDP),Slovakia,2025-Q1,63.2,,
ESTAT:GOV_10Q_GGDEBT(1.0),22/04/26 11:00:00,Quarterly,Government consolidated gross debt,General government,Percentage of gross domestic product (GDP),Slovakia,2025-Q2,62.9,,
ESTAT:GOV_10Q_GGDEBT(1.0),22/04/26 11:00:00,Quarterly,Government consolidated gross debt,General government,Percentage of gross domestic product (GDP),Slovakia,2025-Q3,62.3,,
ESTAT:GOV_10Q_GGDEBT(1.0),22/04/26 11:00:00,Quarterly,Government consolidated gross debt,General government,Percentage of gross domestic product (GDP),Slovakia,2025-Q4,61.4,,
