theme,sub_theme,topic,geography_type,geography,metric,sex,age,stratum,year,date,metric_value,in_reporting_delay_period
infectious_disease,respiratory,COVID-19,Nation,England,COVID-19_healthcare_occupiedBedsByDay,all,all,default,2026,2026-04-30,230.0000,False
infectious_disease,respiratory,COVID-19,Nation,England,COVID-19_healthcare_occupiedBedsByDay,all,all,default,2026,2026-04-29,232.0000,False
infectious_disease,respiratory,COVID-19,Nation,England,COVID-19_healthcare_occupiedBedsByDay,all,all,default,2026,2026-04-28,231.0000,False
infectious_disease,respiratory,COVID-19,Nation,England,COVID-19_healthcare_occupiedBedsByDay,all,all,default,2026,2026-04-27,210.0000,False
infectious_disease,respiratory,COVID-19,Nation,England,COVID-19_healthcare_occupiedBedsByDay,all,all,default,2026,2026-04-26,234.0000,False
infectious_disease,respiratory,COVID-19,Nation,England,COVID-19_healthcare_occupiedBedsByDay,all,all,default,2026,2026-04-25,245.0000,False
infectious_disease,respiratory,COVID-19,Nation,England,COVID-19_healthcare_occupiedBedsByDay,all,all,default,2026,2026-04-24,246.0000,False
infectious_disease,respiratory,COVID-19,Nation,England,COVID-19_healthcare_occupiedBedsByDay,all,all,default,2026,2026-04-23,239.0000,False
infectious_disease,respiratory,COVID-19,Nation,England,COVID-19_healthcare_occupiedBedsByDay,all,all,default,2026,2026-04-22,241.0000,False
infectious_disease,respiratory,COVID-19,Nation,England,COVID-19_healthcare_occupiedBedsByDay,all,all,default,2026,2026-04-21,246.0000,False
infectious_disease,respiratory,COVID-19,Nation,England,COVID-19_healthcare_occupiedBedsByDay,all,all,default,2026,2026-04-20,268.0000,False
infectious_disease,respiratory,COVID-19,Nation,England,COVID-19_healthcare_occupiedBedsByDay,all,all,default,2026,2026-04-19,273.0000,False
infectious_disease,respiratory,COVID-19,Nation,England,COVID-19_healthcare_occupiedBedsByDay,all,all,default,2026,2026-04-18,296.0000,False
infectious_disease,respiratory,COVID-19,Nation,England,COVID-19_healthcare_occupiedBedsByDay,all,all,default,2026,2026-04-17,283.0000,False
infectious_disease,respiratory,COVID-19,Nation,England,COVID-19_healthcare_occupiedBedsByDay,all,all,default,2026,2026-04-16,296.0000,False
infectious_disease,respiratory,COVID-19,Nation,England,COVID-19_healthcare_occupiedBedsByDay,all,all,default,2026,2026-04-15,305.0000,False
infectious_disease,respiratory,COVID-19,Nation,England,COVID-19_healthcare_occupiedBedsByDay,all,all,default,2026,2026-04-14,298.0000,False
infectious_disease,respiratory,COVID-19,Nation,England,COVID-19_healthcare_occupiedBedsByDay,all,all,default,2026,2026-04-13,312.0000,False
infectious_disease,respiratory,COVID-19,Nation,England,COVID-19_healthcare_occupiedBedsByDay,all,all,default,2026,2026-04-12,348.0000,False
infectious_disease,respiratory,COVID-19,Nation,England,COVID-19_healthcare_occupiedBedsByDay,all,all,default,2026,2026-04-11,335.0000,False
infectious_disease,respiratory,COVID-19,Nation,England,COVID-19_healthcare_occupiedBedsByDay,all,all,default,2026,2026-04-10,309.0000,False
infectious_disease,respiratory,COVID-19,Nation,England,COVID-19_healthcare_occupiedBedsByDay,all,all,default,2026,2026-04-09,315.0000,False
infectious_disease,respiratory,COVID-19,Nation,England,COVID-19_healthcare_occupiedBedsByDay,all,all,default,2026,2026-04-08,315.0000,False
infectious_disease,respiratory,COVID-19,Nation,England,COVID-19_healthcare_occupiedBedsByDay,all,all,default,2026,2026-04-07,324.0000,False
infectious_disease,respiratory,COVID-19,Nation,England,COVID-19_healthcare_occupiedBedsByDay,all,all,default,2026,2026-04-06,325.0000,False
infectious_disease,respiratory,COVID-19,Nation,England,COVID-19_healthcare_occupiedBedsByDay,all,all,default,2026,2026-04-05,332.0000,False
infectious_disease,respiratory,COVID-19,Nation,England,COVID-19_healthcare_occupiedBedsByDay,all,all,default,2026,2026-04-04,325.0000,False
infectious_disease,respiratory,COVID-19,Nation,England,COVID-19_healthcare_occupiedBedsByDay,all,all,default,2026,2026-04-03,301.0000,False
infectious_disease,respiratory,COVID-19,Nation,England,COVID-19_healthcare_occupiedBedsByDay,all,all,default,2026,2026-04-02,322.0000,False
infectious_disease,respiratory,COVID-19,Nation,England,COVID-19_healthcare_occupiedBedsByDay,all,all,default,2026,2026-04-01,334.0000,False
infectious_disease,respiratory,COVID-19,Nation,England,COVID-19_healthcare_occupiedBedsByDay,all,all,default,2026,2026-03-31,338.0000,False
infectious_disease,respiratory,COVID-19,Nation,England,COVID-19_healthcare_occupiedBedsByDay,all,all,default,2026,2026-03-30,365.0000,False
infectious_disease,respiratory,COVID-19,Nation,England,COVID-19_healthcare_occupiedBedsByDay,all,all,default,2026,2026-03-29,376.0000,False
infectious_disease,respiratory,COVID-19,Nation,England,COVID-19_healthcare_occupiedBedsByDay,all,all,default,2026,2026-03-28,394.0000,False
infectious_disease,respiratory,COVID-19,Nation,England,COVID-19_healthcare_occupiedBedsByDay,all,all,default,2026,2026-03-27,403.0000,False
infectious_disease,respiratory,COVID-19,Nation,England,COVID-19_healthcare_occupiedBedsByDay,all,all,default,2026,2026-03-26,401.0000,False
infectious_disease,respiratory,COVID-19,Nation,England,COVID-19_healthcare_occupiedBedsByDay,all,all,default,2026,2026-03-25,409.0000,False
infectious_disease,respiratory,COVID-19,Nation,England,COVID-19_healthcare_occupiedBedsByDay,all,all,default,2026,2026-03-24,397.0000,False
infectious_disease,respiratory,COVID-19,Nation,England,COVID-19_healthcare_occupiedBedsByDay,all,all,default,2026,2026-03-23,406.0000,False
infectious_disease,respiratory,COVID-19,Nation,England,COVID-19_healthcare_occupiedBedsByDay,all,all,default,2026,2026-03-22,405.0000,False
infectious_disease,respiratory,COVID-19,Nation,England,COVID-19_healthcare_occupiedBedsByDay,all,all,default,2026,2026-03-21,419.0000,False
infectious_disease,respiratory,COVID-19,Nation,England,COVID-19_healthcare_occupiedBedsByDay,all,all,default,2026,2026-03-20,409.0000,False
infectious_disease,respiratory,COVID-19,Nation,England,COVID-19_healthcare_occupiedBedsByDay,all,all,default,2026,2026-03-19,418.0000,False
infectious_disease,respiratory,COVID-19,Nation,England,COVID-19_healthcare_occupiedBedsByDay,all,all,default,2026,2026-03-18,404.0000,False
infectious_disease,respiratory,COVID-19,Nation,England,COVID-19_healthcare_occupiedBedsByDay,all,all,default,2026,2026-03-17,432.0000,False
infectious_disease,respiratory,COVID-19,Nation,England,COVID-19_healthcare_occupiedBedsByDay,all,all,default,2026,2026-03-16,450.0000,False
infectious_disease,respiratory,COVID-19,Nation,England,COVID-19_healthcare_occupiedBedsByDay,all,all,default,2026,2026-03-15,481.0000,False
infectious_disease,respiratory,COVID-19,Nation,England,COVID-19_healthcare_occupiedBedsByDay,all,all,default,2026,2026-03-14,483.0000,False
infectious_disease,respiratory,COVID-19,Nation,England,COVID-19_healthcare_occupiedBedsByDay,all,all,default,2026,2026-03-13,452.0000,False
infectious_disease,respiratory,COVID-19,Nation,England,COVID-19_healthcare_occupiedBedsByDay,all,all,default,2026,2026-03-12,461.0000,False
infectious_disease,respiratory,COVID-19,Nation,England,COVID-19_healthcare_occupiedBedsByDay,all,all,default,2026,2026-03-11,485.0000,False
infectious_disease,respiratory,COVID-19,Nation,England,COVID-19_healthcare_occupiedBedsByDay,all,all,default,2026,2026-03-10,482.0000,False
infectious_disease,respiratory,COVID-19,Nation,England,COVID-19_healthcare_occupiedBedsByDay,all,all,default,2026,2026-03-09,479.0000,False
infectious_disease,respiratory,COVID-19,Nation,England,COVID-19_healthcare_occupiedBedsByDay,all,all,default,2026,2026-03-08,508.0000,False
infectious_disease,respiratory,COVID-19,Nation,England,COVID-19_healthcare_occupiedBedsByDay,all,all,default,2026,2026-03-07,509.0000,False
infectious_disease,respiratory,COVID-19,Nation,England,COVID-19_healthcare_occupiedBedsByDay,all,all,default,2026,2026-03-06,483.0000,False
infectious_disease,respiratory,COVID-19,Nation,England,COVID-19_healthcare_occupiedBedsByDay,all,all,default,2026,2026-03-05,504.0000,False
infectious_disease,respiratory,COVID-19,Nation,England,COVID-19_healthcare_occupiedBedsByDay,all,all,default,2026,2026-03-04,493.0000,False
infectious_disease,respiratory,COVID-19,Nation,England,COVID-19_healthcare_occupiedBedsByDay,all,all,default,2026,2026-03-03,528.0000,False
infectious_disease,respiratory,COVID-19,Nation,England,COVID-19_healthcare_occupiedBedsByDay,all,all,default,2026,2026-03-02,536.0000,False
infectious_disease,respiratory,COVID-19,Nation,England,COVID-19_healthcare_occupiedBedsByDay,all,all,default,2026,2026-03-01,565.0000,False
infectious_disease,respiratory,COVID-19,Nation,England,COVID-19_healthcare_occupiedBedsByDay,all,all,default,2026,2026-02-28,572.0000,False
infectious_disease,respiratory,COVID-19,Nation,England,COVID-19_healthcare_occupiedBedsByDay,all,all,default,2026,2026-02-27,545.0000,False
infectious_disease,respiratory,COVID-19,Nation,England,COVID-19_healthcare_occupiedBedsByDay,all,all,default,2026,2026-02-26,550.0000,False
infectious_disease,respiratory,COVID-19,Nation,England,COVID-19_healthcare_occupiedBedsByDay,all,all,default,2026,2026-02-25,545.0000,False
infectious_disease,respiratory,COVID-19,Nation,England,COVID-19_healthcare_occupiedBedsByDay,all,all,default,2026,2026-02-24,612.0000,False
infectious_disease,respiratory,COVID-19,Nation,England,COVID-19_healthcare_occupiedBedsByDay,all,all,default,2026,2026-02-23,545.0000,False
infectious_disease,respiratory,COVID-19,Nation,England,COVID-19_healthcare_occupiedBedsByDay,all,all,default,2026,2026-02-22,558.0000,False
infectious_disease,respiratory,COVID-19,Nation,England,COVID-19_healthcare_occupiedBedsByDay,all,all,default,2026,2026-02-21,543.0000,False
infectious_disease,respiratory,COVID-19,Nation,England,COVID-19_healthcare_occupiedBedsByDay,all,all,default,2026,2026-02-20,549.0000,False
infectious_disease,respiratory,COVID-19,Nation,England,COVID-19_healthcare_occupiedBedsByDay,all,all,default,2026,2026-02-19,547.0000,False
infectious_disease,respiratory,COVID-19,Nation,England,COVID-19_healthcare_occupiedBedsByDay,all,all,default,2026,2026-02-18,527.0000,False
infectious_disease,respiratory,COVID-19,Nation,England,COVID-19_healthcare_occupiedBedsByDay,all,all,default,2026,2026-02-17,522.0000,False
infectious_disease,respiratory,COVID-19,Nation,England,COVID-19_healthcare_occupiedBedsByDay,all,all,default,2026,2026-02-16,542.0000,False
infectious_disease,respiratory,COVID-19,Nation,England,COVID-19_healthcare_occupiedBedsByDay,all,all,default,2026,2026-02-15,572.0000,False
infectious_disease,respiratory,COVID-19,Nation,England,COVID-19_healthcare_occupiedBedsByDay,all,all,default,2026,2026-02-14,565.0000,False
infectious_disease,respiratory,COVID-19,Nation,England,COVID-19_healthcare_occupiedBedsByDay,all,all,default,2026,2026-02-13,551.0000,False
infectious_disease,respiratory,COVID-19,Nation,England,COVID-19_healthcare_occupiedBedsByDay,all,all,default,2026,2026-02-12,564.0000,False
infectious_disease,respiratory,COVID-19,Nation,England,COVID-19_healthcare_occupiedBedsByDay,all,all,default,2026,2026-02-11,563.0000,False
infectious_disease,respiratory,COVID-19,Nation,England,COVID-19_healthcare_occupiedBedsByDay,all,all,default,2026,2026-02-10,583.0000,False
infectious_disease,respiratory,COVID-19,Nation,England,COVID-19_healthcare_occupiedBedsByDay,all,all,default,2026,2026-02-09,591.0000,False
infectious_disease,respiratory,COVID-19,Nation,England,COVID-19_healthcare_occupiedBedsByDay,all,all,default,2026,2026-02-08,609.0000,False
infectious_disease,respiratory,COVID-19,Nation,England,COVID-19_healthcare_occupiedBedsByDay,all,all,default,2026,2026-02-07,583.0000,False
infectious_disease,respiratory,COVID-19,Nation,England,COVID-19_healthcare_occupiedBedsByDay,all,all,default,2026,2026-02-06,570.0000,False
infectious_disease,respiratory,COVID-19,Nation,England,COVID-19_healthcare_occupiedBedsByDay,all,all,default,2026,2026-02-05,565.0000,False
infectious_disease,respiratory,COVID-19,Nation,England,COVID-19_healthcare_occupiedBedsByDay,all,all,default,2026,2026-02-04,557.0000,False
infectious_disease,respiratory,COVID-19,Nation,England,COVID-19_healthcare_occupiedBedsByDay,all,all,default,2026,2026-02-03,579.0000,False
infectious_disease,respiratory,COVID-19,Nation,England,COVID-19_healthcare_occupiedBedsByDay,all,all,default,2026,2026-02-02,606.0000,False
infectious_disease,respiratory,COVID-19,Nation,England,COVID-19_healthcare_occupiedBedsByDay,all,all,default,2026,2026-02-01,594.0000,False
infectious_disease,respiratory,COVID-19,Nation,England,COVID-19_healthcare_occupiedBedsByDay,all,all,default,2026,2026-01-31,617.0000,False
infectious_disease,respiratory,COVID-19,Nation,England,COVID-19_healthcare_occupiedBedsByDay,all,all,default,2026,2026-01-30,618.0000,False
infectious_disease,respiratory,COVID-19,Nation,England,COVID-19_healthcare_occupiedBedsByDay,all,all,default,2026,2026-01-29,633.0000,False
infectious_disease,respiratory,COVID-19,Nation,England,COVID-19_healthcare_occupiedBedsByDay,all,all,default,2026,2026-01-28,640.0000,False
infectious_disease,respiratory,COVID-19,Nation,England,COVID-19_healthcare_occupiedBedsByDay,all,all,default,2026,2026-01-27,648.0000,False
infectious_disease,respiratory,COVID-19,Nation,England,COVID-19_healthcare_occupiedBedsByDay,all,all,default,2026,2026-01-26,661.0000,False
infectious_disease,respiratory,COVID-19,Nation,England,COVID-19_healthcare_occupiedBedsByDay,all,all,default,2026,2026-01-25,652.0000,False
infectious_disease,respiratory,COVID-19,Nation,England,COVID-19_healthcare_occupiedBedsByDay,all,all,default,2026,2026-01-24,632.0000,False
infectious_disease,respiratory,COVID-19,Nation,England,COVID-19_healthcare_occupiedBedsByDay,all,all,default,2026,2026-01-23,637.0000,False
infectious_disease,respiratory,COVID-19,Nation,England,COVID-19_healthcare_occupiedBedsByDay,all,all,default,2026,2026-01-22,622.0000,False
infectious_disease,respiratory,COVID-19,Nation,England,COVID-19_healthcare_occupiedBedsByDay,all,all,default,2026,2026-01-21,653.0000,False
infectious_disease,respiratory,COVID-19,Nation,England,COVID-19_healthcare_occupiedBedsByDay,all,all,default,2026,2026-01-20,645.0000,False
infectious_disease,respiratory,COVID-19,Nation,England,COVID-19_healthcare_occupiedBedsByDay,all,all,default,2026,2026-01-19,670.0000,False
infectious_disease,respiratory,COVID-19,Nation,England,COVID-19_healthcare_occupiedBedsByDay,all,all,default,2026,2026-01-18,667.0000,False
infectious_disease,respiratory,COVID-19,Nation,England,COVID-19_healthcare_occupiedBedsByDay,all,all,default,2026,2026-01-17,670.0000,False
infectious_disease,respiratory,COVID-19,Nation,England,COVID-19_healthcare_occupiedBedsByDay,all,all,default,2026,2026-01-16,649.0000,False
infectious_disease,respiratory,COVID-19,Nation,England,COVID-19_healthcare_occupiedBedsByDay,all,all,default,2026,2026-01-15,660.0000,False
infectious_disease,respiratory,COVID-19,Nation,England,COVID-19_healthcare_occupiedBedsByDay,all,all,default,2026,2026-01-14,661.0000,False
infectious_disease,respiratory,COVID-19,Nation,England,COVID-19_healthcare_occupiedBedsByDay,all,all,default,2026,2026-01-13,651.0000,False
infectious_disease,respiratory,COVID-19,Nation,England,COVID-19_healthcare_occupiedBedsByDay,all,all,default,2026,2026-01-12,652.0000,False
infectious_disease,respiratory,COVID-19,Nation,England,COVID-19_healthcare_occupiedBedsByDay,all,all,default,2026,2026-01-11,666.0000,False
infectious_disease,respiratory,COVID-19,Nation,England,COVID-19_healthcare_occupiedBedsByDay,all,all,default,2026,2026-01-10,685.0000,False
infectious_disease,respiratory,COVID-19,Nation,England,COVID-19_healthcare_occupiedBedsByDay,all,all,default,2026,2026-01-09,681.0000,False
infectious_disease,respiratory,COVID-19,Nation,England,COVID-19_healthcare_occupiedBedsByDay,all,all,default,2026,2026-01-08,662.0000,False
infectious_disease,respiratory,COVID-19,Nation,England,COVID-19_healthcare_occupiedBedsByDay,all,all,default,2026,2026-01-07,652.0000,False
infectious_disease,respiratory,COVID-19,Nation,England,COVID-19_healthcare_occupiedBedsByDay,all,all,default,2026,2026-01-06,645.0000,False
infectious_disease,respiratory,COVID-19,Nation,England,COVID-19_healthcare_occupiedBedsByDay,all,all,default,2026,2026-01-05,679.0000,False
infectious_disease,respiratory,COVID-19,Nation,England,COVID-19_healthcare_occupiedBedsByDay,all,all,default,2026,2026-01-04,680.0000,False
infectious_disease,respiratory,COVID-19,Nation,England,COVID-19_healthcare_occupiedBedsByDay,all,all,default,2026,2026-01-03,694.0000,False
infectious_disease,respiratory,COVID-19,Nation,England,COVID-19_healthcare_occupiedBedsByDay,all,all,default,2026,2026-01-02,659.0000,False
infectious_disease,respiratory,COVID-19,Nation,England,COVID-19_healthcare_occupiedBedsByDay,all,all,default,2026,2026-01-01,674.0000,False
infectious_disease,respiratory,COVID-19,Nation,England,COVID-19_healthcare_occupiedBedsByDay,all,all,default,2025,2025-12-31,644.0000,False
infectious_disease,respiratory,COVID-19,Nation,England,COVID-19_healthcare_occupiedBedsByDay,all,all,default,2025,2025-12-30,629.0000,False
infectious_disease,respiratory,COVID-19,Nation,England,COVID-19_healthcare_occupiedBedsByDay,all,all,default,2025,2025-12-29,632.0000,False
infectious_disease,respiratory,COVID-19,Nation,England,COVID-19_healthcare_occupiedBedsByDay,all,all,default,2025,2025-12-28,633.0000,False
infectious_disease,respiratory,COVID-19,Nation,England,COVID-19_healthcare_occupiedBedsByDay,all,all,default,2025,2025-12-27,615.0000,False
infectious_disease,respiratory,COVID-19,Nation,England,COVID-19_healthcare_occupiedBedsByDay,all,all,default,2025,2025-12-26,595.0000,False
infectious_disease,respiratory,COVID-19,Nation,England,COVID-19_healthcare_occupiedBedsByDay,all,all,default,2025,2025-12-25,565.0000,False
infectious_disease,respiratory,COVID-19,Nation,England,COVID-19_healthcare_occupiedBedsByDay,all,all,default,2025,2025-12-24,609.0000,False
infectious_disease,respiratory,COVID-19,Nation,England,COVID-19_healthcare_occupiedBedsByDay,all,all,default,2025,2025-12-23,617.0000,False
infectious_disease,respiratory,COVID-19,Nation,England,COVID-19_healthcare_occupiedBedsByDay,all,all,default,2025,2025-12-22,625.0000,False
infectious_disease,respiratory,COVID-19,Nation,England,COVID-19_healthcare_occupiedBedsByDay,all,all,default,2025,2025-12-21,664.0000,False
infectious_disease,respiratory,COVID-19,Nation,England,COVID-19_healthcare_occupiedBedsByDay,all,all,default,2025,2025-12-20,669.0000,False
infectious_disease,respiratory,COVID-19,Nation,England,COVID-19_healthcare_occupiedBedsByDay,all,all,default,2025,2025-12-19,683.0000,False
infectious_disease,respiratory,COVID-19,Nation,England,COVID-19_healthcare_occupiedBedsByDay,all,all,default,2025,2025-12-18,711.0000,False
infectious_disease,respiratory,COVID-19,Nation,England,COVID-19_healthcare_occupiedBedsByDay,all,all,default,2025,2025-12-17,731.0000,False
infectious_disease,respiratory,COVID-19,Nation,England,COVID-19_healthcare_occupiedBedsByDay,all,all,default,2025,2025-12-16,729.0000,False
infectious_disease,respiratory,COVID-19,Nation,England,COVID-19_healthcare_occupiedBedsByDay,all,all,default,2025,2025-12-15,759.0000,False
infectious_disease,respiratory,COVID-19,Nation,England,COVID-19_healthcare_occupiedBedsByDay,all,all,default,2025,2025-12-14,764.0000,False
infectious_disease,respiratory,COVID-19,Nation,England,COVID-19_healthcare_occupiedBedsByDay,all,all,default,2025,2025-12-13,751.0000,False
infectious_disease,respiratory,COVID-19,Nation,England,COVID-19_healthcare_occupiedBedsByDay,all,all,default,2025,2025-12-12,775.0000,False
infectious_disease,respiratory,COVID-19,Nation,England,COVID-19_healthcare_occupiedBedsByDay,all,all,default,2025,2025-12-11,795.0000,False
infectious_disease,respiratory,COVID-19,Nation,England,COVID-19_healthcare_occupiedBedsByDay,all,all,default,2025,2025-12-10,817.0000,False
infectious_disease,respiratory,COVID-19,Nation,England,COVID-19_healthcare_occupiedBedsByDay,all,all,default,2025,2025-12-09,808.0000,False
infectious_disease,respiratory,COVID-19,Nation,England,COVID-19_healthcare_occupiedBedsByDay,all,all,default,2025,2025-12-08,830.0000,False
infectious_disease,respiratory,COVID-19,Nation,England,COVID-19_healthcare_occupiedBedsByDay,all,all,default,2025,2025-12-07,844.0000,False
infectious_disease,respiratory,COVID-19,Nation,England,COVID-19_healthcare_occupiedBedsByDay,all,all,default,2025,2025-12-06,864.0000,False
infectious_disease,respiratory,COVID-19,Nation,England,COVID-19_healthcare_occupiedBedsByDay,all,all,default,2025,2025-12-05,865.0000,False
infectious_disease,respiratory,COVID-19,Nation,England,COVID-19_healthcare_occupiedBedsByDay,all,all,default,2025,2025-12-04,837.0000,False
infectious_disease,respiratory,COVID-19,Nation,England,COVID-19_healthcare_occupiedBedsByDay,all,all,default,2025,2025-12-03,876.0000,False
infectious_disease,respiratory,COVID-19,Nation,England,COVID-19_healthcare_occupiedBedsByDay,all,all,default,2025,2025-12-02,866.0000,False
infectious_disease,respiratory,COVID-19,Nation,England,COVID-19_healthcare_occupiedBedsByDay,all,all,default,2025,2025-12-01,877.0000,False
infectious_disease,respiratory,COVID-19,Nation,England,COVID-19_healthcare_occupiedBedsByDay,all,all,default,2025,2025-11-30,846.0000,False
infectious_disease,respiratory,COVID-19,Nation,England,COVID-19_healthcare_occupiedBedsByDay,all,all,default,2025,2025-11-29,859.0000,False
infectious_disease,respiratory,COVID-19,Nation,England,COVID-19_healthcare_occupiedBedsByDay,all,all,default,2025,2025-11-28,845.0000,False
infectious_disease,respiratory,COVID-19,Nation,England,COVID-19_healthcare_occupiedBedsByDay,all,all,default,2025,2025-11-27,821.0000,False
infectious_disease,respiratory,COVID-19,Nation,England,COVID-19_healthcare_occupiedBedsByDay,all,all,default,2025,2025-11-26,810.0000,False
infectious_disease,respiratory,COVID-19,Nation,England,COVID-19_healthcare_occupiedBedsByDay,all,all,default,2025,2025-11-25,797.0000,False
infectious_disease,respiratory,COVID-19,Nation,England,COVID-19_healthcare_occupiedBedsByDay,all,all,default,2025,2025-11-24,803.0000,False
infectious_disease,respiratory,COVID-19,Nation,England,COVID-19_healthcare_occupiedBedsByDay,all,all,default,2025,2025-11-23,811.0000,False
infectious_disease,respiratory,COVID-19,Nation,England,COVID-19_healthcare_occupiedBedsByDay,all,all,default,2025,2025-11-22,824.0000,False
infectious_disease,respiratory,COVID-19,Nation,England,COVID-19_healthcare_occupiedBedsByDay,all,all,default,2025,2025-11-21,813.0000,False
infectious_disease,respiratory,COVID-19,Nation,England,COVID-19_healthcare_occupiedBedsByDay,all,all,default,2025,2025-11-20,852.0000,False
infectious_disease,respiratory,COVID-19,Nation,England,COVID-19_healthcare_occupiedBedsByDay,all,all,default,2025,2025-11-19,892.0000,False
infectious_disease,respiratory,COVID-19,Nation,England,COVID-19_healthcare_occupiedBedsByDay,all,all,default,2025,2025-11-18,915.0000,False
infectious_disease,respiratory,COVID-19,Nation,England,COVID-19_healthcare_occupiedBedsByDay,all,all,default,2025,2025-11-17,969.0000,False
infectious_disease,respiratory,COVID-19,Nation,England,COVID-19_healthcare_occupiedBedsByDay,all,all,default,2025,2025-11-16,1029.0000,False
infectious_disease,respiratory,COVID-19,Nation,England,COVID-19_healthcare_occupiedBedsByDay,all,all,default,2025,2025-11-15,1056.0000,False
infectious_disease,respiratory,COVID-19,Nation,England,COVID-19_healthcare_occupiedBedsByDay,all,all,default,2025,2025-11-14,1102.0000,False
infectious_disease,respiratory,COVID-19,Nation,England,COVID-19_healthcare_occupiedBedsByDay,all,all,default,2025,2025-11-13,1136.0000,False
infectious_disease,respiratory,COVID-19,Nation,England,COVID-19_healthcare_occupiedBedsByDay,all,all,default,2025,2025-11-12,1183.0000,False
infectious_disease,respiratory,COVID-19,Nation,England,COVID-19_healthcare_occupiedBedsByDay,all,all,default,2025,2025-11-11,1216.0000,False
infectious_disease,respiratory,COVID-19,Nation,England,COVID-19_healthcare_occupiedBedsByDay,all,all,default,2025,2025-11-10,1318.0000,False
infectious_disease,respiratory,COVID-19,Nation,England,COVID-19_healthcare_occupiedBedsByDay,all,all,default,2025,2025-11-09,1342.0000,False
infectious_disease,respiratory,COVID-19,Nation,England,COVID-19_healthcare_occupiedBedsByDay,all,all,default,2025,2025-11-08,1344.0000,False
infectious_disease,respiratory,COVID-19,Nation,England,COVID-19_healthcare_occupiedBedsByDay,all,all,default,2025,2025-11-07,1401.0000,False
infectious_disease,respiratory,COVID-19,Nation,England,COVID-19_healthcare_occupiedBedsByDay,all,all,default,2025,2025-11-06,1448.0000,False
infectious_disease,respiratory,COVID-19,Nation,England,COVID-19_healthcare_occupiedBedsByDay,all,all,default,2025,2025-11-05,1513.0000,False
infectious_disease,respiratory,COVID-19,Nation,England,COVID-19_healthcare_occupiedBedsByDay,all,all,default,2025,2025-11-04,1553.0000,False
infectious_disease,respiratory,COVID-19,Nation,England,COVID-19_healthcare_occupiedBedsByDay,all,all,default,2025,2025-11-03,1596.0000,False
infectious_disease,respiratory,COVID-19,Nation,England,COVID-19_healthcare_occupiedBedsByDay,all,all,default,2025,2025-11-02,1594.0000,False
infectious_disease,respiratory,COVID-19,Nation,England,COVID-19_healthcare_occupiedBedsByDay,all,all,default,2025,2025-11-01,1598.0000,False
infectious_disease,respiratory,COVID-19,Nation,England,COVID-19_healthcare_occupiedBedsByDay,all,all,default,2025,2025-10-31,1602.0000,False
infectious_disease,respiratory,COVID-19,Nation,England,COVID-19_healthcare_occupiedBedsByDay,all,all,default,2025,2025-10-30,1691.0000,False
infectious_disease,respiratory,COVID-19,Nation,England,COVID-19_healthcare_occupiedBedsByDay,all,all,default,2025,2025-10-29,1697.0000,False
infectious_disease,respiratory,COVID-19,Nation,England,COVID-19_healthcare_occupiedBedsByDay,all,all,default,2025,2025-10-28,1784.0000,False
infectious_disease,respiratory,COVID-19,Nation,England,COVID-19_healthcare_occupiedBedsByDay,all,all,default,2025,2025-10-27,1881.0000,False
infectious_disease,respiratory,COVID-19,Nation,England,COVID-19_healthcare_occupiedBedsByDay,all,all,default,2025,2025-10-26,1869.0000,False
infectious_disease,respiratory,COVID-19,Nation,England,COVID-19_healthcare_occupiedBedsByDay,all,all,default,2025,2025-10-25,1907.0000,False
infectious_disease,respiratory,COVID-19,Nation,England,COVID-19_healthcare_occupiedBedsByDay,all,all,default,2025,2025-10-24,2016.0000,False
infectious_disease,respiratory,COVID-19,Nation,England,COVID-19_healthcare_occupiedBedsByDay,all,all,default,2025,2025-10-23,1989.0000,False
infectious_disease,respiratory,COVID-19,Nation,England,COVID-19_healthcare_occupiedBedsByDay,all,all,default,2025,2025-10-22,2003.0000,False
infectious_disease,respiratory,COVID-19,Nation,England,COVID-19_healthcare_occupiedBedsByDay,all,all,default,2025,2025-10-21,2090.0000,False
infectious_disease,respiratory,COVID-19,Nation,England,COVID-19_healthcare_occupiedBedsByDay,all,all,default,2025,2025-10-20,2109.0000,False
infectious_disease,respiratory,COVID-19,Nation,England,COVID-19_healthcare_occupiedBedsByDay,all,all,default,2025,2025-10-19,2192.0000,False
infectious_disease,respiratory,COVID-19,Nation,England,COVID-19_healthcare_occupiedBedsByDay,all,all,default,2025,2025-10-18,2181.0000,False
infectious_disease,respiratory,COVID-19,Nation,England,COVID-19_healthcare_occupiedBedsByDay,all,all,default,2025,2025-10-17,2175.0000,False
infectious_disease,respiratory,COVID-19,Nation,England,COVID-19_healthcare_occupiedBedsByDay,all,all,default,2025,2025-10-16,2254.0000,False
infectious_disease,respiratory,COVID-19,Nation,England,COVID-19_healthcare_occupiedBedsByDay,all,all,default,2025,2025-10-15,2302.0000,False
infectious_disease,respiratory,COVID-19,Nation,England,COVID-19_healthcare_occupiedBedsByDay,all,all,default,2025,2025-10-14,2376.0000,False
infectious_disease,respiratory,COVID-19,Nation,England,COVID-19_healthcare_occupiedBedsByDay,all,all,default,2025,2025-10-13,2434.0000,False
infectious_disease,respiratory,COVID-19,Nation,England,COVID-19_healthcare_occupiedBedsByDay,all,all,default,2025,2025-10-12,2482.0000,False
infectious_disease,respiratory,COVID-19,Nation,England,COVID-19_healthcare_occupiedBedsByDay,all,all,default,2025,2025-10-11,2459.0000,False
infectious_disease,respiratory,COVID-19,Nation,England,COVID-19_healthcare_occupiedBedsByDay,all,all,default,2025,2025-10-10,2491.0000,False
infectious_disease,respiratory,COVID-19,Nation,England,COVID-19_healthcare_occupiedBedsByDay,all,all,default,2025,2025-10-09,2459.0000,False
infectious_disease,respiratory,COVID-19,Nation,England,COVID-19_healthcare_occupiedBedsByDay,all,all,default,2025,2025-10-08,2446.0000,False
infectious_disease,respiratory,COVID-19,Nation,England,COVID-19_healthcare_occupiedBedsByDay,all,all,default,2025,2025-10-07,2455.0000,False
infectious_disease,respiratory,COVID-19,Nation,England,COVID-19_healthcare_occupiedBedsByDay,all,all,default,2025,2025-10-06,2415.0000,False
infectious_disease,respiratory,COVID-19,Nation,England,COVID-19_healthcare_occupiedBedsByDay,all,all,default,2025,2025-10-05,2392.0000,False
infectious_disease,respiratory,COVID-19,Nation,England,COVID-19_healthcare_occupiedBedsByDay,all,all,default,2025,2025-10-04,2338.0000,False
infectious_disease,respiratory,COVID-19,Nation,England,COVID-19_healthcare_occupiedBedsByDay,all,all,default,2025,2025-10-03,2261.0000,False
infectious_disease,respiratory,COVID-19,Nation,England,COVID-19_healthcare_occupiedBedsByDay,all,all,default,2025,2025-10-02,2197.0000,False
infectious_disease,respiratory,COVID-19,Nation,England,COVID-19_healthcare_occupiedBedsByDay,all,all,default,2025,2025-10-01,2144.0000,False
infectious_disease,respiratory,COVID-19,Nation,England,COVID-19_healthcare_occupiedBedsByDay,all,all,default,2025,2025-09-30,2052.0000,False
infectious_disease,respiratory,COVID-19,Nation,England,COVID-19_healthcare_occupiedBedsByDay,all,all,default,2025,2025-09-29,1962.0000,False
infectious_disease,respiratory,COVID-19,Nation,England,COVID-19_healthcare_occupiedBedsByDay,all,all,default,2025,2025-09-28,1921.0000,False
infectious_disease,respiratory,COVID-19,Nation,England,COVID-19_healthcare_occupiedBedsByDay,all,all,default,2025,2025-09-27,1926.0000,False
infectious_disease,respiratory,COVID-19,Nation,England,COVID-19_healthcare_occupiedBedsByDay,all,all,default,2025,2025-09-26,1856.0000,False
infectious_disease,respiratory,COVID-19,Nation,England,COVID-19_healthcare_occupiedBedsByDay,all,all,default,2025,2025-09-25,1833.0000,False
infectious_disease,respiratory,COVID-19,Nation,England,COVID-19_healthcare_occupiedBedsByDay,all,all,default,2025,2025-09-24,1789.0000,False
infectious_disease,respiratory,COVID-19,Nation,England,COVID-19_healthcare_occupiedBedsByDay,all,all,default,2025,2025-09-23,1749.0000,False
infectious_disease,respiratory,COVID-19,Nation,England,COVID-19_healthcare_occupiedBedsByDay,all,all,default,2025,2025-09-22,1705.0000,False
infectious_disease,respiratory,COVID-19,Nation,England,COVID-19_healthcare_occupiedBedsByDay,all,all,default,2025,2025-09-21,1637.0000,False
infectious_disease,respiratory,COVID-19,Nation,England,COVID-19_healthcare_occupiedBedsByDay,all,all,default,2025,2025-09-20,1585.0000,False
infectious_disease,respiratory,COVID-19,Nation,England,COVID-19_healthcare_occupiedBedsByDay,all,all,default,2025,2025-09-19,1504.0000,False
infectious_disease,respiratory,COVID-19,Nation,England,COVID-19_healthcare_occupiedBedsByDay,all,all,default,2025,2025-09-18,1443.0000,False
infectious_disease,respiratory,COVID-19,Nation,England,COVID-19_healthcare_occupiedBedsByDay,all,all,default,2025,2025-09-17,1394.0000,False
infectious_disease,respiratory,COVID-19,Nation,England,COVID-19_healthcare_occupiedBedsByDay,all,all,default,2025,2025-09-16,1398.0000,False
infectious_disease,respiratory,COVID-19,Nation,England,COVID-19_healthcare_occupiedBedsByDay,all,all,default,2025,2025-09-15,1351.0000,False
infectious_disease,respiratory,COVID-19,Nation,England,COVID-19_healthcare_occupiedBedsByDay,all,all,default,2025,2025-09-14,1313.0000,False
infectious_disease,respiratory,COVID-19,Nation,England,COVID-19_healthcare_occupiedBedsByDay,all,all,default,2025,2025-09-13,1297.0000,False
infectious_disease,respiratory,COVID-19,Nation,England,COVID-19_healthcare_occupiedBedsByDay,all,all,default,2025,2025-09-12,1307.0000,False
infectious_disease,respiratory,COVID-19,Nation,England,COVID-19_healthcare_occupiedBedsByDay,all,all,default,2025,2025-09-11,1327.0000,False
infectious_disease,respiratory,COVID-19,Nation,England,COVID-19_healthcare_occupiedBedsByDay,all,all,default,2025,2025-09-10,1286.0000,False
infectious_disease,respiratory,COVID-19,Nation,England,COVID-19_healthcare_occupiedBedsByDay,all,all,default,2025,2025-09-09,1314.0000,False
infectious_disease,respiratory,COVID-19,Nation,England,COVID-19_healthcare_occupiedBedsByDay,all,all,default,2025,2025-09-08,1307.0000,False
infectious_disease,respiratory,COVID-19,Nation,England,COVID-19_healthcare_occupiedBedsByDay,all,all,default,2025,2025-09-07,1287.0000,False
infectious_disease,respiratory,COVID-19,Nation,England,COVID-19_healthcare_occupiedBedsByDay,all,all,default,2025,2025-09-06,1268.0000,False
infectious_disease,respiratory,COVID-19,Nation,England,COVID-19_healthcare_occupiedBedsByDay,all,all,default,2025,2025-09-05,1238.0000,False
infectious_disease,respiratory,COVID-19,Nation,England,COVID-19_healthcare_occupiedBedsByDay,all,all,default,2025,2025-09-04,1220.0000,False
infectious_disease,respiratory,COVID-19,Nation,England,COVID-19_healthcare_occupiedBedsByDay,all,all,default,2025,2025-09-03,1257.0000,False
infectious_disease,respiratory,COVID-19,Nation,England,COVID-19_healthcare_occupiedBedsByDay,all,all,default,2025,2025-09-02,1265.0000,False
infectious_disease,respiratory,COVID-19,Nation,England,COVID-19_healthcare_occupiedBedsByDay,all,all,default,2025,2025-09-01,1218.0000,False
infectious_disease,respiratory,COVID-19,Nation,England,COVID-19_healthcare_occupiedBedsByDay,all,all,default,2025,2025-08-31,1216.0000,False
infectious_disease,respiratory,COVID-19,Nation,England,COVID-19_healthcare_occupiedBedsByDay,all,all,default,2025,2025-08-30,1204.0000,False
infectious_disease,respiratory,COVID-19,Nation,England,COVID-19_healthcare_occupiedBedsByDay,all,all,default,2025,2025-08-29,1223.0000,False
infectious_disease,respiratory,COVID-19,Nation,England,COVID-19_healthcare_occupiedBedsByDay,all,all,default,2025,2025-08-28,1192.0000,False
infectious_disease,respiratory,COVID-19,Nation,England,COVID-19_healthcare_occupiedBedsByDay,all,all,default,2025,2025-08-27,1169.0000,False
infectious_disease,respiratory,COVID-19,Nation,England,COVID-19_healthcare_occupiedBedsByDay,all,all,default,2025,2025-08-26,1161.0000,False
infectious_disease,respiratory,COVID-19,Nation,England,COVID-19_healthcare_occupiedBedsByDay,all,all,default,2025,2025-08-25,1186.0000,False
infectious_disease,respiratory,COVID-19,Nation,England,COVID-19_healthcare_occupiedBedsByDay,all,all,default,2025,2025-08-24,1129.0000,False
infectious_disease,respiratory,COVID-19,Nation,England,COVID-19_healthcare_occupiedBedsByDay,all,all,default,2025,2025-08-23,1075.0000,False
infectious_disease,respiratory,COVID-19,Nation,England,COVID-19_healthcare_occupiedBedsByDay,all,all,default,2025,2025-08-22,1116.0000,False
infectious_disease,respiratory,COVID-19,Nation,England,COVID-19_healthcare_occupiedBedsByDay,all,all,default,2025,2025-08-21,1135.0000,False
infectious_disease,respiratory,COVID-19,Nation,England,COVID-19_healthcare_occupiedBedsByDay,all,all,default,2025,2025-08-20,1176.0000,False
infectious_disease,respiratory,COVID-19,Nation,England,COVID-19_healthcare_occupiedBedsByDay,all,all,default,2025,2025-08-19,1192.0000,False
infectious_disease,respiratory,COVID-19,Nation,England,COVID-19_healthcare_occupiedBedsByDay,all,all,default,2025,2025-08-18,1186.0000,False
infectious_disease,respiratory,COVID-19,Nation,England,COVID-19_healthcare_occupiedBedsByDay,all,all,default,2025,2025-08-17,1180.0000,False
infectious_disease,respiratory,COVID-19,Nation,England,COVID-19_healthcare_occupiedBedsByDay,all,all,default,2025,2025-08-16,1172.0000,False
infectious_disease,respiratory,COVID-19,Nation,England,COVID-19_healthcare_occupiedBedsByDay,all,all,default,2025,2025-08-15,1127.0000,False
infectious_disease,respiratory,COVID-19,Nation,England,COVID-19_healthcare_occupiedBedsByDay,all,all,default,2025,2025-08-14,1166.0000,False
infectious_disease,respiratory,COVID-19,Nation,England,COVID-19_healthcare_occupiedBedsByDay,all,all,default,2025,2025-08-13,1144.0000,False
infectious_disease,respiratory,COVID-19,Nation,England,COVID-19_healthcare_occupiedBedsByDay,all,all,default,2025,2025-08-12,1113.0000,False
infectious_disease,respiratory,COVID-19,Nation,England,COVID-19_healthcare_occupiedBedsByDay,all,all,default,2025,2025-08-11,1051.0000,False
infectious_disease,respiratory,COVID-19,Nation,England,COVID-19_healthcare_occupiedBedsByDay,all,all,default,2025,2025-08-10,1027.0000,False
infectious_disease,respiratory,COVID-19,Nation,England,COVID-19_healthcare_occupiedBedsByDay,all,all,default,2025,2025-08-09,1043.0000,False
infectious_disease,respiratory,COVID-19,Nation,England,COVID-19_healthcare_occupiedBedsByDay,all,all,default,2025,2025-08-08,987.0000,False
infectious_disease,respiratory,COVID-19,Nation,England,COVID-19_healthcare_occupiedBedsByDay,all,all,default,2025,2025-08-07,921.0000,False
infectious_disease,respiratory,COVID-19,Nation,England,COVID-19_healthcare_occupiedBedsByDay,all,all,default,2025,2025-08-06,897.0000,False
infectious_disease,respiratory,COVID-19,Nation,England,COVID-19_healthcare_occupiedBedsByDay,all,all,default,2025,2025-08-05,912.0000,False
infectious_disease,respiratory,COVID-19,Nation,England,COVID-19_healthcare_occupiedBedsByDay,all,all,default,2025,2025-08-04,894.0000,False
infectious_disease,respiratory,COVID-19,Nation,England,COVID-19_healthcare_occupiedBedsByDay,all,all,default,2025,2025-08-03,901.0000,False
infectious_disease,respiratory,COVID-19,Nation,England,COVID-19_healthcare_occupiedBedsByDay,all,all,default,2025,2025-08-02,899.0000,False
infectious_disease,respiratory,COVID-19,Nation,England,COVID-19_healthcare_occupiedBedsByDay,all,all,default,2025,2025-08-01,914.0000,False
infectious_disease,respiratory,COVID-19,Nation,England,COVID-19_healthcare_occupiedBedsByDay,all,all,default,2025,2025-07-31,863.0000,False
infectious_disease,respiratory,COVID-19,Nation,England,COVID-19_healthcare_occupiedBedsByDay,all,all,default,2025,2025-07-30,864.0000,False
infectious_disease,respiratory,COVID-19,Nation,England,COVID-19_healthcare_occupiedBedsByDay,all,all,default,2025,2025-07-29,857.0000,False
infectious_disease,respiratory,COVID-19,Nation,England,COVID-19_healthcare_occupiedBedsByDay,all,all,default,2025,2025-07-28,849.0000,False
infectious_disease,respiratory,COVID-19,Nation,England,COVID-19_healthcare_occupiedBedsByDay,all,all,default,2025,2025-07-27,851.0000,False
infectious_disease,respiratory,COVID-19,Nation,England,COVID-19_healthcare_occupiedBedsByDay,all,all,default,2025,2025-07-26,844.0000,False
infectious_disease,respiratory,COVID-19,Nation,England,COVID-19_healthcare_occupiedBedsByDay,all,all,default,2025,2025-07-25,882.0000,False
infectious_disease,respiratory,COVID-19,Nation,England,COVID-19_healthcare_occupiedBedsByDay,all,all,default,2025,2025-07-24,906.0000,False
infectious_disease,respiratory,COVID-19,Nation,England,COVID-19_healthcare_occupiedBedsByDay,all,all,default,2025,2025-07-23,923.0000,False
infectious_disease,respiratory,COVID-19,Nation,England,COVID-19_healthcare_occupiedBedsByDay,all,all,default,2025,2025-07-22,904.0000,False
infectious_disease,respiratory,COVID-19,Nation,England,COVID-19_healthcare_occupiedBedsByDay,all,all,default,2025,2025-07-21,876.0000,False
infectious_disease,respiratory,COVID-19,Nation,England,COVID-19_healthcare_occupiedBedsByDay,all,all,default,2025,2025-07-20,873.0000,False
infectious_disease,respiratory,COVID-19,Nation,England,COVID-19_healthcare_occupiedBedsByDay,all,all,default,2025,2025-07-19,890.0000,False
infectious_disease,respiratory,COVID-19,Nation,England,COVID-19_healthcare_occupiedBedsByDay,all,all,default,2025,2025-07-18,869.0000,False
infectious_disease,respiratory,COVID-19,Nation,England,COVID-19_healthcare_occupiedBedsByDay,all,all,default,2025,2025-07-17,862.0000,False
infectious_disease,respiratory,COVID-19,Nation,England,COVID-19_healthcare_occupiedBedsByDay,all,all,default,2025,2025-07-16,860.0000,False
infectious_disease,respiratory,COVID-19,Nation,England,COVID-19_healthcare_occupiedBedsByDay,all,all,default,2025,2025-07-15,844.0000,False
infectious_disease,respiratory,COVID-19,Nation,England,COVID-19_healthcare_occupiedBedsByDay,all,all,default,2025,2025-07-14,854.0000,False
infectious_disease,respiratory,COVID-19,Nation,England,COVID-19_healthcare_occupiedBedsByDay,all,all,default,2025,2025-07-13,873.0000,False
infectious_disease,respiratory,COVID-19,Nation,England,COVID-19_healthcare_occupiedBedsByDay,all,all,default,2025,2025-07-12,853.0000,False
infectious_disease,respiratory,COVID-19,Nation,England,COVID-19_healthcare_occupiedBedsByDay,all,all,default,2025,2025-07-11,828.0000,False
infectious_disease,respiratory,COVID-19,Nation,England,COVID-19_healthcare_occupiedBedsByDay,all,all,default,2025,2025-07-10,818.0000,False
infectious_disease,respiratory,COVID-19,Nation,England,COVID-19_healthcare_occupiedBedsByDay,all,all,default,2025,2025-07-09,832.0000,False
infectious_disease,respiratory,COVID-19,Nation,England,COVID-19_healthcare_occupiedBedsByDay,all,all,default,2025,2025-07-08,834.0000,False
infectious_disease,respiratory,COVID-19,Nation,England,COVID-19_healthcare_occupiedBedsByDay,all,all,default,2025,2025-07-07,803.0000,False
infectious_disease,respiratory,COVID-19,Nation,England,COVID-19_healthcare_occupiedBedsByDay,all,all,default,2025,2025-07-06,823.0000,False
infectious_disease,respiratory,COVID-19,Nation,England,COVID-19_healthcare_occupiedBedsByDay,all,all,default,2025,2025-07-05,842.0000,False
infectious_disease,respiratory,COVID-19,Nation,England,COVID-19_healthcare_occupiedBedsByDay,all,all,default,2025,2025-07-04,857.0000,False
infectious_disease,respiratory,COVID-19,Nation,England,COVID-19_healthcare_occupiedBedsByDay,all,all,default,2025,2025-07-03,873.0000,False
infectious_disease,respiratory,COVID-19,Nation,England,COVID-19_healthcare_occupiedBedsByDay,all,all,default,2025,2025-07-02,868.0000,False
infectious_disease,respiratory,COVID-19,Nation,England,COVID-19_healthcare_occupiedBedsByDay,all,all,default,2025,2025-07-01,877.0000,False
infectious_disease,respiratory,COVID-19,Nation,England,COVID-19_healthcare_occupiedBedsByDay,all,all,default,2025,2025-06-30,897.0000,False
infectious_disease,respiratory,COVID-19,Nation,England,COVID-19_healthcare_occupiedBedsByDay,all,all,default,2025,2025-06-29,922.0000,False
infectious_disease,respiratory,COVID-19,Nation,England,COVID-19_healthcare_occupiedBedsByDay,all,all,default,2025,2025-06-28,927.0000,False
infectious_disease,respiratory,COVID-19,Nation,England,COVID-19_healthcare_occupiedBedsByDay,all,all,default,2025,2025-06-27,958.0000,False
infectious_disease,respiratory,COVID-19,Nation,England,COVID-19_healthcare_occupiedBedsByDay,all,all,default,2025,2025-06-26,1004.0000,False
infectious_disease,respiratory,COVID-19,Nation,England,COVID-19_healthcare_occupiedBedsByDay,all,all,default,2025,2025-06-25,1058.0000,False
infectious_disease,respiratory,COVID-19,Nation,England,COVID-19_healthcare_occupiedBedsByDay,all,all,default,2025,2025-06-24,1077.0000,False
infectious_disease,respiratory,COVID-19,Nation,England,COVID-19_healthcare_occupiedBedsByDay,all,all,default,2025,2025-06-23,1054.0000,False
infectious_disease,respiratory,COVID-19,Nation,England,COVID-19_healthcare_occupiedBedsByDay,all,all,default,2025,2025-06-22,1090.0000,False
infectious_disease,respiratory,COVID-19,Nation,England,COVID-19_healthcare_occupiedBedsByDay,all,all,default,2025,2025-06-21,1074.0000,False
infectious_disease,respiratory,COVID-19,Nation,England,COVID-19_healthcare_occupiedBedsByDay,all,all,default,2025,2025-06-20,1063.0000,False
infectious_disease,respiratory,COVID-19,Nation,England,COVID-19_healthcare_occupiedBedsByDay,all,all,default,2025,2025-06-19,1073.0000,False
infectious_disease,respiratory,COVID-19,Nation,England,COVID-19_healthcare_occupiedBedsByDay,all,all,default,2025,2025-06-18,1120.0000,False
infectious_disease,respiratory,COVID-19,Nation,England,COVID-19_healthcare_occupiedBedsByDay,all,all,default,2025,2025-06-17,1102.0000,False
infectious_disease,respiratory,COVID-19,Nation,England,COVID-19_healthcare_occupiedBedsByDay,all,all,default,2025,2025-06-16,1080.0000,False
infectious_disease,respiratory,COVID-19,Nation,England,COVID-19_healthcare_occupiedBedsByDay,all,all,default,2025,2025-06-15,1117.0000,False
infectious_disease,respiratory,COVID-19,Nation,England,COVID-19_healthcare_occupiedBedsByDay,all,all,default,2025,2025-06-14,1120.0000,False
infectious_disease,respiratory,COVID-19,Nation,England,COVID-19_healthcare_occupiedBedsByDay,all,all,default,2025,2025-06-13,1120.0000,False
infectious_disease,respiratory,COVID-19,Nation,England,COVID-19_healthcare_occupiedBedsByDay,all,all,default,2025,2025-06-12,1110.0000,False
infectious_disease,respiratory,COVID-19,Nation,England,COVID-19_healthcare_occupiedBedsByDay,all,all,default,2025,2025-06-11,1129.0000,False
infectious_disease,respiratory,COVID-19,Nation,England,COVID-19_healthcare_occupiedBedsByDay,all,all,default,2025,2025-06-10,1130.0000,False
infectious_disease,respiratory,COVID-19,Nation,England,COVID-19_healthcare_occupiedBedsByDay,all,all,default,2025,2025-06-09,1130.0000,False
infectious_disease,respiratory,COVID-19,Nation,England,COVID-19_healthcare_occupiedBedsByDay,all,all,default,2025,2025-06-08,1084.0000,False
infectious_disease,respiratory,COVID-19,Nation,England,COVID-19_healthcare_occupiedBedsByDay,all,all,default,2025,2025-06-07,1081.0000,False
infectious_disease,respiratory,COVID-19,Nation,England,COVID-19_healthcare_occupiedBedsByDay,all,all,default,2025,2025-06-06,1113.0000,False
infectious_disease,respiratory,COVID-19,Nation,England,COVID-19_healthcare_occupiedBedsByDay,all,all,default,2025,2025-06-05,1127.0000,False
infectious_disease,respiratory,COVID-19,Nation,England,COVID-19_healthcare_occupiedBedsByDay,all,all,default,2025,2025-06-04,1143.0000,False
infectious_disease,respiratory,COVID-19,Nation,England,COVID-19_healthcare_occupiedBedsByDay,all,all,default,2025,2025-06-03,1123.0000,False
infectious_disease,respiratory,COVID-19,Nation,England,COVID-19_healthcare_occupiedBedsByDay,all,all,default,2025,2025-06-02,1129.0000,False
infectious_disease,respiratory,COVID-19,Nation,England,COVID-19_healthcare_occupiedBedsByDay,all,all,default,2025,2025-06-01,1141.0000,False
infectious_disease,respiratory,COVID-19,Nation,England,COVID-19_healthcare_occupiedBedsByDay,all,all,default,2025,2025-05-31,1126.0000,False
infectious_disease,respiratory,COVID-19,Nation,England,COVID-19_healthcare_occupiedBedsByDay,all,all,default,2025,2025-05-30,1110.0000,False
infectious_disease,respiratory,COVID-19,Nation,England,COVID-19_healthcare_occupiedBedsByDay,all,all,default,2025,2025-05-29,1094.0000,False
infectious_disease,respiratory,COVID-19,Nation,England,COVID-19_healthcare_occupiedBedsByDay,all,all,default,2025,2025-05-28,1099.0000,False
infectious_disease,respiratory,COVID-19,Nation,England,COVID-19_healthcare_occupiedBedsByDay,all,all,default,2025,2025-05-27,1069.0000,False
infectious_disease,respiratory,COVID-19,Nation,England,COVID-19_healthcare_occupiedBedsByDay,all,all,default,2025,2025-05-26,1076.0000,False
infectious_disease,respiratory,COVID-19,Nation,England,COVID-19_healthcare_occupiedBedsByDay,all,all,default,2025,2025-05-25,1049.0000,False
infectious_disease,respiratory,COVID-19,Nation,England,COVID-19_healthcare_occupiedBedsByDay,all,all,default,2025,2025-05-24,1037.0000,False
infectious_disease,respiratory,COVID-19,Nation,England,COVID-19_healthcare_occupiedBedsByDay,all,all,default,2025,2025-05-23,1033.0000,False
infectious_disease,respiratory,COVID-19,Nation,England,COVID-19_healthcare_occupiedBedsByDay,all,all,default,2025,2025-05-22,1038.0000,False
infectious_disease,respiratory,COVID-19,Nation,England,COVID-19_healthcare_occupiedBedsByDay,all,all,default,2025,2025-05-21,1089.0000,False
infectious_disease,respiratory,COVID-19,Nation,England,COVID-19_healthcare_occupiedBedsByDay,all,all,default,2025,2025-05-20,1085.0000,False
infectious_disease,respiratory,COVID-19,Nation,England,COVID-19_healthcare_occupiedBedsByDay,all,all,default,2025,2025-05-19,1095.0000,False
infectious_disease,respiratory,COVID-19,Nation,England,COVID-19_healthcare_occupiedBedsByDay,all,all,default,2025,2025-05-18,1118.0000,False
infectious_disease,respiratory,COVID-19,Nation,England,COVID-19_healthcare_occupiedBedsByDay,all,all,default,2025,2025-05-17,1123.0000,False
infectious_disease,respiratory,COVID-19,Nation,England,COVID-19_healthcare_occupiedBedsByDay,all,all,default,2025,2025-05-16,1124.0000,False
infectious_disease,respiratory,COVID-19,Nation,England,COVID-19_healthcare_occupiedBedsByDay,all,all,default,2025,2025-05-15,1164.0000,False
infectious_disease,respiratory,COVID-19,Nation,England,COVID-19_healthcare_occupiedBedsByDay,all,all,default,2025,2025-05-14,1150.0000,False
infectious_disease,respiratory,COVID-19,Nation,England,COVID-19_healthcare_occupiedBedsByDay,all,all,default,2025,2025-05-13,1159.0000,False
infectious_disease,respiratory,COVID-19,Nation,England,COVID-19_healthcare_occupiedBedsByDay,all,all,default,2025,2025-05-12,1090.0000,False
infectious_disease,respiratory,COVID-19,Nation,England,COVID-19_healthcare_occupiedBedsByDay,all,all,default,2025,2025-05-11,1092.0000,False
infectious_disease,respiratory,COVID-19,Nation,England,COVID-19_healthcare_occupiedBedsByDay,all,all,default,2025,2025-05-10,1095.0000,False
infectious_disease,respiratory,COVID-19,Nation,England,COVID-19_healthcare_occupiedBedsByDay,all,all,default,2025,2025-05-09,1074.0000,False
infectious_disease,respiratory,COVID-19,Nation,England,COVID-19_healthcare_occupiedBedsByDay,all,all,default,2025,2025-05-08,1074.0000,False
infectious_disease,respiratory,COVID-19,Nation,England,COVID-19_healthcare_occupiedBedsByDay,all,all,default,2025,2025-05-07,1109.0000,False
infectious_disease,respiratory,COVID-19,Nation,England,COVID-19_healthcare_occupiedBedsByDay,all,all,default,2025,2025-05-06,1160.0000,False
infectious_disease,respiratory,COVID-19,Nation,England,COVID-19_healthcare_occupiedBedsByDay,all,all,default,2025,2025-05-05,1196.0000,False
infectious_disease,respiratory,COVID-19,Nation,England,COVID-19_healthcare_occupiedBedsByDay,all,all,default,2025,2025-05-04,1188.0000,False
infectious_disease,respiratory,COVID-19,Nation,England,COVID-19_healthcare_occupiedBedsByDay,all,all,default,2025,2025-05-03,1226.0000,False
infectious_disease,respiratory,COVID-19,Nation,England,COVID-19_healthcare_occupiedBedsByDay,all,all,default,2025,2025-05-02,1230.0000,False
infectious_disease,respiratory,COVID-19,Nation,England,COVID-19_healthcare_occupiedBedsByDay,all,all,default,2025,2025-05-01,1243.0000,False
infectious_disease,respiratory,COVID-19,Nation,England,COVID-19_healthcare_occupiedBedsByDay,all,all,default,2025,2025-04-30,1226.0000,False
infectious_disease,respiratory,COVID-19,Nation,England,COVID-19_healthcare_occupiedBedsByDay,all,all,default,2025,2025-04-29,1229.0000,False
infectious_disease,respiratory,COVID-19,Nation,England,COVID-19_healthcare_occupiedBedsByDay,all,all,default,2025,2025-04-28,1229.0000,False
infectious_disease,respiratory,COVID-19,Nation,England,COVID-19_healthcare_occupiedBedsByDay,all,all,default,2025,2025-04-27,1216.0000,False
infectious_disease,respiratory,COVID-19,Nation,England,COVID-19_healthcare_occupiedBedsByDay,all,all,default,2025,2025-04-26,1193.0000,False
infectious_disease,respiratory,COVID-19,Nation,England,COVID-19_healthcare_occupiedBedsByDay,all,all,default,2025,2025-04-25,1232.0000,False
infectious_disease,respiratory,COVID-19,Nation,England,COVID-19_healthcare_occupiedBedsByDay,all,all,default,2025,2025-04-24,1224.0000,False
infectious_disease,respiratory,COVID-19,Nation,England,COVID-19_healthcare_occupiedBedsByDay,all,all,default,2025,2025-04-23,1250.0000,False
infectious_disease,respiratory,COVID-19,Nation,England,COVID-19_healthcare_occupiedBedsByDay,all,all,default,2025,2025-04-22,1237.0000,False
infectious_disease,respiratory,COVID-19,Nation,England,COVID-19_healthcare_occupiedBedsByDay,all,all,default,2025,2025-04-21,1223.0000,False
infectious_disease,respiratory,COVID-19,Nation,England,COVID-19_healthcare_occupiedBedsByDay,all,all,default,2025,2025-04-20,1208.0000,False
infectious_disease,respiratory,COVID-19,Nation,England,COVID-19_healthcare_occupiedBedsByDay,all,all,default,2025,2025-04-19,1185.0000,False
infectious_disease,respiratory,COVID-19,Nation,England,COVID-19_healthcare_occupiedBedsByDay,all,all,default,2025,2025-04-18,1191.0000,False
infectious_disease,respiratory,COVID-19,Nation,England,COVID-19_healthcare_occupiedBedsByDay,all,all,default,2025,2025-04-17,1205.0000,False
infectious_disease,respiratory,COVID-19,Nation,England,COVID-19_healthcare_occupiedBedsByDay,all,all,default,2025,2025-04-16,1185.0000,False
infectious_disease,respiratory,COVID-19,Nation,England,COVID-19_healthcare_occupiedBedsByDay,all,all,default,2025,2025-04-15,1174.0000,False
infectious_disease,respiratory,COVID-19,Nation,England,COVID-19_healthcare_occupiedBedsByDay,all,all,default,2025,2025-04-14,1149.0000,False
infectious_disease,respiratory,COVID-19,Nation,England,COVID-19_healthcare_occupiedBedsByDay,all,all,default,2025,2025-04-13,1112.0000,False
infectious_disease,respiratory,COVID-19,Nation,England,COVID-19_healthcare_occupiedBedsByDay,all,all,default,2025,2025-04-12,1091.0000,False
infectious_disease,respiratory,COVID-19,Nation,England,COVID-19_healthcare_occupiedBedsByDay,all,all,default,2025,2025-04-11,1087.0000,False
infectious_disease,respiratory,COVID-19,Nation,England,COVID-19_healthcare_occupiedBedsByDay,all,all,default,2025,2025-04-10,1083.0000,False
infectious_disease,respiratory,COVID-19,Nation,England,COVID-19_healthcare_occupiedBedsByDay,all,all,default,2025,2025-04-09,1103.0000,False
infectious_disease,respiratory,COVID-19,Nation,England,COVID-19_healthcare_occupiedBedsByDay,all,all,default,2025,2025-04-08,1123.0000,False
infectious_disease,respiratory,COVID-19,Nation,England,COVID-19_healthcare_occupiedBedsByDay,all,all,default,2025,2025-04-07,1164.0000,False
infectious_disease,respiratory,COVID-19,Nation,England,COVID-19_healthcare_occupiedBedsByDay,all,all,default,2025,2025-04-06,1150.0000,False
infectious_disease,respiratory,COVID-19,Nation,England,COVID-19_healthcare_occupiedBedsByDay,all,all,default,2025,2025-04-05,1192.0000,False
infectious_disease,respiratory,COVID-19,Nation,England,COVID-19_healthcare_occupiedBedsByDay,all,all,default,2025,2025-04-04,1185.0000,False
infectious_disease,respiratory,COVID-19,Nation,England,COVID-19_healthcare_occupiedBedsByDay,all,all,default,2025,2025-04-03,1192.0000,False
infectious_disease,respiratory,COVID-19,Nation,England,COVID-19_healthcare_occupiedBedsByDay,all,all,default,2025,2025-04-02,1137.0000,False
infectious_disease,respiratory,COVID-19,Nation,England,COVID-19_healthcare_occupiedBedsByDay,all,all,default,2025,2025-04-01,1185.0000,False
infectious_disease,respiratory,COVID-19,Nation,England,COVID-19_healthcare_occupiedBedsByDay,all,all,default,2025,2025-03-31,1182.0000,False
infectious_disease,respiratory,COVID-19,Nation,England,COVID-19_healthcare_occupiedBedsByDay,all,all,default,2025,2025-03-30,1169.0000,False
infectious_disease,respiratory,COVID-19,Nation,England,COVID-19_healthcare_occupiedBedsByDay,all,all,default,2025,2025-03-29,1187.0000,False
infectious_disease,respiratory,COVID-19,Nation,England,COVID-19_healthcare_occupiedBedsByDay,all,all,default,2025,2025-03-28,1203.0000,False
infectious_disease,respiratory,COVID-19,Nation,England,COVID-19_healthcare_occupiedBedsByDay,all,all,default,2025,2025-03-27,1212.0000,False
infectious_disease,respiratory,COVID-19,Nation,England,COVID-19_healthcare_occupiedBedsByDay,all,all,default,2025,2025-03-26,1154.0000,False
infectious_disease,respiratory,COVID-19,Nation,England,COVID-19_healthcare_occupiedBedsByDay,all,all,default,2025,2025-03-25,1145.0000,False
infectious_disease,respiratory,COVID-19,Nation,England,COVID-19_healthcare_occupiedBedsByDay,all,all,default,2025,2025-03-24,1151.0000,False
infectious_disease,respiratory,COVID-19,Nation,England,COVID-19_healthcare_occupiedBedsByDay,all,all,default,2025,2025-03-23,1116.0000,False
infectious_disease,respiratory,COVID-19,Nation,England,COVID-19_healthcare_occupiedBedsByDay,all,all,default,2025,2025-03-22,1094.0000,False
infectious_disease,respiratory,COVID-19,Nation,England,COVID-19_healthcare_occupiedBedsByDay,all,all,default,2025,2025-03-21,1078.0000,False
infectious_disease,respiratory,COVID-19,Nation,England,COVID-19_healthcare_occupiedBedsByDay,all,all,default,2025,2025-03-20,1039.0000,False
infectious_disease,respiratory,COVID-19,Nation,England,COVID-19_healthcare_occupiedBedsByDay,all,all,default,2025,2025-03-19,1012.0000,False
infectious_disease,respiratory,COVID-19,Nation,England,COVID-19_healthcare_occupiedBedsByDay,all,all,default,2025,2025-03-18,1015.0000,False
infectious_disease,respiratory,COVID-19,Nation,England,COVID-19_healthcare_occupiedBedsByDay,all,all,default,2025,2025-03-17,1006.0000,False
infectious_disease,respiratory,COVID-19,Nation,England,COVID-19_healthcare_occupiedBedsByDay,all,all,default,2025,2025-03-16,984.0000,False
infectious_disease,respiratory,COVID-19,Nation,England,COVID-19_healthcare_occupiedBedsByDay,all,all,default,2025,2025-03-15,996.0000,False
infectious_disease,respiratory,COVID-19,Nation,England,COVID-19_healthcare_occupiedBedsByDay,all,all,default,2025,2025-03-14,1051.0000,False
infectious_disease,respiratory,COVID-19,Nation,England,COVID-19_healthcare_occupiedBedsByDay,all,all,default,2025,2025-03-13,1031.0000,False
infectious_disease,respiratory,COVID-19,Nation,England,COVID-19_healthcare_occupiedBedsByDay,all,all,default,2025,2025-03-12,1050.0000,False
infectious_disease,respiratory,COVID-19,Nation,England,COVID-19_healthcare_occupiedBedsByDay,all,all,default,2025,2025-03-11,1055.0000,False
infectious_disease,respiratory,COVID-19,Nation,England,COVID-19_healthcare_occupiedBedsByDay,all,all,default,2025,2025-03-10,1051.0000,False
infectious_disease,respiratory,COVID-19,Nation,England,COVID-19_healthcare_occupiedBedsByDay,all,all,default,2025,2025-03-09,1039.0000,False
infectious_disease,respiratory,COVID-19,Nation,England,COVID-19_healthcare_occupiedBedsByDay,all,all,default,2025,2025-03-08,1008.0000,False
infectious_disease,respiratory,COVID-19,Nation,England,COVID-19_healthcare_occupiedBedsByDay,all,all,default,2025,2025-03-07,987.0000,False
infectious_disease,respiratory,COVID-19,Nation,England,COVID-19_healthcare_occupiedBedsByDay,all,all,default,2025,2025-03-06,999.0000,False
infectious_disease,respiratory,COVID-19,Nation,England,COVID-19_healthcare_occupiedBedsByDay,all,all,default,2025,2025-03-05,995.0000,False
infectious_disease,respiratory,COVID-19,Nation,England,COVID-19_healthcare_occupiedBedsByDay,all,all,default,2025,2025-03-04,1021.0000,False
infectious_disease,respiratory,COVID-19,Nation,England,COVID-19_healthcare_occupiedBedsByDay,all,all,default,2025,2025-03-03,1041.0000,False
infectious_disease,respiratory,COVID-19,Nation,England,COVID-19_healthcare_occupiedBedsByDay,all,all,default,2025,2025-03-02,1052.0000,False
infectious_disease,respiratory,COVID-19,Nation,England,COVID-19_healthcare_occupiedBedsByDay,all,all,default,2025,2025-03-01,1060.0000,False
infectious_disease,respiratory,COVID-19,Nation,England,COVID-19_healthcare_occupiedBedsByDay,all,all,default,2025,2025-02-28,1088.0000,False
infectious_disease,respiratory,COVID-19,Nation,England,COVID-19_healthcare_occupiedBedsByDay,all,all,default,2025,2025-02-27,1093.0000,False
infectious_disease,respiratory,COVID-19,Nation,England,COVID-19_healthcare_occupiedBedsByDay,all,all,default,2025,2025-02-26,1137.0000,False
infectious_disease,respiratory,COVID-19,Nation,England,COVID-19_healthcare_occupiedBedsByDay,all,all,default,2025,2025-02-25,1135.0000,False
infectious_disease,respiratory,COVID-19,Nation,England,COVID-19_healthcare_occupiedBedsByDay,all,all,default,2025,2025-02-24,1148.0000,False
infectious_disease,respiratory,COVID-19,Nation,England,COVID-19_healthcare_occupiedBedsByDay,all,all,default,2025,2025-02-23,1099.0000,False
infectious_disease,respiratory,COVID-19,Nation,England,COVID-19_healthcare_occupiedBedsByDay,all,all,default,2025,2025-02-22,1081.0000,False
infectious_disease,respiratory,COVID-19,Nation,England,COVID-19_healthcare_occupiedBedsByDay,all,all,default,2025,2025-02-21,1011.0000,False
infectious_disease,respiratory,COVID-19,Nation,England,COVID-19_healthcare_occupiedBedsByDay,all,all,default,2025,2025-02-20,997.0000,False
infectious_disease,respiratory,COVID-19,Nation,England,COVID-19_healthcare_occupiedBedsByDay,all,all,default,2025,2025-02-19,999.0000,False
infectious_disease,respiratory,COVID-19,Nation,England,COVID-19_healthcare_occupiedBedsByDay,all,all,default,2025,2025-02-18,996.0000,False
infectious_disease,respiratory,COVID-19,Nation,England,COVID-19_healthcare_occupiedBedsByDay,all,all,default,2025,2025-02-17,1008.0000,False
infectious_disease,respiratory,COVID-19,Nation,England,COVID-19_healthcare_occupiedBedsByDay,all,all,default,2025,2025-02-16,1027.0000,False
infectious_disease,respiratory,COVID-19,Nation,England,COVID-19_healthcare_occupiedBedsByDay,all,all,default,2025,2025-02-15,988.0000,False
infectious_disease,respiratory,COVID-19,Nation,England,COVID-19_healthcare_occupiedBedsByDay,all,all,default,2025,2025-02-14,1009.0000,False
infectious_disease,respiratory,COVID-19,Nation,England,COVID-19_healthcare_occupiedBedsByDay,all,all,default,2025,2025-02-13,962.0000,False
infectious_disease,respiratory,COVID-19,Nation,England,COVID-19_healthcare_occupiedBedsByDay,all,all,default,2025,2025-02-12,981.0000,False
infectious_disease,respiratory,COVID-19,Nation,England,COVID-19_healthcare_occupiedBedsByDay,all,all,default,2025,2025-02-11,969.0000,False
infectious_disease,respiratory,COVID-19,Nation,England,COVID-19_healthcare_occupiedBedsByDay,all,all,default,2025,2025-02-10,982.0000,False
infectious_disease,respiratory,COVID-19,Nation,England,COVID-19_healthcare_occupiedBedsByDay,all,all,default,2025,2025-02-09,954.0000,False
infectious_disease,respiratory,COVID-19,Nation,England,COVID-19_healthcare_occupiedBedsByDay,all,all,default,2025,2025-02-08,957.0000,False
infectious_disease,respiratory,COVID-19,Nation,England,COVID-19_healthcare_occupiedBedsByDay,all,all,default,2025,2025-02-07,959.0000,False
infectious_disease,respiratory,COVID-19,Nation,England,COVID-19_healthcare_occupiedBedsByDay,all,all,default,2025,2025-02-06,961.0000,False
infectious_disease,respiratory,COVID-19,Nation,England,COVID-19_healthcare_occupiedBedsByDay,all,all,default,2025,2025-02-05,956.0000,False
infectious_disease,respiratory,COVID-19,Nation,England,COVID-19_healthcare_occupiedBedsByDay,all,all,default,2025,2025-02-04,956.0000,False
infectious_disease,respiratory,COVID-19,Nation,England,COVID-19_healthcare_occupiedBedsByDay,all,all,default,2025,2025-02-03,961.0000,False
infectious_disease,respiratory,COVID-19,Nation,England,COVID-19_healthcare_occupiedBedsByDay,all,all,default,2025,2025-02-02,963.0000,False
infectious_disease,respiratory,COVID-19,Nation,England,COVID-19_healthcare_occupiedBedsByDay,all,all,default,2025,2025-02-01,963.0000,False
infectious_disease,respiratory,COVID-19,Nation,England,COVID-19_healthcare_occupiedBedsByDay,all,all,default,2025,2025-01-31,934.0000,False
infectious_disease,respiratory,COVID-19,Nation,England,COVID-19_healthcare_occupiedBedsByDay,all,all,default,2025,2025-01-30,939.0000,False
infectious_disease,respiratory,COVID-19,Nation,England,COVID-19_healthcare_occupiedBedsByDay,all,all,default,2025,2025-01-29,962.0000,False
infectious_disease,respiratory,COVID-19,Nation,England,COVID-19_healthcare_occupiedBedsByDay,all,all,default,2025,2025-01-28,961.0000,False
infectious_disease,respiratory,COVID-19,Nation,England,COVID-19_healthcare_occupiedBedsByDay,all,all,default,2025,2025-01-27,950.0000,False
infectious_disease,respiratory,COVID-19,Nation,England,COVID-19_healthcare_occupiedBedsByDay,all,all,default,2025,2025-01-26,979.0000,False
infectious_disease,respiratory,COVID-19,Nation,England,COVID-19_healthcare_occupiedBedsByDay,all,all,default,2025,2025-01-25,971.0000,False
infectious_disease,respiratory,COVID-19,Nation,England,COVID-19_healthcare_occupiedBedsByDay,all,all,default,2025,2025-01-24,935.0000,False
infectious_disease,respiratory,COVID-19,Nation,England,COVID-19_healthcare_occupiedBedsByDay,all,all,default,2025,2025-01-23,973.0000,False
infectious_disease,respiratory,COVID-19,Nation,England,COVID-19_healthcare_occupiedBedsByDay,all,all,default,2025,2025-01-22,1036.0000,False
infectious_disease,respiratory,COVID-19,Nation,England,COVID-19_healthcare_occupiedBedsByDay,all,all,default,2025,2025-01-21,1039.0000,False
infectious_disease,respiratory,COVID-19,Nation,England,COVID-19_healthcare_occupiedBedsByDay,all,all,default,2025,2025-01-20,1045.0000,False
infectious_disease,respiratory,COVID-19,Nation,England,COVID-19_healthcare_occupiedBedsByDay,all,all,default,2025,2025-01-19,1049.0000,False
infectious_disease,respiratory,COVID-19,Nation,England,COVID-19_healthcare_occupiedBedsByDay,all,all,default,2025,2025-01-18,1054.0000,False
infectious_disease,respiratory,COVID-19,Nation,England,COVID-19_healthcare_occupiedBedsByDay,all,all,default,2025,2025-01-17,1068.0000,False
infectious_disease,respiratory,COVID-19,Nation,England,COVID-19_healthcare_occupiedBedsByDay,all,all,default,2025,2025-01-16,1084.0000,False
infectious_disease,respiratory,COVID-19,Nation,England,COVID-19_healthcare_occupiedBedsByDay,all,all,default,2025,2025-01-15,1077.0000,False
infectious_disease,respiratory,COVID-19,Nation,England,COVID-19_healthcare_occupiedBedsByDay,all,all,default,2025,2025-01-14,1083.0000,False
infectious_disease,respiratory,COVID-19,Nation,England,COVID-19_healthcare_occupiedBedsByDay,all,all,default,2025,2025-01-13,1075.0000,False
infectious_disease,respiratory,COVID-19,Nation,England,COVID-19_healthcare_occupiedBedsByDay,all,all,default,2025,2025-01-12,1082.0000,False
infectious_disease,respiratory,COVID-19,Nation,England,COVID-19_healthcare_occupiedBedsByDay,all,all,default,2025,2025-01-11,1089.0000,False
infectious_disease,respiratory,COVID-19,Nation,England,COVID-19_healthcare_occupiedBedsByDay,all,all,default,2025,2025-01-10,1104.0000,False
infectious_disease,respiratory,COVID-19,Nation,England,COVID-19_healthcare_occupiedBedsByDay,all,all,default,2025,2025-01-09,1119.0000,False
infectious_disease,respiratory,COVID-19,Nation,England,COVID-19_healthcare_occupiedBedsByDay,all,all,default,2025,2025-01-08,1135.0000,False
infectious_disease,respiratory,COVID-19,Nation,England,COVID-19_healthcare_occupiedBedsByDay,all,all,default,2025,2025-01-07,1121.0000,False
infectious_disease,respiratory,COVID-19,Nation,England,COVID-19_healthcare_occupiedBedsByDay,all,all,default,2025,2025-01-06,1146.0000,False
infectious_disease,respiratory,COVID-19,Nation,England,COVID-19_healthcare_occupiedBedsByDay,all,all,default,2025,2025-01-05,1135.0000,False
infectious_disease,respiratory,COVID-19,Nation,England,COVID-19_healthcare_occupiedBedsByDay,all,all,default,2025,2025-01-04,1138.0000,False
infectious_disease,respiratory,COVID-19,Nation,England,COVID-19_healthcare_occupiedBedsByDay,all,all,default,2025,2025-01-03,1140.0000,False
infectious_disease,respiratory,COVID-19,Nation,England,COVID-19_healthcare_occupiedBedsByDay,all,all,default,2025,2025-01-02,1137.0000,False
infectious_disease,respiratory,COVID-19,Nation,England,COVID-19_healthcare_occupiedBedsByDay,all,all,default,2025,2025-01-01,1120.0000,False
infectious_disease,respiratory,COVID-19,Nation,England,COVID-19_healthcare_occupiedBedsByDay,all,all,default,2024,2024-12-31,1108.0000,False
infectious_disease,respiratory,COVID-19,Nation,England,COVID-19_healthcare_occupiedBedsByDay,all,all,default,2024,2024-12-30,1121.0000,False
infectious_disease,respiratory,COVID-19,Nation,England,COVID-19_healthcare_occupiedBedsByDay,all,all,default,2024,2024-12-29,1133.0000,False
infectious_disease,respiratory,COVID-19,Nation,England,COVID-19_healthcare_occupiedBedsByDay,all,all,default,2024,2024-12-28,1138.0000,False
infectious_disease,respiratory,COVID-19,Nation,England,COVID-19_healthcare_occupiedBedsByDay,all,all,default,2024,2024-12-27,1200.0000,False
infectious_disease,respiratory,COVID-19,Nation,England,COVID-19_healthcare_occupiedBedsByDay,all,all,default,2024,2024-12-26,1154.0000,False
infectious_disease,respiratory,COVID-19,Nation,England,COVID-19_healthcare_occupiedBedsByDay,all,all,default,2024,2024-12-25,1164.0000,False
infectious_disease,respiratory,COVID-19,Nation,England,COVID-19_healthcare_occupiedBedsByDay,all,all,default,2024,2024-12-24,1226.0000,False
infectious_disease,respiratory,COVID-19,Nation,England,COVID-19_healthcare_occupiedBedsByDay,all,all,default,2024,2024-12-23,1294.0000,False
infectious_disease,respiratory,COVID-19,Nation,England,COVID-19_healthcare_occupiedBedsByDay,all,all,default,2024,2024-12-22,1288.0000,False
infectious_disease,respiratory,COVID-19,Nation,England,COVID-19_healthcare_occupiedBedsByDay,all,all,default,2024,2024-12-21,1308.0000,False
infectious_disease,respiratory,COVID-19,Nation,England,COVID-19_healthcare_occupiedBedsByDay,all,all,default,2024,2024-12-20,1276.0000,False
infectious_disease,respiratory,COVID-19,Nation,England,COVID-19_healthcare_occupiedBedsByDay,all,all,default,2024,2024-12-19,1246.0000,False
infectious_disease,respiratory,COVID-19,Nation,England,COVID-19_healthcare_occupiedBedsByDay,all,all,default,2024,2024-12-18,1267.0000,False
infectious_disease,respiratory,COVID-19,Nation,England,COVID-19_healthcare_occupiedBedsByDay,all,all,default,2024,2024-12-17,1264.0000,False
infectious_disease,respiratory,COVID-19,Nation,England,COVID-19_healthcare_occupiedBedsByDay,all,all,default,2024,2024-12-16,1287.0000,False
infectious_disease,respiratory,COVID-19,Nation,England,COVID-19_healthcare_occupiedBedsByDay,all,all,default,2024,2024-12-15,1261.0000,False
infectious_disease,respiratory,COVID-19,Nation,England,COVID-19_healthcare_occupiedBedsByDay,all,all,default,2024,2024-12-14,1247.0000,False
infectious_disease,respiratory,COVID-19,Nation,England,COVID-19_healthcare_occupiedBedsByDay,all,all,default,2024,2024-12-13,1238.0000,False
infectious_disease,respiratory,COVID-19,Nation,England,COVID-19_healthcare_occupiedBedsByDay,all,all,default,2024,2024-12-12,1241.0000,False
infectious_disease,respiratory,COVID-19,Nation,England,COVID-19_healthcare_occupiedBedsByDay,all,all,default,2024,2024-12-11,1298.0000,False
infectious_disease,respiratory,COVID-19,Nation,England,COVID-19_healthcare_occupiedBedsByDay,all,all,default,2024,2024-12-10,1307.0000,False
infectious_disease,respiratory,COVID-19,Nation,England,COVID-19_healthcare_occupiedBedsByDay,all,all,default,2024,2024-12-09,1331.0000,False
infectious_disease,respiratory,COVID-19,Nation,England,COVID-19_healthcare_occupiedBedsByDay,all,all,default,2024,2024-12-08,1356.0000,False
infectious_disease,respiratory,COVID-19,Nation,England,COVID-19_healthcare_occupiedBedsByDay,all,all,default,2024,2024-12-07,1338.0000,False
infectious_disease,respiratory,COVID-19,Nation,England,COVID-19_healthcare_occupiedBedsByDay,all,all,default,2024,2024-12-06,1342.0000,False
infectious_disease,respiratory,COVID-19,Nation,England,COVID-19_healthcare_occupiedBedsByDay,all,all,default,2024,2024-12-05,1315.0000,False
infectious_disease,respiratory,COVID-19,Nation,England,COVID-19_healthcare_occupiedBedsByDay,all,all,default,2024,2024-12-04,1328.0000,False
infectious_disease,respiratory,COVID-19,Nation,England,COVID-19_healthcare_occupiedBedsByDay,all,all,default,2024,2024-12-03,1353.0000,False
infectious_disease,respiratory,COVID-19,Nation,England,COVID-19_healthcare_occupiedBedsByDay,all,all,default,2024,2024-12-02,1374.0000,False
infectious_disease,respiratory,COVID-19,Nation,England,COVID-19_healthcare_occupiedBedsByDay,all,all,default,2024,2024-12-01,1380.0000,False
infectious_disease,respiratory,COVID-19,Nation,England,COVID-19_healthcare_occupiedBedsByDay,all,all,default,2024,2024-11-30,1373.0000,False
infectious_disease,respiratory,COVID-19,Nation,England,COVID-19_healthcare_occupiedBedsByDay,all,all,default,2024,2024-11-29,1373.0000,False
infectious_disease,respiratory,COVID-19,Nation,England,COVID-19_healthcare_occupiedBedsByDay,all,all,default,2024,2024-11-28,1395.0000,False
infectious_disease,respiratory,COVID-19,Nation,England,COVID-19_healthcare_occupiedBedsByDay,all,all,default,2024,2024-11-27,1403.0000,False
infectious_disease,respiratory,COVID-19,Nation,England,COVID-19_healthcare_occupiedBedsByDay,all,all,default,2024,2024-11-26,1400.0000,False
infectious_disease,respiratory,COVID-19,Nation,England,COVID-19_healthcare_occupiedBedsByDay,all,all,default,2024,2024-11-25,1422.0000,False
infectious_disease,respiratory,COVID-19,Nation,England,COVID-19_healthcare_occupiedBedsByDay,all,all,default,2024,2024-11-24,1440.0000,False
infectious_disease,respiratory,COVID-19,Nation,England,COVID-19_healthcare_occupiedBedsByDay,all,all,default,2024,2024-11-23,1413.0000,False
infectious_disease,respiratory,COVID-19,Nation,England,COVID-19_healthcare_occupiedBedsByDay,all,all,default,2024,2024-11-22,1437.0000,False
infectious_disease,respiratory,COVID-19,Nation,England,COVID-19_healthcare_occupiedBedsByDay,all,all,default,2024,2024-11-21,1449.0000,False
infectious_disease,respiratory,COVID-19,Nation,England,COVID-19_healthcare_occupiedBedsByDay,all,all,default,2024,2024-11-20,1489.0000,False
infectious_disease,respiratory,COVID-19,Nation,England,COVID-19_healthcare_occupiedBedsByDay,all,all,default,2024,2024-11-19,1497.0000,False
infectious_disease,respiratory,COVID-19,Nation,England,COVID-19_healthcare_occupiedBedsByDay,all,all,default,2024,2024-11-18,1503.0000,False
infectious_disease,respiratory,COVID-19,Nation,England,COVID-19_healthcare_occupiedBedsByDay,all,all,default,2024,2024-11-17,1516.0000,False
infectious_disease,respiratory,COVID-19,Nation,England,COVID-19_healthcare_occupiedBedsByDay,all,all,default,2024,2024-11-16,1527.0000,False
infectious_disease,respiratory,COVID-19,Nation,England,COVID-19_healthcare_occupiedBedsByDay,all,all,default,2024,2024-11-15,1554.0000,False
infectious_disease,respiratory,COVID-19,Nation,England,COVID-19_healthcare_occupiedBedsByDay,all,all,default,2024,2024-11-14,1616.0000,False
infectious_disease,respiratory,COVID-19,Nation,England,COVID-19_healthcare_occupiedBedsByDay,all,all,default,2024,2024-11-13,1688.0000,False
infectious_disease,respiratory,COVID-19,Nation,England,COVID-19_healthcare_occupiedBedsByDay,all,all,default,2024,2024-11-12,1765.0000,False
infectious_disease,respiratory,COVID-19,Nation,England,COVID-19_healthcare_occupiedBedsByDay,all,all,default,2024,2024-11-11,1834.0000,False
infectious_disease,respiratory,COVID-19,Nation,England,COVID-19_healthcare_occupiedBedsByDay,all,all,default,2024,2024-11-10,1846.0000,False
infectious_disease,respiratory,COVID-19,Nation,England,COVID-19_healthcare_occupiedBedsByDay,all,all,default,2024,2024-11-09,1863.0000,False
infectious_disease,respiratory,COVID-19,Nation,England,COVID-19_healthcare_occupiedBedsByDay,all,all,default,2024,2024-11-08,1977.0000,False
infectious_disease,respiratory,COVID-19,Nation,England,COVID-19_healthcare_occupiedBedsByDay,all,all,default,2024,2024-11-07,2048.0000,False
infectious_disease,respiratory,COVID-19,Nation,England,COVID-19_healthcare_occupiedBedsByDay,all,all,default,2024,2024-11-06,2129.0000,False
infectious_disease,respiratory,COVID-19,Nation,England,COVID-19_healthcare_occupiedBedsByDay,all,all,default,2024,2024-11-05,2245.0000,False
infectious_disease,respiratory,COVID-19,Nation,England,COVID-19_healthcare_occupiedBedsByDay,all,all,default,2024,2024-11-04,2289.0000,False
infectious_disease,respiratory,COVID-19,Nation,England,COVID-19_healthcare_occupiedBedsByDay,all,all,default,2024,2024-11-03,2364.0000,False
infectious_disease,respiratory,COVID-19,Nation,England,COVID-19_healthcare_occupiedBedsByDay,all,all,default,2024,2024-11-02,2412.0000,False
infectious_disease,respiratory,COVID-19,Nation,England,COVID-19_healthcare_occupiedBedsByDay,all,all,default,2024,2024-11-01,2491.0000,False
infectious_disease,respiratory,COVID-19,Nation,England,COVID-19_healthcare_occupiedBedsByDay,all,all,default,2024,2024-10-31,2576.0000,False
infectious_disease,respiratory,COVID-19,Nation,England,COVID-19_healthcare_occupiedBedsByDay,all,all,default,2024,2024-10-30,2668.0000,False
infectious_disease,respiratory,COVID-19,Nation,England,COVID-19_healthcare_occupiedBedsByDay,all,all,default,2024,2024-10-29,2793.0000,False
infectious_disease,respiratory,COVID-19,Nation,England,COVID-19_healthcare_occupiedBedsByDay,all,all,default,2024,2024-10-28,2936.0000,False
infectious_disease,respiratory,COVID-19,Nation,England,COVID-19_healthcare_occupiedBedsByDay,all,all,default,2024,2024-10-27,3010.0000,False
infectious_disease,respiratory,COVID-19,Nation,England,COVID-19_healthcare_occupiedBedsByDay,all,all,default,2024,2024-10-26,3009.0000,False
infectious_disease,respiratory,COVID-19,Nation,England,COVID-19_healthcare_occupiedBedsByDay,all,all,default,2024,2024-10-25,3065.0000,False
infectious_disease,respiratory,COVID-19,Nation,England,COVID-19_healthcare_occupiedBedsByDay,all,all,default,2024,2024-10-24,3118.0000,False
infectious_disease,respiratory,COVID-19,Nation,England,COVID-19_healthcare_occupiedBedsByDay,all,all,default,2024,2024-10-23,3211.0000,False
infectious_disease,respiratory,COVID-19,Nation,England,COVID-19_healthcare_occupiedBedsByDay,all,all,default,2024,2024-10-22,3251.0000,False
infectious_disease,respiratory,COVID-19,Nation,England,COVID-19_healthcare_occupiedBedsByDay,all,all,default,2024,2024-10-21,3282.0000,False
infectious_disease,respiratory,COVID-19,Nation,England,COVID-19_healthcare_occupiedBedsByDay,all,all,default,2024,2024-10-20,3272.0000,False
infectious_disease,respiratory,COVID-19,Nation,England,COVID-19_healthcare_occupiedBedsByDay,all,all,default,2024,2024-10-19,3279.0000,False
infectious_disease,respiratory,COVID-19,Nation,England,COVID-19_healthcare_occupiedBedsByDay,all,all,default,2024,2024-10-18,3211.0000,False
infectious_disease,respiratory,COVID-19,Nation,England,COVID-19_healthcare_occupiedBedsByDay,all,all,default,2024,2024-10-17,3128.0000,False
infectious_disease,respiratory,COVID-19,Nation,England,COVID-19_healthcare_occupiedBedsByDay,all,all,default,2024,2024-10-16,3124.0000,False
infectious_disease,respiratory,COVID-19,Nation,England,COVID-19_healthcare_occupiedBedsByDay,all,all,default,2024,2024-10-15,3180.0000,False
infectious_disease,respiratory,COVID-19,Nation,England,COVID-19_healthcare_occupiedBedsByDay,all,all,default,2024,2024-10-14,3209.0000,False
infectious_disease,respiratory,COVID-19,Nation,England,COVID-19_healthcare_occupiedBedsByDay,all,all,default,2024,2024-10-13,3260.0000,False
infectious_disease,respiratory,COVID-19,Nation,England,COVID-19_healthcare_occupiedBedsByDay,all,all,default,2024,2024-10-12,3300.0000,False
infectious_disease,respiratory,COVID-19,Nation,England,COVID-19_healthcare_occupiedBedsByDay,all,all,default,2024,2024-10-11,3308.0000,False
infectious_disease,respiratory,COVID-19,Nation,England,COVID-19_healthcare_occupiedBedsByDay,all,all,default,2024,2024-10-10,3301.0000,False
infectious_disease,respiratory,COVID-19,Nation,England,COVID-19_healthcare_occupiedBedsByDay,all,all,default,2024,2024-10-09,3269.0000,False
infectious_disease,respiratory,COVID-19,Nation,England,COVID-19_healthcare_occupiedBedsByDay,all,all,default,2024,2024-10-08,3152.0000,False
infectious_disease,respiratory,COVID-19,Nation,England,COVID-19_healthcare_occupiedBedsByDay,all,all,default,2024,2024-10-07,3076.0000,False
infectious_disease,respiratory,COVID-19,Nation,England,COVID-19_healthcare_occupiedBedsByDay,all,all,default,2024,2024-10-06,2961.0000,False
infectious_disease,respiratory,COVID-19,Nation,England,COVID-19_healthcare_occupiedBedsByDay,all,all,default,2024,2024-10-05,2892.0000,False
infectious_disease,respiratory,COVID-19,Nation,England,COVID-19_healthcare_occupiedBedsByDay,all,all,default,2024,2024-10-04,2871.0000,False
infectious_disease,respiratory,COVID-19,Nation,England,COVID-19_healthcare_occupiedBedsByDay,all,all,default,2024,2024-10-03,2823.0000,False
infectious_disease,respiratory,COVID-19,Nation,England,COVID-19_healthcare_occupiedBedsByDay,all,all,default,2024,2024-10-02,2728.0000,False
infectious_disease,respiratory,COVID-19,Nation,England,COVID-19_healthcare_occupiedBedsByDay,all,all,default,2024,2024-10-01,2609.0000,False
infectious_disease,respiratory,COVID-19,Nation,England,COVID-19_healthcare_occupiedBedsByDay,all,all,default,2024,2024-09-30,2772.0000,False
infectious_disease,respiratory,COVID-19,Nation,England,COVID-19_healthcare_occupiedBedsByDay,all,all,default,2024,2024-09-29,2736.0000,False
infectious_disease,respiratory,COVID-19,Nation,England,COVID-19_healthcare_occupiedBedsByDay,all,all,default,2024,2024-09-28,2713.0000,False
infectious_disease,respiratory,COVID-19,Nation,England,COVID-19_healthcare_occupiedBedsByDay,all,all,default,2024,2024-09-27,2720.0000,False
infectious_disease,respiratory,COVID-19,Nation,England,COVID-19_healthcare_occupiedBedsByDay,all,all,default,2024,2024-09-26,2671.0000,False
infectious_disease,respiratory,COVID-19,Nation,England,COVID-19_healthcare_occupiedBedsByDay,all,all,default,2024,2024-09-25,2614.0000,False
infectious_disease,respiratory,COVID-19,Nation,England,COVID-19_healthcare_occupiedBedsByDay,all,all,default,2024,2024-09-24,2538.0000,False
infectious_disease,respiratory,COVID-19,Nation,England,COVID-19_healthcare_occupiedBedsByDay,all,all,default,2024,2024-09-23,2486.0000,False
infectious_disease,respiratory,COVID-19,Nation,England,COVID-19_healthcare_occupiedBedsByDay,all,all,default,2024,2024-09-22,2393.0000,False
infectious_disease,respiratory,COVID-19,Nation,England,COVID-19_healthcare_occupiedBedsByDay,all,all,default,2024,2024-09-21,2335.0000,False
infectious_disease,respiratory,COVID-19,Nation,England,COVID-19_healthcare_occupiedBedsByDay,all,all,default,2024,2024-09-20,2258.0000,False
infectious_disease,respiratory,COVID-19,Nation,England,COVID-19_healthcare_occupiedBedsByDay,all,all,default,2024,2024-09-19,2192.0000,False
infectious_disease,respiratory,COVID-19,Nation,England,COVID-19_healthcare_occupiedBedsByDay,all,all,default,2024,2024-09-18,2098.0000,False
infectious_disease,respiratory,COVID-19,Nation,England,COVID-19_healthcare_occupiedBedsByDay,all,all,default,2024,2024-09-17,2006.0000,False
infectious_disease,respiratory,COVID-19,Nation,England,COVID-19_healthcare_occupiedBedsByDay,all,all,default,2024,2024-09-16,1893.0000,False
infectious_disease,respiratory,COVID-19,Nation,England,COVID-19_healthcare_occupiedBedsByDay,all,all,default,2024,2024-09-15,1843.0000,False
infectious_disease,respiratory,COVID-19,Nation,England,COVID-19_healthcare_occupiedBedsByDay,all,all,default,2024,2024-09-14,1826.0000,False
infectious_disease,respiratory,COVID-19,Nation,England,COVID-19_healthcare_occupiedBedsByDay,all,all,default,2024,2024-09-13,1825.0000,False
infectious_disease,respiratory,COVID-19,Nation,England,COVID-19_healthcare_occupiedBedsByDay,all,all,default,2024,2024-09-12,1856.0000,False
infectious_disease,respiratory,COVID-19,Nation,England,COVID-19_healthcare_occupiedBedsByDay,all,all,default,2024,2024-09-11,1897.0000,False
infectious_disease,respiratory,COVID-19,Nation,England,COVID-19_healthcare_occupiedBedsByDay,all,all,default,2024,2024-09-10,1929.0000,False
infectious_disease,respiratory,COVID-19,Nation,England,COVID-19_healthcare_occupiedBedsByDay,all,all,default,2024,2024-09-09,1884.0000,False
infectious_disease,respiratory,COVID-19,Nation,England,COVID-19_healthcare_occupiedBedsByDay,all,all,default,2024,2024-09-08,1875.0000,False
infectious_disease,respiratory,COVID-19,Nation,England,COVID-19_healthcare_occupiedBedsByDay,all,all,default,2024,2024-09-07,1835.0000,False
infectious_disease,respiratory,COVID-19,Nation,England,COVID-19_healthcare_occupiedBedsByDay,all,all,default,2024,2024-09-06,1873.0000,False
infectious_disease,respiratory,COVID-19,Nation,England,COVID-19_healthcare_occupiedBedsByDay,all,all,default,2024,2024-09-05,1868.0000,False
infectious_disease,respiratory,COVID-19,Nation,England,COVID-19_healthcare_occupiedBedsByDay,all,all,default,2024,2024-09-04,1887.0000,False
infectious_disease,respiratory,COVID-19,Nation,England,COVID-19_healthcare_occupiedBedsByDay,all,all,default,2024,2024-09-03,1825.0000,False
infectious_disease,respiratory,COVID-19,Nation,England,COVID-19_healthcare_occupiedBedsByDay,all,all,default,2024,2024-09-02,1839.0000,False
infectious_disease,respiratory,COVID-19,Nation,England,COVID-19_healthcare_occupiedBedsByDay,all,all,default,2024,2024-09-01,1825.0000,False
infectious_disease,respiratory,COVID-19,Nation,England,COVID-19_healthcare_occupiedBedsByDay,all,all,default,2024,2024-08-31,1799.0000,False
infectious_disease,respiratory,COVID-19,Nation,England,COVID-19_healthcare_occupiedBedsByDay,all,all,default,2024,2024-08-30,1825.0000,False
infectious_disease,respiratory,COVID-19,Nation,England,COVID-19_healthcare_occupiedBedsByDay,all,all,default,2024,2024-08-29,1829.0000,False
infectious_disease,respiratory,COVID-19,Nation,England,COVID-19_healthcare_occupiedBedsByDay,all,all,default,2024,2024-08-28,1844.0000,False
infectious_disease,respiratory,COVID-19,Nation,England,COVID-19_healthcare_occupiedBedsByDay,all,all,default,2024,2024-08-27,1834.0000,False
infectious_disease,respiratory,COVID-19,Nation,England,COVID-19_healthcare_occupiedBedsByDay,all,all,default,2024,2024-08-26,1797.0000,False
infectious_disease,respiratory,COVID-19,Nation,England,COVID-19_healthcare_occupiedBedsByDay,all,all,default,2024,2024-08-25,1766.0000,False
infectious_disease,respiratory,COVID-19,Nation,England,COVID-19_healthcare_occupiedBedsByDay,all,all,default,2024,2024-08-24,1762.0000,False
infectious_disease,respiratory,COVID-19,Nation,England,COVID-19_healthcare_occupiedBedsByDay,all,all,default,2024,2024-08-23,1788.0000,False
infectious_disease,respiratory,COVID-19,Nation,England,COVID-19_healthcare_occupiedBedsByDay,all,all,default,2024,2024-08-22,1900.0000,False
infectious_disease,respiratory,COVID-19,Nation,England,COVID-19_healthcare_occupiedBedsByDay,all,all,default,2024,2024-08-21,1901.0000,False
infectious_disease,respiratory,COVID-19,Nation,England,COVID-19_healthcare_occupiedBedsByDay,all,all,default,2024,2024-08-20,1978.0000,False
infectious_disease,respiratory,COVID-19,Nation,England,COVID-19_healthcare_occupiedBedsByDay,all,all,default,2024,2024-08-19,1998.0000,False
infectious_disease,respiratory,COVID-19,Nation,England,COVID-19_healthcare_occupiedBedsByDay,all,all,default,2024,2024-08-18,2039.0000,False
infectious_disease,respiratory,COVID-19,Nation,England,COVID-19_healthcare_occupiedBedsByDay,all,all,default,2024,2024-08-17,2064.0000,False
infectious_disease,respiratory,COVID-19,Nation,England,COVID-19_healthcare_occupiedBedsByDay,all,all,default,2024,2024-08-16,2113.0000,False
infectious_disease,respiratory,COVID-19,Nation,England,COVID-19_healthcare_occupiedBedsByDay,all,all,default,2024,2024-08-15,2149.0000,False
infectious_disease,respiratory,COVID-19,Nation,England,COVID-19_healthcare_occupiedBedsByDay,all,all,default,2024,2024-08-14,2261.0000,False
infectious_disease,respiratory,COVID-19,Nation,England,COVID-19_healthcare_occupiedBedsByDay,all,all,default,2024,2024-08-13,2303.0000,False
infectious_disease,respiratory,COVID-19,Nation,England,COVID-19_healthcare_occupiedBedsByDay,all,all,default,2024,2024-08-12,2319.0000,False
infectious_disease,respiratory,COVID-19,Nation,England,COVID-19_healthcare_occupiedBedsByDay,all,all,default,2024,2024-08-11,2358.0000,False
infectious_disease,respiratory,COVID-19,Nation,England,COVID-19_healthcare_occupiedBedsByDay,all,all,default,2024,2024-08-10,2402.0000,False
infectious_disease,respiratory,COVID-19,Nation,England,COVID-19_healthcare_occupiedBedsByDay,all,all,default,2024,2024-08-09,2603.0000,False
infectious_disease,respiratory,COVID-19,Nation,England,COVID-19_healthcare_occupiedBedsByDay,all,all,default,2024,2024-08-08,2573.0000,False
infectious_disease,respiratory,COVID-19,Nation,England,COVID-19_healthcare_occupiedBedsByDay,all,all,default,2024,2024-08-07,2729.0000,False
infectious_disease,respiratory,COVID-19,Nation,England,COVID-19_healthcare_occupiedBedsByDay,all,all,default,2024,2024-08-06,2791.0000,False
infectious_disease,respiratory,COVID-19,Nation,England,COVID-19_healthcare_occupiedBedsByDay,all,all,default,2024,2024-08-05,2899.0000,False
infectious_disease,respiratory,COVID-19,Nation,England,COVID-19_healthcare_occupiedBedsByDay,all,all,default,2024,2024-08-04,2952.0000,False
infectious_disease,respiratory,COVID-19,Nation,England,COVID-19_healthcare_occupiedBedsByDay,all,all,default,2024,2024-08-03,2937.0000,False
infectious_disease,respiratory,COVID-19,Nation,England,COVID-19_healthcare_occupiedBedsByDay,all,all,default,2024,2024-08-02,3003.0000,False
infectious_disease,respiratory,COVID-19,Nation,England,COVID-19_healthcare_occupiedBedsByDay,all,all,default,2024,2024-08-01,2997.0000,False
infectious_disease,respiratory,COVID-19,Nation,England,COVID-19_healthcare_occupiedBedsByDay,all,all,default,2024,2024-07-31,3006.0000,False
infectious_disease,respiratory,COVID-19,Nation,England,COVID-19_healthcare_occupiedBedsByDay,all,all,default,2024,2024-07-30,3044.0000,False
infectious_disease,respiratory,COVID-19,Nation,England,COVID-19_healthcare_occupiedBedsByDay,all,all,default,2024,2024-07-29,3122.0000,False
infectious_disease,respiratory,COVID-19,Nation,England,COVID-19_healthcare_occupiedBedsByDay,all,all,default,2024,2024-07-28,3219.0000,False
infectious_disease,respiratory,COVID-19,Nation,England,COVID-19_healthcare_occupiedBedsByDay,all,all,default,2024,2024-07-27,3185.0000,False
infectious_disease,respiratory,COVID-19,Nation,England,COVID-19_healthcare_occupiedBedsByDay,all,all,default,2024,2024-07-26,3204.0000,False
infectious_disease,respiratory,COVID-19,Nation,England,COVID-19_healthcare_occupiedBedsByDay,all,all,default,2024,2024-07-25,3246.0000,False
infectious_disease,respiratory,COVID-19,Nation,England,COVID-19_healthcare_occupiedBedsByDay,all,all,default,2024,2024-07-24,3263.0000,False
infectious_disease,respiratory,COVID-19,Nation,England,COVID-19_healthcare_occupiedBedsByDay,all,all,default,2024,2024-07-23,3325.0000,False
infectious_disease,respiratory,COVID-19,Nation,England,COVID-19_healthcare_occupiedBedsByDay,all,all,default,2024,2024-07-22,3390.0000,False
infectious_disease,respiratory,COVID-19,Nation,England,COVID-19_healthcare_occupiedBedsByDay,all,all,default,2024,2024-07-21,3336.0000,False
infectious_disease,respiratory,COVID-19,Nation,England,COVID-19_healthcare_occupiedBedsByDay,all,all,default,2024,2024-07-20,3327.0000,False
infectious_disease,respiratory,COVID-19,Nation,England,COVID-19_healthcare_occupiedBedsByDay,all,all,default,2024,2024-07-19,3290.0000,False
infectious_disease,respiratory,COVID-19,Nation,England,COVID-19_healthcare_occupiedBedsByDay,all,all,default,2024,2024-07-18,3216.0000,False
infectious_disease,respiratory,COVID-19,Nation,England,COVID-19_healthcare_occupiedBedsByDay,all,all,default,2024,2024-07-17,3190.0000,False
infectious_disease,respiratory,COVID-19,Nation,England,COVID-19_healthcare_occupiedBedsByDay,all,all,default,2024,2024-07-16,3275.0000,False
infectious_disease,respiratory,COVID-19,Nation,England,COVID-19_healthcare_occupiedBedsByDay,all,all,default,2024,2024-07-15,3235.0000,False
infectious_disease,respiratory,COVID-19,Nation,England,COVID-19_healthcare_occupiedBedsByDay,all,all,default,2024,2024-07-14,3184.0000,False
infectious_disease,respiratory,COVID-19,Nation,England,COVID-19_healthcare_occupiedBedsByDay,all,all,default,2024,2024-07-13,3056.0000,False
infectious_disease,respiratory,COVID-19,Nation,England,COVID-19_healthcare_occupiedBedsByDay,all,all,default,2024,2024-07-12,3106.0000,False
infectious_disease,respiratory,COVID-19,Nation,England,COVID-19_healthcare_occupiedBedsByDay,all,all,default,2024,2024-07-11,3122.0000,False
infectious_disease,respiratory,COVID-19,Nation,England,COVID-19_healthcare_occupiedBedsByDay,all,all,default,2024,2024-07-10,3054.0000,False
infectious_disease,respiratory,COVID-19,Nation,England,COVID-19_healthcare_occupiedBedsByDay,all,all,default,2024,2024-07-09,3050.0000,False
infectious_disease,respiratory,COVID-19,Nation,England,COVID-19_healthcare_occupiedBedsByDay,all,all,default,2024,2024-07-08,2945.0000,False
infectious_disease,respiratory,COVID-19,Nation,England,COVID-19_healthcare_occupiedBedsByDay,all,all,default,2024,2024-07-07,2920.0000,False
infectious_disease,respiratory,COVID-19,Nation,England,COVID-19_healthcare_occupiedBedsByDay,all,all,default,2024,2024-07-06,2811.0000,False
infectious_disease,respiratory,COVID-19,Nation,England,COVID-19_healthcare_occupiedBedsByDay,all,all,default,2024,2024-07-05,2808.0000,False
infectious_disease,respiratory,COVID-19,Nation,England,COVID-19_healthcare_occupiedBedsByDay,all,all,default,2024,2024-07-04,2789.0000,False
infectious_disease,respiratory,COVID-19,Nation,England,COVID-19_healthcare_occupiedBedsByDay,all,all,default,2024,2024-07-03,2819.0000,False
infectious_disease,respiratory,COVID-19,Nation,England,COVID-19_healthcare_occupiedBedsByDay,all,all,default,2024,2024-07-02,2856.0000,False
infectious_disease,respiratory,COVID-19,Nation,England,COVID-19_healthcare_occupiedBedsByDay,all,all,default,2024,2024-07-01,2965.0000,False
infectious_disease,respiratory,COVID-19,Nation,England,COVID-19_healthcare_occupiedBedsByDay,all,all,default,2024,2024-06-30,2943.0000,False
infectious_disease,respiratory,COVID-19,Nation,England,COVID-19_healthcare_occupiedBedsByDay,all,all,default,2024,2024-06-29,2936.0000,False
infectious_disease,respiratory,COVID-19,Nation,England,COVID-19_healthcare_occupiedBedsByDay,all,all,default,2024,2024-06-28,2969.0000,False
infectious_disease,respiratory,COVID-19,Nation,England,COVID-19_healthcare_occupiedBedsByDay,all,all,default,2024,2024-06-27,2885.0000,False
infectious_disease,respiratory,COVID-19,Nation,England,COVID-19_healthcare_occupiedBedsByDay,all,all,default,2024,2024-06-26,2812.0000,False
infectious_disease,respiratory,COVID-19,Nation,England,COVID-19_healthcare_occupiedBedsByDay,all,all,default,2024,2024-06-25,2875.0000,False
infectious_disease,respiratory,COVID-19,Nation,England,COVID-19_healthcare_occupiedBedsByDay,all,all,default,2024,2024-06-24,2896.0000,False
infectious_disease,respiratory,COVID-19,Nation,England,COVID-19_healthcare_occupiedBedsByDay,all,all,default,2024,2024-06-23,2842.0000,False
infectious_disease,respiratory,COVID-19,Nation,England,COVID-19_healthcare_occupiedBedsByDay,all,all,default,2024,2024-06-22,2783.0000,False
infectious_disease,respiratory,COVID-19,Nation,England,COVID-19_healthcare_occupiedBedsByDay,all,all,default,2024,2024-06-21,2707.0000,False
infectious_disease,respiratory,COVID-19,Nation,England,COVID-19_healthcare_occupiedBedsByDay,all,all,default,2024,2024-06-20,2598.0000,False
infectious_disease,respiratory,COVID-19,Nation,England,COVID-19_healthcare_occupiedBedsByDay,all,all,default,2024,2024-06-19,2493.0000,False
infectious_disease,respiratory,COVID-19,Nation,England,COVID-19_healthcare_occupiedBedsByDay,all,all,default,2024,2024-06-18,2448.0000,False
infectious_disease,respiratory,COVID-19,Nation,England,COVID-19_healthcare_occupiedBedsByDay,all,all,default,2024,2024-06-17,2307.0000,False
infectious_disease,respiratory,COVID-19,Nation,England,COVID-19_healthcare_occupiedBedsByDay,all,all,default,2024,2024-06-16,2252.0000,False
infectious_disease,respiratory,COVID-19,Nation,England,COVID-19_healthcare_occupiedBedsByDay,all,all,default,2024,2024-06-15,2183.0000,False
infectious_disease,respiratory,COVID-19,Nation,England,COVID-19_healthcare_occupiedBedsByDay,all,all,default,2024,2024-06-14,2159.0000,False
infectious_disease,respiratory,COVID-19,Nation,England,COVID-19_healthcare_occupiedBedsByDay,all,all,default,2024,2024-06-13,2045.0000,False
infectious_disease,respiratory,COVID-19,Nation,England,COVID-19_healthcare_occupiedBedsByDay,all,all,default,2024,2024-06-12,2067.0000,False
infectious_disease,respiratory,COVID-19,Nation,England,COVID-19_healthcare_occupiedBedsByDay,all,all,default,2024,2024-06-11,1997.0000,False
infectious_disease,respiratory,COVID-19,Nation,England,COVID-19_healthcare_occupiedBedsByDay,all,all,default,2024,2024-06-10,1947.0000,False
infectious_disease,respiratory,COVID-19,Nation,England,COVID-19_healthcare_occupiedBedsByDay,all,all,default,2024,2024-06-09,1907.0000,False
infectious_disease,respiratory,COVID-19,Nation,England,COVID-19_healthcare_occupiedBedsByDay,all,all,default,2024,2024-06-08,1890.0000,False
infectious_disease,respiratory,COVID-19,Nation,England,COVID-19_healthcare_occupiedBedsByDay,all,all,default,2024,2024-06-07,1874.0000,False
infectious_disease,respiratory,COVID-19,Nation,England,COVID-19_healthcare_occupiedBedsByDay,all,all,default,2024,2024-06-06,1862.0000,False
infectious_disease,respiratory,COVID-19,Nation,England,COVID-19_healthcare_occupiedBedsByDay,all,all,default,2024,2024-06-05,1850.0000,False
infectious_disease,respiratory,COVID-19,Nation,England,COVID-19_healthcare_occupiedBedsByDay,all,all,default,2024,2024-06-04,1883.0000,False
infectious_disease,respiratory,COVID-19,Nation,England,COVID-19_healthcare_occupiedBedsByDay,all,all,default,2024,2024-06-03,1925.0000,False
infectious_disease,respiratory,COVID-19,Nation,England,COVID-19_healthcare_occupiedBedsByDay,all,all,default,2024,2024-06-02,1890.0000,False
infectious_disease,respiratory,COVID-19,Nation,England,COVID-19_healthcare_occupiedBedsByDay,all,all,default,2024,2024-06-01,1909.0000,False
infectious_disease,respiratory,COVID-19,Nation,England,COVID-19_healthcare_occupiedBedsByDay,all,all,default,2024,2024-05-31,1886.0000,False
infectious_disease,respiratory,COVID-19,Nation,England,COVID-19_healthcare_occupiedBedsByDay,all,all,default,2024,2024-05-30,1878.0000,False
infectious_disease,respiratory,COVID-19,Nation,England,COVID-19_healthcare_occupiedBedsByDay,all,all,default,2024,2024-05-29,1872.0000,False
infectious_disease,respiratory,COVID-19,Nation,England,COVID-19_healthcare_occupiedBedsByDay,all,all,default,2024,2024-05-28,1907.0000,False
infectious_disease,respiratory,COVID-19,Nation,England,COVID-19_healthcare_occupiedBedsByDay,all,all,default,2024,2024-05-27,1897.0000,False
infectious_disease,respiratory,COVID-19,Nation,England,COVID-19_healthcare_occupiedBedsByDay,all,all,default,2024,2024-05-26,1919.0000,False
infectious_disease,respiratory,COVID-19,Nation,England,COVID-19_healthcare_occupiedBedsByDay,all,all,default,2024,2024-05-25,1949.0000,False
infectious_disease,respiratory,COVID-19,Nation,England,COVID-19_healthcare_occupiedBedsByDay,all,all,default,2024,2024-05-24,2018.0000,False
infectious_disease,respiratory,COVID-19,Nation,England,COVID-19_healthcare_occupiedBedsByDay,all,all,default,2024,2024-05-23,2068.0000,False
infectious_disease,respiratory,COVID-19,Nation,England,COVID-19_healthcare_occupiedBedsByDay,all,all,default,2024,2024-05-22,2107.0000,False
infectious_disease,respiratory,COVID-19,Nation,England,COVID-19_healthcare_occupiedBedsByDay,all,all,default,2024,2024-05-21,2187.0000,False
infectious_disease,respiratory,COVID-19,Nation,England,COVID-19_healthcare_occupiedBedsByDay,all,all,default,2024,2024-05-20,2216.0000,False
infectious_disease,respiratory,COVID-19,Nation,England,COVID-19_healthcare_occupiedBedsByDay,all,all,default,2024,2024-05-19,2211.0000,False
infectious_disease,respiratory,COVID-19,Nation,England,COVID-19_healthcare_occupiedBedsByDay,all,all,default,2024,2024-05-18,2202.0000,False
infectious_disease,respiratory,COVID-19,Nation,England,COVID-19_healthcare_occupiedBedsByDay,all,all,default,2024,2024-05-17,2289.0000,False
infectious_disease,respiratory,COVID-19,Nation,England,COVID-19_healthcare_occupiedBedsByDay,all,all,default,2024,2024-05-16,2315.0000,False
infectious_disease,respiratory,COVID-19,Nation,England,COVID-19_healthcare_occupiedBedsByDay,all,all,default,2024,2024-05-15,2301.0000,False
infectious_disease,respiratory,COVID-19,Nation,England,COVID-19_healthcare_occupiedBedsByDay,all,all,default,2024,2024-05-14,2364.0000,False
infectious_disease,respiratory,COVID-19,Nation,England,COVID-19_healthcare_occupiedBedsByDay,all,all,default,2024,2024-05-13,2391.0000,False
infectious_disease,respiratory,COVID-19,Nation,England,COVID-19_healthcare_occupiedBedsByDay,all,all,default,2024,2024-05-12,2342.0000,False
infectious_disease,respiratory,COVID-19,Nation,England,COVID-19_healthcare_occupiedBedsByDay,all,all,default,2024,2024-05-11,2346.0000,False
infectious_disease,respiratory,COVID-19,Nation,England,COVID-19_healthcare_occupiedBedsByDay,all,all,default,2024,2024-05-10,2412.0000,False
infectious_disease,respiratory,COVID-19,Nation,England,COVID-19_healthcare_occupiedBedsByDay,all,all,default,2024,2024-05-09,2349.0000,False
infectious_disease,respiratory,COVID-19,Nation,England,COVID-19_healthcare_occupiedBedsByDay,all,all,default,2024,2024-05-08,2340.0000,False
infectious_disease,respiratory,COVID-19,Nation,England,COVID-19_healthcare_occupiedBedsByDay,all,all,default,2024,2024-05-07,2337.0000,False
infectious_disease,respiratory,COVID-19,Nation,England,COVID-19_healthcare_occupiedBedsByDay,all,all,default,2024,2024-05-06,2248.0000,False
infectious_disease,respiratory,COVID-19,Nation,England,COVID-19_healthcare_occupiedBedsByDay,all,all,default,2024,2024-05-05,2225.0000,False
infectious_disease,respiratory,COVID-19,Nation,England,COVID-19_healthcare_occupiedBedsByDay,all,all,default,2024,2024-05-04,2227.0000,False
infectious_disease,respiratory,COVID-19,Nation,England,COVID-19_healthcare_occupiedBedsByDay,all,all,default,2024,2024-05-03,2110.0000,False
infectious_disease,respiratory,COVID-19,Nation,England,COVID-19_healthcare_occupiedBedsByDay,all,all,default,2024,2024-05-02,2003.0000,False
infectious_disease,respiratory,COVID-19,Nation,England,COVID-19_healthcare_occupiedBedsByDay,all,all,default,2024,2024-05-01,1949.0000,False
infectious_disease,respiratory,COVID-19,Nation,England,COVID-19_healthcare_occupiedBedsByDay,all,all,default,2024,2024-04-30,1787.0000,False
infectious_disease,respiratory,COVID-19,Nation,England,COVID-19_healthcare_occupiedBedsByDay,all,all,default,2024,2024-04-29,1727.0000,False
infectious_disease,respiratory,COVID-19,Nation,England,COVID-19_healthcare_occupiedBedsByDay,all,all,default,2024,2024-04-28,1690.0000,False
infectious_disease,respiratory,COVID-19,Nation,England,COVID-19_healthcare_occupiedBedsByDay,all,all,default,2024,2024-04-27,1612.0000,False
infectious_disease,respiratory,COVID-19,Nation,England,COVID-19_healthcare_occupiedBedsByDay,all,all,default,2024,2024-04-26,1623.0000,False
infectious_disease,respiratory,COVID-19,Nation,England,COVID-19_healthcare_occupiedBedsByDay,all,all,default,2024,2024-04-25,1553.0000,False
infectious_disease,respiratory,COVID-19,Nation,England,COVID-19_healthcare_occupiedBedsByDay,all,all,default,2024,2024-04-24,1530.0000,False
infectious_disease,respiratory,COVID-19,Nation,England,COVID-19_healthcare_occupiedBedsByDay,all,all,default,2024,2024-04-23,1519.0000,False
infectious_disease,respiratory,COVID-19,Nation,England,COVID-19_healthcare_occupiedBedsByDay,all,all,default,2024,2024-04-22,1492.0000,False
infectious_disease,respiratory,COVID-19,Nation,England,COVID-19_healthcare_occupiedBedsByDay,all,all,default,2024,2024-04-21,1453.0000,False
infectious_disease,respiratory,COVID-19,Nation,England,COVID-19_healthcare_occupiedBedsByDay,all,all,default,2024,2024-04-20,1455.0000,False
infectious_disease,respiratory,COVID-19,Nation,England,COVID-19_healthcare_occupiedBedsByDay,all,all,default,2024,2024-04-19,1437.0000,False
infectious_disease,respiratory,COVID-19,Nation,England,COVID-19_healthcare_occupiedBedsByDay,all,all,default,2024,2024-04-18,1432.0000,False
infectious_disease,respiratory,COVID-19,Nation,England,COVID-19_healthcare_occupiedBedsByDay,all,all,default,2024,2024-04-17,1430.0000,False
infectious_disease,respiratory,COVID-19,Nation,England,COVID-19_healthcare_occupiedBedsByDay,all,all,default,2024,2024-04-16,1415.0000,False
infectious_disease,respiratory,COVID-19,Nation,England,COVID-19_healthcare_occupiedBedsByDay,all,all,default,2024,2024-04-15,1424.0000,False
infectious_disease,respiratory,COVID-19,Nation,England,COVID-19_healthcare_occupiedBedsByDay,all,all,default,2024,2024-04-14,1423.0000,False
infectious_disease,respiratory,COVID-19,Nation,England,COVID-19_healthcare_occupiedBedsByDay,all,all,default,2024,2024-04-13,1438.0000,False
infectious_disease,respiratory,COVID-19,Nation,England,COVID-19_healthcare_occupiedBedsByDay,all,all,default,2024,2024-04-12,1422.0000,False
infectious_disease,respiratory,COVID-19,Nation,England,COVID-19_healthcare_occupiedBedsByDay,all,all,default,2024,2024-04-11,1439.0000,False
infectious_disease,respiratory,COVID-19,Nation,England,COVID-19_healthcare_occupiedBedsByDay,all,all,default,2024,2024-04-10,1503.0000,False
infectious_disease,respiratory,COVID-19,Nation,England,COVID-19_healthcare_occupiedBedsByDay,all,all,default,2024,2024-04-09,1512.0000,False
infectious_disease,respiratory,COVID-19,Nation,England,COVID-19_healthcare_occupiedBedsByDay,all,all,default,2024,2024-04-08,1513.0000,False
infectious_disease,respiratory,COVID-19,Nation,England,COVID-19_healthcare_occupiedBedsByDay,all,all,default,2024,2024-04-07,1500.0000,False
infectious_disease,respiratory,COVID-19,Nation,England,COVID-19_healthcare_occupiedBedsByDay,all,all,default,2024,2024-04-06,1495.0000,False
infectious_disease,respiratory,COVID-19,Nation,England,COVID-19_healthcare_occupiedBedsByDay,all,all,default,2024,2024-04-05,1526.0000,False
infectious_disease,respiratory,COVID-19,Nation,England,COVID-19_healthcare_occupiedBedsByDay,all,all,default,2024,2024-04-04,1506.0000,False
infectious_disease,respiratory,COVID-19,Nation,England,COVID-19_healthcare_occupiedBedsByDay,all,all,default,2024,2024-04-03,1490.0000,False
infectious_disease,respiratory,COVID-19,Nation,England,COVID-19_healthcare_occupiedBedsByDay,all,all,default,2024,2024-04-02,1427.0000,False
infectious_disease,respiratory,COVID-19,Nation,England,COVID-19_healthcare_occupiedBedsByDay,all,all,default,2024,2024-04-01,1374.0000,False
infectious_disease,respiratory,COVID-19,Nation,England,COVID-19_healthcare_occupiedBedsByDay,all,all,default,2024,2024-03-31,1384.0000,False
infectious_disease,respiratory,COVID-19,Nation,England,COVID-19_healthcare_occupiedBedsByDay,all,all,default,2024,2024-03-30,1376.0000,False
infectious_disease,respiratory,COVID-19,Nation,England,COVID-19_healthcare_occupiedBedsByDay,all,all,default,2024,2024-03-29,1312.0000,False
infectious_disease,respiratory,COVID-19,Nation,England,COVID-19_healthcare_occupiedBedsByDay,all,all,default,2024,2024-03-28,1374.0000,False
infectious_disease,respiratory,COVID-19,Nation,England,COVID-19_healthcare_occupiedBedsByDay,all,all,default,2024,2024-03-27,1391.0000,False
infectious_disease,respiratory,COVID-19,Nation,England,COVID-19_healthcare_occupiedBedsByDay,all,all,default,2024,2024-03-26,1447.0000,False
infectious_disease,respiratory,COVID-19,Nation,England,COVID-19_healthcare_occupiedBedsByDay,all,all,default,2024,2024-03-25,1452.0000,False
infectious_disease,respiratory,COVID-19,Nation,England,COVID-19_healthcare_occupiedBedsByDay,all,all,default,2024,2024-03-24,1446.0000,False
infectious_disease,respiratory,COVID-19,Nation,England,COVID-19_healthcare_occupiedBedsByDay,all,all,default,2024,2024-03-23,1467.0000,False
infectious_disease,respiratory,COVID-19,Nation,England,COVID-19_healthcare_occupiedBedsByDay,all,all,default,2024,2024-03-22,1520.0000,False
infectious_disease,respiratory,COVID-19,Nation,England,COVID-19_healthcare_occupiedBedsByDay,all,all,default,2024,2024-03-21,1542.0000,False
infectious_disease,respiratory,COVID-19,Nation,England,COVID-19_healthcare_occupiedBedsByDay,all,all,default,2024,2024-03-20,1607.0000,False
infectious_disease,respiratory,COVID-19,Nation,England,COVID-19_healthcare_occupiedBedsByDay,all,all,default,2024,2024-03-19,1654.0000,False
infectious_disease,respiratory,COVID-19,Nation,England,COVID-19_healthcare_occupiedBedsByDay,all,all,default,2024,2024-03-18,1662.0000,False
infectious_disease,respiratory,COVID-19,Nation,England,COVID-19_healthcare_occupiedBedsByDay,all,all,default,2024,2024-03-17,1686.0000,False
infectious_disease,respiratory,COVID-19,Nation,England,COVID-19_healthcare_occupiedBedsByDay,all,all,default,2024,2024-03-16,1636.0000,False
infectious_disease,respiratory,COVID-19,Nation,England,COVID-19_healthcare_occupiedBedsByDay,all,all,default,2024,2024-03-15,1716.0000,False
infectious_disease,respiratory,COVID-19,Nation,England,COVID-19_healthcare_occupiedBedsByDay,all,all,default,2024,2024-03-14,1688.0000,False
infectious_disease,respiratory,COVID-19,Nation,England,COVID-19_healthcare_occupiedBedsByDay,all,all,default,2024,2024-03-13,1644.0000,False
infectious_disease,respiratory,COVID-19,Nation,England,COVID-19_healthcare_occupiedBedsByDay,all,all,default,2024,2024-03-12,1680.0000,False
infectious_disease,respiratory,COVID-19,Nation,England,COVID-19_healthcare_occupiedBedsByDay,all,all,default,2024,2024-03-11,1670.0000,False
infectious_disease,respiratory,COVID-19,Nation,England,COVID-19_healthcare_occupiedBedsByDay,all,all,default,2024,2024-03-10,1665.0000,False
infectious_disease,respiratory,COVID-19,Nation,England,COVID-19_healthcare_occupiedBedsByDay,all,all,default,2024,2024-03-09,1669.0000,False
infectious_disease,respiratory,COVID-19,Nation,England,COVID-19_healthcare_occupiedBedsByDay,all,all,default,2024,2024-03-08,1743.0000,False
infectious_disease,respiratory,COVID-19,Nation,England,COVID-19_healthcare_occupiedBedsByDay,all,all,default,2024,2024-03-07,1673.0000,False
infectious_disease,respiratory,COVID-19,Nation,England,COVID-19_healthcare_occupiedBedsByDay,all,all,default,2024,2024-03-06,1642.0000,False
infectious_disease,respiratory,COVID-19,Nation,England,COVID-19_healthcare_occupiedBedsByDay,all,all,default,2024,2024-03-05,1682.0000,False
infectious_disease,respiratory,COVID-19,Nation,England,COVID-19_healthcare_occupiedBedsByDay,all,all,default,2024,2024-03-04,1749.0000,False
infectious_disease,respiratory,COVID-19,Nation,England,COVID-19_healthcare_occupiedBedsByDay,all,all,default,2024,2024-03-03,1751.0000,False
infectious_disease,respiratory,COVID-19,Nation,England,COVID-19_healthcare_occupiedBedsByDay,all,all,default,2024,2024-03-02,1743.0000,False
infectious_disease,respiratory,COVID-19,Nation,England,COVID-19_healthcare_occupiedBedsByDay,all,all,default,2024,2024-03-01,1803.0000,False
infectious_disease,respiratory,COVID-19,Nation,England,COVID-19_healthcare_occupiedBedsByDay,all,all,default,2024,2024-02-29,1819.0000,False
infectious_disease,respiratory,COVID-19,Nation,England,COVID-19_healthcare_occupiedBedsByDay,all,all,default,2024,2024-02-28,1894.0000,False
infectious_disease,respiratory,COVID-19,Nation,England,COVID-19_healthcare_occupiedBedsByDay,all,all,default,2024,2024-02-27,1977.0000,False
infectious_disease,respiratory,COVID-19,Nation,England,COVID-19_healthcare_occupiedBedsByDay,all,all,default,2024,2024-02-26,2036.0000,False
infectious_disease,respiratory,COVID-19,Nation,England,COVID-19_healthcare_occupiedBedsByDay,all,all,default,2024,2024-02-25,2085.0000,False
infectious_disease,respiratory,COVID-19,Nation,England,COVID-19_healthcare_occupiedBedsByDay,all,all,default,2024,2024-02-24,2122.0000,False
infectious_disease,respiratory,COVID-19,Nation,England,COVID-19_healthcare_occupiedBedsByDay,all,all,default,2024,2024-02-23,2247.0000,False
infectious_disease,respiratory,COVID-19,Nation,England,COVID-19_healthcare_occupiedBedsByDay,all,all,default,2024,2024-02-22,2291.0000,False
infectious_disease,respiratory,COVID-19,Nation,England,COVID-19_healthcare_occupiedBedsByDay,all,all,default,2024,2024-02-21,2317.0000,False
infectious_disease,respiratory,COVID-19,Nation,England,COVID-19_healthcare_occupiedBedsByDay,all,all,default,2024,2024-02-20,2361.0000,False
infectious_disease,respiratory,COVID-19,Nation,England,COVID-19_healthcare_occupiedBedsByDay,all,all,default,2024,2024-02-19,2507.0000,False
infectious_disease,respiratory,COVID-19,Nation,England,COVID-19_healthcare_occupiedBedsByDay,all,all,default,2024,2024-02-18,2553.0000,False
infectious_disease,respiratory,COVID-19,Nation,England,COVID-19_healthcare_occupiedBedsByDay,all,all,default,2024,2024-02-17,2551.0000,False
infectious_disease,respiratory,COVID-19,Nation,England,COVID-19_healthcare_occupiedBedsByDay,all,all,default,2024,2024-02-16,2605.0000,False
infectious_disease,respiratory,COVID-19,Nation,England,COVID-19_healthcare_occupiedBedsByDay,all,all,default,2024,2024-02-15,2639.0000,False
infectious_disease,respiratory,COVID-19,Nation,England,COVID-19_healthcare_occupiedBedsByDay,all,all,default,2024,2024-02-14,2754.0000,False
infectious_disease,respiratory,COVID-19,Nation,England,COVID-19_healthcare_occupiedBedsByDay,all,all,default,2024,2024-02-13,2883.0000,False
infectious_disease,respiratory,COVID-19,Nation,England,COVID-19_healthcare_occupiedBedsByDay,all,all,default,2024,2024-02-12,3045.0000,False
infectious_disease,respiratory,COVID-19,Nation,England,COVID-19_healthcare_occupiedBedsByDay,all,all,default,2024,2024-02-11,3073.0000,False
infectious_disease,respiratory,COVID-19,Nation,England,COVID-19_healthcare_occupiedBedsByDay,all,all,default,2024,2024-02-10,3112.0000,False
infectious_disease,respiratory,COVID-19,Nation,England,COVID-19_healthcare_occupiedBedsByDay,all,all,default,2024,2024-02-09,3182.0000,False
infectious_disease,respiratory,COVID-19,Nation,England,COVID-19_healthcare_occupiedBedsByDay,all,all,default,2024,2024-02-08,3238.0000,False
infectious_disease,respiratory,COVID-19,Nation,England,COVID-19_healthcare_occupiedBedsByDay,all,all,default,2024,2024-02-07,3280.0000,False
infectious_disease,respiratory,COVID-19,Nation,England,COVID-19_healthcare_occupiedBedsByDay,all,all,default,2024,2024-02-06,3351.0000,False
infectious_disease,respiratory,COVID-19,Nation,England,COVID-19_healthcare_occupiedBedsByDay,all,all,default,2024,2024-02-05,3369.0000,False
infectious_disease,respiratory,COVID-19,Nation,England,COVID-19_healthcare_occupiedBedsByDay,all,all,default,2024,2024-02-04,3366.0000,False
infectious_disease,respiratory,COVID-19,Nation,England,COVID-19_healthcare_occupiedBedsByDay,all,all,default,2024,2024-02-03,3446.0000,False
infectious_disease,respiratory,COVID-19,Nation,England,COVID-19_healthcare_occupiedBedsByDay,all,all,default,2024,2024-02-02,3512.0000,False
infectious_disease,respiratory,COVID-19,Nation,England,COVID-19_healthcare_occupiedBedsByDay,all,all,default,2024,2024-02-01,3571.0000,False
infectious_disease,respiratory,COVID-19,Nation,England,COVID-19_healthcare_occupiedBedsByDay,all,all,default,2024,2024-01-31,3639.0000,False
infectious_disease,respiratory,COVID-19,Nation,England,COVID-19_healthcare_occupiedBedsByDay,all,all,default,2024,2024-01-30,3778.0000,False
infectious_disease,respiratory,COVID-19,Nation,England,COVID-19_healthcare_occupiedBedsByDay,all,all,default,2024,2024-01-29,3881.0000,False
infectious_disease,respiratory,COVID-19,Nation,England,COVID-19_healthcare_occupiedBedsByDay,all,all,default,2024,2024-01-28,3962.0000,False
infectious_disease,respiratory,COVID-19,Nation,England,COVID-19_healthcare_occupiedBedsByDay,all,all,default,2024,2024-01-27,4009.0000,False
infectious_disease,respiratory,COVID-19,Nation,England,COVID-19_healthcare_occupiedBedsByDay,all,all,default,2024,2024-01-26,4006.0000,False
infectious_disease,respiratory,COVID-19,Nation,England,COVID-19_healthcare_occupiedBedsByDay,all,all,default,2024,2024-01-25,4010.0000,False
infectious_disease,respiratory,COVID-19,Nation,England,COVID-19_healthcare_occupiedBedsByDay,all,all,default,2024,2024-01-24,3963.0000,False
infectious_disease,respiratory,COVID-19,Nation,England,COVID-19_healthcare_occupiedBedsByDay,all,all,default,2024,2024-01-23,3990.0000,False
infectious_disease,respiratory,COVID-19,Nation,England,COVID-19_healthcare_occupiedBedsByDay,all,all,default,2024,2024-01-22,4015.0000,False
infectious_disease,respiratory,COVID-19,Nation,England,COVID-19_healthcare_occupiedBedsByDay,all,all,default,2024,2024-01-21,3916.0000,False
infectious_disease,respiratory,COVID-19,Nation,England,COVID-19_healthcare_occupiedBedsByDay,all,all,default,2024,2024-01-20,3870.0000,False
infectious_disease,respiratory,COVID-19,Nation,England,COVID-19_healthcare_occupiedBedsByDay,all,all,default,2024,2024-01-19,3890.0000,False
infectious_disease,respiratory,COVID-19,Nation,England,COVID-19_healthcare_occupiedBedsByDay,all,all,default,2024,2024-01-18,3835.0000,False
infectious_disease,respiratory,COVID-19,Nation,England,COVID-19_healthcare_occupiedBedsByDay,all,all,default,2024,2024-01-17,3897.0000,False
infectious_disease,respiratory,COVID-19,Nation,England,COVID-19_healthcare_occupiedBedsByDay,all,all,default,2024,2024-01-16,3897.0000,False
infectious_disease,respiratory,COVID-19,Nation,England,COVID-19_healthcare_occupiedBedsByDay,all,all,default,2024,2024-01-15,3955.0000,False
infectious_disease,respiratory,COVID-19,Nation,England,COVID-19_healthcare_occupiedBedsByDay,all,all,default,2024,2024-01-14,3810.0000,False
infectious_disease,respiratory,COVID-19,Nation,England,COVID-19_healthcare_occupiedBedsByDay,all,all,default,2024,2024-01-13,3794.0000,False
infectious_disease,respiratory,COVID-19,Nation,England,COVID-19_healthcare_occupiedBedsByDay,all,all,default,2024,2024-01-12,3894.0000,False
infectious_disease,respiratory,COVID-19,Nation,England,COVID-19_healthcare_occupiedBedsByDay,all,all,default,2024,2024-01-11,3891.0000,False
infectious_disease,respiratory,COVID-19,Nation,England,COVID-19_healthcare_occupiedBedsByDay,all,all,default,2024,2024-01-10,3978.0000,False
infectious_disease,respiratory,COVID-19,Nation,England,COVID-19_healthcare_occupiedBedsByDay,all,all,default,2024,2024-01-09,4064.0000,False
infectious_disease,respiratory,COVID-19,Nation,England,COVID-19_healthcare_occupiedBedsByDay,all,all,default,2024,2024-01-08,4192.0000,False
infectious_disease,respiratory,COVID-19,Nation,England,COVID-19_healthcare_occupiedBedsByDay,all,all,default,2024,2024-01-07,4139.0000,False
infectious_disease,respiratory,COVID-19,Nation,England,COVID-19_healthcare_occupiedBedsByDay,all,all,default,2024,2024-01-06,4093.0000,False
infectious_disease,respiratory,COVID-19,Nation,England,COVID-19_healthcare_occupiedBedsByDay,all,all,default,2024,2024-01-05,4220.0000,False
infectious_disease,respiratory,COVID-19,Nation,England,COVID-19_healthcare_occupiedBedsByDay,all,all,default,2024,2024-01-04,4348.0000,False
infectious_disease,respiratory,COVID-19,Nation,England,COVID-19_healthcare_occupiedBedsByDay,all,all,default,2024,2024-01-03,4330.0000,False
infectious_disease,respiratory,COVID-19,Nation,England,COVID-19_healthcare_occupiedBedsByDay,all,all,default,2024,2024-01-02,4329.0000,False
infectious_disease,respiratory,COVID-19,Nation,England,COVID-19_healthcare_occupiedBedsByDay,all,all,default,2024,2024-01-01,4255.0000,False
infectious_disease,respiratory,COVID-19,Nation,England,COVID-19_healthcare_occupiedBedsByDay,all,all,default,2023,2023-12-31,4113.0000,False
infectious_disease,respiratory,COVID-19,Nation,England,COVID-19_healthcare_occupiedBedsByDay,all,all,default,2023,2023-12-30,4071.0000,False
infectious_disease,respiratory,COVID-19,Nation,England,COVID-19_healthcare_occupiedBedsByDay,all,all,default,2023,2023-12-29,4064.0000,False
infectious_disease,respiratory,COVID-19,Nation,England,COVID-19_healthcare_occupiedBedsByDay,all,all,default,2023,2023-12-28,3982.0000,False
infectious_disease,respiratory,COVID-19,Nation,England,COVID-19_healthcare_occupiedBedsByDay,all,all,default,2023,2023-12-27,3872.0000,False
infectious_disease,respiratory,COVID-19,Nation,England,COVID-19_healthcare_occupiedBedsByDay,all,all,default,2023,2023-12-26,3739.0000,False
infectious_disease,respiratory,COVID-19,Nation,England,COVID-19_healthcare_occupiedBedsByDay,all,all,default,2023,2023-12-25,3648.0000,False
infectious_disease,respiratory,COVID-19,Nation,England,COVID-19_healthcare_occupiedBedsByDay,all,all,default,2023,2023-12-24,3658.0000,False
infectious_disease,respiratory,COVID-19,Nation,England,COVID-19_healthcare_occupiedBedsByDay,all,all,default,2023,2023-12-23,3629.0000,False
infectious_disease,respiratory,COVID-19,Nation,England,COVID-19_healthcare_occupiedBedsByDay,all,all,default,2023,2023-12-22,3757.0000,False
infectious_disease,respiratory,COVID-19,Nation,England,COVID-19_healthcare_occupiedBedsByDay,all,all,default,2023,2023-12-21,3715.0000,False
infectious_disease,respiratory,COVID-19,Nation,England,COVID-19_healthcare_occupiedBedsByDay,all,all,default,2023,2023-12-20,3636.0000,False
infectious_disease,respiratory,COVID-19,Nation,England,COVID-19_healthcare_occupiedBedsByDay,all,all,default,2023,2023-12-19,3577.0000,False
infectious_disease,respiratory,COVID-19,Nation,England,COVID-19_healthcare_occupiedBedsByDay,all,all,default,2023,2023-12-18,3521.0000,False
infectious_disease,respiratory,COVID-19,Nation,England,COVID-19_healthcare_occupiedBedsByDay,all,all,default,2023,2023-12-17,3399.0000,False
infectious_disease,respiratory,COVID-19,Nation,England,COVID-19_healthcare_occupiedBedsByDay,all,all,default,2023,2023-12-16,3343.0000,False
infectious_disease,respiratory,COVID-19,Nation,England,COVID-19_healthcare_occupiedBedsByDay,all,all,default,2023,2023-12-15,3291.0000,False
infectious_disease,respiratory,COVID-19,Nation,England,COVID-19_healthcare_occupiedBedsByDay,all,all,default,2023,2023-12-14,3258.0000,False
infectious_disease,respiratory,COVID-19,Nation,England,COVID-19_healthcare_occupiedBedsByDay,all,all,default,2023,2023-12-13,3187.0000,False
infectious_disease,respiratory,COVID-19,Nation,England,COVID-19_healthcare_occupiedBedsByDay,all,all,default,2023,2023-12-12,3123.0000,False
infectious_disease,respiratory,COVID-19,Nation,England,COVID-19_healthcare_occupiedBedsByDay,all,all,default,2023,2023-12-11,3136.0000,False
infectious_disease,respiratory,COVID-19,Nation,England,COVID-19_healthcare_occupiedBedsByDay,all,all,default,2023,2023-12-10,3022.0000,False
infectious_disease,respiratory,COVID-19,Nation,England,COVID-19_healthcare_occupiedBedsByDay,all,all,default,2023,2023-12-09,2934.0000,False
infectious_disease,respiratory,COVID-19,Nation,England,COVID-19_healthcare_occupiedBedsByDay,all,all,default,2023,2023-12-08,2911.0000,False
infectious_disease,respiratory,COVID-19,Nation,England,COVID-19_healthcare_occupiedBedsByDay,all,all,default,2023,2023-12-07,2773.0000,False
infectious_disease,respiratory,COVID-19,Nation,England,COVID-19_healthcare_occupiedBedsByDay,all,all,default,2023,2023-12-06,2632.0000,False
infectious_disease,respiratory,COVID-19,Nation,England,COVID-19_healthcare_occupiedBedsByDay,all,all,default,2023,2023-12-05,2581.0000,False
infectious_disease,respiratory,COVID-19,Nation,England,COVID-19_healthcare_occupiedBedsByDay,all,all,default,2023,2023-12-04,2478.0000,False
infectious_disease,respiratory,COVID-19,Nation,England,COVID-19_healthcare_occupiedBedsByDay,all,all,default,2023,2023-12-03,2399.0000,False
infectious_disease,respiratory,COVID-19,Nation,England,COVID-19_healthcare_occupiedBedsByDay,all,all,default,2023,2023-12-02,2388.0000,False
infectious_disease,respiratory,COVID-19,Nation,England,COVID-19_healthcare_occupiedBedsByDay,all,all,default,2023,2023-12-01,2368.0000,False
infectious_disease,respiratory,COVID-19,Nation,England,COVID-19_healthcare_occupiedBedsByDay,all,all,default,2023,2023-11-30,2313.0000,False
infectious_disease,respiratory,COVID-19,Nation,England,COVID-19_healthcare_occupiedBedsByDay,all,all,default,2023,2023-11-29,2332.0000,False
infectious_disease,respiratory,COVID-19,Nation,England,COVID-19_healthcare_occupiedBedsByDay,all,all,default,2023,2023-11-28,2331.0000,False
infectious_disease,respiratory,COVID-19,Nation,England,COVID-19_healthcare_occupiedBedsByDay,all,all,default,2023,2023-11-27,2276.0000,False
infectious_disease,respiratory,COVID-19,Nation,England,COVID-19_healthcare_occupiedBedsByDay,all,all,default,2023,2023-11-26,2275.0000,False
infectious_disease,respiratory,COVID-19,Nation,England,COVID-19_healthcare_occupiedBedsByDay,all,all,default,2023,2023-11-25,2238.0000,False
infectious_disease,respiratory,COVID-19,Nation,England,COVID-19_healthcare_occupiedBedsByDay,all,all,default,2023,2023-11-24,2265.0000,False
infectious_disease,respiratory,COVID-19,Nation,England,COVID-19_healthcare_occupiedBedsByDay,all,all,default,2023,2023-11-23,2321.0000,False
infectious_disease,respiratory,COVID-19,Nation,England,COVID-19_healthcare_occupiedBedsByDay,all,all,default,2023,2023-11-22,2310.0000,False
infectious_disease,respiratory,COVID-19,Nation,England,COVID-19_healthcare_occupiedBedsByDay,all,all,default,2023,2023-11-21,2373.0000,False
infectious_disease,respiratory,COVID-19,Nation,England,COVID-19_healthcare_occupiedBedsByDay,all,all,default,2023,2023-11-20,2443.0000,False
infectious_disease,respiratory,COVID-19,Nation,England,COVID-19_healthcare_occupiedBedsByDay,all,all,default,2023,2023-11-19,2452.0000,False
infectious_disease,respiratory,COVID-19,Nation,England,COVID-19_healthcare_occupiedBedsByDay,all,all,default,2023,2023-11-18,2475.0000,False
infectious_disease,respiratory,COVID-19,Nation,England,COVID-19_healthcare_occupiedBedsByDay,all,all,default,2023,2023-11-17,2503.0000,False
infectious_disease,respiratory,COVID-19,Nation,England,COVID-19_healthcare_occupiedBedsByDay,all,all,default,2023,2023-11-16,2507.0000,False
infectious_disease,respiratory,COVID-19,Nation,England,COVID-19_healthcare_occupiedBedsByDay,all,all,default,2023,2023-11-15,2533.0000,False
infectious_disease,respiratory,COVID-19,Nation,England,COVID-19_healthcare_occupiedBedsByDay,all,all,default,2023,2023-11-14,2550.0000,False
infectious_disease,respiratory,COVID-19,Nation,England,COVID-19_healthcare_occupiedBedsByDay,all,all,default,2023,2023-11-13,2700.0000,False
infectious_disease,respiratory,COVID-19,Nation,England,COVID-19_healthcare_occupiedBedsByDay,all,all,default,2023,2023-11-12,2690.0000,False
infectious_disease,respiratory,COVID-19,Nation,England,COVID-19_healthcare_occupiedBedsByDay,all,all,default,2023,2023-11-11,2703.0000,False
infectious_disease,respiratory,COVID-19,Nation,England,COVID-19_healthcare_occupiedBedsByDay,all,all,default,2023,2023-11-10,2703.0000,False
infectious_disease,respiratory,COVID-19,Nation,England,COVID-19_healthcare_occupiedBedsByDay,all,all,default,2023,2023-11-09,2734.0000,False
infectious_disease,respiratory,COVID-19,Nation,England,COVID-19_healthcare_occupiedBedsByDay,all,all,default,2023,2023-11-08,2878.0000,False
infectious_disease,respiratory,COVID-19,Nation,England,COVID-19_healthcare_occupiedBedsByDay,all,all,default,2023,2023-11-07,2945.0000,False
infectious_disease,respiratory,COVID-19,Nation,England,COVID-19_healthcare_occupiedBedsByDay,all,all,default,2023,2023-11-06,3089.0000,False
infectious_disease,respiratory,COVID-19,Nation,England,COVID-19_healthcare_occupiedBedsByDay,all,all,default,2023,2023-11-05,3172.0000,False
infectious_disease,respiratory,COVID-19,Nation,England,COVID-19_healthcare_occupiedBedsByDay,all,all,default,2023,2023-11-04,3136.0000,False
infectious_disease,respiratory,COVID-19,Nation,England,COVID-19_healthcare_occupiedBedsByDay,all,all,default,2023,2023-11-03,3236.0000,False
infectious_disease,respiratory,COVID-19,Nation,England,COVID-19_healthcare_occupiedBedsByDay,all,all,default,2023,2023-11-02,3365.0000,False
infectious_disease,respiratory,COVID-19,Nation,England,COVID-19_healthcare_occupiedBedsByDay,all,all,default,2023,2023-11-01,3411.0000,False
infectious_disease,respiratory,COVID-19,Nation,England,COVID-19_healthcare_occupiedBedsByDay,all,all,default,2023,2023-10-31,3473.0000,False
infectious_disease,respiratory,COVID-19,Nation,England,COVID-19_healthcare_occupiedBedsByDay,all,all,default,2023,2023-10-30,3621.0000,False
infectious_disease,respiratory,COVID-19,Nation,England,COVID-19_healthcare_occupiedBedsByDay,all,all,default,2023,2023-10-29,3647.0000,False
infectious_disease,respiratory,COVID-19,Nation,England,COVID-19_healthcare_occupiedBedsByDay,all,all,default,2023,2023-10-28,3610.0000,False
infectious_disease,respiratory,COVID-19,Nation,England,COVID-19_healthcare_occupiedBedsByDay,all,all,default,2023,2023-10-27,3622.0000,False
infectious_disease,respiratory,COVID-19,Nation,England,COVID-19_healthcare_occupiedBedsByDay,all,all,default,2023,2023-10-26,3725.0000,False
infectious_disease,respiratory,COVID-19,Nation,England,COVID-19_healthcare_occupiedBedsByDay,all,all,default,2023,2023-10-25,3755.0000,False
infectious_disease,respiratory,COVID-19,Nation,England,COVID-19_healthcare_occupiedBedsByDay,all,all,default,2023,2023-10-24,3809.0000,False
infectious_disease,respiratory,COVID-19,Nation,England,COVID-19_healthcare_occupiedBedsByDay,all,all,default,2023,2023-10-23,3839.0000,False
infectious_disease,respiratory,COVID-19,Nation,England,COVID-19_healthcare_occupiedBedsByDay,all,all,default,2023,2023-10-22,3786.0000,False
infectious_disease,respiratory,COVID-19,Nation,England,COVID-19_healthcare_occupiedBedsByDay,all,all,default,2023,2023-10-21,3794.0000,False
infectious_disease,respiratory,COVID-19,Nation,England,COVID-19_healthcare_occupiedBedsByDay,all,all,default,2023,2023-10-20,3779.0000,False
infectious_disease,respiratory,COVID-19,Nation,England,COVID-19_healthcare_occupiedBedsByDay,all,all,default,2023,2023-10-19,3923.0000,False
infectious_disease,respiratory,COVID-19,Nation,England,COVID-19_healthcare_occupiedBedsByDay,all,all,default,2023,2023-10-18,3960.0000,False
infectious_disease,respiratory,COVID-19,Nation,England,COVID-19_healthcare_occupiedBedsByDay,all,all,default,2023,2023-10-17,4152.0000,False
infectious_disease,respiratory,COVID-19,Nation,England,COVID-19_healthcare_occupiedBedsByDay,all,all,default,2023,2023-10-16,4205.0000,False
infectious_disease,respiratory,COVID-19,Nation,England,COVID-19_healthcare_occupiedBedsByDay,all,all,default,2023,2023-10-15,4166.0000,False
infectious_disease,respiratory,COVID-19,Nation,England,COVID-19_healthcare_occupiedBedsByDay,all,all,default,2023,2023-10-14,4282.0000,False
infectious_disease,respiratory,COVID-19,Nation,England,COVID-19_healthcare_occupiedBedsByDay,all,all,default,2023,2023-10-13,4377.0000,False
infectious_disease,respiratory,COVID-19,Nation,England,COVID-19_healthcare_occupiedBedsByDay,all,all,default,2023,2023-10-12,4484.0000,False
infectious_disease,respiratory,COVID-19,Nation,England,COVID-19_healthcare_occupiedBedsByDay,all,all,default,2023,2023-10-11,4509.0000,False
infectious_disease,respiratory,COVID-19,Nation,England,COVID-19_healthcare_occupiedBedsByDay,all,all,default,2023,2023-10-10,4543.0000,False
infectious_disease,respiratory,COVID-19,Nation,England,COVID-19_healthcare_occupiedBedsByDay,all,all,default,2023,2023-10-09,4539.0000,False
infectious_disease,respiratory,COVID-19,Nation,England,COVID-19_healthcare_occupiedBedsByDay,all,all,default,2023,2023-10-08,4419.0000,False
infectious_disease,respiratory,COVID-19,Nation,England,COVID-19_healthcare_occupiedBedsByDay,all,all,default,2023,2023-10-07,4343.0000,False
infectious_disease,respiratory,COVID-19,Nation,England,COVID-19_healthcare_occupiedBedsByDay,all,all,default,2023,2023-10-06,4312.0000,False
infectious_disease,respiratory,COVID-19,Nation,England,COVID-19_healthcare_occupiedBedsByDay,all,all,default,2023,2023-10-05,4184.0000,False
infectious_disease,respiratory,COVID-19,Nation,England,COVID-19_healthcare_occupiedBedsByDay,all,all,default,2023,2023-10-04,4133.0000,False
infectious_disease,respiratory,COVID-19,Nation,England,COVID-19_healthcare_occupiedBedsByDay,all,all,default,2023,2023-10-03,4123.0000,False
infectious_disease,respiratory,COVID-19,Nation,England,COVID-19_healthcare_occupiedBedsByDay,all,all,default,2023,2023-10-02,3990.0000,False
infectious_disease,respiratory,COVID-19,Nation,England,COVID-19_healthcare_occupiedBedsByDay,all,all,default,2023,2023-10-01,3847.0000,False
infectious_disease,respiratory,COVID-19,Nation,England,COVID-19_healthcare_occupiedBedsByDay,all,all,default,2023,2023-09-30,3747.0000,False
infectious_disease,respiratory,COVID-19,Nation,England,COVID-19_healthcare_occupiedBedsByDay,all,all,default,2023,2023-09-29,3675.0000,False
infectious_disease,respiratory,COVID-19,Nation,England,COVID-19_healthcare_occupiedBedsByDay,all,all,default,2023,2023-09-28,3580.0000,False
infectious_disease,respiratory,COVID-19,Nation,England,COVID-19_healthcare_occupiedBedsByDay,all,all,default,2023,2023-09-27,3433.0000,False
infectious_disease,respiratory,COVID-19,Nation,England,COVID-19_healthcare_occupiedBedsByDay,all,all,default,2023,2023-09-26,3331.0000,False
infectious_disease,respiratory,COVID-19,Nation,England,COVID-19_healthcare_occupiedBedsByDay,all,all,default,2023,2023-09-25,3168.0000,False
infectious_disease,respiratory,COVID-19,Nation,England,COVID-19_healthcare_occupiedBedsByDay,all,all,default,2023,2023-09-24,3142.0000,False
infectious_disease,respiratory,COVID-19,Nation,England,COVID-19_healthcare_occupiedBedsByDay,all,all,default,2023,2023-09-23,3060.0000,False
infectious_disease,respiratory,COVID-19,Nation,England,COVID-19_healthcare_occupiedBedsByDay,all,all,default,2023,2023-09-22,3051.0000,False
infectious_disease,respiratory,COVID-19,Nation,England,COVID-19_healthcare_occupiedBedsByDay,all,all,default,2023,2023-09-21,3061.0000,False
infectious_disease,respiratory,COVID-19,Nation,England,COVID-19_healthcare_occupiedBedsByDay,all,all,default,2023,2023-09-20,3002.0000,False
infectious_disease,respiratory,COVID-19,Nation,England,COVID-19_healthcare_occupiedBedsByDay,all,all,default,2023,2023-09-19,3053.0000,False
infectious_disease,respiratory,COVID-19,Nation,England,COVID-19_healthcare_occupiedBedsByDay,all,all,default,2023,2023-09-18,3060.0000,False
infectious_disease,respiratory,COVID-19,Nation,England,COVID-19_healthcare_occupiedBedsByDay,all,all,default,2023,2023-09-17,3041.0000,False
infectious_disease,respiratory,COVID-19,Nation,England,COVID-19_healthcare_occupiedBedsByDay,all,all,default,2023,2023-09-16,2984.0000,False
infectious_disease,respiratory,COVID-19,Nation,England,COVID-19_healthcare_occupiedBedsByDay,all,all,default,2023,2023-09-15,3017.0000,False
infectious_disease,respiratory,COVID-19,Nation,England,COVID-19_healthcare_occupiedBedsByDay,all,all,default,2023,2023-09-14,3162.0000,False
infectious_disease,respiratory,COVID-19,Nation,England,COVID-19_healthcare_occupiedBedsByDay,all,all,default,2023,2023-09-13,3193.0000,False
infectious_disease,respiratory,COVID-19,Nation,England,COVID-19_healthcare_occupiedBedsByDay,all,all,default,2023,2023-09-12,3261.0000,False
infectious_disease,respiratory,COVID-19,Nation,England,COVID-19_healthcare_occupiedBedsByDay,all,all,default,2023,2023-09-11,3371.0000,False
infectious_disease,respiratory,COVID-19,Nation,England,COVID-19_healthcare_occupiedBedsByDay,all,all,default,2023,2023-09-10,3354.0000,False
infectious_disease,respiratory,COVID-19,Nation,England,COVID-19_healthcare_occupiedBedsByDay,all,all,default,2023,2023-09-09,3272.0000,False
infectious_disease,respiratory,COVID-19,Nation,England,COVID-19_healthcare_occupiedBedsByDay,all,all,default,2023,2023-09-08,3188.0000,False
infectious_disease,respiratory,COVID-19,Nation,England,COVID-19_healthcare_occupiedBedsByDay,all,all,default,2023,2023-09-07,3188.0000,False
infectious_disease,respiratory,COVID-19,Nation,England,COVID-19_healthcare_occupiedBedsByDay,all,all,default,2023,2023-09-06,3111.0000,False
infectious_disease,respiratory,COVID-19,Nation,England,COVID-19_healthcare_occupiedBedsByDay,all,all,default,2023,2023-09-05,3104.0000,False
infectious_disease,respiratory,COVID-19,Nation,England,COVID-19_healthcare_occupiedBedsByDay,all,all,default,2023,2023-09-04,3032.0000,False
infectious_disease,respiratory,COVID-19,Nation,England,COVID-19_healthcare_occupiedBedsByDay,all,all,default,2023,2023-09-03,2930.0000,False
infectious_disease,respiratory,COVID-19,Nation,England,COVID-19_healthcare_occupiedBedsByDay,all,all,default,2023,2023-09-02,2762.0000,False
infectious_disease,respiratory,COVID-19,Nation,England,COVID-19_healthcare_occupiedBedsByDay,all,all,default,2023,2023-09-01,2791.0000,False
infectious_disease,respiratory,COVID-19,Nation,England,COVID-19_healthcare_occupiedBedsByDay,all,all,default,2023,2023-08-31,2720.0000,False
infectious_disease,respiratory,COVID-19,Nation,England,COVID-19_healthcare_occupiedBedsByDay,all,all,default,2023,2023-08-30,2626.0000,False
infectious_disease,respiratory,COVID-19,Nation,England,COVID-19_healthcare_occupiedBedsByDay,all,all,default,2023,2023-08-29,2615.0000,False
infectious_disease,respiratory,COVID-19,Nation,England,COVID-19_healthcare_occupiedBedsByDay,all,all,default,2023,2023-08-28,2574.0000,False
infectious_disease,respiratory,COVID-19,Nation,England,COVID-19_healthcare_occupiedBedsByDay,all,all,default,2023,2023-08-27,2538.0000,False
infectious_disease,respiratory,COVID-19,Nation,England,COVID-19_healthcare_occupiedBedsByDay,all,all,default,2023,2023-08-26,2519.0000,False
infectious_disease,respiratory,COVID-19,Nation,England,COVID-19_healthcare_occupiedBedsByDay,all,all,default,2023,2023-08-25,2543.0000,False
infectious_disease,respiratory,COVID-19,Nation,England,COVID-19_healthcare_occupiedBedsByDay,all,all,default,2023,2023-08-24,2510.0000,False
infectious_disease,respiratory,COVID-19,Nation,England,COVID-19_healthcare_occupiedBedsByDay,all,all,default,2023,2023-08-23,2493.0000,False
infectious_disease,respiratory,COVID-19,Nation,England,COVID-19_healthcare_occupiedBedsByDay,all,all,default,2023,2023-08-22,2521.0000,False
infectious_disease,respiratory,COVID-19,Nation,England,COVID-19_healthcare_occupiedBedsByDay,all,all,default,2023,2023-08-21,2575.0000,False
infectious_disease,respiratory,COVID-19,Nation,England,COVID-19_healthcare_occupiedBedsByDay,all,all,default,2023,2023-08-20,2561.0000,False
infectious_disease,respiratory,COVID-19,Nation,England,COVID-19_healthcare_occupiedBedsByDay,all,all,default,2023,2023-08-19,2521.0000,False
infectious_disease,respiratory,COVID-19,Nation,England,COVID-19_healthcare_occupiedBedsByDay,all,all,default,2023,2023-08-18,2495.0000,False
infectious_disease,respiratory,COVID-19,Nation,England,COVID-19_healthcare_occupiedBedsByDay,all,all,default,2023,2023-08-17,2460.0000,False
infectious_disease,respiratory,COVID-19,Nation,England,COVID-19_healthcare_occupiedBedsByDay,all,all,default,2023,2023-08-16,2447.0000,False
infectious_disease,respiratory,COVID-19,Nation,England,COVID-19_healthcare_occupiedBedsByDay,all,all,default,2023,2023-08-15,2399.0000,False
infectious_disease,respiratory,COVID-19,Nation,England,COVID-19_healthcare_occupiedBedsByDay,all,all,default,2023,2023-08-14,2406.0000,False
infectious_disease,respiratory,COVID-19,Nation,England,COVID-19_healthcare_occupiedBedsByDay,all,all,default,2023,2023-08-13,2343.0000,False
infectious_disease,respiratory,COVID-19,Nation,England,COVID-19_healthcare_occupiedBedsByDay,all,all,default,2023,2023-08-12,2276.0000,False
infectious_disease,respiratory,COVID-19,Nation,England,COVID-19_healthcare_occupiedBedsByDay,all,all,default,2023,2023-08-11,2232.0000,False
infectious_disease,respiratory,COVID-19,Nation,England,COVID-19_healthcare_occupiedBedsByDay,all,all,default,2023,2023-08-10,2168.0000,False
infectious_disease,respiratory,COVID-19,Nation,England,COVID-19_healthcare_occupiedBedsByDay,all,all,default,2023,2023-08-09,2073.0000,False
infectious_disease,respiratory,COVID-19,Nation,England,COVID-19_healthcare_occupiedBedsByDay,all,all,default,2023,2023-08-08,2006.0000,False
infectious_disease,respiratory,COVID-19,Nation,England,COVID-19_healthcare_occupiedBedsByDay,all,all,default,2023,2023-08-07,1998.0000,False
infectious_disease,respiratory,COVID-19,Nation,England,COVID-19_healthcare_occupiedBedsByDay,all,all,default,2023,2023-08-06,1912.0000,False
infectious_disease,respiratory,COVID-19,Nation,England,COVID-19_healthcare_occupiedBedsByDay,all,all,default,2023,2023-08-05,1867.0000,False
infectious_disease,respiratory,COVID-19,Nation,England,COVID-19_healthcare_occupiedBedsByDay,all,all,default,2023,2023-08-04,1846.0000,False
infectious_disease,respiratory,COVID-19,Nation,England,COVID-19_healthcare_occupiedBedsByDay,all,all,default,2023,2023-08-03,1785.0000,False
infectious_disease,respiratory,COVID-19,Nation,England,COVID-19_healthcare_occupiedBedsByDay,all,all,default,2023,2023-08-02,1742.0000,False
infectious_disease,respiratory,COVID-19,Nation,England,COVID-19_healthcare_occupiedBedsByDay,all,all,default,2023,2023-08-01,1674.0000,False
infectious_disease,respiratory,COVID-19,Nation,England,COVID-19_healthcare_occupiedBedsByDay,all,all,default,2023,2023-07-31,1605.0000,False
infectious_disease,respiratory,COVID-19,Nation,England,COVID-19_healthcare_occupiedBedsByDay,all,all,default,2023,2023-07-30,1524.0000,False
infectious_disease,respiratory,COVID-19,Nation,England,COVID-19_healthcare_occupiedBedsByDay,all,all,default,2023,2023-07-29,1445.0000,False
infectious_disease,respiratory,COVID-19,Nation,England,COVID-19_healthcare_occupiedBedsByDay,all,all,default,2023,2023-07-28,1440.0000,False
infectious_disease,respiratory,COVID-19,Nation,England,COVID-19_healthcare_occupiedBedsByDay,all,all,default,2023,2023-07-27,1382.0000,False
infectious_disease,respiratory,COVID-19,Nation,England,COVID-19_healthcare_occupiedBedsByDay,all,all,default,2023,2023-07-26,1371.0000,False
infectious_disease,respiratory,COVID-19,Nation,England,COVID-19_healthcare_occupiedBedsByDay,all,all,default,2023,2023-07-25,1287.0000,False
infectious_disease,respiratory,COVID-19,Nation,England,COVID-19_healthcare_occupiedBedsByDay,all,all,default,2023,2023-07-24,1191.0000,False
infectious_disease,respiratory,COVID-19,Nation,England,COVID-19_healthcare_occupiedBedsByDay,all,all,default,2023,2023-07-23,1111.0000,False
infectious_disease,respiratory,COVID-19,Nation,England,COVID-19_healthcare_occupiedBedsByDay,all,all,default,2023,2023-07-22,1107.0000,False
infectious_disease,respiratory,COVID-19,Nation,England,COVID-19_healthcare_occupiedBedsByDay,all,all,default,2023,2023-07-21,1125.0000,False
infectious_disease,respiratory,COVID-19,Nation,England,COVID-19_healthcare_occupiedBedsByDay,all,all,default,2023,2023-07-20,1060.0000,False
infectious_disease,respiratory,COVID-19,Nation,England,COVID-19_healthcare_occupiedBedsByDay,all,all,default,2023,2023-07-19,1081.0000,False
infectious_disease,respiratory,COVID-19,Nation,England,COVID-19_healthcare_occupiedBedsByDay,all,all,default,2023,2023-07-18,1097.0000,False
infectious_disease,respiratory,COVID-19,Nation,England,COVID-19_healthcare_occupiedBedsByDay,all,all,default,2023,2023-07-17,1130.0000,False
infectious_disease,respiratory,COVID-19,Nation,England,COVID-19_healthcare_occupiedBedsByDay,all,all,default,2023,2023-07-16,1101.0000,False
infectious_disease,respiratory,COVID-19,Nation,England,COVID-19_healthcare_occupiedBedsByDay,all,all,default,2023,2023-07-15,1073.0000,False
infectious_disease,respiratory,COVID-19,Nation,England,COVID-19_healthcare_occupiedBedsByDay,all,all,default,2023,2023-07-14,1066.0000,False
infectious_disease,respiratory,COVID-19,Nation,England,COVID-19_healthcare_occupiedBedsByDay,all,all,default,2023,2023-07-13,1078.0000,False
infectious_disease,respiratory,COVID-19,Nation,England,COVID-19_healthcare_occupiedBedsByDay,all,all,default,2023,2023-07-12,1083.0000,False
infectious_disease,respiratory,COVID-19,Nation,England,COVID-19_healthcare_occupiedBedsByDay,all,all,default,2023,2023-07-11,1049.0000,False
infectious_disease,respiratory,COVID-19,Nation,England,COVID-19_healthcare_occupiedBedsByDay,all,all,default,2023,2023-07-10,1055.0000,False
infectious_disease,respiratory,COVID-19,Nation,England,COVID-19_healthcare_occupiedBedsByDay,all,all,default,2023,2023-07-09,1055.0000,False
infectious_disease,respiratory,COVID-19,Nation,England,COVID-19_healthcare_occupiedBedsByDay,all,all,default,2023,2023-07-08,1049.0000,False
infectious_disease,respiratory,COVID-19,Nation,England,COVID-19_healthcare_occupiedBedsByDay,all,all,default,2023,2023-07-07,1037.0000,False
infectious_disease,respiratory,COVID-19,Nation,England,COVID-19_healthcare_occupiedBedsByDay,all,all,default,2023,2023-07-06,1045.0000,False
infectious_disease,respiratory,COVID-19,Nation,England,COVID-19_healthcare_occupiedBedsByDay,all,all,default,2023,2023-07-05,1067.0000,False
infectious_disease,respiratory,COVID-19,Nation,England,COVID-19_healthcare_occupiedBedsByDay,all,all,default,2023,2023-07-04,1107.0000,False
infectious_disease,respiratory,COVID-19,Nation,England,COVID-19_healthcare_occupiedBedsByDay,all,all,default,2023,2023-07-03,1118.0000,False
infectious_disease,respiratory,COVID-19,Nation,England,COVID-19_healthcare_occupiedBedsByDay,all,all,default,2023,2023-07-02,1137.0000,False
infectious_disease,respiratory,COVID-19,Nation,England,COVID-19_healthcare_occupiedBedsByDay,all,all,default,2023,2023-07-01,1138.0000,False
infectious_disease,respiratory,COVID-19,Nation,England,COVID-19_healthcare_occupiedBedsByDay,all,all,default,2023,2023-06-30,1163.0000,False
infectious_disease,respiratory,COVID-19,Nation,England,COVID-19_healthcare_occupiedBedsByDay,all,all,default,2023,2023-06-29,1221.0000,False
infectious_disease,respiratory,COVID-19,Nation,England,COVID-19_healthcare_occupiedBedsByDay,all,all,default,2023,2023-06-28,1314.0000,False
infectious_disease,respiratory,COVID-19,Nation,England,COVID-19_healthcare_occupiedBedsByDay,all,all,default,2023,2023-06-27,1321.0000,False
infectious_disease,respiratory,COVID-19,Nation,England,COVID-19_healthcare_occupiedBedsByDay,all,all,default,2023,2023-06-26,1372.0000,False
infectious_disease,respiratory,COVID-19,Nation,England,COVID-19_healthcare_occupiedBedsByDay,all,all,default,2023,2023-06-25,1375.0000,False
infectious_disease,respiratory,COVID-19,Nation,England,COVID-19_healthcare_occupiedBedsByDay,all,all,default,2023,2023-06-24,1415.0000,False
infectious_disease,respiratory,COVID-19,Nation,England,COVID-19_healthcare_occupiedBedsByDay,all,all,default,2023,2023-06-23,1476.0000,False
infectious_disease,respiratory,COVID-19,Nation,England,COVID-19_healthcare_occupiedBedsByDay,all,all,default,2023,2023-06-22,1604.0000,False
infectious_disease,respiratory,COVID-19,Nation,England,COVID-19_healthcare_occupiedBedsByDay,all,all,default,2023,2023-06-21,1670.0000,False
infectious_disease,respiratory,COVID-19,Nation,England,COVID-19_healthcare_occupiedBedsByDay,all,all,default,2023,2023-06-20,1750.0000,False
infectious_disease,respiratory,COVID-19,Nation,England,COVID-19_healthcare_occupiedBedsByDay,all,all,default,2023,2023-06-19,1843.0000,False
infectious_disease,respiratory,COVID-19,Nation,England,COVID-19_healthcare_occupiedBedsByDay,all,all,default,2023,2023-06-18,1869.0000,False
infectious_disease,respiratory,COVID-19,Nation,England,COVID-19_healthcare_occupiedBedsByDay,all,all,default,2023,2023-06-17,1916.0000,False
infectious_disease,respiratory,COVID-19,Nation,England,COVID-19_healthcare_occupiedBedsByDay,all,all,default,2023,2023-06-16,1991.0000,False
infectious_disease,respiratory,COVID-19,Nation,England,COVID-19_healthcare_occupiedBedsByDay,all,all,default,2023,2023-06-15,2048.0000,False
infectious_disease,respiratory,COVID-19,Nation,England,COVID-19_healthcare_occupiedBedsByDay,all,all,default,2023,2023-06-14,2129.0000,False
infectious_disease,respiratory,COVID-19,Nation,England,COVID-19_healthcare_occupiedBedsByDay,all,all,default,2023,2023-06-13,2149.0000,False
infectious_disease,respiratory,COVID-19,Nation,England,COVID-19_healthcare_occupiedBedsByDay,all,all,default,2023,2023-06-12,2212.0000,False
infectious_disease,respiratory,COVID-19,Nation,England,COVID-19_healthcare_occupiedBedsByDay,all,all,default,2023,2023-06-11,2187.0000,False
infectious_disease,respiratory,COVID-19,Nation,England,COVID-19_healthcare_occupiedBedsByDay,all,all,default,2023,2023-06-10,2200.0000,False
infectious_disease,respiratory,COVID-19,Nation,England,COVID-19_healthcare_occupiedBedsByDay,all,all,default,2023,2023-06-09,2268.0000,False
infectious_disease,respiratory,COVID-19,Nation,England,COVID-19_healthcare_occupiedBedsByDay,all,all,default,2023,2023-06-08,2315.0000,False
infectious_disease,respiratory,COVID-19,Nation,England,COVID-19_healthcare_occupiedBedsByDay,all,all,default,2023,2023-06-07,2330.0000,False
infectious_disease,respiratory,COVID-19,Nation,England,COVID-19_healthcare_occupiedBedsByDay,all,all,default,2023,2023-06-06,2382.0000,False
infectious_disease,respiratory,COVID-19,Nation,England,COVID-19_healthcare_occupiedBedsByDay,all,all,default,2023,2023-06-05,2452.0000,False
infectious_disease,respiratory,COVID-19,Nation,England,COVID-19_healthcare_occupiedBedsByDay,all,all,default,2023,2023-06-04,2453.0000,False
infectious_disease,respiratory,COVID-19,Nation,England,COVID-19_healthcare_occupiedBedsByDay,all,all,default,2023,2023-06-03,2432.0000,False
infectious_disease,respiratory,COVID-19,Nation,England,COVID-19_healthcare_occupiedBedsByDay,all,all,default,2023,2023-06-02,2588.0000,False
infectious_disease,respiratory,COVID-19,Nation,England,COVID-19_healthcare_occupiedBedsByDay,all,all,default,2023,2023-06-01,2596.0000,False
infectious_disease,respiratory,COVID-19,Nation,England,COVID-19_healthcare_occupiedBedsByDay,all,all,default,2023,2023-05-31,2780.0000,False
infectious_disease,respiratory,COVID-19,Nation,England,COVID-19_healthcare_occupiedBedsByDay,all,all,default,2023,2023-05-30,2775.0000,False
infectious_disease,respiratory,COVID-19,Nation,England,COVID-19_healthcare_occupiedBedsByDay,all,all,default,2023,2023-05-29,2831.0000,False
infectious_disease,respiratory,COVID-19,Nation,England,COVID-19_healthcare_occupiedBedsByDay,all,all,default,2023,2023-05-28,2772.0000,False
infectious_disease,respiratory,COVID-19,Nation,England,COVID-19_healthcare_occupiedBedsByDay,all,all,default,2023,2023-05-27,2820.0000,False
infectious_disease,respiratory,COVID-19,Nation,England,COVID-19_healthcare_occupiedBedsByDay,all,all,default,2023,2023-05-26,2983.0000,False
infectious_disease,respiratory,COVID-19,Nation,England,COVID-19_healthcare_occupiedBedsByDay,all,all,default,2023,2023-05-25,3009.0000,False
infectious_disease,respiratory,COVID-19,Nation,England,COVID-19_healthcare_occupiedBedsByDay,all,all,default,2023,2023-05-24,3116.0000,False
infectious_disease,respiratory,COVID-19,Nation,England,COVID-19_healthcare_occupiedBedsByDay,all,all,default,2023,2023-05-23,3114.0000,False
infectious_disease,respiratory,COVID-19,Nation,England,COVID-19_healthcare_occupiedBedsByDay,all,all,default,2023,2023-05-22,3133.0000,False
infectious_disease,respiratory,COVID-19,Nation,England,COVID-19_healthcare_occupiedBedsByDay,all,all,default,2023,2023-05-21,3207.0000,False
infectious_disease,respiratory,COVID-19,Nation,England,COVID-19_healthcare_occupiedBedsByDay,all,all,default,2023,2023-05-20,3246.0000,False
infectious_disease,respiratory,COVID-19,Nation,England,COVID-19_healthcare_occupiedBedsByDay,all,all,default,2023,2023-05-19,3362.0000,False
infectious_disease,respiratory,COVID-19,Nation,England,COVID-19_healthcare_occupiedBedsByDay,all,all,default,2023,2023-05-18,3471.0000,False
infectious_disease,respiratory,COVID-19,Nation,England,COVID-19_healthcare_occupiedBedsByDay,all,all,default,2023,2023-05-17,3550.0000,False
infectious_disease,respiratory,COVID-19,Nation,England,COVID-19_healthcare_occupiedBedsByDay,all,all,default,2023,2023-05-16,3632.0000,False
infectious_disease,respiratory,COVID-19,Nation,England,COVID-19_healthcare_occupiedBedsByDay,all,all,default,2023,2023-05-15,3719.0000,False
infectious_disease,respiratory,COVID-19,Nation,England,COVID-19_healthcare_occupiedBedsByDay,all,all,default,2023,2023-05-14,3802.0000,False
infectious_disease,respiratory,COVID-19,Nation,England,COVID-19_healthcare_occupiedBedsByDay,all,all,default,2023,2023-05-13,3825.0000,False
infectious_disease,respiratory,COVID-19,Nation,England,COVID-19_healthcare_occupiedBedsByDay,all,all,default,2023,2023-05-12,3928.0000,False
infectious_disease,respiratory,COVID-19,Nation,England,COVID-19_healthcare_occupiedBedsByDay,all,all,default,2023,2023-05-11,3980.0000,False
infectious_disease,respiratory,COVID-19,Nation,England,COVID-19_healthcare_occupiedBedsByDay,all,all,default,2023,2023-05-10,4207.0000,False
infectious_disease,respiratory,COVID-19,Nation,England,COVID-19_healthcare_occupiedBedsByDay,all,all,default,2023,2023-05-09,4223.0000,False
infectious_disease,respiratory,COVID-19,Nation,England,COVID-19_healthcare_occupiedBedsByDay,all,all,default,2023,2023-05-08,4292.0000,False
infectious_disease,respiratory,COVID-19,Nation,England,COVID-19_healthcare_occupiedBedsByDay,all,all,default,2023,2023-05-07,4224.0000,False
infectious_disease,respiratory,COVID-19,Nation,England,COVID-19_healthcare_occupiedBedsByDay,all,all,default,2023,2023-05-06,4253.0000,False
infectious_disease,respiratory,COVID-19,Nation,England,COVID-19_healthcare_occupiedBedsByDay,all,all,default,2023,2023-05-05,4350.0000,False
infectious_disease,respiratory,COVID-19,Nation,England,COVID-19_healthcare_occupiedBedsByDay,all,all,default,2023,2023-05-04,4431.0000,False
infectious_disease,respiratory,COVID-19,Nation,England,COVID-19_healthcare_occupiedBedsByDay,all,all,default,2023,2023-05-03,4585.0000,False
infectious_disease,respiratory,COVID-19,Nation,England,COVID-19_healthcare_occupiedBedsByDay,all,all,default,2023,2023-05-02,4646.0000,False
infectious_disease,respiratory,COVID-19,Nation,England,COVID-19_healthcare_occupiedBedsByDay,all,all,default,2023,2023-05-01,4592.0000,False
infectious_disease,respiratory,COVID-19,Nation,England,COVID-19_healthcare_occupiedBedsByDay,all,all,default,2023,2023-04-30,4554.0000,False
infectious_disease,respiratory,COVID-19,Nation,England,COVID-19_healthcare_occupiedBedsByDay,all,all,default,2023,2023-04-29,4395.0000,False
infectious_disease,respiratory,COVID-19,Nation,England,COVID-19_healthcare_occupiedBedsByDay,all,all,default,2023,2023-04-28,4631.0000,False
infectious_disease,respiratory,COVID-19,Nation,England,COVID-19_healthcare_occupiedBedsByDay,all,all,default,2023,2023-04-27,4710.0000,False
infectious_disease,respiratory,COVID-19,Nation,England,COVID-19_healthcare_occupiedBedsByDay,all,all,default,2023,2023-04-26,4809.0000,False
infectious_disease,respiratory,COVID-19,Nation,England,COVID-19_healthcare_occupiedBedsByDay,all,all,default,2023,2023-04-25,4924.0000,False
infectious_disease,respiratory,COVID-19,Nation,England,COVID-19_healthcare_occupiedBedsByDay,all,all,default,2023,2023-04-24,5043.0000,False
infectious_disease,respiratory,COVID-19,Nation,England,COVID-19_healthcare_occupiedBedsByDay,all,all,default,2023,2023-04-23,4978.0000,False
infectious_disease,respiratory,COVID-19,Nation,England,COVID-19_healthcare_occupiedBedsByDay,all,all,default,2023,2023-04-22,4988.0000,False
infectious_disease,respiratory,COVID-19,Nation,England,COVID-19_healthcare_occupiedBedsByDay,all,all,default,2023,2023-04-21,5182.0000,False
infectious_disease,respiratory,COVID-19,Nation,England,COVID-19_healthcare_occupiedBedsByDay,all,all,default,2023,2023-04-20,5412.0000,False
infectious_disease,respiratory,COVID-19,Nation,England,COVID-19_healthcare_occupiedBedsByDay,all,all,default,2023,2023-04-19,5590.0000,False
infectious_disease,respiratory,COVID-19,Nation,England,COVID-19_healthcare_occupiedBedsByDay,all,all,default,2023,2023-04-18,5619.0000,False
infectious_disease,respiratory,COVID-19,Nation,England,COVID-19_healthcare_occupiedBedsByDay,all,all,default,2023,2023-04-17,5756.0000,False
infectious_disease,respiratory,COVID-19,Nation,England,COVID-19_healthcare_occupiedBedsByDay,all,all,default,2023,2023-04-16,5764.0000,False
infectious_disease,respiratory,COVID-19,Nation,England,COVID-19_healthcare_occupiedBedsByDay,all,all,default,2023,2023-04-15,5793.0000,False
infectious_disease,respiratory,COVID-19,Nation,England,COVID-19_healthcare_occupiedBedsByDay,all,all,default,2023,2023-04-14,6013.0000,False
infectious_disease,respiratory,COVID-19,Nation,England,COVID-19_healthcare_occupiedBedsByDay,all,all,default,2023,2023-04-13,6277.0000,False
infectious_disease,respiratory,COVID-19,Nation,England,COVID-19_healthcare_occupiedBedsByDay,all,all,default,2023,2023-04-12,6428.0000,False
infectious_disease,respiratory,COVID-19,Nation,England,COVID-19_healthcare_occupiedBedsByDay,all,all,default,2023,2023-04-11,6593.0000,False
infectious_disease,respiratory,COVID-19,Nation,England,COVID-19_healthcare_occupiedBedsByDay,all,all,default,2023,2023-04-10,7029.0000,False
infectious_disease,respiratory,COVID-19,Nation,England,COVID-19_healthcare_occupiedBedsByDay,all,all,default,2023,2023-04-09,6372.0000,False
infectious_disease,respiratory,COVID-19,Nation,England,COVID-19_healthcare_occupiedBedsByDay,all,all,default,2023,2023-04-08,6462.0000,False
infectious_disease,respiratory,COVID-19,Nation,England,COVID-19_healthcare_occupiedBedsByDay,all,all,default,2023,2023-04-07,6599.0000,False
infectious_disease,respiratory,COVID-19,Nation,England,COVID-19_healthcare_occupiedBedsByDay,all,all,default,2023,2023-04-06,6829.0000,False
infectious_disease,respiratory,COVID-19,Nation,England,COVID-19_healthcare_occupiedBedsByDay,all,all,default,2023,2023-04-05,7005.0000,False
infectious_disease,respiratory,COVID-19,Nation,England,COVID-19_healthcare_occupiedBedsByDay,all,all,default,2023,2023-04-04,7455.0000,False
infectious_disease,respiratory,COVID-19,Nation,England,COVID-19_healthcare_occupiedBedsByDay,all,all,default,2023,2023-04-03,7566.0000,False
infectious_disease,respiratory,COVID-19,Nation,England,COVID-19_healthcare_occupiedBedsByDay,all,all,default,2023,2023-04-02,7556.0000,False
infectious_disease,respiratory,COVID-19,Nation,England,COVID-19_healthcare_occupiedBedsByDay,all,all,default,2023,2023-04-01,7520.0000,False
infectious_disease,respiratory,COVID-19,Nation,England,COVID-19_healthcare_occupiedBedsByDay,all,all,default,2023,2023-03-31,7759.0000,False
infectious_disease,respiratory,COVID-19,Nation,England,COVID-19_healthcare_occupiedBedsByDay,all,all,default,2023,2023-03-30,7777.0000,False
infectious_disease,respiratory,COVID-19,Nation,England,COVID-19_healthcare_occupiedBedsByDay,all,all,default,2023,2023-03-29,7963.0000,False
infectious_disease,respiratory,COVID-19,Nation,England,COVID-19_healthcare_occupiedBedsByDay,all,all,default,2023,2023-03-28,8080.0000,False
infectious_disease,respiratory,COVID-19,Nation,England,COVID-19_healthcare_occupiedBedsByDay,all,all,default,2023,2023-03-27,8316.0000,False
infectious_disease,respiratory,COVID-19,Nation,England,COVID-19_healthcare_occupiedBedsByDay,all,all,default,2023,2023-03-26,8265.0000,False
infectious_disease,respiratory,COVID-19,Nation,England,COVID-19_healthcare_occupiedBedsByDay,all,all,default,2023,2023-03-25,8234.0000,False
infectious_disease,respiratory,COVID-19,Nation,England,COVID-19_healthcare_occupiedBedsByDay,all,all,default,2023,2023-03-24,8304.0000,False
infectious_disease,respiratory,COVID-19,Nation,England,COVID-19_healthcare_occupiedBedsByDay,all,all,default,2023,2023-03-23,8403.0000,False
infectious_disease,respiratory,COVID-19,Nation,England,COVID-19_healthcare_occupiedBedsByDay,all,all,default,2023,2023-03-22,8387.0000,False
infectious_disease,respiratory,COVID-19,Nation,England,COVID-19_healthcare_occupiedBedsByDay,all,all,default,2023,2023-03-21,8576.0000,False
infectious_disease,respiratory,COVID-19,Nation,England,COVID-19_healthcare_occupiedBedsByDay,all,all,default,2023,2023-03-20,8631.0000,False
infectious_disease,respiratory,COVID-19,Nation,England,COVID-19_healthcare_occupiedBedsByDay,all,all,default,2023,2023-03-19,8441.0000,False
infectious_disease,respiratory,COVID-19,Nation,England,COVID-19_healthcare_occupiedBedsByDay,all,all,default,2023,2023-03-18,8339.0000,False
infectious_disease,respiratory,COVID-19,Nation,England,COVID-19_healthcare_occupiedBedsByDay,all,all,default,2023,2023-03-17,8340.0000,False
infectious_disease,respiratory,COVID-19,Nation,England,COVID-19_healthcare_occupiedBedsByDay,all,all,default,2023,2023-03-16,8378.0000,False
infectious_disease,respiratory,COVID-19,Nation,England,COVID-19_healthcare_occupiedBedsByDay,all,all,default,2023,2023-03-15,8434.0000,False
infectious_disease,respiratory,COVID-19,Nation,England,COVID-19_healthcare_occupiedBedsByDay,all,all,default,2023,2023-03-14,8362.0000,False
infectious_disease,respiratory,COVID-19,Nation,England,COVID-19_healthcare_occupiedBedsByDay,all,all,default,2023,2023-03-13,8253.0000,False
infectious_disease,respiratory,COVID-19,Nation,England,COVID-19_healthcare_occupiedBedsByDay,all,all,default,2023,2023-03-12,7989.0000,False
infectious_disease,respiratory,COVID-19,Nation,England,COVID-19_healthcare_occupiedBedsByDay,all,all,default,2023,2023-03-11,7866.0000,False
infectious_disease,respiratory,COVID-19,Nation,England,COVID-19_healthcare_occupiedBedsByDay,all,all,default,2023,2023-03-10,7935.0000,False
infectious_disease,respiratory,COVID-19,Nation,England,COVID-19_healthcare_occupiedBedsByDay,all,all,default,2023,2023-03-09,7619.0000,False
infectious_disease,respiratory,COVID-19,Nation,England,COVID-19_healthcare_occupiedBedsByDay,all,all,default,2023,2023-03-08,7655.0000,False
infectious_disease,respiratory,COVID-19,Nation,England,COVID-19_healthcare_occupiedBedsByDay,all,all,default,2023,2023-03-07,7588.0000,False
infectious_disease,respiratory,COVID-19,Nation,England,COVID-19_healthcare_occupiedBedsByDay,all,all,default,2023,2023-03-06,7572.0000,False
infectious_disease,respiratory,COVID-19,Nation,England,COVID-19_healthcare_occupiedBedsByDay,all,all,default,2023,2023-03-05,7470.0000,False
infectious_disease,respiratory,COVID-19,Nation,England,COVID-19_healthcare_occupiedBedsByDay,all,all,default,2023,2023-03-04,7330.0000,False
infectious_disease,respiratory,COVID-19,Nation,England,COVID-19_healthcare_occupiedBedsByDay,all,all,default,2023,2023-03-03,7468.0000,False
infectious_disease,respiratory,COVID-19,Nation,England,COVID-19_healthcare_occupiedBedsByDay,all,all,default,2023,2023-03-02,7522.0000,False
infectious_disease,respiratory,COVID-19,Nation,England,COVID-19_healthcare_occupiedBedsByDay,all,all,default,2023,2023-03-01,7507.0000,False
infectious_disease,respiratory,COVID-19,Nation,England,COVID-19_healthcare_occupiedBedsByDay,all,all,default,2023,2023-02-28,7598.0000,False
infectious_disease,respiratory,COVID-19,Nation,England,COVID-19_healthcare_occupiedBedsByDay,all,all,default,2023,2023-02-27,7622.0000,False
infectious_disease,respiratory,COVID-19,Nation,England,COVID-19_healthcare_occupiedBedsByDay,all,all,default,2023,2023-02-26,7580.0000,False
infectious_disease,respiratory,COVID-19,Nation,England,COVID-19_healthcare_occupiedBedsByDay,all,all,default,2023,2023-02-25,7486.0000,False
infectious_disease,respiratory,COVID-19,Nation,England,COVID-19_healthcare_occupiedBedsByDay,all,all,default,2023,2023-02-24,7598.0000,False
infectious_disease,respiratory,COVID-19,Nation,England,COVID-19_healthcare_occupiedBedsByDay,all,all,default,2023,2023-02-23,8107.0000,False
infectious_disease,respiratory,COVID-19,Nation,England,COVID-19_healthcare_occupiedBedsByDay,all,all,default,2023,2023-02-22,8015.0000,False
infectious_disease,respiratory,COVID-19,Nation,England,COVID-19_healthcare_occupiedBedsByDay,all,all,default,2023,2023-02-21,7906.0000,False
infectious_disease,respiratory,COVID-19,Nation,England,COVID-19_healthcare_occupiedBedsByDay,all,all,default,2023,2023-02-20,7919.0000,False
infectious_disease,respiratory,COVID-19,Nation,England,COVID-19_healthcare_occupiedBedsByDay,all,all,default,2023,2023-02-19,7665.0000,False
infectious_disease,respiratory,COVID-19,Nation,England,COVID-19_healthcare_occupiedBedsByDay,all,all,default,2023,2023-02-18,7484.0000,False
infectious_disease,respiratory,COVID-19,Nation,England,COVID-19_healthcare_occupiedBedsByDay,all,all,default,2023,2023-02-17,7371.0000,False
infectious_disease,respiratory,COVID-19,Nation,England,COVID-19_healthcare_occupiedBedsByDay,all,all,default,2023,2023-02-16,7277.0000,False
infectious_disease,respiratory,COVID-19,Nation,England,COVID-19_healthcare_occupiedBedsByDay,all,all,default,2023,2023-02-15,7209.0000,False
infectious_disease,respiratory,COVID-19,Nation,England,COVID-19_healthcare_occupiedBedsByDay,all,all,default,2023,2023-02-14,7031.0000,False
infectious_disease,respiratory,COVID-19,Nation,England,COVID-19_healthcare_occupiedBedsByDay,all,all,default,2023,2023-02-13,6953.0000,False
infectious_disease,respiratory,COVID-19,Nation,England,COVID-19_healthcare_occupiedBedsByDay,all,all,default,2023,2023-02-12,6725.0000,False
infectious_disease,respiratory,COVID-19,Nation,England,COVID-19_healthcare_occupiedBedsByDay,all,all,default,2023,2023-02-11,6473.0000,False
infectious_disease,respiratory,COVID-19,Nation,England,COVID-19_healthcare_occupiedBedsByDay,all,all,default,2023,2023-02-10,6455.0000,False
infectious_disease,respiratory,COVID-19,Nation,England,COVID-19_healthcare_occupiedBedsByDay,all,all,default,2023,2023-02-09,6403.0000,False
infectious_disease,respiratory,COVID-19,Nation,England,COVID-19_healthcare_occupiedBedsByDay,all,all,default,2023,2023-02-08,6382.0000,False
infectious_disease,respiratory,COVID-19,Nation,England,COVID-19_healthcare_occupiedBedsByDay,all,all,default,2023,2023-02-07,6405.0000,False
infectious_disease,respiratory,COVID-19,Nation,England,COVID-19_healthcare_occupiedBedsByDay,all,all,default,2023,2023-02-06,6484.0000,False
infectious_disease,respiratory,COVID-19,Nation,England,COVID-19_healthcare_occupiedBedsByDay,all,all,default,2023,2023-02-05,6332.0000,False
infectious_disease,respiratory,COVID-19,Nation,England,COVID-19_healthcare_occupiedBedsByDay,all,all,default,2023,2023-02-04,6203.0000,False
infectious_disease,respiratory,COVID-19,Nation,England,COVID-19_healthcare_occupiedBedsByDay,all,all,default,2023,2023-02-03,6288.0000,False
infectious_disease,respiratory,COVID-19,Nation,England,COVID-19_healthcare_occupiedBedsByDay,all,all,default,2023,2023-02-02,6197.0000,False
infectious_disease,respiratory,COVID-19,Nation,England,COVID-19_healthcare_occupiedBedsByDay,all,all,default,2023,2023-02-01,6055.0000,False
infectious_disease,respiratory,COVID-19,Nation,England,COVID-19_healthcare_occupiedBedsByDay,all,all,default,2023,2023-01-31,6015.0000,False
infectious_disease,respiratory,COVID-19,Nation,England,COVID-19_healthcare_occupiedBedsByDay,all,all,default,2023,2023-01-30,5959.0000,False
infectious_disease,respiratory,COVID-19,Nation,England,COVID-19_healthcare_occupiedBedsByDay,all,all,default,2023,2023-01-29,5834.0000,False
infectious_disease,respiratory,COVID-19,Nation,England,COVID-19_healthcare_occupiedBedsByDay,all,all,default,2023,2023-01-28,5750.0000,False
infectious_disease,respiratory,COVID-19,Nation,England,COVID-19_healthcare_occupiedBedsByDay,all,all,default,2023,2023-01-27,5708.0000,False
infectious_disease,respiratory,COVID-19,Nation,England,COVID-19_healthcare_occupiedBedsByDay,all,all,default,2023,2023-01-26,5683.0000,False
infectious_disease,respiratory,COVID-19,Nation,England,COVID-19_healthcare_occupiedBedsByDay,all,all,default,2023,2023-01-25,5632.0000,False
infectious_disease,respiratory,COVID-19,Nation,England,COVID-19_healthcare_occupiedBedsByDay,all,all,default,2023,2023-01-24,5639.0000,False
infectious_disease,respiratory,COVID-19,Nation,England,COVID-19_healthcare_occupiedBedsByDay,all,all,default,2023,2023-01-23,5817.0000,False
infectious_disease,respiratory,COVID-19,Nation,England,COVID-19_healthcare_occupiedBedsByDay,all,all,default,2023,2023-01-22,5697.0000,False
infectious_disease,respiratory,COVID-19,Nation,England,COVID-19_healthcare_occupiedBedsByDay,all,all,default,2023,2023-01-21,5706.0000,False
infectious_disease,respiratory,COVID-19,Nation,England,COVID-19_healthcare_occupiedBedsByDay,all,all,default,2023,2023-01-20,5888.0000,False
infectious_disease,respiratory,COVID-19,Nation,England,COVID-19_healthcare_occupiedBedsByDay,all,all,default,2023,2023-01-19,5996.0000,False
infectious_disease,respiratory,COVID-19,Nation,England,COVID-19_healthcare_occupiedBedsByDay,all,all,default,2023,2023-01-18,6299.0000,False
infectious_disease,respiratory,COVID-19,Nation,England,COVID-19_healthcare_occupiedBedsByDay,all,all,default,2023,2023-01-17,6593.0000,False
infectious_disease,respiratory,COVID-19,Nation,England,COVID-19_healthcare_occupiedBedsByDay,all,all,default,2023,2023-01-16,6721.0000,False
infectious_disease,respiratory,COVID-19,Nation,England,COVID-19_healthcare_occupiedBedsByDay,all,all,default,2023,2023-01-15,6780.0000,False
infectious_disease,respiratory,COVID-19,Nation,England,COVID-19_healthcare_occupiedBedsByDay,all,all,default,2023,2023-01-14,6863.0000,False
infectious_disease,respiratory,COVID-19,Nation,England,COVID-19_healthcare_occupiedBedsByDay,all,all,default,2023,2023-01-13,7164.0000,False
infectious_disease,respiratory,COVID-19,Nation,England,COVID-19_healthcare_occupiedBedsByDay,all,all,default,2023,2023-01-12,7421.0000,False
infectious_disease,respiratory,COVID-19,Nation,England,COVID-19_healthcare_occupiedBedsByDay,all,all,default,2023,2023-01-11,7743.0000,False
infectious_disease,respiratory,COVID-19,Nation,England,COVID-19_healthcare_occupiedBedsByDay,all,all,default,2023,2023-01-10,8034.0000,False
infectious_disease,respiratory,COVID-19,Nation,England,COVID-19_healthcare_occupiedBedsByDay,all,all,default,2023,2023-01-09,8368.0000,False
infectious_disease,respiratory,COVID-19,Nation,England,COVID-19_healthcare_occupiedBedsByDay,all,all,default,2023,2023-01-08,8396.0000,False
infectious_disease,respiratory,COVID-19,Nation,England,COVID-19_healthcare_occupiedBedsByDay,all,all,default,2023,2023-01-07,8547.0000,False
infectious_disease,respiratory,COVID-19,Nation,England,COVID-19_healthcare_occupiedBedsByDay,all,all,default,2023,2023-01-06,8671.0000,False
infectious_disease,respiratory,COVID-19,Nation,England,COVID-19_healthcare_occupiedBedsByDay,all,all,default,2023,2023-01-05,9072.0000,False
infectious_disease,respiratory,COVID-19,Nation,England,COVID-19_healthcare_occupiedBedsByDay,all,all,default,2023,2023-01-04,9332.0000,False
infectious_disease,respiratory,COVID-19,Nation,England,COVID-19_healthcare_occupiedBedsByDay,all,all,default,2023,2023-01-03,9291.0000,False
infectious_disease,respiratory,COVID-19,Nation,England,COVID-19_healthcare_occupiedBedsByDay,all,all,default,2023,2023-01-02,9431.0000,False
infectious_disease,respiratory,COVID-19,Nation,England,COVID-19_healthcare_occupiedBedsByDay,all,all,default,2023,2023-01-01,9417.0000,False
infectious_disease,respiratory,COVID-19,Nation,England,COVID-19_healthcare_occupiedBedsByDay,all,all,default,2022,2022-12-31,9360.0000,False
infectious_disease,respiratory,COVID-19,Nation,England,COVID-19_healthcare_occupiedBedsByDay,all,all,default,2022,2022-12-30,9530.0000,False
infectious_disease,respiratory,COVID-19,Nation,England,COVID-19_healthcare_occupiedBedsByDay,all,all,default,2022,2022-12-29,9535.0000,False
infectious_disease,respiratory,COVID-19,Nation,England,COVID-19_healthcare_occupiedBedsByDay,all,all,default,2022,2022-12-28,9459.0000,False
infectious_disease,respiratory,COVID-19,Nation,England,COVID-19_healthcare_occupiedBedsByDay,all,all,default,2022,2022-12-27,9250.0000,False
infectious_disease,respiratory,COVID-19,Nation,England,COVID-19_healthcare_occupiedBedsByDay,all,all,default,2022,2022-12-26,9178.0000,False
infectious_disease,respiratory,COVID-19,Nation,England,COVID-19_healthcare_occupiedBedsByDay,all,all,default,2022,2022-12-25,8979.0000,False
infectious_disease,respiratory,COVID-19,Nation,England,COVID-19_healthcare_occupiedBedsByDay,all,all,default,2022,2022-12-24,9044.0000,False
infectious_disease,respiratory,COVID-19,Nation,England,COVID-19_healthcare_occupiedBedsByDay,all,all,default,2022,2022-12-23,9047.0000,False
infectious_disease,respiratory,COVID-19,Nation,England,COVID-19_healthcare_occupiedBedsByDay,all,all,default,2022,2022-12-22,8919.0000,False
infectious_disease,respiratory,COVID-19,Nation,England,COVID-19_healthcare_occupiedBedsByDay,all,all,default,2022,2022-12-21,8643.0000,False
infectious_disease,respiratory,COVID-19,Nation,England,COVID-19_healthcare_occupiedBedsByDay,all,all,default,2022,2022-12-20,8340.0000,False
infectious_disease,respiratory,COVID-19,Nation,England,COVID-19_healthcare_occupiedBedsByDay,all,all,default,2022,2022-12-19,8006.0000,False
infectious_disease,respiratory,COVID-19,Nation,England,COVID-19_healthcare_occupiedBedsByDay,all,all,default,2022,2022-12-18,7688.0000,False
infectious_disease,respiratory,COVID-19,Nation,England,COVID-19_healthcare_occupiedBedsByDay,all,all,default,2022,2022-12-17,7396.0000,False
infectious_disease,respiratory,COVID-19,Nation,England,COVID-19_healthcare_occupiedBedsByDay,all,all,default,2022,2022-12-16,7157.0000,False
infectious_disease,respiratory,COVID-19,Nation,England,COVID-19_healthcare_occupiedBedsByDay,all,all,default,2022,2022-12-15,6924.0000,False
infectious_disease,respiratory,COVID-19,Nation,England,COVID-19_healthcare_occupiedBedsByDay,all,all,default,2022,2022-12-14,6720.0000,False
infectious_disease,respiratory,COVID-19,Nation,England,COVID-19_healthcare_occupiedBedsByDay,all,all,default,2022,2022-12-13,6369.0000,False
infectious_disease,respiratory,COVID-19,Nation,England,COVID-19_healthcare_occupiedBedsByDay,all,all,default,2022,2022-12-12,6171.0000,False
infectious_disease,respiratory,COVID-19,Nation,England,COVID-19_healthcare_occupiedBedsByDay,all,all,default,2022,2022-12-11,6057.0000,False
infectious_disease,respiratory,COVID-19,Nation,England,COVID-19_healthcare_occupiedBedsByDay,all,all,default,2022,2022-12-10,5920.0000,False
infectious_disease,respiratory,COVID-19,Nation,England,COVID-19_healthcare_occupiedBedsByDay,all,all,default,2022,2022-12-09,5771.0000,False
infectious_disease,respiratory,COVID-19,Nation,England,COVID-19_healthcare_occupiedBedsByDay,all,all,default,2022,2022-12-08,5632.0000,False
infectious_disease,respiratory,COVID-19,Nation,England,COVID-19_healthcare_occupiedBedsByDay,all,all,default,2022,2022-12-07,5501.0000,False
infectious_disease,respiratory,COVID-19,Nation,England,COVID-19_healthcare_occupiedBedsByDay,all,all,default,2022,2022-12-06,5382.0000,False
infectious_disease,respiratory,COVID-19,Nation,England,COVID-19_healthcare_occupiedBedsByDay,all,all,default,2022,2022-12-05,5285.0000,False
infectious_disease,respiratory,COVID-19,Nation,England,COVID-19_healthcare_occupiedBedsByDay,all,all,default,2022,2022-12-04,5155.0000,False
infectious_disease,respiratory,COVID-19,Nation,England,COVID-19_healthcare_occupiedBedsByDay,all,all,default,2022,2022-12-03,5022.0000,False
infectious_disease,respiratory,COVID-19,Nation,England,COVID-19_healthcare_occupiedBedsByDay,all,all,default,2022,2022-12-02,5027.0000,False
infectious_disease,respiratory,COVID-19,Nation,England,COVID-19_healthcare_occupiedBedsByDay,all,all,default,2022,2022-12-01,4990.0000,False
infectious_disease,respiratory,COVID-19,Nation,England,COVID-19_healthcare_occupiedBedsByDay,all,all,default,2022,2022-11-30,4964.0000,False
infectious_disease,respiratory,COVID-19,Nation,England,COVID-19_healthcare_occupiedBedsByDay,all,all,default,2022,2022-11-29,4847.0000,False
infectious_disease,respiratory,COVID-19,Nation,England,COVID-19_healthcare_occupiedBedsByDay,all,all,default,2022,2022-11-28,4775.0000,False
infectious_disease,respiratory,COVID-19,Nation,England,COVID-19_healthcare_occupiedBedsByDay,all,all,default,2022,2022-11-27,4639.0000,False
infectious_disease,respiratory,COVID-19,Nation,England,COVID-19_healthcare_occupiedBedsByDay,all,all,default,2022,2022-11-26,4568.0000,False
infectious_disease,respiratory,COVID-19,Nation,England,COVID-19_healthcare_occupiedBedsByDay,all,all,default,2022,2022-11-25,4638.0000,False
infectious_disease,respiratory,COVID-19,Nation,England,COVID-19_healthcare_occupiedBedsByDay,all,all,default,2022,2022-11-24,4701.0000,False
infectious_disease,respiratory,COVID-19,Nation,England,COVID-19_healthcare_occupiedBedsByDay,all,all,default,2022,2022-11-23,4600.0000,False
infectious_disease,respiratory,COVID-19,Nation,England,COVID-19_healthcare_occupiedBedsByDay,all,all,default,2022,2022-11-22,4678.0000,False
infectious_disease,respiratory,COVID-19,Nation,England,COVID-19_healthcare_occupiedBedsByDay,all,all,default,2022,2022-11-21,4709.0000,False
infectious_disease,respiratory,COVID-19,Nation,England,COVID-19_healthcare_occupiedBedsByDay,all,all,default,2022,2022-11-20,4706.0000,False
infectious_disease,respiratory,COVID-19,Nation,England,COVID-19_healthcare_occupiedBedsByDay,all,all,default,2022,2022-11-19,4696.0000,False
infectious_disease,respiratory,COVID-19,Nation,England,COVID-19_healthcare_occupiedBedsByDay,all,all,default,2022,2022-11-18,4771.0000,False
infectious_disease,respiratory,COVID-19,Nation,England,COVID-19_healthcare_occupiedBedsByDay,all,all,default,2022,2022-11-17,4842.0000,False
infectious_disease,respiratory,COVID-19,Nation,England,COVID-19_healthcare_occupiedBedsByDay,all,all,default,2022,2022-11-16,5010.0000,False
infectious_disease,respiratory,COVID-19,Nation,England,COVID-19_healthcare_occupiedBedsByDay,all,all,default,2022,2022-11-15,5165.0000,False
infectious_disease,respiratory,COVID-19,Nation,England,COVID-19_healthcare_occupiedBedsByDay,all,all,default,2022,2022-11-14,5284.0000,False
infectious_disease,respiratory,COVID-19,Nation,England,COVID-19_healthcare_occupiedBedsByDay,all,all,default,2022,2022-11-13,5269.0000,False
infectious_disease,respiratory,COVID-19,Nation,England,COVID-19_healthcare_occupiedBedsByDay,all,all,default,2022,2022-11-12,5258.0000,False
infectious_disease,respiratory,COVID-19,Nation,England,COVID-19_healthcare_occupiedBedsByDay,all,all,default,2022,2022-11-11,5372.0000,False
infectious_disease,respiratory,COVID-19,Nation,England,COVID-19_healthcare_occupiedBedsByDay,all,all,default,2022,2022-11-10,5547.0000,False
infectious_disease,respiratory,COVID-19,Nation,England,COVID-19_healthcare_occupiedBedsByDay,all,all,default,2022,2022-11-09,5647.0000,False
infectious_disease,respiratory,COVID-19,Nation,England,COVID-19_healthcare_occupiedBedsByDay,all,all,default,2022,2022-11-08,5905.0000,False
infectious_disease,respiratory,COVID-19,Nation,England,COVID-19_healthcare_occupiedBedsByDay,all,all,default,2022,2022-11-07,6075.0000,False
infectious_disease,respiratory,COVID-19,Nation,England,COVID-19_healthcare_occupiedBedsByDay,all,all,default,2022,2022-11-06,6234.0000,False
infectious_disease,respiratory,COVID-19,Nation,England,COVID-19_healthcare_occupiedBedsByDay,all,all,default,2022,2022-11-05,6358.0000,False
infectious_disease,respiratory,COVID-19,Nation,England,COVID-19_healthcare_occupiedBedsByDay,all,all,default,2022,2022-11-04,6641.0000,False
infectious_disease,respiratory,COVID-19,Nation,England,COVID-19_healthcare_occupiedBedsByDay,all,all,default,2022,2022-11-03,6969.0000,False
infectious_disease,respiratory,COVID-19,Nation,England,COVID-19_healthcare_occupiedBedsByDay,all,all,default,2022,2022-11-02,7296.0000,False
infectious_disease,respiratory,COVID-19,Nation,England,COVID-19_healthcare_occupiedBedsByDay,all,all,default,2022,2022-11-01,7591.0000,False
infectious_disease,respiratory,COVID-19,Nation,England,COVID-19_healthcare_occupiedBedsByDay,all,all,default,2022,2022-10-31,8019.0000,False
infectious_disease,respiratory,COVID-19,Nation,England,COVID-19_healthcare_occupiedBedsByDay,all,all,default,2022,2022-10-30,8235.0000,False
infectious_disease,respiratory,COVID-19,Nation,England,COVID-19_healthcare_occupiedBedsByDay,all,all,default,2022,2022-10-29,8324.0000,False
infectious_disease,respiratory,COVID-19,Nation,England,COVID-19_healthcare_occupiedBedsByDay,all,all,default,2022,2022-10-28,8663.0000,False
infectious_disease,respiratory,COVID-19,Nation,England,COVID-19_healthcare_occupiedBedsByDay,all,all,default,2022,2022-10-27,8860.0000,False
infectious_disease,respiratory,COVID-19,Nation,England,COVID-19_healthcare_occupiedBedsByDay,all,all,default,2022,2022-10-26,9131.0000,False
infectious_disease,respiratory,COVID-19,Nation,England,COVID-19_healthcare_occupiedBedsByDay,all,all,default,2022,2022-10-25,9373.0000,False
infectious_disease,respiratory,COVID-19,Nation,England,COVID-19_healthcare_occupiedBedsByDay,all,all,default,2022,2022-10-24,9692.0000,False
infectious_disease,respiratory,COVID-19,Nation,England,COVID-19_healthcare_occupiedBedsByDay,all,all,default,2022,2022-10-23,9755.0000,False
infectious_disease,respiratory,COVID-19,Nation,England,COVID-19_healthcare_occupiedBedsByDay,all,all,default,2022,2022-10-22,9777.0000,False
infectious_disease,respiratory,COVID-19,Nation,England,COVID-19_healthcare_occupiedBedsByDay,all,all,default,2022,2022-10-21,9935.0000,False
infectious_disease,respiratory,COVID-19,Nation,England,COVID-19_healthcare_occupiedBedsByDay,all,all,default,2022,2022-10-20,10129.0000,False
infectious_disease,respiratory,COVID-19,Nation,England,COVID-19_healthcare_occupiedBedsByDay,all,all,default,2022,2022-10-19,10387.0000,False
infectious_disease,respiratory,COVID-19,Nation,England,COVID-19_healthcare_occupiedBedsByDay,all,all,default,2022,2022-10-18,10594.0000,False
infectious_disease,respiratory,COVID-19,Nation,England,COVID-19_healthcare_occupiedBedsByDay,all,all,default,2022,2022-10-17,10688.0000,False
infectious_disease,respiratory,COVID-19,Nation,England,COVID-19_healthcare_occupiedBedsByDay,all,all,default,2022,2022-10-16,10584.0000,False
infectious_disease,respiratory,COVID-19,Nation,England,COVID-19_healthcare_occupiedBedsByDay,all,all,default,2022,2022-10-15,10502.0000,False
infectious_disease,respiratory,COVID-19,Nation,England,COVID-19_healthcare_occupiedBedsByDay,all,all,default,2022,2022-10-14,10420.0000,False
infectious_disease,respiratory,COVID-19,Nation,England,COVID-19_healthcare_occupiedBedsByDay,all,all,default,2022,2022-10-13,10524.0000,False
infectious_disease,respiratory,COVID-19,Nation,England,COVID-19_healthcare_occupiedBedsByDay,all,all,default,2022,2022-10-12,10608.0000,False
infectious_disease,respiratory,COVID-19,Nation,England,COVID-19_healthcare_occupiedBedsByDay,all,all,default,2022,2022-10-11,10522.0000,False
infectious_disease,respiratory,COVID-19,Nation,England,COVID-19_healthcare_occupiedBedsByDay,all,all,default,2022,2022-10-10,10397.0000,False
infectious_disease,respiratory,COVID-19,Nation,England,COVID-19_healthcare_occupiedBedsByDay,all,all,default,2022,2022-10-09,10181.0000,False
infectious_disease,respiratory,COVID-19,Nation,England,COVID-19_healthcare_occupiedBedsByDay,all,all,default,2022,2022-10-08,10049.0000,False
infectious_disease,respiratory,COVID-19,Nation,England,COVID-19_healthcare_occupiedBedsByDay,all,all,default,2022,2022-10-07,10070.0000,False
infectious_disease,respiratory,COVID-19,Nation,England,COVID-19_healthcare_occupiedBedsByDay,all,all,default,2022,2022-10-06,9922.0000,False
infectious_disease,respiratory,COVID-19,Nation,England,COVID-19_healthcare_occupiedBedsByDay,all,all,default,2022,2022-10-05,9631.0000,False
infectious_disease,respiratory,COVID-19,Nation,England,COVID-19_healthcare_occupiedBedsByDay,all,all,default,2022,2022-10-04,9287.0000,False
infectious_disease,respiratory,COVID-19,Nation,England,COVID-19_healthcare_occupiedBedsByDay,all,all,default,2022,2022-10-03,8854.0000,False
infectious_disease,respiratory,COVID-19,Nation,England,COVID-19_healthcare_occupiedBedsByDay,all,all,default,2022,2022-10-02,8374.0000,False
infectious_disease,respiratory,COVID-19,Nation,England,COVID-19_healthcare_occupiedBedsByDay,all,all,default,2022,2022-10-01,8069.0000,False
infectious_disease,respiratory,COVID-19,Nation,England,COVID-19_healthcare_occupiedBedsByDay,all,all,default,2022,2022-09-30,7672.0000,False
infectious_disease,respiratory,COVID-19,Nation,England,COVID-19_healthcare_occupiedBedsByDay,all,all,default,2022,2022-09-29,7281.0000,False
infectious_disease,respiratory,COVID-19,Nation,England,COVID-19_healthcare_occupiedBedsByDay,all,all,default,2022,2022-09-28,7024.0000,False
infectious_disease,respiratory,COVID-19,Nation,England,COVID-19_healthcare_occupiedBedsByDay,all,all,default,2022,2022-09-27,6758.0000,False
infectious_disease,respiratory,COVID-19,Nation,England,COVID-19_healthcare_occupiedBedsByDay,all,all,default,2022,2022-09-26,6439.0000,False
infectious_disease,respiratory,COVID-19,Nation,England,COVID-19_healthcare_occupiedBedsByDay,all,all,default,2022,2022-09-25,6045.0000,False
infectious_disease,respiratory,COVID-19,Nation,England,COVID-19_healthcare_occupiedBedsByDay,all,all,default,2022,2022-09-24,5773.0000,False
infectious_disease,respiratory,COVID-19,Nation,England,COVID-19_healthcare_occupiedBedsByDay,all,all,default,2022,2022-09-23,5604.0000,False
infectious_disease,respiratory,COVID-19,Nation,England,COVID-19_healthcare_occupiedBedsByDay,all,all,default,2022,2022-09-22,5366.0000,False
infectious_disease,respiratory,COVID-19,Nation,England,COVID-19_healthcare_occupiedBedsByDay,all,all,default,2022,2022-09-21,5142.0000,False
infectious_disease,respiratory,COVID-19,Nation,England,COVID-19_healthcare_occupiedBedsByDay,all,all,default,2022,2022-09-20,4886.0000,False
infectious_disease,respiratory,COVID-19,Nation,England,COVID-19_healthcare_occupiedBedsByDay,all,all,default,2022,2022-09-19,4696.0000,False
infectious_disease,respiratory,COVID-19,Nation,England,COVID-19_healthcare_occupiedBedsByDay,all,all,default,2022,2022-09-18,4556.0000,False
infectious_disease,respiratory,COVID-19,Nation,England,COVID-19_healthcare_occupiedBedsByDay,all,all,default,2022,2022-09-17,4467.0000,False
infectious_disease,respiratory,COVID-19,Nation,England,COVID-19_healthcare_occupiedBedsByDay,all,all,default,2022,2022-09-16,4543.0000,False
infectious_disease,respiratory,COVID-19,Nation,England,COVID-19_healthcare_occupiedBedsByDay,all,all,default,2022,2022-09-15,4571.0000,False
infectious_disease,respiratory,COVID-19,Nation,England,COVID-19_healthcare_occupiedBedsByDay,all,all,default,2022,2022-09-14,4540.0000,False
infectious_disease,respiratory,COVID-19,Nation,England,COVID-19_healthcare_occupiedBedsByDay,all,all,default,2022,2022-09-13,4630.0000,False
infectious_disease,respiratory,COVID-19,Nation,England,COVID-19_healthcare_occupiedBedsByDay,all,all,default,2022,2022-09-12,4666.0000,False
infectious_disease,respiratory,COVID-19,Nation,England,COVID-19_healthcare_occupiedBedsByDay,all,all,default,2022,2022-09-11,4692.0000,False
infectious_disease,respiratory,COVID-19,Nation,England,COVID-19_healthcare_occupiedBedsByDay,all,all,default,2022,2022-09-10,4650.0000,False
infectious_disease,respiratory,COVID-19,Nation,England,COVID-19_healthcare_occupiedBedsByDay,all,all,default,2022,2022-09-09,4797.0000,False
infectious_disease,respiratory,COVID-19,Nation,England,COVID-19_healthcare_occupiedBedsByDay,all,all,default,2022,2022-09-08,4881.0000,False
infectious_disease,respiratory,COVID-19,Nation,England,COVID-19_healthcare_occupiedBedsByDay,all,all,default,2022,2022-09-07,4864.0000,False
infectious_disease,respiratory,COVID-19,Nation,England,COVID-19_healthcare_occupiedBedsByDay,all,all,default,2022,2022-09-06,5060.0000,False
infectious_disease,respiratory,COVID-19,Nation,England,COVID-19_healthcare_occupiedBedsByDay,all,all,default,2022,2022-09-05,5221.0000,False
infectious_disease,respiratory,COVID-19,Nation,England,COVID-19_healthcare_occupiedBedsByDay,all,all,default,2022,2022-09-04,5209.0000,False
infectious_disease,respiratory,COVID-19,Nation,England,COVID-19_healthcare_occupiedBedsByDay,all,all,default,2022,2022-09-03,5183.0000,False
infectious_disease,respiratory,COVID-19,Nation,England,COVID-19_healthcare_occupiedBedsByDay,all,all,default,2022,2022-09-02,5334.0000,False
infectious_disease,respiratory,COVID-19,Nation,England,COVID-19_healthcare_occupiedBedsByDay,all,all,default,2022,2022-09-01,5554.0000,False
infectious_disease,respiratory,COVID-19,Nation,England,COVID-19_healthcare_occupiedBedsByDay,all,all,default,2022,2022-08-31,5658.0000,False
infectious_disease,respiratory,COVID-19,Nation,England,COVID-19_healthcare_occupiedBedsByDay,all,all,default,2022,2022-08-30,5743.0000,False
infectious_disease,respiratory,COVID-19,Nation,England,COVID-19_healthcare_occupiedBedsByDay,all,all,default,2022,2022-08-29,5768.0000,False
infectious_disease,respiratory,COVID-19,Nation,England,COVID-19_healthcare_occupiedBedsByDay,all,all,default,2022,2022-08-28,5717.0000,False
infectious_disease,respiratory,COVID-19,Nation,England,COVID-19_healthcare_occupiedBedsByDay,all,all,default,2022,2022-08-27,5765.0000,False
infectious_disease,respiratory,COVID-19,Nation,England,COVID-19_healthcare_occupiedBedsByDay,all,all,default,2022,2022-08-26,5845.0000,False
infectious_disease,respiratory,COVID-19,Nation,England,COVID-19_healthcare_occupiedBedsByDay,all,all,default,2022,2022-08-25,6249.0000,False
infectious_disease,respiratory,COVID-19,Nation,England,COVID-19_healthcare_occupiedBedsByDay,all,all,default,2022,2022-08-24,6302.0000,False
infectious_disease,respiratory,COVID-19,Nation,England,COVID-19_healthcare_occupiedBedsByDay,all,all,default,2022,2022-08-23,6436.0000,False
infectious_disease,respiratory,COVID-19,Nation,England,COVID-19_healthcare_occupiedBedsByDay,all,all,default,2022,2022-08-22,6803.0000,False
infectious_disease,respiratory,COVID-19,Nation,England,COVID-19_healthcare_occupiedBedsByDay,all,all,default,2022,2022-08-21,6687.0000,False
infectious_disease,respiratory,COVID-19,Nation,England,COVID-19_healthcare_occupiedBedsByDay,all,all,default,2022,2022-08-20,6760.0000,False
infectious_disease,respiratory,COVID-19,Nation,England,COVID-19_healthcare_occupiedBedsByDay,all,all,default,2022,2022-08-19,7045.0000,False
infectious_disease,respiratory,COVID-19,Nation,England,COVID-19_healthcare_occupiedBedsByDay,all,all,default,2022,2022-08-18,7421.0000,False
infectious_disease,respiratory,COVID-19,Nation,England,COVID-19_healthcare_occupiedBedsByDay,all,all,default,2022,2022-08-17,7486.0000,False
infectious_disease,respiratory,COVID-19,Nation,England,COVID-19_healthcare_occupiedBedsByDay,all,all,default,2022,2022-08-16,7832.0000,False
infectious_disease,respiratory,COVID-19,Nation,England,COVID-19_healthcare_occupiedBedsByDay,all,all,default,2022,2022-08-15,8088.0000,False
infectious_disease,respiratory,COVID-19,Nation,England,COVID-19_healthcare_occupiedBedsByDay,all,all,default,2022,2022-08-14,8158.0000,False
infectious_disease,respiratory,COVID-19,Nation,England,COVID-19_healthcare_occupiedBedsByDay,all,all,default,2022,2022-08-13,7993.0000,False
infectious_disease,respiratory,COVID-19,Nation,England,COVID-19_healthcare_occupiedBedsByDay,all,all,default,2022,2022-08-12,8072.0000,False
infectious_disease,respiratory,COVID-19,Nation,England,COVID-19_healthcare_occupiedBedsByDay,all,all,default,2022,2022-08-11,8327.0000,False
infectious_disease,respiratory,COVID-19,Nation,England,COVID-19_healthcare_occupiedBedsByDay,all,all,default,2022,2022-08-10,8487.0000,False
infectious_disease,respiratory,COVID-19,Nation,England,COVID-19_healthcare_occupiedBedsByDay,all,all,default,2022,2022-08-09,8624.0000,False
infectious_disease,respiratory,COVID-19,Nation,England,COVID-19_healthcare_occupiedBedsByDay,all,all,default,2022,2022-08-08,8888.0000,False
infectious_disease,respiratory,COVID-19,Nation,England,COVID-19_healthcare_occupiedBedsByDay,all,all,default,2022,2022-08-07,8805.0000,False
infectious_disease,respiratory,COVID-19,Nation,England,COVID-19_healthcare_occupiedBedsByDay,all,all,default,2022,2022-08-06,8806.0000,False
infectious_disease,respiratory,COVID-19,Nation,England,COVID-19_healthcare_occupiedBedsByDay,all,all,default,2022,2022-08-05,9152.0000,False
infectious_disease,respiratory,COVID-19,Nation,England,COVID-19_healthcare_occupiedBedsByDay,all,all,default,2022,2022-08-04,9498.0000,False
infectious_disease,respiratory,COVID-19,Nation,England,COVID-19_healthcare_occupiedBedsByDay,all,all,default,2022,2022-08-03,9817.0000,False
infectious_disease,respiratory,COVID-19,Nation,England,COVID-19_healthcare_occupiedBedsByDay,all,all,default,2022,2022-08-02,10177.0000,False
infectious_disease,respiratory,COVID-19,Nation,England,COVID-19_healthcare_occupiedBedsByDay,all,all,default,2022,2022-08-01,10417.0000,False
infectious_disease,respiratory,COVID-19,Nation,England,COVID-19_healthcare_occupiedBedsByDay,all,all,default,2022,2022-07-31,10431.0000,False
infectious_disease,respiratory,COVID-19,Nation,England,COVID-19_healthcare_occupiedBedsByDay,all,all,default,2022,2022-07-30,10529.0000,False
infectious_disease,respiratory,COVID-19,Nation,England,COVID-19_healthcare_occupiedBedsByDay,all,all,default,2022,2022-07-29,11149.0000,False
infectious_disease,respiratory,COVID-19,Nation,England,COVID-19_healthcare_occupiedBedsByDay,all,all,default,2022,2022-07-28,11437.0000,False
infectious_disease,respiratory,COVID-19,Nation,England,COVID-19_healthcare_occupiedBedsByDay,all,all,default,2022,2022-07-27,11914.0000,False
infectious_disease,respiratory,COVID-19,Nation,England,COVID-19_healthcare_occupiedBedsByDay,all,all,default,2022,2022-07-26,12113.0000,False
infectious_disease,respiratory,COVID-19,Nation,England,COVID-19_healthcare_occupiedBedsByDay,all,all,default,2022,2022-07-25,12529.0000,False
infectious_disease,respiratory,COVID-19,Nation,England,COVID-19_healthcare_occupiedBedsByDay,all,all,default,2022,2022-07-24,12591.0000,False
infectious_disease,respiratory,COVID-19,Nation,England,COVID-19_healthcare_occupiedBedsByDay,all,all,default,2022,2022-07-23,12475.0000,False
infectious_disease,respiratory,COVID-19,Nation,England,COVID-19_healthcare_occupiedBedsByDay,all,all,default,2022,2022-07-22,13182.0000,False
infectious_disease,respiratory,COVID-19,Nation,England,COVID-19_healthcare_occupiedBedsByDay,all,all,default,2022,2022-07-21,13375.0000,False
infectious_disease,respiratory,COVID-19,Nation,England,COVID-19_healthcare_occupiedBedsByDay,all,all,default,2022,2022-07-20,13545.0000,False
infectious_disease,respiratory,COVID-19,Nation,England,COVID-19_healthcare_occupiedBedsByDay,all,all,default,2022,2022-07-19,13837.0000,False
infectious_disease,respiratory,COVID-19,Nation,England,COVID-19_healthcare_occupiedBedsByDay,all,all,default,2022,2022-07-18,14044.0000,False
infectious_disease,respiratory,COVID-19,Nation,England,COVID-19_healthcare_occupiedBedsByDay,all,all,default,2022,2022-07-17,13840.0000,False
infectious_disease,respiratory,COVID-19,Nation,England,COVID-19_healthcare_occupiedBedsByDay,all,all,default,2022,2022-07-16,13701.0000,False
infectious_disease,respiratory,COVID-19,Nation,England,COVID-19_healthcare_occupiedBedsByDay,all,all,default,2022,2022-07-15,13975.0000,False
infectious_disease,respiratory,COVID-19,Nation,England,COVID-19_healthcare_occupiedBedsByDay,all,all,default,2022,2022-07-14,13807.0000,False
infectious_disease,respiratory,COVID-19,Nation,England,COVID-19_healthcare_occupiedBedsByDay,all,all,default,2022,2022-07-13,13741.0000,False
infectious_disease,respiratory,COVID-19,Nation,England,COVID-19_healthcare_occupiedBedsByDay,all,all,default,2022,2022-07-12,13621.0000,False
infectious_disease,respiratory,COVID-19,Nation,England,COVID-19_healthcare_occupiedBedsByDay,all,all,default,2022,2022-07-11,13336.0000,False
infectious_disease,respiratory,COVID-19,Nation,England,COVID-19_healthcare_occupiedBedsByDay,all,all,default,2022,2022-07-10,12879.0000,False
infectious_disease,respiratory,COVID-19,Nation,England,COVID-19_healthcare_occupiedBedsByDay,all,all,default,2022,2022-07-09,12440.0000,False
infectious_disease,respiratory,COVID-19,Nation,England,COVID-19_healthcare_occupiedBedsByDay,all,all,default,2022,2022-07-08,12283.0000,False
infectious_disease,respiratory,COVID-19,Nation,England,COVID-19_healthcare_occupiedBedsByDay,all,all,default,2022,2022-07-07,11878.0000,False
infectious_disease,respiratory,COVID-19,Nation,England,COVID-19_healthcare_occupiedBedsByDay,all,all,default,2022,2022-07-06,11465.0000,False
infectious_disease,respiratory,COVID-19,Nation,England,COVID-19_healthcare_occupiedBedsByDay,all,all,default,2022,2022-07-05,11049.0000,False
infectious_disease,respiratory,COVID-19,Nation,England,COVID-19_healthcare_occupiedBedsByDay,all,all,default,2022,2022-07-04,10658.0000,False
infectious_disease,respiratory,COVID-19,Nation,England,COVID-19_healthcare_occupiedBedsByDay,all,all,default,2022,2022-07-03,9956.0000,False
infectious_disease,respiratory,COVID-19,Nation,England,COVID-19_healthcare_occupiedBedsByDay,all,all,default,2022,2022-07-02,9632.0000,False
infectious_disease,respiratory,COVID-19,Nation,England,COVID-19_healthcare_occupiedBedsByDay,all,all,default,2022,2022-07-01,9389.0000,False
infectious_disease,respiratory,COVID-19,Nation,England,COVID-19_healthcare_occupiedBedsByDay,all,all,default,2022,2022-06-30,8928.0000,False
infectious_disease,respiratory,COVID-19,Nation,England,COVID-19_healthcare_occupiedBedsByDay,all,all,default,2022,2022-06-29,8587.0000,False
infectious_disease,respiratory,COVID-19,Nation,England,COVID-19_healthcare_occupiedBedsByDay,all,all,default,2022,2022-06-28,8120.0000,False
infectious_disease,respiratory,COVID-19,Nation,England,COVID-19_healthcare_occupiedBedsByDay,all,all,default,2022,2022-06-27,7822.0000,False
infectious_disease,respiratory,COVID-19,Nation,England,COVID-19_healthcare_occupiedBedsByDay,all,all,default,2022,2022-06-26,7455.0000,False
infectious_disease,respiratory,COVID-19,Nation,England,COVID-19_healthcare_occupiedBedsByDay,all,all,default,2022,2022-06-25,6973.0000,False
infectious_disease,respiratory,COVID-19,Nation,England,COVID-19_healthcare_occupiedBedsByDay,all,all,default,2022,2022-06-24,6752.0000,False
infectious_disease,respiratory,COVID-19,Nation,England,COVID-19_healthcare_occupiedBedsByDay,all,all,default,2022,2022-06-23,6401.0000,False
infectious_disease,respiratory,COVID-19,Nation,England,COVID-19_healthcare_occupiedBedsByDay,all,all,default,2022,2022-06-22,6177.0000,False
infectious_disease,respiratory,COVID-19,Nation,England,COVID-19_healthcare_occupiedBedsByDay,all,all,default,2022,2022-06-21,6002.0000,False
infectious_disease,respiratory,COVID-19,Nation,England,COVID-19_healthcare_occupiedBedsByDay,all,all,default,2022,2022-06-20,5726.0000,False
infectious_disease,respiratory,COVID-19,Nation,England,COVID-19_healthcare_occupiedBedsByDay,all,all,default,2022,2022-06-19,5436.0000,False
infectious_disease,respiratory,COVID-19,Nation,England,COVID-19_healthcare_occupiedBedsByDay,all,all,default,2022,2022-06-18,5183.0000,False
infectious_disease,respiratory,COVID-19,Nation,England,COVID-19_healthcare_occupiedBedsByDay,all,all,default,2022,2022-06-17,5037.0000,False
infectious_disease,respiratory,COVID-19,Nation,England,COVID-19_healthcare_occupiedBedsByDay,all,all,default,2022,2022-06-16,5008.0000,False
infectious_disease,respiratory,COVID-19,Nation,England,COVID-19_healthcare_occupiedBedsByDay,all,all,default,2022,2022-06-15,4843.0000,False
infectious_disease,respiratory,COVID-19,Nation,England,COVID-19_healthcare_occupiedBedsByDay,all,all,default,2022,2022-06-14,4722.0000,False
infectious_disease,respiratory,COVID-19,Nation,England,COVID-19_healthcare_occupiedBedsByDay,all,all,default,2022,2022-06-13,4602.0000,False
infectious_disease,respiratory,COVID-19,Nation,England,COVID-19_healthcare_occupiedBedsByDay,all,all,default,2022,2022-06-12,4408.0000,False
infectious_disease,respiratory,COVID-19,Nation,England,COVID-19_healthcare_occupiedBedsByDay,all,all,default,2022,2022-06-11,4257.0000,False
infectious_disease,respiratory,COVID-19,Nation,England,COVID-19_healthcare_occupiedBedsByDay,all,all,default,2022,2022-06-10,4262.0000,False
infectious_disease,respiratory,COVID-19,Nation,England,COVID-19_healthcare_occupiedBedsByDay,all,all,default,2022,2022-06-09,4082.0000,False
infectious_disease,respiratory,COVID-19,Nation,England,COVID-19_healthcare_occupiedBedsByDay,all,all,default,2022,2022-06-08,4096.0000,False
infectious_disease,respiratory,COVID-19,Nation,England,COVID-19_healthcare_occupiedBedsByDay,all,all,default,2022,2022-06-07,4108.0000,False
infectious_disease,respiratory,COVID-19,Nation,England,COVID-19_healthcare_occupiedBedsByDay,all,all,default,2022,2022-06-06,4126.0000,False
infectious_disease,respiratory,COVID-19,Nation,England,COVID-19_healthcare_occupiedBedsByDay,all,all,default,2022,2022-06-05,3965.0000,False
infectious_disease,respiratory,COVID-19,Nation,England,COVID-19_healthcare_occupiedBedsByDay,all,all,default,2022,2022-06-04,3835.0000,False
infectious_disease,respiratory,COVID-19,Nation,England,COVID-19_healthcare_occupiedBedsByDay,all,all,default,2022,2022-06-03,3849.0000,False
infectious_disease,respiratory,COVID-19,Nation,England,COVID-19_healthcare_occupiedBedsByDay,all,all,default,2022,2022-06-02,3841.0000,False
infectious_disease,respiratory,COVID-19,Nation,England,COVID-19_healthcare_occupiedBedsByDay,all,all,default,2022,2022-06-01,3800.0000,False
infectious_disease,respiratory,COVID-19,Nation,England,COVID-19_healthcare_occupiedBedsByDay,all,all,default,2022,2022-05-31,4036.0000,False
infectious_disease,respiratory,COVID-19,Nation,England,COVID-19_healthcare_occupiedBedsByDay,all,all,default,2022,2022-05-30,4091.0000,False
infectious_disease,respiratory,COVID-19,Nation,England,COVID-19_healthcare_occupiedBedsByDay,all,all,default,2022,2022-05-29,4018.0000,False
infectious_disease,respiratory,COVID-19,Nation,England,COVID-19_healthcare_occupiedBedsByDay,all,all,default,2022,2022-05-28,4013.0000,False
infectious_disease,respiratory,COVID-19,Nation,England,COVID-19_healthcare_occupiedBedsByDay,all,all,default,2022,2022-05-27,4197.0000,False
infectious_disease,respiratory,COVID-19,Nation,England,COVID-19_healthcare_occupiedBedsByDay,all,all,default,2022,2022-05-26,4365.0000,False
infectious_disease,respiratory,COVID-19,Nation,England,COVID-19_healthcare_occupiedBedsByDay,all,all,default,2022,2022-05-25,4489.0000,False
infectious_disease,respiratory,COVID-19,Nation,England,COVID-19_healthcare_occupiedBedsByDay,all,all,default,2022,2022-05-24,4639.0000,False
infectious_disease,respiratory,COVID-19,Nation,England,COVID-19_healthcare_occupiedBedsByDay,all,all,default,2022,2022-05-23,5010.0000,False
infectious_disease,respiratory,COVID-19,Nation,England,COVID-19_healthcare_occupiedBedsByDay,all,all,default,2022,2022-05-22,5047.0000,False
infectious_disease,respiratory,COVID-19,Nation,England,COVID-19_healthcare_occupiedBedsByDay,all,all,default,2022,2022-05-21,5065.0000,False
infectious_disease,respiratory,COVID-19,Nation,England,COVID-19_healthcare_occupiedBedsByDay,all,all,default,2022,2022-05-20,5187.0000,False
infectious_disease,respiratory,COVID-19,Nation,England,COVID-19_healthcare_occupiedBedsByDay,all,all,default,2022,2022-05-19,5356.0000,False
infectious_disease,respiratory,COVID-19,Nation,England,COVID-19_healthcare_occupiedBedsByDay,all,all,default,2022,2022-05-18,5425.0000,False
infectious_disease,respiratory,COVID-19,Nation,England,COVID-19_healthcare_occupiedBedsByDay,all,all,default,2022,2022-05-17,5733.0000,False
infectious_disease,respiratory,COVID-19,Nation,England,COVID-19_healthcare_occupiedBedsByDay,all,all,default,2022,2022-05-16,6024.0000,False
infectious_disease,respiratory,COVID-19,Nation,England,COVID-19_healthcare_occupiedBedsByDay,all,all,default,2022,2022-05-15,6158.0000,False
infectious_disease,respiratory,COVID-19,Nation,England,COVID-19_healthcare_occupiedBedsByDay,all,all,default,2022,2022-05-14,6147.0000,False
infectious_disease,respiratory,COVID-19,Nation,England,COVID-19_healthcare_occupiedBedsByDay,all,all,default,2022,2022-05-13,6366.0000,False
infectious_disease,respiratory,COVID-19,Nation,England,COVID-19_healthcare_occupiedBedsByDay,all,all,default,2022,2022-05-12,6602.0000,False
infectious_disease,respiratory,COVID-19,Nation,England,COVID-19_healthcare_occupiedBedsByDay,all,all,default,2022,2022-05-11,7034.0000,False
infectious_disease,respiratory,COVID-19,Nation,England,COVID-19_healthcare_occupiedBedsByDay,all,all,default,2022,2022-05-10,7363.0000,False
infectious_disease,respiratory,COVID-19,Nation,England,COVID-19_healthcare_occupiedBedsByDay,all,all,default,2022,2022-05-09,7647.0000,False
infectious_disease,respiratory,COVID-19,Nation,England,COVID-19_healthcare_occupiedBedsByDay,all,all,default,2022,2022-05-08,7715.0000,False
infectious_disease,respiratory,COVID-19,Nation,England,COVID-19_healthcare_occupiedBedsByDay,all,all,default,2022,2022-05-07,7768.0000,False
infectious_disease,respiratory,COVID-19,Nation,England,COVID-19_healthcare_occupiedBedsByDay,all,all,default,2022,2022-05-06,8170.0000,False
infectious_disease,respiratory,COVID-19,Nation,England,COVID-19_healthcare_occupiedBedsByDay,all,all,default,2022,2022-05-05,8596.0000,False
infectious_disease,respiratory,COVID-19,Nation,England,COVID-19_healthcare_occupiedBedsByDay,all,all,default,2022,2022-05-04,8950.0000,False
infectious_disease,respiratory,COVID-19,Nation,England,COVID-19_healthcare_occupiedBedsByDay,all,all,default,2022,2022-05-03,9243.0000,False
infectious_disease,respiratory,COVID-19,Nation,England,COVID-19_healthcare_occupiedBedsByDay,all,all,default,2022,2022-05-02,9326.0000,False
infectious_disease,respiratory,COVID-19,Nation,England,COVID-19_healthcare_occupiedBedsByDay,all,all,default,2022,2022-05-01,9355.0000,False
infectious_disease,respiratory,COVID-19,Nation,England,COVID-19_healthcare_occupiedBedsByDay,all,all,default,2022,2022-04-30,9499.0000,False
infectious_disease,respiratory,COVID-19,Nation,England,COVID-19_healthcare_occupiedBedsByDay,all,all,default,2022,2022-04-29,9938.0000,False
infectious_disease,respiratory,COVID-19,Nation,England,COVID-19_healthcare_occupiedBedsByDay,all,all,default,2022,2022-04-28,10432.0000,False
infectious_disease,respiratory,COVID-19,Nation,England,COVID-19_healthcare_occupiedBedsByDay,all,all,default,2022,2022-04-27,10965.0000,False
infectious_disease,respiratory,COVID-19,Nation,England,COVID-19_healthcare_occupiedBedsByDay,all,all,default,2022,2022-04-26,11320.0000,False
infectious_disease,respiratory,COVID-19,Nation,England,COVID-19_healthcare_occupiedBedsByDay,all,all,default,2022,2022-04-25,11992.0000,False
infectious_disease,respiratory,COVID-19,Nation,England,COVID-19_healthcare_occupiedBedsByDay,all,all,default,2022,2022-04-24,12083.0000,False
infectious_disease,respiratory,COVID-19,Nation,England,COVID-19_healthcare_occupiedBedsByDay,all,all,default,2022,2022-04-23,12156.0000,False
infectious_disease,respiratory,COVID-19,Nation,England,COVID-19_healthcare_occupiedBedsByDay,all,all,default,2022,2022-04-22,12883.0000,False
infectious_disease,respiratory,COVID-19,Nation,England,COVID-19_healthcare_occupiedBedsByDay,all,all,default,2022,2022-04-21,13392.0000,False
infectious_disease,respiratory,COVID-19,Nation,England,COVID-19_healthcare_occupiedBedsByDay,all,all,default,2022,2022-04-20,14164.0000,False
infectious_disease,respiratory,COVID-19,Nation,England,COVID-19_healthcare_occupiedBedsByDay,all,all,default,2022,2022-04-19,14607.0000,False
infectious_disease,respiratory,COVID-19,Nation,England,COVID-19_healthcare_occupiedBedsByDay,all,all,default,2022,2022-04-18,14183.0000,False
infectious_disease,respiratory,COVID-19,Nation,England,COVID-19_healthcare_occupiedBedsByDay,all,all,default,2022,2022-04-17,14254.0000,False
infectious_disease,respiratory,COVID-19,Nation,England,COVID-19_healthcare_occupiedBedsByDay,all,all,default,2022,2022-04-16,14335.0000,False
infectious_disease,respiratory,COVID-19,Nation,England,COVID-19_healthcare_occupiedBedsByDay,all,all,default,2022,2022-04-15,14394.0000,False
infectious_disease,respiratory,COVID-19,Nation,England,COVID-19_healthcare_occupiedBedsByDay,all,all,default,2022,2022-04-14,14955.0000,False
infectious_disease,respiratory,COVID-19,Nation,England,COVID-19_healthcare_occupiedBedsByDay,all,all,default,2022,2022-04-13,15399.0000,False
infectious_disease,respiratory,COVID-19,Nation,England,COVID-19_healthcare_occupiedBedsByDay,all,all,default,2022,2022-04-12,16131.0000,False
infectious_disease,respiratory,COVID-19,Nation,England,COVID-19_healthcare_occupiedBedsByDay,all,all,default,2022,2022-04-11,16442.0000,False
infectious_disease,respiratory,COVID-19,Nation,England,COVID-19_healthcare_occupiedBedsByDay,all,all,default,2022,2022-04-10,16039.0000,False
infectious_disease,respiratory,COVID-19,Nation,England,COVID-19_healthcare_occupiedBedsByDay,all,all,default,2022,2022-04-09,15876.0000,False
infectious_disease,respiratory,COVID-19,Nation,England,COVID-19_healthcare_occupiedBedsByDay,all,all,default,2022,2022-04-08,16366.0000,False
infectious_disease,respiratory,COVID-19,Nation,England,COVID-19_healthcare_occupiedBedsByDay,all,all,default,2022,2022-04-07,16600.0000,False
infectious_disease,respiratory,COVID-19,Nation,England,COVID-19_healthcare_occupiedBedsByDay,all,all,default,2022,2022-04-06,16587.0000,False
infectious_disease,respiratory,COVID-19,Nation,England,COVID-19_healthcare_occupiedBedsByDay,all,all,default,2022,2022-04-05,16552.0000,False
infectious_disease,respiratory,COVID-19,Nation,England,COVID-19_healthcare_occupiedBedsByDay,all,all,default,2022,2022-04-04,16466.0000,False
infectious_disease,respiratory,COVID-19,Nation,England,COVID-19_healthcare_occupiedBedsByDay,all,all,default,2022,2022-04-03,15989.0000,False
infectious_disease,respiratory,COVID-19,Nation,England,COVID-19_healthcare_occupiedBedsByDay,all,all,default,2022,2022-04-02,15739.0000,False
infectious_disease,respiratory,COVID-19,Nation,England,COVID-19_healthcare_occupiedBedsByDay,all,all,default,2022,2022-04-01,15966.0000,False
infectious_disease,respiratory,COVID-19,Nation,England,COVID-19_healthcare_occupiedBedsByDay,all,all,default,2022,2022-03-31,15648.0000,False
infectious_disease,respiratory,COVID-19,Nation,England,COVID-19_healthcare_occupiedBedsByDay,all,all,default,2022,2022-03-30,15632.0000,False
infectious_disease,respiratory,COVID-19,Nation,England,COVID-19_healthcare_occupiedBedsByDay,all,all,default,2022,2022-03-29,15411.0000,False
infectious_disease,respiratory,COVID-19,Nation,England,COVID-19_healthcare_occupiedBedsByDay,all,all,default,2022,2022-03-28,15170.0000,False
infectious_disease,respiratory,COVID-19,Nation,England,COVID-19_healthcare_occupiedBedsByDay,all,all,default,2022,2022-03-27,14465.0000,False
infectious_disease,respiratory,COVID-19,Nation,England,COVID-19_healthcare_occupiedBedsByDay,all,all,default,2022,2022-03-26,13796.0000,False
infectious_disease,respiratory,COVID-19,Nation,England,COVID-19_healthcare_occupiedBedsByDay,all,all,default,2022,2022-03-25,13842.0000,False
infectious_disease,respiratory,COVID-19,Nation,England,COVID-19_healthcare_occupiedBedsByDay,all,all,default,2022,2022-03-24,13602.0000,False
infectious_disease,respiratory,COVID-19,Nation,England,COVID-19_healthcare_occupiedBedsByDay,all,all,default,2022,2022-03-23,13248.0000,False
infectious_disease,respiratory,COVID-19,Nation,England,COVID-19_healthcare_occupiedBedsByDay,all,all,default,2022,2022-03-22,13060.0000,False
infectious_disease,respiratory,COVID-19,Nation,England,COVID-19_healthcare_occupiedBedsByDay,all,all,default,2022,2022-03-21,12753.0000,False
infectious_disease,respiratory,COVID-19,Nation,England,COVID-19_healthcare_occupiedBedsByDay,all,all,default,2022,2022-03-20,12070.0000,False
infectious_disease,respiratory,COVID-19,Nation,England,COVID-19_healthcare_occupiedBedsByDay,all,all,default,2022,2022-03-19,11638.0000,False
infectious_disease,respiratory,COVID-19,Nation,England,COVID-19_healthcare_occupiedBedsByDay,all,all,default,2022,2022-03-18,11595.0000,False
infectious_disease,respiratory,COVID-19,Nation,England,COVID-19_healthcare_occupiedBedsByDay,all,all,default,2022,2022-03-17,11346.0000,False
infectious_disease,respiratory,COVID-19,Nation,England,COVID-19_healthcare_occupiedBedsByDay,all,all,default,2022,2022-03-16,11010.0000,False
infectious_disease,respiratory,COVID-19,Nation,England,COVID-19_healthcare_occupiedBedsByDay,all,all,default,2022,2022-03-15,10877.0000,False
infectious_disease,respiratory,COVID-19,Nation,England,COVID-19_healthcare_occupiedBedsByDay,all,all,default,2022,2022-03-14,10576.0000,False
infectious_disease,respiratory,COVID-19,Nation,England,COVID-19_healthcare_occupiedBedsByDay,all,all,default,2022,2022-03-13,9908.0000,False
infectious_disease,respiratory,COVID-19,Nation,England,COVID-19_healthcare_occupiedBedsByDay,all,all,default,2022,2022-03-12,9618.0000,False
infectious_disease,respiratory,COVID-19,Nation,England,COVID-19_healthcare_occupiedBedsByDay,all,all,default,2022,2022-03-11,9369.0000,False
infectious_disease,respiratory,COVID-19,Nation,England,COVID-19_healthcare_occupiedBedsByDay,all,all,default,2022,2022-03-10,9241.0000,False
infectious_disease,respiratory,COVID-19,Nation,England,COVID-19_healthcare_occupiedBedsByDay,all,all,default,2022,2022-03-09,9163.0000,False
infectious_disease,respiratory,COVID-19,Nation,England,COVID-19_healthcare_occupiedBedsByDay,all,all,default,2022,2022-03-08,9176.0000,False
infectious_disease,respiratory,COVID-19,Nation,England,COVID-19_healthcare_occupiedBedsByDay,all,all,default,2022,2022-03-07,8923.0000,False
infectious_disease,respiratory,COVID-19,Nation,England,COVID-19_healthcare_occupiedBedsByDay,all,all,default,2022,2022-03-06,8502.0000,False
infectious_disease,respiratory,COVID-19,Nation,England,COVID-19_healthcare_occupiedBedsByDay,all,all,default,2022,2022-03-05,8400.0000,False
infectious_disease,respiratory,COVID-19,Nation,England,COVID-19_healthcare_occupiedBedsByDay,all,all,default,2022,2022-03-04,8403.0000,False
infectious_disease,respiratory,COVID-19,Nation,England,COVID-19_healthcare_occupiedBedsByDay,all,all,default,2022,2022-03-03,8210.0000,False
infectious_disease,respiratory,COVID-19,Nation,England,COVID-19_healthcare_occupiedBedsByDay,all,all,default,2022,2022-03-02,8402.0000,False
infectious_disease,respiratory,COVID-19,Nation,England,COVID-19_healthcare_occupiedBedsByDay,all,all,default,2022,2022-03-01,8486.0000,False
infectious_disease,respiratory,COVID-19,Nation,England,COVID-19_healthcare_occupiedBedsByDay,all,all,default,2022,2022-02-28,8538.0000,False
infectious_disease,respiratory,COVID-19,Nation,England,COVID-19_healthcare_occupiedBedsByDay,all,all,default,2022,2022-02-27,8305.0000,False
infectious_disease,respiratory,COVID-19,Nation,England,COVID-19_healthcare_occupiedBedsByDay,all,all,default,2022,2022-02-26,8197.0000,False
infectious_disease,respiratory,COVID-19,Nation,England,COVID-19_healthcare_occupiedBedsByDay,all,all,default,2022,2022-02-25,8498.0000,False
infectious_disease,respiratory,COVID-19,Nation,England,COVID-19_healthcare_occupiedBedsByDay,all,all,default,2022,2022-02-24,8645.0000,False
infectious_disease,respiratory,COVID-19,Nation,England,COVID-19_healthcare_occupiedBedsByDay,all,all,default,2022,2022-02-23,8868.0000,False
infectious_disease,respiratory,COVID-19,Nation,England,COVID-19_healthcare_occupiedBedsByDay,all,all,default,2022,2022-02-22,8948.0000,False
infectious_disease,respiratory,COVID-19,Nation,England,COVID-19_healthcare_occupiedBedsByDay,all,all,default,2022,2022-02-21,9229.0000,False
infectious_disease,respiratory,COVID-19,Nation,England,COVID-19_healthcare_occupiedBedsByDay,all,all,default,2022,2022-02-20,9058.0000,False
infectious_disease,respiratory,COVID-19,Nation,England,COVID-19_healthcare_occupiedBedsByDay,all,all,default,2022,2022-02-19,9187.0000,False
infectious_disease,respiratory,COVID-19,Nation,England,COVID-19_healthcare_occupiedBedsByDay,all,all,default,2022,2022-02-18,9258.0000,False
infectious_disease,respiratory,COVID-19,Nation,England,COVID-19_healthcare_occupiedBedsByDay,all,all,default,2022,2022-02-17,9600.0000,False
infectious_disease,respiratory,COVID-19,Nation,England,COVID-19_healthcare_occupiedBedsByDay,all,all,default,2022,2022-02-16,9804.0000,False
infectious_disease,respiratory,COVID-19,Nation,England,COVID-19_healthcare_occupiedBedsByDay,all,all,default,2022,2022-02-15,10019.0000,False
infectious_disease,respiratory,COVID-19,Nation,England,COVID-19_healthcare_occupiedBedsByDay,all,all,default,2022,2022-02-14,10273.0000,False
infectious_disease,respiratory,COVID-19,Nation,England,COVID-19_healthcare_occupiedBedsByDay,all,all,default,2022,2022-02-13,10049.0000,False
infectious_disease,respiratory,COVID-19,Nation,England,COVID-19_healthcare_occupiedBedsByDay,all,all,default,2022,2022-02-12,10010.0000,False
infectious_disease,respiratory,COVID-19,Nation,England,COVID-19_healthcare_occupiedBedsByDay,all,all,default,2022,2022-02-11,10367.0000,False
infectious_disease,respiratory,COVID-19,Nation,England,COVID-19_healthcare_occupiedBedsByDay,all,all,default,2022,2022-02-10,10734.0000,False
infectious_disease,respiratory,COVID-19,Nation,England,COVID-19_healthcare_occupiedBedsByDay,all,all,default,2022,2022-02-09,11071.0000,False
infectious_disease,respiratory,COVID-19,Nation,England,COVID-19_healthcare_occupiedBedsByDay,all,all,default,2022,2022-02-08,11471.0000,False
infectious_disease,respiratory,COVID-19,Nation,England,COVID-19_healthcare_occupiedBedsByDay,all,all,default,2022,2022-02-07,11710.0000,False
infectious_disease,respiratory,COVID-19,Nation,England,COVID-19_healthcare_occupiedBedsByDay,all,all,default,2022,2022-02-06,11529.0000,False
infectious_disease,respiratory,COVID-19,Nation,England,COVID-19_healthcare_occupiedBedsByDay,all,all,default,2022,2022-02-05,11604.0000,False
infectious_disease,respiratory,COVID-19,Nation,England,COVID-19_healthcare_occupiedBedsByDay,all,all,default,2022,2022-02-04,12032.0000,False
infectious_disease,respiratory,COVID-19,Nation,England,COVID-19_healthcare_occupiedBedsByDay,all,all,default,2022,2022-02-03,12423.0000,False
infectious_disease,respiratory,COVID-19,Nation,England,COVID-19_healthcare_occupiedBedsByDay,all,all,default,2022,2022-02-02,12577.0000,False
infectious_disease,respiratory,COVID-19,Nation,England,COVID-19_healthcare_occupiedBedsByDay,all,all,default,2022,2022-02-01,12896.0000,False
infectious_disease,respiratory,COVID-19,Nation,England,COVID-19_healthcare_occupiedBedsByDay,all,all,default,2022,2022-01-31,13331.0000,False
infectious_disease,respiratory,COVID-19,Nation,England,COVID-19_healthcare_occupiedBedsByDay,all,all,default,2022,2022-01-30,12992.0000,False
infectious_disease,respiratory,COVID-19,Nation,England,COVID-19_healthcare_occupiedBedsByDay,all,all,default,2022,2022-01-29,12672.0000,False
infectious_disease,respiratory,COVID-19,Nation,England,COVID-19_healthcare_occupiedBedsByDay,all,all,default,2022,2022-01-28,13462.0000,False
infectious_disease,respiratory,COVID-19,Nation,England,COVID-19_healthcare_occupiedBedsByDay,all,all,default,2022,2022-01-27,13651.0000,False
infectious_disease,respiratory,COVID-19,Nation,England,COVID-19_healthcare_occupiedBedsByDay,all,all,default,2022,2022-01-26,13948.0000,False
infectious_disease,respiratory,COVID-19,Nation,England,COVID-19_healthcare_occupiedBedsByDay,all,all,default,2022,2022-01-25,14088.0000,False
infectious_disease,respiratory,COVID-19,Nation,England,COVID-19_healthcare_occupiedBedsByDay,all,all,default,2022,2022-01-24,14563.0000,False
infectious_disease,respiratory,COVID-19,Nation,England,COVID-19_healthcare_occupiedBedsByDay,all,all,default,2022,2022-01-23,14334.0000,False
infectious_disease,respiratory,COVID-19,Nation,England,COVID-19_healthcare_occupiedBedsByDay,all,all,default,2022,2022-01-22,14320.0000,False
infectious_disease,respiratory,COVID-19,Nation,England,COVID-19_healthcare_occupiedBedsByDay,all,all,default,2022,2022-01-21,14865.0000,False
infectious_disease,respiratory,COVID-19,Nation,England,COVID-19_healthcare_occupiedBedsByDay,all,all,default,2022,2022-01-20,15302.0000,False
infectious_disease,respiratory,COVID-19,Nation,England,COVID-19_healthcare_occupiedBedsByDay,all,all,default,2022,2022-01-19,15742.0000,False
infectious_disease,respiratory,COVID-19,Nation,England,COVID-19_healthcare_occupiedBedsByDay,all,all,default,2022,2022-01-18,16218.0000,False
infectious_disease,respiratory,COVID-19,Nation,England,COVID-19_healthcare_occupiedBedsByDay,all,all,default,2022,2022-01-17,16621.0000,False
infectious_disease,respiratory,COVID-19,Nation,England,COVID-19_healthcare_occupiedBedsByDay,all,all,default,2022,2022-01-16,16372.0000,False
infectious_disease,respiratory,COVID-19,Nation,England,COVID-19_healthcare_occupiedBedsByDay,all,all,default,2022,2022-01-15,16281.0000,False
infectious_disease,respiratory,COVID-19,Nation,England,COVID-19_healthcare_occupiedBedsByDay,all,all,default,2022,2022-01-14,16537.0000,False
infectious_disease,respiratory,COVID-19,Nation,England,COVID-19_healthcare_occupiedBedsByDay,all,all,default,2022,2022-01-13,16716.0000,False
infectious_disease,respiratory,COVID-19,Nation,England,COVID-19_healthcare_occupiedBedsByDay,all,all,default,2022,2022-01-12,16881.0000,False
infectious_disease,respiratory,COVID-19,Nation,England,COVID-19_healthcare_occupiedBedsByDay,all,all,default,2022,2022-01-11,16939.0000,False
infectious_disease,respiratory,COVID-19,Nation,England,COVID-19_healthcare_occupiedBedsByDay,all,all,default,2022,2022-01-10,17120.0000,False
infectious_disease,respiratory,COVID-19,Nation,England,COVID-19_healthcare_occupiedBedsByDay,all,all,default,2022,2022-01-09,16399.0000,False
infectious_disease,respiratory,COVID-19,Nation,England,COVID-19_healthcare_occupiedBedsByDay,all,all,default,2022,2022-01-08,16034.0000,False
infectious_disease,respiratory,COVID-19,Nation,England,COVID-19_healthcare_occupiedBedsByDay,all,all,default,2022,2022-01-07,16163.0000,False
infectious_disease,respiratory,COVID-19,Nation,England,COVID-19_healthcare_occupiedBedsByDay,all,all,default,2022,2022-01-06,16058.0000,False
infectious_disease,respiratory,COVID-19,Nation,England,COVID-19_healthcare_occupiedBedsByDay,all,all,default,2022,2022-01-05,15659.0000,False
infectious_disease,respiratory,COVID-19,Nation,England,COVID-19_healthcare_occupiedBedsByDay,all,all,default,2022,2022-01-04,15044.0000,False
infectious_disease,respiratory,COVID-19,Nation,England,COVID-19_healthcare_occupiedBedsByDay,all,all,default,2022,2022-01-03,14210.0000,False
infectious_disease,respiratory,COVID-19,Nation,England,COVID-19_healthcare_occupiedBedsByDay,all,all,default,2022,2022-01-02,13151.0000,False
infectious_disease,respiratory,COVID-19,Nation,England,COVID-19_healthcare_occupiedBedsByDay,all,all,default,2022,2022-01-01,12615.0000,False
infectious_disease,respiratory,COVID-19,Nation,England,COVID-19_healthcare_occupiedBedsByDay,all,all,default,2021,2021-12-31,12395.0000,False
infectious_disease,respiratory,COVID-19,Nation,England,COVID-19_healthcare_occupiedBedsByDay,all,all,default,2021,2021-12-30,11452.0000,False
infectious_disease,respiratory,COVID-19,Nation,England,COVID-19_healthcare_occupiedBedsByDay,all,all,default,2021,2021-12-29,10462.0000,False
infectious_disease,respiratory,COVID-19,Nation,England,COVID-19_healthcare_occupiedBedsByDay,all,all,default,2021,2021-12-28,9546.0000,False
infectious_disease,respiratory,COVID-19,Nation,England,COVID-19_healthcare_occupiedBedsByDay,all,all,default,2021,2021-12-27,8474.0000,False
infectious_disease,respiratory,COVID-19,Nation,England,COVID-19_healthcare_occupiedBedsByDay,all,all,default,2021,2021-12-26,7536.0000,False
infectious_disease,respiratory,COVID-19,Nation,England,COVID-19_healthcare_occupiedBedsByDay,all,all,default,2021,2021-12-25,7166.0000,False
infectious_disease,respiratory,COVID-19,Nation,England,COVID-19_healthcare_occupiedBedsByDay,all,all,default,2021,2021-12-24,7366.0000,False
infectious_disease,respiratory,COVID-19,Nation,England,COVID-19_healthcare_occupiedBedsByDay,all,all,default,2021,2021-12-23,7114.0000,False
infectious_disease,respiratory,COVID-19,Nation,England,COVID-19_healthcare_occupiedBedsByDay,all,all,default,2021,2021-12-22,7080.0000,False
infectious_disease,respiratory,COVID-19,Nation,England,COVID-19_healthcare_occupiedBedsByDay,all,all,default,2021,2021-12-21,6902.0000,False
infectious_disease,respiratory,COVID-19,Nation,England,COVID-19_healthcare_occupiedBedsByDay,all,all,default,2021,2021-12-20,6688.0000,False
infectious_disease,respiratory,COVID-19,Nation,England,COVID-19_healthcare_occupiedBedsByDay,all,all,default,2021,2021-12-19,6434.0000,False
infectious_disease,respiratory,COVID-19,Nation,England,COVID-19_healthcare_occupiedBedsByDay,all,all,default,2021,2021-12-18,6287.0000,False
infectious_disease,respiratory,COVID-19,Nation,England,COVID-19_healthcare_occupiedBedsByDay,all,all,default,2021,2021-12-17,6321.0000,False
infectious_disease,respiratory,COVID-19,Nation,England,COVID-19_healthcare_occupiedBedsByDay,all,all,default,2021,2021-12-16,6405.0000,False
infectious_disease,respiratory,COVID-19,Nation,England,COVID-19_healthcare_occupiedBedsByDay,all,all,default,2021,2021-12-15,6358.0000,False
infectious_disease,respiratory,COVID-19,Nation,England,COVID-19_healthcare_occupiedBedsByDay,all,all,default,2021,2021-12-14,6434.0000,False
infectious_disease,respiratory,COVID-19,Nation,England,COVID-19_healthcare_occupiedBedsByDay,all,all,default,2021,2021-12-13,6395.0000,False
infectious_disease,respiratory,COVID-19,Nation,England,COVID-19_healthcare_occupiedBedsByDay,all,all,default,2021,2021-12-12,6223.0000,False
infectious_disease,respiratory,COVID-19,Nation,England,COVID-19_healthcare_occupiedBedsByDay,all,all,default,2021,2021-12-11,6095.0000,False
infectious_disease,respiratory,COVID-19,Nation,England,COVID-19_healthcare_occupiedBedsByDay,all,all,default,2021,2021-12-10,6088.0000,False
infectious_disease,respiratory,COVID-19,Nation,England,COVID-19_healthcare_occupiedBedsByDay,all,all,default,2021,2021-12-09,6130.0000,False
infectious_disease,respiratory,COVID-19,Nation,England,COVID-19_healthcare_occupiedBedsByDay,all,all,default,2021,2021-12-08,6053.0000,False
infectious_disease,respiratory,COVID-19,Nation,England,COVID-19_healthcare_occupiedBedsByDay,all,all,default,2021,2021-12-07,6027.0000,False
infectious_disease,respiratory,COVID-19,Nation,England,COVID-19_healthcare_occupiedBedsByDay,all,all,default,2021,2021-12-06,5992.0000,False
infectious_disease,respiratory,COVID-19,Nation,England,COVID-19_healthcare_occupiedBedsByDay,all,all,default,2021,2021-12-05,5903.0000,False
infectious_disease,respiratory,COVID-19,Nation,England,COVID-19_healthcare_occupiedBedsByDay,all,all,default,2021,2021-12-04,5784.0000,False
infectious_disease,respiratory,COVID-19,Nation,England,COVID-19_healthcare_occupiedBedsByDay,all,all,default,2021,2021-12-03,5851.0000,False
infectious_disease,respiratory,COVID-19,Nation,England,COVID-19_healthcare_occupiedBedsByDay,all,all,default,2021,2021-12-02,5915.0000,False
infectious_disease,respiratory,COVID-19,Nation,England,COVID-19_healthcare_occupiedBedsByDay,all,all,default,2021,2021-12-01,5829.0000,False
infectious_disease,respiratory,COVID-19,Nation,England,COVID-19_healthcare_occupiedBedsByDay,all,all,default,2021,2021-11-30,6123.0000,False
infectious_disease,respiratory,COVID-19,Nation,England,COVID-19_healthcare_occupiedBedsByDay,all,all,default,2021,2021-11-29,6094.0000,False
infectious_disease,respiratory,COVID-19,Nation,England,COVID-19_healthcare_occupiedBedsByDay,all,all,default,2021,2021-11-28,5890.0000,False
infectious_disease,respiratory,COVID-19,Nation,England,COVID-19_healthcare_occupiedBedsByDay,all,all,default,2021,2021-11-27,5852.0000,False
infectious_disease,respiratory,COVID-19,Nation,England,COVID-19_healthcare_occupiedBedsByDay,all,all,default,2021,2021-11-26,5992.0000,False
infectious_disease,respiratory,COVID-19,Nation,England,COVID-19_healthcare_occupiedBedsByDay,all,all,default,2021,2021-11-25,6068.0000,False
infectious_disease,respiratory,COVID-19,Nation,England,COVID-19_healthcare_occupiedBedsByDay,all,all,default,2021,2021-11-24,6062.0000,False
infectious_disease,respiratory,COVID-19,Nation,England,COVID-19_healthcare_occupiedBedsByDay,all,all,default,2021,2021-11-23,6257.0000,False
infectious_disease,respiratory,COVID-19,Nation,England,COVID-19_healthcare_occupiedBedsByDay,all,all,default,2021,2021-11-22,6424.0000,False
infectious_disease,respiratory,COVID-19,Nation,England,COVID-19_healthcare_occupiedBedsByDay,all,all,default,2021,2021-11-21,6322.0000,False
infectious_disease,respiratory,COVID-19,Nation,England,COVID-19_healthcare_occupiedBedsByDay,all,all,default,2021,2021-11-20,6191.0000,False
infectious_disease,respiratory,COVID-19,Nation,England,COVID-19_healthcare_occupiedBedsByDay,all,all,default,2021,2021-11-19,6310.0000,False
infectious_disease,respiratory,COVID-19,Nation,England,COVID-19_healthcare_occupiedBedsByDay,all,all,default,2021,2021-11-18,6336.0000,False
infectious_disease,respiratory,COVID-19,Nation,England,COVID-19_healthcare_occupiedBedsByDay,all,all,default,2021,2021-11-17,6412.0000,False
infectious_disease,respiratory,COVID-19,Nation,England,COVID-19_healthcare_occupiedBedsByDay,all,all,default,2021,2021-11-16,6623.0000,False
infectious_disease,respiratory,COVID-19,Nation,England,COVID-19_healthcare_occupiedBedsByDay,all,all,default,2021,2021-11-15,6864.0000,False
infectious_disease,respiratory,COVID-19,Nation,England,COVID-19_healthcare_occupiedBedsByDay,all,all,default,2021,2021-11-14,6707.0000,False
infectious_disease,respiratory,COVID-19,Nation,England,COVID-19_healthcare_occupiedBedsByDay,all,all,default,2021,2021-11-13,6639.0000,False
infectious_disease,respiratory,COVID-19,Nation,England,COVID-19_healthcare_occupiedBedsByDay,all,all,default,2021,2021-11-12,6777.0000,False
infectious_disease,respiratory,COVID-19,Nation,England,COVID-19_healthcare_occupiedBedsByDay,all,all,default,2021,2021-11-11,6861.0000,False
infectious_disease,respiratory,COVID-19,Nation,England,COVID-19_healthcare_occupiedBedsByDay,all,all,default,2021,2021-11-10,6961.0000,False
infectious_disease,respiratory,COVID-19,Nation,England,COVID-19_healthcare_occupiedBedsByDay,all,all,default,2021,2021-11-09,7053.0000,False
infectious_disease,respiratory,COVID-19,Nation,England,COVID-19_healthcare_occupiedBedsByDay,all,all,default,2021,2021-11-08,7075.0000,False
infectious_disease,respiratory,COVID-19,Nation,England,COVID-19_healthcare_occupiedBedsByDay,all,all,default,2021,2021-11-07,6910.0000,False
infectious_disease,respiratory,COVID-19,Nation,England,COVID-19_healthcare_occupiedBedsByDay,all,all,default,2021,2021-11-06,6874.0000,False
infectious_disease,respiratory,COVID-19,Nation,England,COVID-19_healthcare_occupiedBedsByDay,all,all,default,2021,2021-11-05,7072.0000,False
infectious_disease,respiratory,COVID-19,Nation,England,COVID-19_healthcare_occupiedBedsByDay,all,all,default,2021,2021-11-04,7201.0000,False
infectious_disease,respiratory,COVID-19,Nation,England,COVID-19_healthcare_occupiedBedsByDay,all,all,default,2021,2021-11-03,7291.0000,False
infectious_disease,respiratory,COVID-19,Nation,England,COVID-19_healthcare_occupiedBedsByDay,all,all,default,2021,2021-11-02,7510.0000,False
infectious_disease,respiratory,COVID-19,Nation,England,COVID-19_healthcare_occupiedBedsByDay,all,all,default,2021,2021-11-01,7535.0000,False
infectious_disease,respiratory,COVID-19,Nation,England,COVID-19_healthcare_occupiedBedsByDay,all,all,default,2021,2021-10-31,7311.0000,False
infectious_disease,respiratory,COVID-19,Nation,England,COVID-19_healthcare_occupiedBedsByDay,all,all,default,2021,2021-10-30,7155.0000,False
infectious_disease,respiratory,COVID-19,Nation,England,COVID-19_healthcare_occupiedBedsByDay,all,all,default,2021,2021-10-29,7113.0000,False
infectious_disease,respiratory,COVID-19,Nation,England,COVID-19_healthcare_occupiedBedsByDay,all,all,default,2021,2021-10-28,7019.0000,False
infectious_disease,respiratory,COVID-19,Nation,England,COVID-19_healthcare_occupiedBedsByDay,all,all,default,2021,2021-10-27,6951.0000,False
infectious_disease,respiratory,COVID-19,Nation,England,COVID-19_healthcare_occupiedBedsByDay,all,all,default,2021,2021-10-26,6883.0000,False
infectious_disease,respiratory,COVID-19,Nation,England,COVID-19_healthcare_occupiedBedsByDay,all,all,default,2021,2021-10-25,6801.0000,False
infectious_disease,respiratory,COVID-19,Nation,England,COVID-19_healthcare_occupiedBedsByDay,all,all,default,2021,2021-10-24,6515.0000,False
infectious_disease,respiratory,COVID-19,Nation,England,COVID-19_healthcare_occupiedBedsByDay,all,all,default,2021,2021-10-23,6386.0000,False
infectious_disease,respiratory,COVID-19,Nation,England,COVID-19_healthcare_occupiedBedsByDay,all,all,default,2021,2021-10-22,6405.0000,False
infectious_disease,respiratory,COVID-19,Nation,England,COVID-19_healthcare_occupiedBedsByDay,all,all,default,2021,2021-10-21,6366.0000,False
infectious_disease,respiratory,COVID-19,Nation,England,COVID-19_healthcare_occupiedBedsByDay,all,all,default,2021,2021-10-20,6299.0000,False
infectious_disease,respiratory,COVID-19,Nation,England,COVID-19_healthcare_occupiedBedsByDay,all,all,default,2021,2021-10-19,6099.0000,False
infectious_disease,respiratory,COVID-19,Nation,England,COVID-19_healthcare_occupiedBedsByDay,all,all,default,2021,2021-10-18,5938.0000,False
infectious_disease,respiratory,COVID-19,Nation,England,COVID-19_healthcare_occupiedBedsByDay,all,all,default,2021,2021-10-17,5623.0000,False
infectious_disease,respiratory,COVID-19,Nation,England,COVID-19_healthcare_occupiedBedsByDay,all,all,default,2021,2021-10-16,5385.0000,False
infectious_disease,respiratory,COVID-19,Nation,England,COVID-19_healthcare_occupiedBedsByDay,all,all,default,2021,2021-10-15,5363.0000,False
infectious_disease,respiratory,COVID-19,Nation,England,COVID-19_healthcare_occupiedBedsByDay,all,all,default,2021,2021-10-14,5289.0000,False
infectious_disease,respiratory,COVID-19,Nation,England,COVID-19_healthcare_occupiedBedsByDay,all,all,default,2021,2021-10-13,5246.0000,False
infectious_disease,respiratory,COVID-19,Nation,England,COVID-19_healthcare_occupiedBedsByDay,all,all,default,2021,2021-10-12,5213.0000,False
infectious_disease,respiratory,COVID-19,Nation,England,COVID-19_healthcare_occupiedBedsByDay,all,all,default,2021,2021-10-11,5206.0000,False
infectious_disease,respiratory,COVID-19,Nation,England,COVID-19_healthcare_occupiedBedsByDay,all,all,default,2021,2021-10-10,5077.0000,False
infectious_disease,respiratory,COVID-19,Nation,England,COVID-19_healthcare_occupiedBedsByDay,all,all,default,2021,2021-10-09,4921.0000,False
infectious_disease,respiratory,COVID-19,Nation,England,COVID-19_healthcare_occupiedBedsByDay,all,all,default,2021,2021-10-08,4975.0000,False
infectious_disease,respiratory,COVID-19,Nation,England,COVID-19_healthcare_occupiedBedsByDay,all,all,default,2021,2021-10-07,4962.0000,False
infectious_disease,respiratory,COVID-19,Nation,England,COVID-19_healthcare_occupiedBedsByDay,all,all,default,2021,2021-10-06,5009.0000,False
infectious_disease,respiratory,COVID-19,Nation,England,COVID-19_healthcare_occupiedBedsByDay,all,all,default,2021,2021-10-05,5006.0000,False
infectious_disease,respiratory,COVID-19,Nation,England,COVID-19_healthcare_occupiedBedsByDay,all,all,default,2021,2021-10-04,4909.0000,False
infectious_disease,respiratory,COVID-19,Nation,England,COVID-19_healthcare_occupiedBedsByDay,all,all,default,2021,2021-10-03,4778.0000,False
infectious_disease,respiratory,COVID-19,Nation,England,COVID-19_healthcare_occupiedBedsByDay,all,all,default,2021,2021-10-02,4652.0000,False
infectious_disease,respiratory,COVID-19,Nation,England,COVID-19_healthcare_occupiedBedsByDay,all,all,default,2021,2021-10-01,4799.0000,False
infectious_disease,respiratory,COVID-19,Nation,England,COVID-19_healthcare_occupiedBedsByDay,all,all,default,2021,2021-09-30,4916.0000,False
infectious_disease,respiratory,COVID-19,Nation,England,COVID-19_healthcare_occupiedBedsByDay,all,all,default,2021,2021-09-29,5017.0000,False
infectious_disease,respiratory,COVID-19,Nation,England,COVID-19_healthcare_occupiedBedsByDay,all,all,default,2021,2021-09-28,5126.0000,False
infectious_disease,respiratory,COVID-19,Nation,England,COVID-19_healthcare_occupiedBedsByDay,all,all,default,2021,2021-09-27,5121.0000,False
infectious_disease,respiratory,COVID-19,Nation,England,COVID-19_healthcare_occupiedBedsByDay,all,all,default,2021,2021-09-26,4949.0000,False
infectious_disease,respiratory,COVID-19,Nation,England,COVID-19_healthcare_occupiedBedsByDay,all,all,default,2021,2021-09-25,5100.0000,False
infectious_disease,respiratory,COVID-19,Nation,England,COVID-19_healthcare_occupiedBedsByDay,all,all,default,2021,2021-09-24,5036.0000,False
infectious_disease,respiratory,COVID-19,Nation,England,COVID-19_healthcare_occupiedBedsByDay,all,all,default,2021,2021-09-23,5214.0000,False
infectious_disease,respiratory,COVID-19,Nation,England,COVID-19_healthcare_occupiedBedsByDay,all,all,default,2021,2021-09-22,5406.0000,False
infectious_disease,respiratory,COVID-19,Nation,England,COVID-19_healthcare_occupiedBedsByDay,all,all,default,2021,2021-09-21,5543.0000,False
infectious_disease,respiratory,COVID-19,Nation,England,COVID-19_healthcare_occupiedBedsByDay,all,all,default,2021,2021-09-20,5727.0000,False
infectious_disease,respiratory,COVID-19,Nation,England,COVID-19_healthcare_occupiedBedsByDay,all,all,default,2021,2021-09-19,5695.0000,False
infectious_disease,respiratory,COVID-19,Nation,England,COVID-19_healthcare_occupiedBedsByDay,all,all,default,2021,2021-09-18,5688.0000,False
infectious_disease,respiratory,COVID-19,Nation,England,COVID-19_healthcare_occupiedBedsByDay,all,all,default,2021,2021-09-17,5910.0000,False
infectious_disease,respiratory,COVID-19,Nation,England,COVID-19_healthcare_occupiedBedsByDay,all,all,default,2021,2021-09-16,6081.0000,False
infectious_disease,respiratory,COVID-19,Nation,England,COVID-19_healthcare_occupiedBedsByDay,all,all,default,2021,2021-09-15,6306.0000,False
infectious_disease,respiratory,COVID-19,Nation,England,COVID-19_healthcare_occupiedBedsByDay,all,all,default,2021,2021-09-14,6344.0000,False
infectious_disease,respiratory,COVID-19,Nation,England,COVID-19_healthcare_occupiedBedsByDay,all,all,default,2021,2021-09-13,6424.0000,False
infectious_disease,respiratory,COVID-19,Nation,England,COVID-19_healthcare_occupiedBedsByDay,all,all,default,2021,2021-09-12,6253.0000,False
infectious_disease,respiratory,COVID-19,Nation,England,COVID-19_healthcare_occupiedBedsByDay,all,all,default,2021,2021-09-11,6206.0000,False
infectious_disease,respiratory,COVID-19,Nation,England,COVID-19_healthcare_occupiedBedsByDay,all,all,default,2021,2021-09-10,6400.0000,False
infectious_disease,respiratory,COVID-19,Nation,England,COVID-19_healthcare_occupiedBedsByDay,all,all,default,2021,2021-09-09,6254.0000,False
infectious_disease,respiratory,COVID-19,Nation,England,COVID-19_healthcare_occupiedBedsByDay,all,all,default,2021,2021-09-08,6302.0000,False
infectious_disease,respiratory,COVID-19,Nation,England,COVID-19_healthcare_occupiedBedsByDay,all,all,default,2021,2021-09-07,6244.0000,False
infectious_disease,respiratory,COVID-19,Nation,England,COVID-19_healthcare_occupiedBedsByDay,all,all,default,2021,2021-09-06,6375.0000,False
infectious_disease,respiratory,COVID-19,Nation,England,COVID-19_healthcare_occupiedBedsByDay,all,all,default,2021,2021-09-05,6167.0000,False
infectious_disease,respiratory,COVID-19,Nation,England,COVID-19_healthcare_occupiedBedsByDay,all,all,default,2021,2021-09-04,6043.0000,False
infectious_disease,respiratory,COVID-19,Nation,England,COVID-19_healthcare_occupiedBedsByDay,all,all,default,2021,2021-09-03,6195.0000,False
infectious_disease,respiratory,COVID-19,Nation,England,COVID-19_healthcare_occupiedBedsByDay,all,all,default,2021,2021-09-02,6186.0000,False
infectious_disease,respiratory,COVID-19,Nation,England,COVID-19_healthcare_occupiedBedsByDay,all,all,default,2021,2021-09-01,6236.0000,False
infectious_disease,respiratory,COVID-19,Nation,England,COVID-19_healthcare_occupiedBedsByDay,all,all,default,2021,2021-08-31,6293.0000,False
infectious_disease,respiratory,COVID-19,Nation,England,COVID-19_healthcare_occupiedBedsByDay,all,all,default,2021,2021-08-30,6002.0000,False
infectious_disease,respiratory,COVID-19,Nation,England,COVID-19_healthcare_occupiedBedsByDay,all,all,default,2021,2021-08-29,5855.0000,False
infectious_disease,respiratory,COVID-19,Nation,England,COVID-19_healthcare_occupiedBedsByDay,all,all,default,2021,2021-08-28,5756.0000,False
infectious_disease,respiratory,COVID-19,Nation,England,COVID-19_healthcare_occupiedBedsByDay,all,all,default,2021,2021-08-27,5889.0000,False
infectious_disease,respiratory,COVID-19,Nation,England,COVID-19_healthcare_occupiedBedsByDay,all,all,default,2021,2021-08-26,5893.0000,False
infectious_disease,respiratory,COVID-19,Nation,England,COVID-19_healthcare_occupiedBedsByDay,all,all,default,2021,2021-08-25,5922.0000,False
infectious_disease,respiratory,COVID-19,Nation,England,COVID-19_healthcare_occupiedBedsByDay,all,all,default,2021,2021-08-24,5911.0000,False
infectious_disease,respiratory,COVID-19,Nation,England,COVID-19_healthcare_occupiedBedsByDay,all,all,default,2021,2021-08-23,6000.0000,False
infectious_disease,respiratory,COVID-19,Nation,England,COVID-19_healthcare_occupiedBedsByDay,all,all,default,2021,2021-08-22,5749.0000,False
infectious_disease,respiratory,COVID-19,Nation,England,COVID-19_healthcare_occupiedBedsByDay,all,all,default,2021,2021-08-21,5575.0000,False
infectious_disease,respiratory,COVID-19,Nation,England,COVID-19_healthcare_occupiedBedsByDay,all,all,default,2021,2021-08-20,5576.0000,False
infectious_disease,respiratory,COVID-19,Nation,England,COVID-19_healthcare_occupiedBedsByDay,all,all,default,2021,2021-08-19,5554.0000,False
infectious_disease,respiratory,COVID-19,Nation,England,COVID-19_healthcare_occupiedBedsByDay,all,all,default,2021,2021-08-18,5514.0000,False
infectious_disease,respiratory,COVID-19,Nation,England,COVID-19_healthcare_occupiedBedsByDay,all,all,default,2021,2021-08-17,5437.0000,False
infectious_disease,respiratory,COVID-19,Nation,England,COVID-19_healthcare_occupiedBedsByDay,all,all,default,2021,2021-08-16,5429.0000,False
infectious_disease,respiratory,COVID-19,Nation,England,COVID-19_healthcare_occupiedBedsByDay,all,all,default,2021,2021-08-15,5115.0000,False
infectious_disease,respiratory,COVID-19,Nation,England,COVID-19_healthcare_occupiedBedsByDay,all,all,default,2021,2021-08-14,4973.0000,False
infectious_disease,respiratory,COVID-19,Nation,England,COVID-19_healthcare_occupiedBedsByDay,all,all,default,2021,2021-08-13,5076.0000,False
infectious_disease,respiratory,COVID-19,Nation,England,COVID-19_healthcare_occupiedBedsByDay,all,all,default,2021,2021-08-12,5029.0000,False
infectious_disease,respiratory,COVID-19,Nation,England,COVID-19_healthcare_occupiedBedsByDay,all,all,default,2021,2021-08-11,5073.0000,False
infectious_disease,respiratory,COVID-19,Nation,England,COVID-19_healthcare_occupiedBedsByDay,all,all,default,2021,2021-08-10,5096.0000,False
infectious_disease,respiratory,COVID-19,Nation,England,COVID-19_healthcare_occupiedBedsByDay,all,all,default,2021,2021-08-09,5098.0000,False
infectious_disease,respiratory,COVID-19,Nation,England,COVID-19_healthcare_occupiedBedsByDay,all,all,default,2021,2021-08-08,4939.0000,False
infectious_disease,respiratory,COVID-19,Nation,England,COVID-19_healthcare_occupiedBedsByDay,all,all,default,2021,2021-08-07,4817.0000,False
infectious_disease,respiratory,COVID-19,Nation,England,COVID-19_healthcare_occupiedBedsByDay,all,all,default,2021,2021-08-06,4879.0000,False
infectious_disease,respiratory,COVID-19,Nation,England,COVID-19_healthcare_occupiedBedsByDay,all,all,default,2021,2021-08-05,4894.0000,False
infectious_disease,respiratory,COVID-19,Nation,England,COVID-19_healthcare_occupiedBedsByDay,all,all,default,2021,2021-08-04,4944.0000,False
infectious_disease,respiratory,COVID-19,Nation,England,COVID-19_healthcare_occupiedBedsByDay,all,all,default,2021,2021-08-03,5116.0000,False
infectious_disease,respiratory,COVID-19,Nation,England,COVID-19_healthcare_occupiedBedsByDay,all,all,default,2021,2021-08-02,5309.0000,False
infectious_disease,respiratory,COVID-19,Nation,England,COVID-19_healthcare_occupiedBedsByDay,all,all,default,2021,2021-08-01,5090.0000,False
infectious_disease,respiratory,COVID-19,Nation,England,COVID-19_healthcare_occupiedBedsByDay,all,all,default,2021,2021-07-31,5057.0000,False
infectious_disease,respiratory,COVID-19,Nation,England,COVID-19_healthcare_occupiedBedsByDay,all,all,default,2021,2021-07-30,5111.0000,False
infectious_disease,respiratory,COVID-19,Nation,England,COVID-19_healthcare_occupiedBedsByDay,all,all,default,2021,2021-07-29,5056.0000,False
infectious_disease,respiratory,COVID-19,Nation,England,COVID-19_healthcare_occupiedBedsByDay,all,all,default,2021,2021-07-28,5182.0000,False
infectious_disease,respiratory,COVID-19,Nation,England,COVID-19_healthcare_occupiedBedsByDay,all,all,default,2021,2021-07-27,5163.0000,False
infectious_disease,respiratory,COVID-19,Nation,England,COVID-19_healthcare_occupiedBedsByDay,all,all,default,2021,2021-07-26,5055.0000,False
infectious_disease,respiratory,COVID-19,Nation,England,COVID-19_healthcare_occupiedBedsByDay,all,all,default,2021,2021-07-25,4725.0000,False
infectious_disease,respiratory,COVID-19,Nation,England,COVID-19_healthcare_occupiedBedsByDay,all,all,default,2021,2021-07-24,4476.0000,False
infectious_disease,respiratory,COVID-19,Nation,England,COVID-19_healthcare_occupiedBedsByDay,all,all,default,2021,2021-07-23,4401.0000,False
infectious_disease,respiratory,COVID-19,Nation,England,COVID-19_healthcare_occupiedBedsByDay,all,all,default,2021,2021-07-22,4230.0000,False
infectious_disease,respiratory,COVID-19,Nation,England,COVID-19_healthcare_occupiedBedsByDay,all,all,default,2021,2021-07-21,4063.0000,False
infectious_disease,respiratory,COVID-19,Nation,England,COVID-19_healthcare_occupiedBedsByDay,all,all,default,2021,2021-07-20,3894.0000,False
infectious_disease,respiratory,COVID-19,Nation,England,COVID-19_healthcare_occupiedBedsByDay,all,all,default,2021,2021-07-19,3813.0000,False
infectious_disease,respiratory,COVID-19,Nation,England,COVID-19_healthcare_occupiedBedsByDay,all,all,default,2021,2021-07-18,3546.0000,False
infectious_disease,respiratory,COVID-19,Nation,England,COVID-19_healthcare_occupiedBedsByDay,all,all,default,2021,2021-07-17,3442.0000,False
infectious_disease,respiratory,COVID-19,Nation,England,COVID-19_healthcare_occupiedBedsByDay,all,all,default,2021,2021-07-16,3367.0000,False
infectious_disease,respiratory,COVID-19,Nation,England,COVID-19_healthcare_occupiedBedsByDay,all,all,default,2021,2021-07-15,3241.0000,False
infectious_disease,respiratory,COVID-19,Nation,England,COVID-19_healthcare_occupiedBedsByDay,all,all,default,2021,2021-07-14,3110.0000,False
infectious_disease,respiratory,COVID-19,Nation,England,COVID-19_healthcare_occupiedBedsByDay,all,all,default,2021,2021-07-13,2970.0000,False
infectious_disease,respiratory,COVID-19,Nation,England,COVID-19_healthcare_occupiedBedsByDay,all,all,default,2021,2021-07-12,2798.0000,False
infectious_disease,respiratory,COVID-19,Nation,England,COVID-19_healthcare_occupiedBedsByDay,all,all,default,2021,2021-07-11,2564.0000,False
infectious_disease,respiratory,COVID-19,Nation,England,COVID-19_healthcare_occupiedBedsByDay,all,all,default,2021,2021-07-10,2429.0000,False
infectious_disease,respiratory,COVID-19,Nation,England,COVID-19_healthcare_occupiedBedsByDay,all,all,default,2021,2021-07-09,2352.0000,False
infectious_disease,respiratory,COVID-19,Nation,England,COVID-19_healthcare_occupiedBedsByDay,all,all,default,2021,2021-07-08,2209.0000,False
infectious_disease,respiratory,COVID-19,Nation,England,COVID-19_healthcare_occupiedBedsByDay,all,all,default,2021,2021-07-07,2144.0000,False
infectious_disease,respiratory,COVID-19,Nation,England,COVID-19_healthcare_occupiedBedsByDay,all,all,default,2021,2021-07-06,1998.0000,False
infectious_disease,respiratory,COVID-19,Nation,England,COVID-19_healthcare_occupiedBedsByDay,all,all,default,2021,2021-07-05,1888.0000,False
infectious_disease,respiratory,COVID-19,Nation,England,COVID-19_healthcare_occupiedBedsByDay,all,all,default,2021,2021-07-04,1744.0000,False
infectious_disease,respiratory,COVID-19,Nation,England,COVID-19_healthcare_occupiedBedsByDay,all,all,default,2021,2021-07-03,1636.0000,False
infectious_disease,respiratory,COVID-19,Nation,England,COVID-19_healthcare_occupiedBedsByDay,all,all,default,2021,2021-07-02,1611.0000,False
infectious_disease,respiratory,COVID-19,Nation,England,COVID-19_healthcare_occupiedBedsByDay,all,all,default,2021,2021-07-01,1560.0000,False
infectious_disease,respiratory,COVID-19,Nation,England,COVID-19_healthcare_occupiedBedsByDay,all,all,default,2021,2021-06-30,1500.0000,False
infectious_disease,respiratory,COVID-19,Nation,England,COVID-19_healthcare_occupiedBedsByDay,all,all,default,2021,2021-06-29,1445.0000,False
infectious_disease,respiratory,COVID-19,Nation,England,COVID-19_healthcare_occupiedBedsByDay,all,all,default,2021,2021-06-28,1465.0000,False
infectious_disease,respiratory,COVID-19,Nation,England,COVID-19_healthcare_occupiedBedsByDay,all,all,default,2021,2021-06-27,1331.0000,False
infectious_disease,respiratory,COVID-19,Nation,England,COVID-19_healthcare_occupiedBedsByDay,all,all,default,2021,2021-06-26,1276.0000,False
infectious_disease,respiratory,COVID-19,Nation,England,COVID-19_healthcare_occupiedBedsByDay,all,all,default,2021,2021-06-25,1284.0000,False
infectious_disease,respiratory,COVID-19,Nation,England,COVID-19_healthcare_occupiedBedsByDay,all,all,default,2021,2021-06-24,1274.0000,False
infectious_disease,respiratory,COVID-19,Nation,England,COVID-19_healthcare_occupiedBedsByDay,all,all,default,2021,2021-06-23,1255.0000,False
infectious_disease,respiratory,COVID-19,Nation,England,COVID-19_healthcare_occupiedBedsByDay,all,all,default,2021,2021-06-22,1301.0000,False
infectious_disease,respiratory,COVID-19,Nation,England,COVID-19_healthcare_occupiedBedsByDay,all,all,default,2021,2021-06-21,1290.0000,False
infectious_disease,respiratory,COVID-19,Nation,England,COVID-19_healthcare_occupiedBedsByDay,all,all,default,2021,2021-06-20,1168.0000,False
infectious_disease,respiratory,COVID-19,Nation,England,COVID-19_healthcare_occupiedBedsByDay,all,all,default,2021,2021-06-19,1143.0000,False
infectious_disease,respiratory,COVID-19,Nation,England,COVID-19_healthcare_occupiedBedsByDay,all,all,default,2021,2021-06-18,1170.0000,False
infectious_disease,respiratory,COVID-19,Nation,England,COVID-19_healthcare_occupiedBedsByDay,all,all,default,2021,2021-06-17,1122.0000,False
infectious_disease,respiratory,COVID-19,Nation,England,COVID-19_healthcare_occupiedBedsByDay,all,all,default,2021,2021-06-16,1057.0000,False
infectious_disease,respiratory,COVID-19,Nation,England,COVID-19_healthcare_occupiedBedsByDay,all,all,default,2021,2021-06-15,1030.0000,False
infectious_disease,respiratory,COVID-19,Nation,England,COVID-19_healthcare_occupiedBedsByDay,all,all,default,2021,2021-06-14,993.0000,False
infectious_disease,respiratory,COVID-19,Nation,England,COVID-19_healthcare_occupiedBedsByDay,all,all,default,2021,2021-06-13,947.0000,False
infectious_disease,respiratory,COVID-19,Nation,England,COVID-19_healthcare_occupiedBedsByDay,all,all,default,2021,2021-06-12,915.0000,False
infectious_disease,respiratory,COVID-19,Nation,England,COVID-19_healthcare_occupiedBedsByDay,all,all,default,2021,2021-06-11,884.0000,False
infectious_disease,respiratory,COVID-19,Nation,England,COVID-19_healthcare_occupiedBedsByDay,all,all,default,2021,2021-06-10,906.0000,False
infectious_disease,respiratory,COVID-19,Nation,England,COVID-19_healthcare_occupiedBedsByDay,all,all,default,2021,2021-06-09,876.0000,False
infectious_disease,respiratory,COVID-19,Nation,England,COVID-19_healthcare_occupiedBedsByDay,all,all,default,2021,2021-06-08,879.0000,False
infectious_disease,respiratory,COVID-19,Nation,England,COVID-19_healthcare_occupiedBedsByDay,all,all,default,2021,2021-06-07,860.0000,False
infectious_disease,respiratory,COVID-19,Nation,England,COVID-19_healthcare_occupiedBedsByDay,all,all,default,2021,2021-06-06,807.0000,False
infectious_disease,respiratory,COVID-19,Nation,England,COVID-19_healthcare_occupiedBedsByDay,all,all,default,2021,2021-06-05,782.0000,False
infectious_disease,respiratory,COVID-19,Nation,England,COVID-19_healthcare_occupiedBedsByDay,all,all,default,2021,2021-06-04,805.0000,False
infectious_disease,respiratory,COVID-19,Nation,England,COVID-19_healthcare_occupiedBedsByDay,all,all,default,2021,2021-06-03,779.0000,False
infectious_disease,respiratory,COVID-19,Nation,England,COVID-19_healthcare_occupiedBedsByDay,all,all,default,2021,2021-06-02,801.0000,False
infectious_disease,respiratory,COVID-19,Nation,England,COVID-19_healthcare_occupiedBedsByDay,all,all,default,2021,2021-06-01,776.0000,False
infectious_disease,respiratory,COVID-19,Nation,England,COVID-19_healthcare_occupiedBedsByDay,all,all,default,2021,2021-05-31,773.0000,False
infectious_disease,respiratory,COVID-19,Nation,England,COVID-19_healthcare_occupiedBedsByDay,all,all,default,2021,2021-05-30,755.0000,False
infectious_disease,respiratory,COVID-19,Nation,England,COVID-19_healthcare_occupiedBedsByDay,all,all,default,2021,2021-05-29,748.0000,False
infectious_disease,respiratory,COVID-19,Nation,England,COVID-19_healthcare_occupiedBedsByDay,all,all,default,2021,2021-05-28,743.0000,False
infectious_disease,respiratory,COVID-19,Nation,England,COVID-19_healthcare_occupiedBedsByDay,all,all,default,2021,2021-05-27,742.0000,False
infectious_disease,respiratory,COVID-19,Nation,England,COVID-19_healthcare_occupiedBedsByDay,all,all,default,2021,2021-05-26,745.0000,False
infectious_disease,respiratory,COVID-19,Nation,England,COVID-19_healthcare_occupiedBedsByDay,all,all,default,2021,2021-05-25,765.0000,False
infectious_disease,respiratory,COVID-19,Nation,England,COVID-19_healthcare_occupiedBedsByDay,all,all,default,2021,2021-05-24,797.0000,False
infectious_disease,respiratory,COVID-19,Nation,England,COVID-19_healthcare_occupiedBedsByDay,all,all,default,2021,2021-05-23,756.0000,False
infectious_disease,respiratory,COVID-19,Nation,England,COVID-19_healthcare_occupiedBedsByDay,all,all,default,2021,2021-05-22,730.0000,False
infectious_disease,respiratory,COVID-19,Nation,England,COVID-19_healthcare_occupiedBedsByDay,all,all,default,2021,2021-05-21,766.0000,False
infectious_disease,respiratory,COVID-19,Nation,England,COVID-19_healthcare_occupiedBedsByDay,all,all,default,2021,2021-05-20,749.0000,False
infectious_disease,respiratory,COVID-19,Nation,England,COVID-19_healthcare_occupiedBedsByDay,all,all,default,2021,2021-05-19,757.0000,False
infectious_disease,respiratory,COVID-19,Nation,England,COVID-19_healthcare_occupiedBedsByDay,all,all,default,2021,2021-05-18,749.0000,False
infectious_disease,respiratory,COVID-19,Nation,England,COVID-19_healthcare_occupiedBedsByDay,all,all,default,2021,2021-05-17,798.0000,False
infectious_disease,respiratory,COVID-19,Nation,England,COVID-19_healthcare_occupiedBedsByDay,all,all,default,2021,2021-05-16,801.0000,False
infectious_disease,respiratory,COVID-19,Nation,England,COVID-19_healthcare_occupiedBedsByDay,all,all,default,2021,2021-05-15,810.0000,False
infectious_disease,respiratory,COVID-19,Nation,England,COVID-19_healthcare_occupiedBedsByDay,all,all,default,2021,2021-05-14,818.0000,False
infectious_disease,respiratory,COVID-19,Nation,England,COVID-19_healthcare_occupiedBedsByDay,all,all,default,2021,2021-05-13,845.0000,False
infectious_disease,respiratory,COVID-19,Nation,England,COVID-19_healthcare_occupiedBedsByDay,all,all,default,2021,2021-05-12,907.0000,False
infectious_disease,respiratory,COVID-19,Nation,England,COVID-19_healthcare_occupiedBedsByDay,all,all,default,2021,2021-05-11,921.0000,False
infectious_disease,respiratory,COVID-19,Nation,England,COVID-19_healthcare_occupiedBedsByDay,all,all,default,2021,2021-05-10,944.0000,False
infectious_disease,respiratory,COVID-19,Nation,England,COVID-19_healthcare_occupiedBedsByDay,all,all,default,2021,2021-05-09,933.0000,False
infectious_disease,respiratory,COVID-19,Nation,England,COVID-19_healthcare_occupiedBedsByDay,all,all,default,2021,2021-05-08,948.0000,False
infectious_disease,respiratory,COVID-19,Nation,England,COVID-19_healthcare_occupiedBedsByDay,all,all,default,2021,2021-05-07,973.0000,False
infectious_disease,respiratory,COVID-19,Nation,England,COVID-19_healthcare_occupiedBedsByDay,all,all,default,2021,2021-05-06,976.0000,False
infectious_disease,respiratory,COVID-19,Nation,England,COVID-19_healthcare_occupiedBedsByDay,all,all,default,2021,2021-05-05,1032.0000,False
infectious_disease,respiratory,COVID-19,Nation,England,COVID-19_healthcare_occupiedBedsByDay,all,all,default,2021,2021-05-04,1093.0000,False
infectious_disease,respiratory,COVID-19,Nation,England,COVID-19_healthcare_occupiedBedsByDay,all,all,default,2021,2021-05-03,1096.0000,False
infectious_disease,respiratory,COVID-19,Nation,England,COVID-19_healthcare_occupiedBedsByDay,all,all,default,2021,2021-05-02,1082.0000,False
infectious_disease,respiratory,COVID-19,Nation,England,COVID-19_healthcare_occupiedBedsByDay,all,all,default,2021,2021-05-01,1071.0000,False
infectious_disease,respiratory,COVID-19,Nation,England,COVID-19_healthcare_occupiedBedsByDay,all,all,default,2021,2021-04-30,1161.0000,False
infectious_disease,respiratory,COVID-19,Nation,England,COVID-19_healthcare_occupiedBedsByDay,all,all,default,2021,2021-04-29,1235.0000,False
infectious_disease,respiratory,COVID-19,Nation,England,COVID-19_healthcare_occupiedBedsByDay,all,all,default,2021,2021-04-28,1278.0000,False
infectious_disease,respiratory,COVID-19,Nation,England,COVID-19_healthcare_occupiedBedsByDay,all,all,default,2021,2021-04-27,1310.0000,False
infectious_disease,respiratory,COVID-19,Nation,England,COVID-19_healthcare_occupiedBedsByDay,all,all,default,2021,2021-04-26,1393.0000,False
infectious_disease,respiratory,COVID-19,Nation,England,COVID-19_healthcare_occupiedBedsByDay,all,all,default,2021,2021-04-25,1377.0000,False
infectious_disease,respiratory,COVID-19,Nation,England,COVID-19_healthcare_occupiedBedsByDay,all,all,default,2021,2021-04-24,1401.0000,False
infectious_disease,respiratory,COVID-19,Nation,England,COVID-19_healthcare_occupiedBedsByDay,all,all,default,2021,2021-04-23,1478.0000,False
infectious_disease,respiratory,COVID-19,Nation,England,COVID-19_healthcare_occupiedBedsByDay,all,all,default,2021,2021-04-22,1523.0000,False
infectious_disease,respiratory,COVID-19,Nation,England,COVID-19_healthcare_occupiedBedsByDay,all,all,default,2021,2021-04-21,1609.0000,False
infectious_disease,respiratory,COVID-19,Nation,England,COVID-19_healthcare_occupiedBedsByDay,all,all,default,2021,2021-04-20,1649.0000,False
infectious_disease,respiratory,COVID-19,Nation,England,COVID-19_healthcare_occupiedBedsByDay,all,all,default,2021,2021-04-19,1732.0000,False
infectious_disease,respiratory,COVID-19,Nation,England,COVID-19_healthcare_occupiedBedsByDay,all,all,default,2021,2021-04-18,1691.0000,False
infectious_disease,respiratory,COVID-19,Nation,England,COVID-19_healthcare_occupiedBedsByDay,all,all,default,2021,2021-04-17,1735.0000,False
infectious_disease,respiratory,COVID-19,Nation,England,COVID-19_healthcare_occupiedBedsByDay,all,all,default,2021,2021-04-16,1844.0000,False
infectious_disease,respiratory,COVID-19,Nation,England,COVID-19_healthcare_occupiedBedsByDay,all,all,default,2021,2021-04-15,1885.0000,False
infectious_disease,respiratory,COVID-19,Nation,England,COVID-19_healthcare_occupiedBedsByDay,all,all,default,2021,2021-04-14,1972.0000,False
infectious_disease,respiratory,COVID-19,Nation,England,COVID-19_healthcare_occupiedBedsByDay,all,all,default,2021,2021-04-13,2057.0000,False
infectious_disease,respiratory,COVID-19,Nation,England,COVID-19_healthcare_occupiedBedsByDay,all,all,default,2021,2021-04-12,2108.0000,False
infectious_disease,respiratory,COVID-19,Nation,England,COVID-19_healthcare_occupiedBedsByDay,all,all,default,2021,2021-04-11,2096.0000,False
infectious_disease,respiratory,COVID-19,Nation,England,COVID-19_healthcare_occupiedBedsByDay,all,all,default,2021,2021-04-10,2190.0000,False
infectious_disease,respiratory,COVID-19,Nation,England,COVID-19_healthcare_occupiedBedsByDay,all,all,default,2021,2021-04-09,2321.0000,False
infectious_disease,respiratory,COVID-19,Nation,England,COVID-19_healthcare_occupiedBedsByDay,all,all,default,2021,2021-04-08,2382.0000,False
infectious_disease,respiratory,COVID-19,Nation,England,COVID-19_healthcare_occupiedBedsByDay,all,all,default,2021,2021-04-07,2486.0000,False
infectious_disease,respiratory,COVID-19,Nation,England,COVID-19_healthcare_occupiedBedsByDay,all,all,default,2021,2021-04-06,2588.0000,False
infectious_disease,respiratory,COVID-19,Nation,England,COVID-19_healthcare_occupiedBedsByDay,all,all,default,2021,2021-04-05,2680.0000,False
infectious_disease,respiratory,COVID-19,Nation,England,COVID-19_healthcare_occupiedBedsByDay,all,all,default,2021,2021-04-04,2672.0000,False
infectious_disease,respiratory,COVID-19,Nation,England,COVID-19_healthcare_occupiedBedsByDay,all,all,default,2021,2021-04-03,2677.0000,False
infectious_disease,respiratory,COVID-19,Nation,England,COVID-19_healthcare_occupiedBedsByDay,all,all,default,2021,2021-04-02,2784.0000,False
infectious_disease,respiratory,COVID-19,Nation,England,COVID-19_healthcare_occupiedBedsByDay,all,all,default,2021,2021-04-01,2928.0000,False
infectious_disease,respiratory,COVID-19,Nation,England,COVID-19_healthcare_occupiedBedsByDay,all,all,default,2021,2021-03-31,3084.0000,False
infectious_disease,respiratory,COVID-19,Nation,England,COVID-19_healthcare_occupiedBedsByDay,all,all,default,2021,2021-03-30,3283.0000,False
infectious_disease,respiratory,COVID-19,Nation,England,COVID-19_healthcare_occupiedBedsByDay,all,all,default,2021,2021-03-29,3466.0000,False
infectious_disease,respiratory,COVID-19,Nation,England,COVID-19_healthcare_occupiedBedsByDay,all,all,default,2021,2021-03-28,3438.0000,False
infectious_disease,respiratory,COVID-19,Nation,England,COVID-19_healthcare_occupiedBedsByDay,all,all,default,2021,2021-03-27,3676.0000,False
infectious_disease,respiratory,COVID-19,Nation,England,COVID-19_healthcare_occupiedBedsByDay,all,all,default,2021,2021-03-26,3712.0000,False
infectious_disease,respiratory,COVID-19,Nation,England,COVID-19_healthcare_occupiedBedsByDay,all,all,default,2021,2021-03-25,3763.0000,False
infectious_disease,respiratory,COVID-19,Nation,England,COVID-19_healthcare_occupiedBedsByDay,all,all,default,2021,2021-03-24,4005.0000,False
infectious_disease,respiratory,COVID-19,Nation,England,COVID-19_healthcare_occupiedBedsByDay,all,all,default,2021,2021-03-23,4245.0000,False
infectious_disease,respiratory,COVID-19,Nation,England,COVID-19_healthcare_occupiedBedsByDay,all,all,default,2021,2021-03-22,4501.0000,False
infectious_disease,respiratory,COVID-19,Nation,England,COVID-19_healthcare_occupiedBedsByDay,all,all,default,2021,2021-03-21,4492.0000,False
infectious_disease,respiratory,COVID-19,Nation,England,COVID-19_healthcare_occupiedBedsByDay,all,all,default,2021,2021-03-20,4589.0000,False
infectious_disease,respiratory,COVID-19,Nation,England,COVID-19_healthcare_occupiedBedsByDay,all,all,default,2021,2021-03-19,4841.0000,False
infectious_disease,respiratory,COVID-19,Nation,England,COVID-19_healthcare_occupiedBedsByDay,all,all,default,2021,2021-03-18,5083.0000,False
infectious_disease,respiratory,COVID-19,Nation,England,COVID-19_healthcare_occupiedBedsByDay,all,all,default,2021,2021-03-17,5397.0000,False
infectious_disease,respiratory,COVID-19,Nation,England,COVID-19_healthcare_occupiedBedsByDay,all,all,default,2021,2021-03-16,5664.0000,False
infectious_disease,respiratory,COVID-19,Nation,England,COVID-19_healthcare_occupiedBedsByDay,all,all,default,2021,2021-03-15,5976.0000,False
infectious_disease,respiratory,COVID-19,Nation,England,COVID-19_healthcare_occupiedBedsByDay,all,all,default,2021,2021-03-14,6039.0000,False
infectious_disease,respiratory,COVID-19,Nation,England,COVID-19_healthcare_occupiedBedsByDay,all,all,default,2021,2021-03-13,6072.0000,False
infectious_disease,respiratory,COVID-19,Nation,England,COVID-19_healthcare_occupiedBedsByDay,all,all,default,2021,2021-03-12,6391.0000,False
infectious_disease,respiratory,COVID-19,Nation,England,COVID-19_healthcare_occupiedBedsByDay,all,all,default,2021,2021-03-11,6687.0000,False
infectious_disease,respiratory,COVID-19,Nation,England,COVID-19_healthcare_occupiedBedsByDay,all,all,default,2021,2021-03-10,6975.0000,False
infectious_disease,respiratory,COVID-19,Nation,England,COVID-19_healthcare_occupiedBedsByDay,all,all,default,2021,2021-03-09,7451.0000,False
infectious_disease,respiratory,COVID-19,Nation,England,COVID-19_healthcare_occupiedBedsByDay,all,all,default,2021,2021-03-08,7847.0000,False
infectious_disease,respiratory,COVID-19,Nation,England,COVID-19_healthcare_occupiedBedsByDay,all,all,default,2021,2021-03-07,7812.0000,False
infectious_disease,respiratory,COVID-19,Nation,England,COVID-19_healthcare_occupiedBedsByDay,all,all,default,2021,2021-03-06,8021.0000,False
infectious_disease,respiratory,COVID-19,Nation,England,COVID-19_healthcare_occupiedBedsByDay,all,all,default,2021,2021-03-05,8594.0000,False
infectious_disease,respiratory,COVID-19,Nation,England,COVID-19_healthcare_occupiedBedsByDay,all,all,default,2021,2021-03-04,9092.0000,False
infectious_disease,respiratory,COVID-19,Nation,England,COVID-19_healthcare_occupiedBedsByDay,all,all,default,2021,2021-03-03,9594.0000,False
infectious_disease,respiratory,COVID-19,Nation,England,COVID-19_healthcare_occupiedBedsByDay,all,all,default,2021,2021-03-02,10121.0000,False
infectious_disease,respiratory,COVID-19,Nation,England,COVID-19_healthcare_occupiedBedsByDay,all,all,default,2021,2021-03-01,10765.0000,False
infectious_disease,respiratory,COVID-19,Nation,England,COVID-19_healthcare_occupiedBedsByDay,all,all,default,2021,2021-02-28,10663.0000,False
infectious_disease,respiratory,COVID-19,Nation,England,COVID-19_healthcare_occupiedBedsByDay,all,all,default,2021,2021-02-27,11090.0000,False
infectious_disease,respiratory,COVID-19,Nation,England,COVID-19_healthcare_occupiedBedsByDay,all,all,default,2021,2021-02-26,11781.0000,False
infectious_disease,respiratory,COVID-19,Nation,England,COVID-19_healthcare_occupiedBedsByDay,all,all,default,2021,2021-02-25,12449.0000,False
infectious_disease,respiratory,COVID-19,Nation,England,COVID-19_healthcare_occupiedBedsByDay,all,all,default,2021,2021-02-24,13007.0000,False
infectious_disease,respiratory,COVID-19,Nation,England,COVID-19_healthcare_occupiedBedsByDay,all,all,default,2021,2021-02-23,13489.0000,False
infectious_disease,respiratory,COVID-19,Nation,England,COVID-19_healthcare_occupiedBedsByDay,all,all,default,2021,2021-02-22,14137.0000,False
infectious_disease,respiratory,COVID-19,Nation,England,COVID-19_healthcare_occupiedBedsByDay,all,all,default,2021,2021-02-21,14142.0000,False
infectious_disease,respiratory,COVID-19,Nation,England,COVID-19_healthcare_occupiedBedsByDay,all,all,default,2021,2021-02-20,14316.0000,False
infectious_disease,respiratory,COVID-19,Nation,England,COVID-19_healthcare_occupiedBedsByDay,all,all,default,2021,2021-02-19,15018.0000,False
infectious_disease,respiratory,COVID-19,Nation,England,COVID-19_healthcare_occupiedBedsByDay,all,all,default,2021,2021-02-18,15633.0000,False
infectious_disease,respiratory,COVID-19,Nation,England,COVID-19_healthcare_occupiedBedsByDay,all,all,default,2021,2021-02-17,16458.0000,False
infectious_disease,respiratory,COVID-19,Nation,England,COVID-19_healthcare_occupiedBedsByDay,all,all,default,2021,2021-02-16,17093.0000,False
infectious_disease,respiratory,COVID-19,Nation,England,COVID-19_healthcare_occupiedBedsByDay,all,all,default,2021,2021-02-15,17730.0000,False
infectious_disease,respiratory,COVID-19,Nation,England,COVID-19_healthcare_occupiedBedsByDay,all,all,default,2021,2021-02-14,17787.0000,False
infectious_disease,respiratory,COVID-19,Nation,England,COVID-19_healthcare_occupiedBedsByDay,all,all,default,2021,2021-02-13,17694.0000,False
infectious_disease,respiratory,COVID-19,Nation,England,COVID-19_healthcare_occupiedBedsByDay,all,all,default,2021,2021-02-12,19009.0000,False
infectious_disease,respiratory,COVID-19,Nation,England,COVID-19_healthcare_occupiedBedsByDay,all,all,default,2021,2021-02-11,19983.0000,False
infectious_disease,respiratory,COVID-19,Nation,England,COVID-19_healthcare_occupiedBedsByDay,all,all,default,2021,2021-02-10,20926.0000,False
infectious_disease,respiratory,COVID-19,Nation,England,COVID-19_healthcare_occupiedBedsByDay,all,all,default,2021,2021-02-09,22067.0000,False
infectious_disease,respiratory,COVID-19,Nation,England,COVID-19_healthcare_occupiedBedsByDay,all,all,default,2021,2021-02-08,23020.0000,False
infectious_disease,respiratory,COVID-19,Nation,England,COVID-19_healthcare_occupiedBedsByDay,all,all,default,2021,2021-02-07,22991.0000,False
infectious_disease,respiratory,COVID-19,Nation,England,COVID-19_healthcare_occupiedBedsByDay,all,all,default,2021,2021-02-06,23042.0000,False
infectious_disease,respiratory,COVID-19,Nation,England,COVID-19_healthcare_occupiedBedsByDay,all,all,default,2021,2021-02-05,24402.0000,False
infectious_disease,respiratory,COVID-19,Nation,England,COVID-19_healthcare_occupiedBedsByDay,all,all,default,2021,2021-02-04,25334.0000,False
infectious_disease,respiratory,COVID-19,Nation,England,COVID-19_healthcare_occupiedBedsByDay,all,all,default,2021,2021-02-03,26374.0000,False
infectious_disease,respiratory,COVID-19,Nation,England,COVID-19_healthcare_occupiedBedsByDay,all,all,default,2021,2021-02-02,27397.0000,False
infectious_disease,respiratory,COVID-19,Nation,England,COVID-19_healthcare_occupiedBedsByDay,all,all,default,2021,2021-02-01,28539.0000,False
infectious_disease,respiratory,COVID-19,Nation,England,COVID-19_healthcare_occupiedBedsByDay,all,all,default,2021,2021-01-31,28112.0000,False
infectious_disease,respiratory,COVID-19,Nation,England,COVID-19_healthcare_occupiedBedsByDay,all,all,default,2021,2021-01-30,28571.0000,False
infectious_disease,respiratory,COVID-19,Nation,England,COVID-19_healthcare_occupiedBedsByDay,all,all,default,2021,2021-01-29,29359.0000,False
infectious_disease,respiratory,COVID-19,Nation,England,COVID-19_healthcare_occupiedBedsByDay,all,all,default,2021,2021-01-28,30333.0000,False
infectious_disease,respiratory,COVID-19,Nation,England,COVID-19_healthcare_occupiedBedsByDay,all,all,default,2021,2021-01-27,30846.0000,False
infectious_disease,respiratory,COVID-19,Nation,England,COVID-19_healthcare_occupiedBedsByDay,all,all,default,2021,2021-01-26,32337.0000,False
infectious_disease,respiratory,COVID-19,Nation,England,COVID-19_healthcare_occupiedBedsByDay,all,all,default,2021,2021-01-25,32938.0000,False
infectious_disease,respiratory,COVID-19,Nation,England,COVID-19_healthcare_occupiedBedsByDay,all,all,default,2021,2021-01-24,32907.0000,False
infectious_disease,respiratory,COVID-19,Nation,England,COVID-19_healthcare_occupiedBedsByDay,all,all,default,2021,2021-01-23,32614.0000,False
infectious_disease,respiratory,COVID-19,Nation,England,COVID-19_healthcare_occupiedBedsByDay,all,all,default,2021,2021-01-22,33412.0000,False
infectious_disease,respiratory,COVID-19,Nation,England,COVID-19_healthcare_occupiedBedsByDay,all,all,default,2021,2021-01-21,33235.0000,False
infectious_disease,respiratory,COVID-19,Nation,England,COVID-19_healthcare_occupiedBedsByDay,all,all,default,2021,2021-01-20,33886.0000,False
infectious_disease,respiratory,COVID-19,Nation,England,COVID-19_healthcare_occupiedBedsByDay,all,all,default,2021,2021-01-19,34015.0000,False
infectious_disease,respiratory,COVID-19,Nation,England,COVID-19_healthcare_occupiedBedsByDay,all,all,default,2021,2021-01-18,34336.0000,False
infectious_disease,respiratory,COVID-19,Nation,England,COVID-19_healthcare_occupiedBedsByDay,all,all,default,2021,2021-01-17,33352.0000,False
infectious_disease,respiratory,COVID-19,Nation,England,COVID-19_healthcare_occupiedBedsByDay,all,all,default,2021,2021-01-16,32923.0000,False
infectious_disease,respiratory,COVID-19,Nation,England,COVID-19_healthcare_occupiedBedsByDay,all,all,default,2021,2021-01-15,33362.0000,False
infectious_disease,respiratory,COVID-19,Nation,England,COVID-19_healthcare_occupiedBedsByDay,all,all,default,2021,2021-01-14,32925.0000,False
infectious_disease,respiratory,COVID-19,Nation,England,COVID-19_healthcare_occupiedBedsByDay,all,all,default,2021,2021-01-13,32689.0000,False
infectious_disease,respiratory,COVID-19,Nation,England,COVID-19_healthcare_occupiedBedsByDay,all,all,default,2021,2021-01-12,32202.0000,False
infectious_disease,respiratory,COVID-19,Nation,England,COVID-19_healthcare_occupiedBedsByDay,all,all,default,2021,2021-01-11,32070.0000,False
infectious_disease,respiratory,COVID-19,Nation,England,COVID-19_healthcare_occupiedBedsByDay,all,all,default,2021,2021-01-10,30758.0000,False
infectious_disease,respiratory,COVID-19,Nation,England,COVID-19_healthcare_occupiedBedsByDay,all,all,default,2021,2021-01-09,29462.0000,False
infectious_disease,respiratory,COVID-19,Nation,England,COVID-19_healthcare_occupiedBedsByDay,all,all,default,2021,2021-01-08,29346.0000,False
infectious_disease,respiratory,COVID-19,Nation,England,COVID-19_healthcare_occupiedBedsByDay,all,all,default,2021,2021-01-07,28246.0000,False
infectious_disease,respiratory,COVID-19,Nation,England,COVID-19_healthcare_occupiedBedsByDay,all,all,default,2021,2021-01-06,27727.0000,False
infectious_disease,respiratory,COVID-19,Nation,England,COVID-19_healthcare_occupiedBedsByDay,all,all,default,2021,2021-01-05,26467.0000,False
infectious_disease,respiratory,COVID-19,Nation,England,COVID-19_healthcare_occupiedBedsByDay,all,all,default,2021,2021-01-04,26626.0000,False
infectious_disease,respiratory,COVID-19,Nation,England,COVID-19_healthcare_occupiedBedsByDay,all,all,default,2021,2021-01-03,24957.0000,False
infectious_disease,respiratory,COVID-19,Nation,England,COVID-19_healthcare_occupiedBedsByDay,all,all,default,2021,2021-01-02,23557.0000,False
infectious_disease,respiratory,COVID-19,Nation,England,COVID-19_healthcare_occupiedBedsByDay,all,all,default,2021,2021-01-01,22534.0000,False
infectious_disease,respiratory,COVID-19,Nation,England,COVID-19_healthcare_occupiedBedsByDay,all,all,default,2020,2020-12-31,22728.0000,False
infectious_disease,respiratory,COVID-19,Nation,England,COVID-19_healthcare_occupiedBedsByDay,all,all,default,2020,2020-12-30,22713.0000,False
infectious_disease,respiratory,COVID-19,Nation,England,COVID-19_healthcare_occupiedBedsByDay,all,all,default,2020,2020-12-29,21787.0000,False
infectious_disease,respiratory,COVID-19,Nation,England,COVID-19_healthcare_occupiedBedsByDay,all,all,default,2020,2020-12-28,20426.0000,False
infectious_disease,respiratory,COVID-19,Nation,England,COVID-19_healthcare_occupiedBedsByDay,all,all,default,2020,2020-12-27,19277.0000,False
infectious_disease,respiratory,COVID-19,Nation,England,COVID-19_healthcare_occupiedBedsByDay,all,all,default,2020,2020-12-26,18350.0000,False
infectious_disease,respiratory,COVID-19,Nation,England,COVID-19_healthcare_occupiedBedsByDay,all,all,default,2020,2020-12-25,17701.0000,False
infectious_disease,respiratory,COVID-19,Nation,England,COVID-19_healthcare_occupiedBedsByDay,all,all,default,2020,2020-12-24,18227.0000,False
infectious_disease,respiratory,COVID-19,Nation,England,COVID-19_healthcare_occupiedBedsByDay,all,all,default,2020,2020-12-23,17834.0000,False
infectious_disease,respiratory,COVID-19,Nation,England,COVID-19_healthcare_occupiedBedsByDay,all,all,default,2020,2020-12-22,18063.0000,False
infectious_disease,respiratory,COVID-19,Nation,England,COVID-19_healthcare_occupiedBedsByDay,all,all,default,2020,2020-12-21,17709.0000,False
infectious_disease,respiratory,COVID-19,Nation,England,COVID-19_healthcare_occupiedBedsByDay,all,all,default,2020,2020-12-20,16633.0000,False
infectious_disease,respiratory,COVID-19,Nation,England,COVID-19_healthcare_occupiedBedsByDay,all,all,default,2020,2020-12-19,16183.0000,False
infectious_disease,respiratory,COVID-19,Nation,England,COVID-19_healthcare_occupiedBedsByDay,all,all,default,2020,2020-12-18,15866.0000,False
infectious_disease,respiratory,COVID-19,Nation,England,COVID-19_healthcare_occupiedBedsByDay,all,all,default,2020,2020-12-17,15741.0000,False
infectious_disease,respiratory,COVID-19,Nation,England,COVID-19_healthcare_occupiedBedsByDay,all,all,default,2020,2020-12-16,15465.0000,False
infectious_disease,respiratory,COVID-19,Nation,England,COVID-19_healthcare_occupiedBedsByDay,all,all,default,2020,2020-12-15,15031.0000,False
infectious_disease,respiratory,COVID-19,Nation,England,COVID-19_healthcare_occupiedBedsByDay,all,all,default,2020,2020-12-14,15053.0000,False
infectious_disease,respiratory,COVID-19,Nation,England,COVID-19_healthcare_occupiedBedsByDay,all,all,default,2020,2020-12-13,14460.0000,False
infectious_disease,respiratory,COVID-19,Nation,England,COVID-19_healthcare_occupiedBedsByDay,all,all,default,2020,2020-12-12,13927.0000,False
infectious_disease,respiratory,COVID-19,Nation,England,COVID-19_healthcare_occupiedBedsByDay,all,all,default,2020,2020-12-11,13901.0000,False
infectious_disease,respiratory,COVID-19,Nation,England,COVID-19_healthcare_occupiedBedsByDay,all,all,default,2020,2020-12-10,13796.0000,False
infectious_disease,respiratory,COVID-19,Nation,England,COVID-19_healthcare_occupiedBedsByDay,all,all,default,2020,2020-12-09,13467.0000,False
infectious_disease,respiratory,COVID-19,Nation,England,COVID-19_healthcare_occupiedBedsByDay,all,all,default,2020,2020-12-08,13629.0000,False
infectious_disease,respiratory,COVID-19,Nation,England,COVID-19_healthcare_occupiedBedsByDay,all,all,default,2020,2020-12-07,13616.0000,False
infectious_disease,respiratory,COVID-19,Nation,England,COVID-19_healthcare_occupiedBedsByDay,all,all,default,2020,2020-12-06,13189.0000,False
infectious_disease,respiratory,COVID-19,Nation,England,COVID-19_healthcare_occupiedBedsByDay,all,all,default,2020,2020-12-05,12968.0000,False
infectious_disease,respiratory,COVID-19,Nation,England,COVID-19_healthcare_occupiedBedsByDay,all,all,default,2020,2020-12-04,12987.0000,False
infectious_disease,respiratory,COVID-19,Nation,England,COVID-19_healthcare_occupiedBedsByDay,all,all,default,2020,2020-12-03,12896.0000,False
infectious_disease,respiratory,COVID-19,Nation,England,COVID-19_healthcare_occupiedBedsByDay,all,all,default,2020,2020-12-02,13212.0000,False
infectious_disease,respiratory,COVID-19,Nation,England,COVID-19_healthcare_occupiedBedsByDay,all,all,default,2020,2020-12-01,13507.0000,False
infectious_disease,respiratory,COVID-19,Nation,England,COVID-19_healthcare_occupiedBedsByDay,all,all,default,2020,2020-11-30,13756.0000,False
infectious_disease,respiratory,COVID-19,Nation,England,COVID-19_healthcare_occupiedBedsByDay,all,all,default,2020,2020-11-29,13521.0000,False
infectious_disease,respiratory,COVID-19,Nation,England,COVID-19_healthcare_occupiedBedsByDay,all,all,default,2020,2020-11-28,13208.0000,False
infectious_disease,respiratory,COVID-19,Nation,England,COVID-19_healthcare_occupiedBedsByDay,all,all,default,2020,2020-11-27,13754.0000,False
infectious_disease,respiratory,COVID-19,Nation,England,COVID-19_healthcare_occupiedBedsByDay,all,all,default,2020,2020-11-26,13908.0000,False
infectious_disease,respiratory,COVID-19,Nation,England,COVID-19_healthcare_occupiedBedsByDay,all,all,default,2020,2020-11-25,14240.0000,False
infectious_disease,respiratory,COVID-19,Nation,England,COVID-19_healthcare_occupiedBedsByDay,all,all,default,2020,2020-11-24,14506.0000,False
infectious_disease,respiratory,COVID-19,Nation,England,COVID-19_healthcare_occupiedBedsByDay,all,all,default,2020,2020-11-23,14712.0000,False
infectious_disease,respiratory,COVID-19,Nation,England,COVID-19_healthcare_occupiedBedsByDay,all,all,default,2020,2020-11-22,14354.0000,False
infectious_disease,respiratory,COVID-19,Nation,England,COVID-19_healthcare_occupiedBedsByDay,all,all,default,2020,2020-11-21,14118.0000,False
infectious_disease,respiratory,COVID-19,Nation,England,COVID-19_healthcare_occupiedBedsByDay,all,all,default,2020,2020-11-20,14236.0000,False
infectious_disease,respiratory,COVID-19,Nation,England,COVID-19_healthcare_occupiedBedsByDay,all,all,default,2020,2020-11-19,14479.0000,False
infectious_disease,respiratory,COVID-19,Nation,England,COVID-19_healthcare_occupiedBedsByDay,all,all,default,2020,2020-11-18,14490.0000,False
infectious_disease,respiratory,COVID-19,Nation,England,COVID-19_healthcare_occupiedBedsByDay,all,all,default,2020,2020-11-17,14411.0000,False
infectious_disease,respiratory,COVID-19,Nation,England,COVID-19_healthcare_occupiedBedsByDay,all,all,default,2020,2020-11-16,14313.0000,False
infectious_disease,respiratory,COVID-19,Nation,England,COVID-19_healthcare_occupiedBedsByDay,all,all,default,2020,2020-11-15,13886.0000,False
infectious_disease,respiratory,COVID-19,Nation,England,COVID-19_healthcare_occupiedBedsByDay,all,all,default,2020,2020-11-14,13399.0000,False
infectious_disease,respiratory,COVID-19,Nation,England,COVID-19_healthcare_occupiedBedsByDay,all,all,default,2020,2020-11-13,13328.0000,False
infectious_disease,respiratory,COVID-19,Nation,England,COVID-19_healthcare_occupiedBedsByDay,all,all,default,2020,2020-11-12,12967.0000,False
infectious_disease,respiratory,COVID-19,Nation,England,COVID-19_healthcare_occupiedBedsByDay,all,all,default,2020,2020-11-11,12730.0000,False
infectious_disease,respiratory,COVID-19,Nation,England,COVID-19_healthcare_occupiedBedsByDay,all,all,default,2020,2020-11-10,12033.0000,False
infectious_disease,respiratory,COVID-19,Nation,England,COVID-19_healthcare_occupiedBedsByDay,all,all,default,2020,2020-11-09,12259.0000,False
infectious_disease,respiratory,COVID-19,Nation,England,COVID-19_healthcare_occupiedBedsByDay,all,all,default,2020,2020-11-08,11680.0000,False
infectious_disease,respiratory,COVID-19,Nation,England,COVID-19_healthcare_occupiedBedsByDay,all,all,default,2020,2020-11-07,11514.0000,False
infectious_disease,respiratory,COVID-19,Nation,England,COVID-19_healthcare_occupiedBedsByDay,all,all,default,2020,2020-11-06,11181.0000,False
infectious_disease,respiratory,COVID-19,Nation,England,COVID-19_healthcare_occupiedBedsByDay,all,all,default,2020,2020-11-05,10994.0000,False
infectious_disease,respiratory,COVID-19,Nation,England,COVID-19_healthcare_occupiedBedsByDay,all,all,default,2020,2020-11-04,11037.0000,False
infectious_disease,respiratory,COVID-19,Nation,England,COVID-19_healthcare_occupiedBedsByDay,all,all,default,2020,2020-11-03,10971.0000,False
infectious_disease,respiratory,COVID-19,Nation,England,COVID-19_healthcare_occupiedBedsByDay,all,all,default,2020,2020-11-02,10397.0000,False
infectious_disease,respiratory,COVID-19,Nation,England,COVID-19_healthcare_occupiedBedsByDay,all,all,default,2020,2020-11-01,9623.0000,False
infectious_disease,respiratory,COVID-19,Nation,England,COVID-19_healthcare_occupiedBedsByDay,all,all,default,2020,2020-10-31,9782.0000,False
infectious_disease,respiratory,COVID-19,Nation,England,COVID-19_healthcare_occupiedBedsByDay,all,all,default,2020,2020-10-30,9295.0000,False
infectious_disease,respiratory,COVID-19,Nation,England,COVID-19_healthcare_occupiedBedsByDay,all,all,default,2020,2020-10-29,9127.0000,False
infectious_disease,respiratory,COVID-19,Nation,England,COVID-19_healthcare_occupiedBedsByDay,all,all,default,2020,2020-10-28,9070.0000,False
infectious_disease,respiratory,COVID-19,Nation,England,COVID-19_healthcare_occupiedBedsByDay,all,all,default,2020,2020-10-27,8595.0000,False
infectious_disease,respiratory,COVID-19,Nation,England,COVID-19_healthcare_occupiedBedsByDay,all,all,default,2020,2020-10-26,7856.0000,False
infectious_disease,respiratory,COVID-19,Nation,England,COVID-19_healthcare_occupiedBedsByDay,all,all,default,2020,2020-10-25,7612.0000,False
infectious_disease,respiratory,COVID-19,Nation,England,COVID-19_healthcare_occupiedBedsByDay,all,all,default,2020,2020-10-24,7176.0000,False
infectious_disease,respiratory,COVID-19,Nation,England,COVID-19_healthcare_occupiedBedsByDay,all,all,default,2020,2020-10-23,6842.0000,False
infectious_disease,respiratory,COVID-19,Nation,England,COVID-19_healthcare_occupiedBedsByDay,all,all,default,2020,2020-10-22,6345.0000,False
infectious_disease,respiratory,COVID-19,Nation,England,COVID-19_healthcare_occupiedBedsByDay,all,all,default,2020,2020-10-21,6271.0000,False
infectious_disease,respiratory,COVID-19,Nation,England,COVID-19_healthcare_occupiedBedsByDay,all,all,default,2020,2020-10-20,6072.0000,False
infectious_disease,respiratory,COVID-19,Nation,England,COVID-19_healthcare_occupiedBedsByDay,all,all,default,2020,2020-10-19,5644.0000,False
infectious_disease,respiratory,COVID-19,Nation,England,COVID-19_healthcare_occupiedBedsByDay,all,all,default,2020,2020-10-18,5202.0000,False
infectious_disease,respiratory,COVID-19,Nation,England,COVID-19_healthcare_occupiedBedsByDay,all,all,default,2020,2020-10-17,5029.0000,False
infectious_disease,respiratory,COVID-19,Nation,England,COVID-19_healthcare_occupiedBedsByDay,all,all,default,2020,2020-10-16,4854.0000,False
infectious_disease,respiratory,COVID-19,Nation,England,COVID-19_healthcare_occupiedBedsByDay,all,all,default,2020,2020-10-15,4569.0000,False
infectious_disease,respiratory,COVID-19,Nation,England,COVID-19_healthcare_occupiedBedsByDay,all,all,default,2020,2020-10-14,4313.0000,False
infectious_disease,respiratory,COVID-19,Nation,England,COVID-19_healthcare_occupiedBedsByDay,all,all,default,2020,2020-10-13,4105.0000,False
infectious_disease,respiratory,COVID-19,Nation,England,COVID-19_healthcare_occupiedBedsByDay,all,all,default,2020,2020-10-12,3827.0000,False
infectious_disease,respiratory,COVID-19,Nation,England,COVID-19_healthcare_occupiedBedsByDay,all,all,default,2020,2020-10-11,3604.0000,False
infectious_disease,respiratory,COVID-19,Nation,England,COVID-19_healthcare_occupiedBedsByDay,all,all,default,2020,2020-10-10,3369.0000,False
infectious_disease,respiratory,COVID-19,Nation,England,COVID-19_healthcare_occupiedBedsByDay,all,all,default,2020,2020-10-09,3238.0000,False
infectious_disease,respiratory,COVID-19,Nation,England,COVID-19_healthcare_occupiedBedsByDay,all,all,default,2020,2020-10-08,3179.0000,False
infectious_disease,respiratory,COVID-19,Nation,England,COVID-19_healthcare_occupiedBedsByDay,all,all,default,2020,2020-10-07,3066.0000,False
infectious_disease,respiratory,COVID-19,Nation,England,COVID-19_healthcare_occupiedBedsByDay,all,all,default,2020,2020-10-06,2903.0000,False
infectious_disease,respiratory,COVID-19,Nation,England,COVID-19_healthcare_occupiedBedsByDay,all,all,default,2020,2020-10-05,2705.0000,False
infectious_disease,respiratory,COVID-19,Nation,England,COVID-19_healthcare_occupiedBedsByDay,all,all,default,2020,2020-10-04,2435.0000,False
infectious_disease,respiratory,COVID-19,Nation,England,COVID-19_healthcare_occupiedBedsByDay,all,all,default,2020,2020-10-03,2290.0000,False
infectious_disease,respiratory,COVID-19,Nation,England,COVID-19_healthcare_occupiedBedsByDay,all,all,default,2020,2020-10-02,2180.0000,False
infectious_disease,respiratory,COVID-19,Nation,England,COVID-19_healthcare_occupiedBedsByDay,all,all,default,2020,2020-10-01,2069.0000,False
infectious_disease,respiratory,COVID-19,Nation,England,COVID-19_healthcare_occupiedBedsByDay,all,all,default,2020,2020-09-30,2036.0000,False
infectious_disease,respiratory,COVID-19,Nation,England,COVID-19_healthcare_occupiedBedsByDay,all,all,default,2020,2020-09-29,1954.0000,False
infectious_disease,respiratory,COVID-19,Nation,England,COVID-19_healthcare_occupiedBedsByDay,all,all,default,2020,2020-09-28,1955.0000,False
infectious_disease,respiratory,COVID-19,Nation,England,COVID-19_healthcare_occupiedBedsByDay,all,all,default,2020,2020-09-27,1793.0000,False
infectious_disease,respiratory,COVID-19,Nation,England,COVID-19_healthcare_occupiedBedsByDay,all,all,default,2020,2020-09-26,1689.0000,False
infectious_disease,respiratory,COVID-19,Nation,England,COVID-19_healthcare_occupiedBedsByDay,all,all,default,2020,2020-09-25,1686.0000,False
infectious_disease,respiratory,COVID-19,Nation,England,COVID-19_healthcare_occupiedBedsByDay,all,all,default,2020,2020-09-24,1546.0000,False
infectious_disease,respiratory,COVID-19,Nation,England,COVID-19_healthcare_occupiedBedsByDay,all,all,default,2020,2020-09-23,1439.0000,False
infectious_disease,respiratory,COVID-19,Nation,England,COVID-19_healthcare_occupiedBedsByDay,all,all,default,2020,2020-09-22,1378.0000,False
infectious_disease,respiratory,COVID-19,Nation,England,COVID-19_healthcare_occupiedBedsByDay,all,all,default,2020,2020-09-21,1299.0000,False
infectious_disease,respiratory,COVID-19,Nation,England,COVID-19_healthcare_occupiedBedsByDay,all,all,default,2020,2020-09-20,1174.0000,False
infectious_disease,respiratory,COVID-19,Nation,England,COVID-19_healthcare_occupiedBedsByDay,all,all,default,2020,2020-09-19,1081.0000,False
infectious_disease,respiratory,COVID-19,Nation,England,COVID-19_healthcare_occupiedBedsByDay,all,all,default,2020,2020-09-18,1020.0000,False
infectious_disease,respiratory,COVID-19,Nation,England,COVID-19_healthcare_occupiedBedsByDay,all,all,default,2020,2020-09-17,984.0000,False
infectious_disease,respiratory,COVID-19,Nation,England,COVID-19_healthcare_occupiedBedsByDay,all,all,default,2020,2020-09-16,929.0000,False
infectious_disease,respiratory,COVID-19,Nation,England,COVID-19_healthcare_occupiedBedsByDay,all,all,default,2020,2020-09-15,891.0000,False
infectious_disease,respiratory,COVID-19,Nation,England,COVID-19_healthcare_occupiedBedsByDay,all,all,default,2020,2020-09-14,812.0000,False
infectious_disease,respiratory,COVID-19,Nation,England,COVID-19_healthcare_occupiedBedsByDay,all,all,default,2020,2020-09-13,691.0000,False
infectious_disease,respiratory,COVID-19,Nation,England,COVID-19_healthcare_occupiedBedsByDay,all,all,default,2020,2020-09-12,663.0000,False
infectious_disease,respiratory,COVID-19,Nation,England,COVID-19_healthcare_occupiedBedsByDay,all,all,default,2020,2020-09-11,622.0000,False
infectious_disease,respiratory,COVID-19,Nation,England,COVID-19_healthcare_occupiedBedsByDay,all,all,default,2020,2020-09-10,572.0000,False
infectious_disease,respiratory,COVID-19,Nation,England,COVID-19_healthcare_occupiedBedsByDay,all,all,default,2020,2020-09-09,557.0000,False
infectious_disease,respiratory,COVID-19,Nation,England,COVID-19_healthcare_occupiedBedsByDay,all,all,default,2020,2020-09-08,535.0000,False
infectious_disease,respiratory,COVID-19,Nation,England,COVID-19_healthcare_occupiedBedsByDay,all,all,default,2020,2020-09-07,555.0000,False
infectious_disease,respiratory,COVID-19,Nation,England,COVID-19_healthcare_occupiedBedsByDay,all,all,default,2020,2020-09-06,483.0000,False
infectious_disease,respiratory,COVID-19,Nation,England,COVID-19_healthcare_occupiedBedsByDay,all,all,default,2020,2020-09-05,471.0000,False
infectious_disease,respiratory,COVID-19,Nation,England,COVID-19_healthcare_occupiedBedsByDay,all,all,default,2020,2020-09-04,474.0000,False
infectious_disease,respiratory,COVID-19,Nation,England,COVID-19_healthcare_occupiedBedsByDay,all,all,default,2020,2020-09-03,468.0000,False
infectious_disease,respiratory,COVID-19,Nation,England,COVID-19_healthcare_occupiedBedsByDay,all,all,default,2020,2020-09-02,451.0000,False
infectious_disease,respiratory,COVID-19,Nation,England,COVID-19_healthcare_occupiedBedsByDay,all,all,default,2020,2020-09-01,496.0000,False
infectious_disease,respiratory,COVID-19,Nation,England,COVID-19_healthcare_occupiedBedsByDay,all,all,default,2020,2020-08-31,495.0000,False
infectious_disease,respiratory,COVID-19,Nation,England,COVID-19_healthcare_occupiedBedsByDay,all,all,default,2020,2020-08-30,479.0000,False
infectious_disease,respiratory,COVID-19,Nation,England,COVID-19_healthcare_occupiedBedsByDay,all,all,default,2020,2020-08-29,478.0000,False
infectious_disease,respiratory,COVID-19,Nation,England,COVID-19_healthcare_occupiedBedsByDay,all,all,default,2020,2020-08-28,469.0000,False
infectious_disease,respiratory,COVID-19,Nation,England,COVID-19_healthcare_occupiedBedsByDay,all,all,default,2020,2020-08-27,492.0000,False
infectious_disease,respiratory,COVID-19,Nation,England,COVID-19_healthcare_occupiedBedsByDay,all,all,default,2020,2020-08-26,485.0000,False
infectious_disease,respiratory,COVID-19,Nation,England,COVID-19_healthcare_occupiedBedsByDay,all,all,default,2020,2020-08-25,500.0000,False
infectious_disease,respiratory,COVID-19,Nation,England,COVID-19_healthcare_occupiedBedsByDay,all,all,default,2020,2020-08-24,522.0000,False
infectious_disease,respiratory,COVID-19,Nation,England,COVID-19_healthcare_occupiedBedsByDay,all,all,default,2020,2020-08-23,522.0000,False
infectious_disease,respiratory,COVID-19,Nation,England,COVID-19_healthcare_occupiedBedsByDay,all,all,default,2020,2020-08-22,594.0000,False
infectious_disease,respiratory,COVID-19,Nation,England,COVID-19_healthcare_occupiedBedsByDay,all,all,default,2020,2020-08-21,528.0000,False
infectious_disease,respiratory,COVID-19,Nation,England,COVID-19_healthcare_occupiedBedsByDay,all,all,default,2020,2020-08-20,551.0000,False
infectious_disease,respiratory,COVID-19,Nation,England,COVID-19_healthcare_occupiedBedsByDay,all,all,default,2020,2020-08-19,571.0000,False
infectious_disease,respiratory,COVID-19,Nation,England,COVID-19_healthcare_occupiedBedsByDay,all,all,default,2020,2020-08-18,597.0000,False
infectious_disease,respiratory,COVID-19,Nation,England,COVID-19_healthcare_occupiedBedsByDay,all,all,default,2020,2020-08-17,626.0000,False
infectious_disease,respiratory,COVID-19,Nation,England,COVID-19_healthcare_occupiedBedsByDay,all,all,default,2020,2020-08-16,634.0000,False
infectious_disease,respiratory,COVID-19,Nation,England,COVID-19_healthcare_occupiedBedsByDay,all,all,default,2020,2020-08-15,630.0000,False
infectious_disease,respiratory,COVID-19,Nation,England,COVID-19_healthcare_occupiedBedsByDay,all,all,default,2020,2020-08-14,642.0000,False
infectious_disease,respiratory,COVID-19,Nation,England,COVID-19_healthcare_occupiedBedsByDay,all,all,default,2020,2020-08-13,652.0000,False
infectious_disease,respiratory,COVID-19,Nation,England,COVID-19_healthcare_occupiedBedsByDay,all,all,default,2020,2020-08-12,642.0000,False
infectious_disease,respiratory,COVID-19,Nation,England,COVID-19_healthcare_occupiedBedsByDay,all,all,default,2020,2020-08-11,672.0000,False
infectious_disease,respiratory,COVID-19,Nation,England,COVID-19_healthcare_occupiedBedsByDay,all,all,default,2020,2020-08-10,714.0000,False
infectious_disease,respiratory,COVID-19,Nation,England,COVID-19_healthcare_occupiedBedsByDay,all,all,default,2020,2020-08-09,611.0000,False
infectious_disease,respiratory,COVID-19,Nation,England,COVID-19_healthcare_occupiedBedsByDay,all,all,default,2020,2020-08-08,650.0000,False
infectious_disease,respiratory,COVID-19,Nation,England,COVID-19_healthcare_occupiedBedsByDay,all,all,default,2020,2020-08-07,711.0000,False
infectious_disease,respiratory,COVID-19,Nation,England,COVID-19_healthcare_occupiedBedsByDay,all,all,default,2020,2020-08-06,756.0000,False
infectious_disease,respiratory,COVID-19,Nation,England,COVID-19_healthcare_occupiedBedsByDay,all,all,default,2020,2020-08-05,805.0000,False
infectious_disease,respiratory,COVID-19,Nation,England,COVID-19_healthcare_occupiedBedsByDay,all,all,default,2020,2020-08-04,807.0000,False
infectious_disease,respiratory,COVID-19,Nation,England,COVID-19_healthcare_occupiedBedsByDay,all,all,default,2020,2020-08-03,842.0000,False
infectious_disease,respiratory,COVID-19,Nation,England,COVID-19_healthcare_occupiedBedsByDay,all,all,default,2020,2020-08-02,847.0000,False
infectious_disease,respiratory,COVID-19,Nation,England,COVID-19_healthcare_occupiedBedsByDay,all,all,default,2020,2020-08-01,879.0000,False
