theme,sub_theme,topic,geography_type,geography,metric,sex,age,stratum,year,date,metric_value,in_reporting_delay_period
infectious_disease,respiratory,COVID-19,Nation,England,COVID-19_healthcare_admissionByDay,all,all,default,2026,2026-04-30,28.0000,False
infectious_disease,respiratory,COVID-19,Nation,England,COVID-19_healthcare_admissionByDay,all,all,default,2026,2026-04-29,28.0000,False
infectious_disease,respiratory,COVID-19,Nation,England,COVID-19_healthcare_admissionByDay,all,all,default,2026,2026-04-28,27.0000,False
infectious_disease,respiratory,COVID-19,Nation,England,COVID-19_healthcare_admissionByDay,all,all,default,2026,2026-04-27,26.0000,False
infectious_disease,respiratory,COVID-19,Nation,England,COVID-19_healthcare_admissionByDay,all,all,default,2026,2026-04-26,23.0000,False
infectious_disease,respiratory,COVID-19,Nation,England,COVID-19_healthcare_admissionByDay,all,all,default,2026,2026-04-25,20.0000,False
infectious_disease,respiratory,COVID-19,Nation,England,COVID-19_healthcare_admissionByDay,all,all,default,2026,2026-04-24,13.0000,False
infectious_disease,respiratory,COVID-19,Nation,England,COVID-19_healthcare_admissionByDay,all,all,default,2026,2026-04-23,21.0000,False
infectious_disease,respiratory,COVID-19,Nation,England,COVID-19_healthcare_admissionByDay,all,all,default,2026,2026-04-22,27.0000,False
infectious_disease,respiratory,COVID-19,Nation,England,COVID-19_healthcare_admissionByDay,all,all,default,2026,2026-04-21,27.0000,False
infectious_disease,respiratory,COVID-19,Nation,England,COVID-19_healthcare_admissionByDay,all,all,default,2026,2026-04-20,31.0000,False
infectious_disease,respiratory,COVID-19,Nation,England,COVID-19_healthcare_admissionByDay,all,all,default,2026,2026-04-19,18.0000,False
infectious_disease,respiratory,COVID-19,Nation,England,COVID-19_healthcare_admissionByDay,all,all,default,2026,2026-04-18,21.0000,False
infectious_disease,respiratory,COVID-19,Nation,England,COVID-19_healthcare_admissionByDay,all,all,default,2026,2026-04-17,32.0000,False
infectious_disease,respiratory,COVID-19,Nation,England,COVID-19_healthcare_admissionByDay,all,all,default,2026,2026-04-16,26.0000,False
infectious_disease,respiratory,COVID-19,Nation,England,COVID-19_healthcare_admissionByDay,all,all,default,2026,2026-04-15,32.0000,False
infectious_disease,respiratory,COVID-19,Nation,England,COVID-19_healthcare_admissionByDay,all,all,default,2026,2026-04-14,32.0000,False
infectious_disease,respiratory,COVID-19,Nation,England,COVID-19_healthcare_admissionByDay,all,all,default,2026,2026-04-13,37.0000,False
infectious_disease,respiratory,COVID-19,Nation,England,COVID-19_healthcare_admissionByDay,all,all,default,2026,2026-04-12,28.0000,False
infectious_disease,respiratory,COVID-19,Nation,England,COVID-19_healthcare_admissionByDay,all,all,default,2026,2026-04-11,23.0000,False
infectious_disease,respiratory,COVID-19,Nation,England,COVID-19_healthcare_admissionByDay,all,all,default,2026,2026-04-10,42.0000,False
infectious_disease,respiratory,COVID-19,Nation,England,COVID-19_healthcare_admissionByDay,all,all,default,2026,2026-04-09,37.0000,False
infectious_disease,respiratory,COVID-19,Nation,England,COVID-19_healthcare_admissionByDay,all,all,default,2026,2026-04-08,35.0000,False
infectious_disease,respiratory,COVID-19,Nation,England,COVID-19_healthcare_admissionByDay,all,all,default,2026,2026-04-07,40.0000,False
infectious_disease,respiratory,COVID-19,Nation,England,COVID-19_healthcare_admissionByDay,all,all,default,2026,2026-04-06,35.0000,False
infectious_disease,respiratory,COVID-19,Nation,England,COVID-19_healthcare_admissionByDay,all,all,default,2026,2026-04-05,35.0000,False
infectious_disease,respiratory,COVID-19,Nation,England,COVID-19_healthcare_admissionByDay,all,all,default,2026,2026-04-04,34.0000,False
infectious_disease,respiratory,COVID-19,Nation,England,COVID-19_healthcare_admissionByDay,all,all,default,2026,2026-04-03,44.0000,False
infectious_disease,respiratory,COVID-19,Nation,England,COVID-19_healthcare_admissionByDay,all,all,default,2026,2026-04-02,47.0000,False
infectious_disease,respiratory,COVID-19,Nation,England,COVID-19_healthcare_admissionByDay,all,all,default,2026,2026-04-01,53.0000,False
infectious_disease,respiratory,COVID-19,Nation,England,COVID-19_healthcare_admissionByDay,all,all,default,2026,2026-03-31,37.0000,False
infectious_disease,respiratory,COVID-19,Nation,England,COVID-19_healthcare_admissionByDay,all,all,default,2026,2026-03-30,50.0000,False
infectious_disease,respiratory,COVID-19,Nation,England,COVID-19_healthcare_admissionByDay,all,all,default,2026,2026-03-29,47.0000,False
infectious_disease,respiratory,COVID-19,Nation,England,COVID-19_healthcare_admissionByDay,all,all,default,2026,2026-03-28,31.0000,False
infectious_disease,respiratory,COVID-19,Nation,England,COVID-19_healthcare_admissionByDay,all,all,default,2026,2026-03-27,39.0000,False
infectious_disease,respiratory,COVID-19,Nation,England,COVID-19_healthcare_admissionByDay,all,all,default,2026,2026-03-26,39.0000,False
infectious_disease,respiratory,COVID-19,Nation,England,COVID-19_healthcare_admissionByDay,all,all,default,2026,2026-03-25,53.0000,False
infectious_disease,respiratory,COVID-19,Nation,England,COVID-19_healthcare_admissionByDay,all,all,default,2026,2026-03-24,68.0000,False
infectious_disease,respiratory,COVID-19,Nation,England,COVID-19_healthcare_admissionByDay,all,all,default,2026,2026-03-23,72.0000,False
infectious_disease,respiratory,COVID-19,Nation,England,COVID-19_healthcare_admissionByDay,all,all,default,2026,2026-03-22,62.0000,False
infectious_disease,respiratory,COVID-19,Nation,England,COVID-19_healthcare_admissionByDay,all,all,default,2026,2026-03-21,51.0000,False
infectious_disease,respiratory,COVID-19,Nation,England,COVID-19_healthcare_admissionByDay,all,all,default,2026,2026-03-20,66.0000,False
infectious_disease,respiratory,COVID-19,Nation,England,COVID-19_healthcare_admissionByDay,all,all,default,2026,2026-03-19,58.0000,False
infectious_disease,respiratory,COVID-19,Nation,England,COVID-19_healthcare_admissionByDay,all,all,default,2026,2026-03-18,55.0000,False
infectious_disease,respiratory,COVID-19,Nation,England,COVID-19_healthcare_admissionByDay,all,all,default,2026,2026-03-17,65.0000,False
infectious_disease,respiratory,COVID-19,Nation,England,COVID-19_healthcare_admissionByDay,all,all,default,2026,2026-03-16,66.0000,False
infectious_disease,respiratory,COVID-19,Nation,England,COVID-19_healthcare_admissionByDay,all,all,default,2026,2026-03-15,59.0000,False
infectious_disease,respiratory,COVID-19,Nation,England,COVID-19_healthcare_admissionByDay,all,all,default,2026,2026-03-14,50.0000,False
infectious_disease,respiratory,COVID-19,Nation,England,COVID-19_healthcare_admissionByDay,all,all,default,2026,2026-03-13,59.0000,False
infectious_disease,respiratory,COVID-19,Nation,England,COVID-19_healthcare_admissionByDay,all,all,default,2026,2026-03-12,84.0000,False
infectious_disease,respiratory,COVID-19,Nation,England,COVID-19_healthcare_admissionByDay,all,all,default,2026,2026-03-11,57.0000,False
infectious_disease,respiratory,COVID-19,Nation,England,COVID-19_healthcare_admissionByDay,all,all,default,2026,2026-03-10,63.0000,False
infectious_disease,respiratory,COVID-19,Nation,England,COVID-19_healthcare_admissionByDay,all,all,default,2026,2026-03-09,59.0000,False
infectious_disease,respiratory,COVID-19,Nation,England,COVID-19_healthcare_admissionByDay,all,all,default,2026,2026-03-08,53.0000,False
infectious_disease,respiratory,COVID-19,Nation,England,COVID-19_healthcare_admissionByDay,all,all,default,2026,2026-03-07,49.0000,False
infectious_disease,respiratory,COVID-19,Nation,England,COVID-19_healthcare_admissionByDay,all,all,default,2026,2026-03-06,42.0000,False
infectious_disease,respiratory,COVID-19,Nation,England,COVID-19_healthcare_admissionByDay,all,all,default,2026,2026-03-05,55.0000,False
infectious_disease,respiratory,COVID-19,Nation,England,COVID-19_healthcare_admissionByDay,all,all,default,2026,2026-03-04,63.0000,False
infectious_disease,respiratory,COVID-19,Nation,England,COVID-19_healthcare_admissionByDay,all,all,default,2026,2026-03-03,81.0000,False
infectious_disease,respiratory,COVID-19,Nation,England,COVID-19_healthcare_admissionByDay,all,all,default,2026,2026-03-02,67.0000,False
infectious_disease,respiratory,COVID-19,Nation,England,COVID-19_healthcare_admissionByDay,all,all,default,2026,2026-03-01,72.0000,False
infectious_disease,respiratory,COVID-19,Nation,England,COVID-19_healthcare_admissionByDay,all,all,default,2026,2026-02-28,54.0000,False
infectious_disease,respiratory,COVID-19,Nation,England,COVID-19_healthcare_admissionByDay,all,all,default,2026,2026-02-27,62.0000,False
infectious_disease,respiratory,COVID-19,Nation,England,COVID-19_healthcare_admissionByDay,all,all,default,2026,2026-02-26,82.0000,False
infectious_disease,respiratory,COVID-19,Nation,England,COVID-19_healthcare_admissionByDay,all,all,default,2026,2026-02-25,66.0000,False
infectious_disease,respiratory,COVID-19,Nation,England,COVID-19_healthcare_admissionByDay,all,all,default,2026,2026-02-24,71.0000,False
infectious_disease,respiratory,COVID-19,Nation,England,COVID-19_healthcare_admissionByDay,all,all,default,2026,2026-02-23,81.0000,False
infectious_disease,respiratory,COVID-19,Nation,England,COVID-19_healthcare_admissionByDay,all,all,default,2026,2026-02-22,109.0000,False
infectious_disease,respiratory,COVID-19,Nation,England,COVID-19_healthcare_admissionByDay,all,all,default,2026,2026-02-21,59.0000,False
infectious_disease,respiratory,COVID-19,Nation,England,COVID-19_healthcare_admissionByDay,all,all,default,2026,2026-02-20,63.0000,False
infectious_disease,respiratory,COVID-19,Nation,England,COVID-19_healthcare_admissionByDay,all,all,default,2026,2026-02-19,85.0000,False
infectious_disease,respiratory,COVID-19,Nation,England,COVID-19_healthcare_admissionByDay,all,all,default,2026,2026-02-18,87.0000,False
infectious_disease,respiratory,COVID-19,Nation,England,COVID-19_healthcare_admissionByDay,all,all,default,2026,2026-02-17,92.0000,False
infectious_disease,respiratory,COVID-19,Nation,England,COVID-19_healthcare_admissionByDay,all,all,default,2026,2026-02-16,89.0000,False
infectious_disease,respiratory,COVID-19,Nation,England,COVID-19_healthcare_admissionByDay,all,all,default,2026,2026-02-15,73.0000,False
infectious_disease,respiratory,COVID-19,Nation,England,COVID-19_healthcare_admissionByDay,all,all,default,2026,2026-02-14,48.0000,False
infectious_disease,respiratory,COVID-19,Nation,England,COVID-19_healthcare_admissionByDay,all,all,default,2026,2026-02-13,62.0000,False
infectious_disease,respiratory,COVID-19,Nation,England,COVID-19_healthcare_admissionByDay,all,all,default,2026,2026-02-12,85.0000,False
infectious_disease,respiratory,COVID-19,Nation,England,COVID-19_healthcare_admissionByDay,all,all,default,2026,2026-02-11,88.0000,False
infectious_disease,respiratory,COVID-19,Nation,England,COVID-19_healthcare_admissionByDay,all,all,default,2026,2026-02-10,90.0000,False
infectious_disease,respiratory,COVID-19,Nation,England,COVID-19_healthcare_admissionByDay,all,all,default,2026,2026-02-09,75.0000,False
infectious_disease,respiratory,COVID-19,Nation,England,COVID-19_healthcare_admissionByDay,all,all,default,2026,2026-02-08,69.0000,False
infectious_disease,respiratory,COVID-19,Nation,England,COVID-19_healthcare_admissionByDay,all,all,default,2026,2026-02-07,56.0000,False
infectious_disease,respiratory,COVID-19,Nation,England,COVID-19_healthcare_admissionByDay,all,all,default,2026,2026-02-06,89.0000,False
infectious_disease,respiratory,COVID-19,Nation,England,COVID-19_healthcare_admissionByDay,all,all,default,2026,2026-02-05,92.0000,False
infectious_disease,respiratory,COVID-19,Nation,England,COVID-19_healthcare_admissionByDay,all,all,default,2026,2026-02-04,88.0000,False
infectious_disease,respiratory,COVID-19,Nation,England,COVID-19_healthcare_admissionByDay,all,all,default,2026,2026-02-03,98.0000,False
infectious_disease,respiratory,COVID-19,Nation,England,COVID-19_healthcare_admissionByDay,all,all,default,2026,2026-02-02,71.0000,False
infectious_disease,respiratory,COVID-19,Nation,England,COVID-19_healthcare_admissionByDay,all,all,default,2026,2026-02-01,62.0000,False
infectious_disease,respiratory,COVID-19,Nation,England,COVID-19_healthcare_admissionByDay,all,all,default,2026,2026-01-31,67.0000,False
infectious_disease,respiratory,COVID-19,Nation,England,COVID-19_healthcare_admissionByDay,all,all,default,2026,2026-01-30,69.0000,False
infectious_disease,respiratory,COVID-19,Nation,England,COVID-19_healthcare_admissionByDay,all,all,default,2026,2026-01-29,70.0000,False
infectious_disease,respiratory,COVID-19,Nation,England,COVID-19_healthcare_admissionByDay,all,all,default,2026,2026-01-28,68.0000,False
infectious_disease,respiratory,COVID-19,Nation,England,COVID-19_healthcare_admissionByDay,all,all,default,2026,2026-01-27,80.0000,False
infectious_disease,respiratory,COVID-19,Nation,England,COVID-19_healthcare_admissionByDay,all,all,default,2026,2026-01-26,88.0000,False
infectious_disease,respiratory,COVID-19,Nation,England,COVID-19_healthcare_admissionByDay,all,all,default,2026,2026-01-25,72.0000,False
infectious_disease,respiratory,COVID-19,Nation,England,COVID-19_healthcare_admissionByDay,all,all,default,2026,2026-01-24,83.0000,False
infectious_disease,respiratory,COVID-19,Nation,England,COVID-19_healthcare_admissionByDay,all,all,default,2026,2026-01-23,69.0000,False
infectious_disease,respiratory,COVID-19,Nation,England,COVID-19_healthcare_admissionByDay,all,all,default,2026,2026-01-22,87.0000,False
infectious_disease,respiratory,COVID-19,Nation,England,COVID-19_healthcare_admissionByDay,all,all,default,2026,2026-01-21,103.0000,False
infectious_disease,respiratory,COVID-19,Nation,England,COVID-19_healthcare_admissionByDay,all,all,default,2026,2026-01-20,87.0000,False
infectious_disease,respiratory,COVID-19,Nation,England,COVID-19_healthcare_admissionByDay,all,all,default,2026,2026-01-19,79.0000,False
infectious_disease,respiratory,COVID-19,Nation,England,COVID-19_healthcare_admissionByDay,all,all,default,2026,2026-01-18,84.0000,False
infectious_disease,respiratory,COVID-19,Nation,England,COVID-19_healthcare_admissionByDay,all,all,default,2026,2026-01-17,76.0000,False
infectious_disease,respiratory,COVID-19,Nation,England,COVID-19_healthcare_admissionByDay,all,all,default,2026,2026-01-16,77.0000,False
infectious_disease,respiratory,COVID-19,Nation,England,COVID-19_healthcare_admissionByDay,all,all,default,2026,2026-01-15,88.0000,False
infectious_disease,respiratory,COVID-19,Nation,England,COVID-19_healthcare_admissionByDay,all,all,default,2026,2026-01-14,88.0000,False
infectious_disease,respiratory,COVID-19,Nation,England,COVID-19_healthcare_admissionByDay,all,all,default,2026,2026-01-13,88.0000,False
infectious_disease,respiratory,COVID-19,Nation,England,COVID-19_healthcare_admissionByDay,all,all,default,2026,2026-01-12,88.0000,False
infectious_disease,respiratory,COVID-19,Nation,England,COVID-19_healthcare_admissionByDay,all,all,default,2026,2026-01-11,82.0000,False
infectious_disease,respiratory,COVID-19,Nation,England,COVID-19_healthcare_admissionByDay,all,all,default,2026,2026-01-10,55.0000,False
infectious_disease,respiratory,COVID-19,Nation,England,COVID-19_healthcare_admissionByDay,all,all,default,2026,2026-01-09,73.0000,False
infectious_disease,respiratory,COVID-19,Nation,England,COVID-19_healthcare_admissionByDay,all,all,default,2026,2026-01-08,79.0000,False
infectious_disease,respiratory,COVID-19,Nation,England,COVID-19_healthcare_admissionByDay,all,all,default,2026,2026-01-07,72.0000,False
infectious_disease,respiratory,COVID-19,Nation,England,COVID-19_healthcare_admissionByDay,all,all,default,2026,2026-01-06,91.0000,False
infectious_disease,respiratory,COVID-19,Nation,England,COVID-19_healthcare_admissionByDay,all,all,default,2026,2026-01-05,73.0000,False
infectious_disease,respiratory,COVID-19,Nation,England,COVID-19_healthcare_admissionByDay,all,all,default,2026,2026-01-04,83.0000,False
infectious_disease,respiratory,COVID-19,Nation,England,COVID-19_healthcare_admissionByDay,all,all,default,2026,2026-01-03,73.0000,False
infectious_disease,respiratory,COVID-19,Nation,England,COVID-19_healthcare_admissionByDay,all,all,default,2026,2026-01-02,70.0000,False
infectious_disease,respiratory,COVID-19,Nation,England,COVID-19_healthcare_admissionByDay,all,all,default,2026,2026-01-01,58.0000,False
infectious_disease,respiratory,COVID-19,Nation,England,COVID-19_healthcare_admissionByDay,all,all,default,2025,2025-12-31,56.0000,False
infectious_disease,respiratory,COVID-19,Nation,England,COVID-19_healthcare_admissionByDay,all,all,default,2025,2025-12-30,102.0000,False
infectious_disease,respiratory,COVID-19,Nation,England,COVID-19_healthcare_admissionByDay,all,all,default,2025,2025-12-29,83.0000,False
infectious_disease,respiratory,COVID-19,Nation,England,COVID-19_healthcare_admissionByDay,all,all,default,2025,2025-12-28,87.0000,False
infectious_disease,respiratory,COVID-19,Nation,England,COVID-19_healthcare_admissionByDay,all,all,default,2025,2025-12-27,66.0000,False
infectious_disease,respiratory,COVID-19,Nation,England,COVID-19_healthcare_admissionByDay,all,all,default,2025,2025-12-26,63.0000,False
infectious_disease,respiratory,COVID-19,Nation,England,COVID-19_healthcare_admissionByDay,all,all,default,2025,2025-12-25,59.0000,False
infectious_disease,respiratory,COVID-19,Nation,England,COVID-19_healthcare_admissionByDay,all,all,default,2025,2025-12-24,62.0000,False
infectious_disease,respiratory,COVID-19,Nation,England,COVID-19_healthcare_admissionByDay,all,all,default,2025,2025-12-23,63.0000,False
infectious_disease,respiratory,COVID-19,Nation,England,COVID-19_healthcare_admissionByDay,all,all,default,2025,2025-12-22,75.0000,False
infectious_disease,respiratory,COVID-19,Nation,England,COVID-19_healthcare_admissionByDay,all,all,default,2025,2025-12-21,71.0000,False
infectious_disease,respiratory,COVID-19,Nation,England,COVID-19_healthcare_admissionByDay,all,all,default,2025,2025-12-20,51.0000,False
infectious_disease,respiratory,COVID-19,Nation,England,COVID-19_healthcare_admissionByDay,all,all,default,2025,2025-12-19,68.0000,False
infectious_disease,respiratory,COVID-19,Nation,England,COVID-19_healthcare_admissionByDay,all,all,default,2025,2025-12-18,71.0000,False
infectious_disease,respiratory,COVID-19,Nation,England,COVID-19_healthcare_admissionByDay,all,all,default,2025,2025-12-17,78.0000,False
infectious_disease,respiratory,COVID-19,Nation,England,COVID-19_healthcare_admissionByDay,all,all,default,2025,2025-12-16,93.0000,False
infectious_disease,respiratory,COVID-19,Nation,England,COVID-19_healthcare_admissionByDay,all,all,default,2025,2025-12-15,84.0000,False
infectious_disease,respiratory,COVID-19,Nation,England,COVID-19_healthcare_admissionByDay,all,all,default,2025,2025-12-14,81.0000,False
infectious_disease,respiratory,COVID-19,Nation,England,COVID-19_healthcare_admissionByDay,all,all,default,2025,2025-12-13,70.0000,False
infectious_disease,respiratory,COVID-19,Nation,England,COVID-19_healthcare_admissionByDay,all,all,default,2025,2025-12-12,61.0000,False
infectious_disease,respiratory,COVID-19,Nation,England,COVID-19_healthcare_admissionByDay,all,all,default,2025,2025-12-11,78.0000,False
infectious_disease,respiratory,COVID-19,Nation,England,COVID-19_healthcare_admissionByDay,all,all,default,2025,2025-12-10,103.0000,False
infectious_disease,respiratory,COVID-19,Nation,England,COVID-19_healthcare_admissionByDay,all,all,default,2025,2025-12-09,116.0000,False
infectious_disease,respiratory,COVID-19,Nation,England,COVID-19_healthcare_admissionByDay,all,all,default,2025,2025-12-08,100.0000,False
infectious_disease,respiratory,COVID-19,Nation,England,COVID-19_healthcare_admissionByDay,all,all,default,2025,2025-12-07,112.0000,False
infectious_disease,respiratory,COVID-19,Nation,England,COVID-19_healthcare_admissionByDay,all,all,default,2025,2025-12-06,71.0000,False
infectious_disease,respiratory,COVID-19,Nation,England,COVID-19_healthcare_admissionByDay,all,all,default,2025,2025-12-05,81.0000,False
infectious_disease,respiratory,COVID-19,Nation,England,COVID-19_healthcare_admissionByDay,all,all,default,2025,2025-12-04,96.0000,False
infectious_disease,respiratory,COVID-19,Nation,England,COVID-19_healthcare_admissionByDay,all,all,default,2025,2025-12-03,98.0000,False
infectious_disease,respiratory,COVID-19,Nation,England,COVID-19_healthcare_admissionByDay,all,all,default,2025,2025-12-02,115.0000,False
infectious_disease,respiratory,COVID-19,Nation,England,COVID-19_healthcare_admissionByDay,all,all,default,2025,2025-12-01,108.0000,False
infectious_disease,respiratory,COVID-19,Nation,England,COVID-19_healthcare_admissionByDay,all,all,default,2025,2025-11-30,107.0000,False
infectious_disease,respiratory,COVID-19,Nation,England,COVID-19_healthcare_admissionByDay,all,all,default,2025,2025-11-29,71.0000,False
infectious_disease,respiratory,COVID-19,Nation,England,COVID-19_healthcare_admissionByDay,all,all,default,2025,2025-11-28,86.0000,False
infectious_disease,respiratory,COVID-19,Nation,England,COVID-19_healthcare_admissionByDay,all,all,default,2025,2025-11-27,121.0000,False
infectious_disease,respiratory,COVID-19,Nation,England,COVID-19_healthcare_admissionByDay,all,all,default,2025,2025-11-26,112.0000,False
infectious_disease,respiratory,COVID-19,Nation,England,COVID-19_healthcare_admissionByDay,all,all,default,2025,2025-11-25,110.0000,False
infectious_disease,respiratory,COVID-19,Nation,England,COVID-19_healthcare_admissionByDay,all,all,default,2025,2025-11-24,85.0000,False
infectious_disease,respiratory,COVID-19,Nation,England,COVID-19_healthcare_admissionByDay,all,all,default,2025,2025-11-23,72.0000,False
infectious_disease,respiratory,COVID-19,Nation,England,COVID-19_healthcare_admissionByDay,all,all,default,2025,2025-11-22,69.0000,False
infectious_disease,respiratory,COVID-19,Nation,England,COVID-19_healthcare_admissionByDay,all,all,default,2025,2025-11-21,64.0000,False
infectious_disease,respiratory,COVID-19,Nation,England,COVID-19_healthcare_admissionByDay,all,all,default,2025,2025-11-20,97.0000,False
infectious_disease,respiratory,COVID-19,Nation,England,COVID-19_healthcare_admissionByDay,all,all,default,2025,2025-11-19,65.0000,False
infectious_disease,respiratory,COVID-19,Nation,England,COVID-19_healthcare_admissionByDay,all,all,default,2025,2025-11-18,81.0000,False
infectious_disease,respiratory,COVID-19,Nation,England,COVID-19_healthcare_admissionByDay,all,all,default,2025,2025-11-17,74.0000,False
infectious_disease,respiratory,COVID-19,Nation,England,COVID-19_healthcare_admissionByDay,all,all,default,2025,2025-11-16,88.0000,False
infectious_disease,respiratory,COVID-19,Nation,England,COVID-19_healthcare_admissionByDay,all,all,default,2025,2025-11-15,56.0000,False
infectious_disease,respiratory,COVID-19,Nation,England,COVID-19_healthcare_admissionByDay,all,all,default,2025,2025-11-14,88.0000,False
infectious_disease,respiratory,COVID-19,Nation,England,COVID-19_healthcare_admissionByDay,all,all,default,2025,2025-11-13,96.0000,False
infectious_disease,respiratory,COVID-19,Nation,England,COVID-19_healthcare_admissionByDay,all,all,default,2025,2025-11-12,110.0000,False
infectious_disease,respiratory,COVID-19,Nation,England,COVID-19_healthcare_admissionByDay,all,all,default,2025,2025-11-11,105.0000,False
infectious_disease,respiratory,COVID-19,Nation,England,COVID-19_healthcare_admissionByDay,all,all,default,2025,2025-11-10,98.0000,False
infectious_disease,respiratory,COVID-19,Nation,England,COVID-19_healthcare_admissionByDay,all,all,default,2025,2025-11-09,103.0000,False
infectious_disease,respiratory,COVID-19,Nation,England,COVID-19_healthcare_admissionByDay,all,all,default,2025,2025-11-08,94.0000,False
infectious_disease,respiratory,COVID-19,Nation,England,COVID-19_healthcare_admissionByDay,all,all,default,2025,2025-11-07,107.0000,False
infectious_disease,respiratory,COVID-19,Nation,England,COVID-19_healthcare_admissionByDay,all,all,default,2025,2025-11-06,114.0000,False
infectious_disease,respiratory,COVID-19,Nation,England,COVID-19_healthcare_admissionByDay,all,all,default,2025,2025-11-05,156.0000,False
infectious_disease,respiratory,COVID-19,Nation,England,COVID-19_healthcare_admissionByDay,all,all,default,2025,2025-11-04,169.0000,False
infectious_disease,respiratory,COVID-19,Nation,England,COVID-19_healthcare_admissionByDay,all,all,default,2025,2025-11-03,182.0000,False
infectious_disease,respiratory,COVID-19,Nation,England,COVID-19_healthcare_admissionByDay,all,all,default,2025,2025-11-02,146.0000,False
infectious_disease,respiratory,COVID-19,Nation,England,COVID-19_healthcare_admissionByDay,all,all,default,2025,2025-11-01,154.0000,False
infectious_disease,respiratory,COVID-19,Nation,England,COVID-19_healthcare_admissionByDay,all,all,default,2025,2025-10-31,145.0000,False
infectious_disease,respiratory,COVID-19,Nation,England,COVID-19_healthcare_admissionByDay,all,all,default,2025,2025-10-30,164.0000,False
infectious_disease,respiratory,COVID-19,Nation,England,COVID-19_healthcare_admissionByDay,all,all,default,2025,2025-10-29,182.0000,False
infectious_disease,respiratory,COVID-19,Nation,England,COVID-19_healthcare_admissionByDay,all,all,default,2025,2025-10-28,190.0000,False
infectious_disease,respiratory,COVID-19,Nation,England,COVID-19_healthcare_admissionByDay,all,all,default,2025,2025-10-27,205.0000,False
infectious_disease,respiratory,COVID-19,Nation,England,COVID-19_healthcare_admissionByDay,all,all,default,2025,2025-10-26,177.0000,False
infectious_disease,respiratory,COVID-19,Nation,England,COVID-19_healthcare_admissionByDay,all,all,default,2025,2025-10-25,149.0000,False
infectious_disease,respiratory,COVID-19,Nation,England,COVID-19_healthcare_admissionByDay,all,all,default,2025,2025-10-24,150.0000,False
infectious_disease,respiratory,COVID-19,Nation,England,COVID-19_healthcare_admissionByDay,all,all,default,2025,2025-10-23,215.0000,False
infectious_disease,respiratory,COVID-19,Nation,England,COVID-19_healthcare_admissionByDay,all,all,default,2025,2025-10-22,245.0000,False
infectious_disease,respiratory,COVID-19,Nation,England,COVID-19_healthcare_admissionByDay,all,all,default,2025,2025-10-21,240.0000,False
infectious_disease,respiratory,COVID-19,Nation,England,COVID-19_healthcare_admissionByDay,all,all,default,2025,2025-10-20,242.0000,False
infectious_disease,respiratory,COVID-19,Nation,England,COVID-19_healthcare_admissionByDay,all,all,default,2025,2025-10-19,238.0000,False
infectious_disease,respiratory,COVID-19,Nation,England,COVID-19_healthcare_admissionByDay,all,all,default,2025,2025-10-18,175.0000,False
infectious_disease,respiratory,COVID-19,Nation,England,COVID-19_healthcare_admissionByDay,all,all,default,2025,2025-10-17,232.0000,False
infectious_disease,respiratory,COVID-19,Nation,England,COVID-19_healthcare_admissionByDay,all,all,default,2025,2025-10-16,244.0000,False
infectious_disease,respiratory,COVID-19,Nation,England,COVID-19_healthcare_admissionByDay,all,all,default,2025,2025-10-15,319.0000,False
infectious_disease,respiratory,COVID-19,Nation,England,COVID-19_healthcare_admissionByDay,all,all,default,2025,2025-10-14,316.0000,False
infectious_disease,respiratory,COVID-19,Nation,England,COVID-19_healthcare_admissionByDay,all,all,default,2025,2025-10-13,314.0000,False
infectious_disease,respiratory,COVID-19,Nation,England,COVID-19_healthcare_admissionByDay,all,all,default,2025,2025-10-12,286.0000,False
infectious_disease,respiratory,COVID-19,Nation,England,COVID-19_healthcare_admissionByDay,all,all,default,2025,2025-10-11,229.0000,False
infectious_disease,respiratory,COVID-19,Nation,England,COVID-19_healthcare_admissionByDay,all,all,default,2025,2025-10-10,255.0000,False
infectious_disease,respiratory,COVID-19,Nation,England,COVID-19_healthcare_admissionByDay,all,all,default,2025,2025-10-09,354.0000,False
infectious_disease,respiratory,COVID-19,Nation,England,COVID-19_healthcare_admissionByDay,all,all,default,2025,2025-10-08,383.0000,False
infectious_disease,respiratory,COVID-19,Nation,England,COVID-19_healthcare_admissionByDay,all,all,default,2025,2025-10-07,392.0000,False
infectious_disease,respiratory,COVID-19,Nation,England,COVID-19_healthcare_admissionByDay,all,all,default,2025,2025-10-06,346.0000,False
infectious_disease,respiratory,COVID-19,Nation,England,COVID-19_healthcare_admissionByDay,all,all,default,2025,2025-10-05,359.0000,False
infectious_disease,respiratory,COVID-19,Nation,England,COVID-19_healthcare_admissionByDay,all,all,default,2025,2025-10-04,287.0000,False
infectious_disease,respiratory,COVID-19,Nation,England,COVID-19_healthcare_admissionByDay,all,all,default,2025,2025-10-03,301.0000,False
infectious_disease,respiratory,COVID-19,Nation,England,COVID-19_healthcare_admissionByDay,all,all,default,2025,2025-10-02,374.0000,False
infectious_disease,respiratory,COVID-19,Nation,England,COVID-19_healthcare_admissionByDay,all,all,default,2025,2025-10-01,367.0000,False
infectious_disease,respiratory,COVID-19,Nation,England,COVID-19_healthcare_admissionByDay,all,all,default,2025,2025-09-30,329.0000,False
infectious_disease,respiratory,COVID-19,Nation,England,COVID-19_healthcare_admissionByDay,all,all,default,2025,2025-09-29,325.0000,False
infectious_disease,respiratory,COVID-19,Nation,England,COVID-19_healthcare_admissionByDay,all,all,default,2025,2025-09-28,322.0000,False
infectious_disease,respiratory,COVID-19,Nation,England,COVID-19_healthcare_admissionByDay,all,all,default,2025,2025-09-27,216.0000,False
infectious_disease,respiratory,COVID-19,Nation,England,COVID-19_healthcare_admissionByDay,all,all,default,2025,2025-09-26,287.0000,False
infectious_disease,respiratory,COVID-19,Nation,England,COVID-19_healthcare_admissionByDay,all,all,default,2025,2025-09-25,305.0000,False
infectious_disease,respiratory,COVID-19,Nation,England,COVID-19_healthcare_admissionByDay,all,all,default,2025,2025-09-24,293.0000,False
infectious_disease,respiratory,COVID-19,Nation,England,COVID-19_healthcare_admissionByDay,all,all,default,2025,2025-09-23,301.0000,False
infectious_disease,respiratory,COVID-19,Nation,England,COVID-19_healthcare_admissionByDay,all,all,default,2025,2025-09-22,306.0000,False
infectious_disease,respiratory,COVID-19,Nation,England,COVID-19_healthcare_admissionByDay,all,all,default,2025,2025-09-21,292.0000,False
infectious_disease,respiratory,COVID-19,Nation,England,COVID-19_healthcare_admissionByDay,all,all,default,2025,2025-09-20,221.0000,False
infectious_disease,respiratory,COVID-19,Nation,England,COVID-19_healthcare_admissionByDay,all,all,default,2025,2025-09-19,229.0000,False
infectious_disease,respiratory,COVID-19,Nation,England,COVID-19_healthcare_admissionByDay,all,all,default,2025,2025-09-18,290.0000,False
infectious_disease,respiratory,COVID-19,Nation,England,COVID-19_healthcare_admissionByDay,all,all,default,2025,2025-09-17,255.0000,False
infectious_disease,respiratory,COVID-19,Nation,England,COVID-19_healthcare_admissionByDay,all,all,default,2025,2025-09-16,269.0000,False
infectious_disease,respiratory,COVID-19,Nation,England,COVID-19_healthcare_admissionByDay,all,all,default,2025,2025-09-15,260.0000,False
infectious_disease,respiratory,COVID-19,Nation,England,COVID-19_healthcare_admissionByDay,all,all,default,2025,2025-09-14,225.0000,False
infectious_disease,respiratory,COVID-19,Nation,England,COVID-19_healthcare_admissionByDay,all,all,default,2025,2025-09-13,160.0000,False
infectious_disease,respiratory,COVID-19,Nation,England,COVID-19_healthcare_admissionByDay,all,all,default,2025,2025-09-12,153.0000,False
infectious_disease,respiratory,COVID-19,Nation,England,COVID-19_healthcare_admissionByDay,all,all,default,2025,2025-09-11,200.0000,False
infectious_disease,respiratory,COVID-19,Nation,England,COVID-19_healthcare_admissionByDay,all,all,default,2025,2025-09-10,178.0000,False
infectious_disease,respiratory,COVID-19,Nation,England,COVID-19_healthcare_admissionByDay,all,all,default,2025,2025-09-09,247.0000,False
infectious_disease,respiratory,COVID-19,Nation,England,COVID-19_healthcare_admissionByDay,all,all,default,2025,2025-09-08,218.0000,False
infectious_disease,respiratory,COVID-19,Nation,England,COVID-19_healthcare_admissionByDay,all,all,default,2025,2025-09-07,186.0000,False
infectious_disease,respiratory,COVID-19,Nation,England,COVID-19_healthcare_admissionByDay,all,all,default,2025,2025-09-06,149.0000,False
infectious_disease,respiratory,COVID-19,Nation,England,COVID-19_healthcare_admissionByDay,all,all,default,2025,2025-09-05,163.0000,False
infectious_disease,respiratory,COVID-19,Nation,England,COVID-19_healthcare_admissionByDay,all,all,default,2025,2025-09-04,171.0000,False
infectious_disease,respiratory,COVID-19,Nation,England,COVID-19_healthcare_admissionByDay,all,all,default,2025,2025-09-03,181.0000,False
infectious_disease,respiratory,COVID-19,Nation,England,COVID-19_healthcare_admissionByDay,all,all,default,2025,2025-09-02,199.0000,False
infectious_disease,respiratory,COVID-19,Nation,England,COVID-19_healthcare_admissionByDay,all,all,default,2025,2025-09-01,192.0000,False
infectious_disease,respiratory,COVID-19,Nation,England,COVID-19_healthcare_admissionByDay,all,all,default,2025,2025-08-31,168.0000,False
infectious_disease,respiratory,COVID-19,Nation,England,COVID-19_healthcare_admissionByDay,all,all,default,2025,2025-08-30,121.0000,False
infectious_disease,respiratory,COVID-19,Nation,England,COVID-19_healthcare_admissionByDay,all,all,default,2025,2025-08-29,134.0000,False
infectious_disease,respiratory,COVID-19,Nation,England,COVID-19_healthcare_admissionByDay,all,all,default,2025,2025-08-28,182.0000,False
infectious_disease,respiratory,COVID-19,Nation,England,COVID-19_healthcare_admissionByDay,all,all,default,2025,2025-08-27,203.0000,False
infectious_disease,respiratory,COVID-19,Nation,England,COVID-19_healthcare_admissionByDay,all,all,default,2025,2025-08-26,192.0000,False
infectious_disease,respiratory,COVID-19,Nation,England,COVID-19_healthcare_admissionByDay,all,all,default,2025,2025-08-25,158.0000,False
infectious_disease,respiratory,COVID-19,Nation,England,COVID-19_healthcare_admissionByDay,all,all,default,2025,2025-08-24,125.0000,False
infectious_disease,respiratory,COVID-19,Nation,England,COVID-19_healthcare_admissionByDay,all,all,default,2025,2025-08-23,144.0000,False
infectious_disease,respiratory,COVID-19,Nation,England,COVID-19_healthcare_admissionByDay,all,all,default,2025,2025-08-22,127.0000,False
infectious_disease,respiratory,COVID-19,Nation,England,COVID-19_healthcare_admissionByDay,all,all,default,2025,2025-08-21,137.0000,False
infectious_disease,respiratory,COVID-19,Nation,England,COVID-19_healthcare_admissionByDay,all,all,default,2025,2025-08-20,134.0000,False
infectious_disease,respiratory,COVID-19,Nation,England,COVID-19_healthcare_admissionByDay,all,all,default,2025,2025-08-19,169.0000,False
infectious_disease,respiratory,COVID-19,Nation,England,COVID-19_healthcare_admissionByDay,all,all,default,2025,2025-08-18,169.0000,False
infectious_disease,respiratory,COVID-19,Nation,England,COVID-19_healthcare_admissionByDay,all,all,default,2025,2025-08-17,159.0000,False
infectious_disease,respiratory,COVID-19,Nation,England,COVID-19_healthcare_admissionByDay,all,all,default,2025,2025-08-16,125.0000,False
infectious_disease,respiratory,COVID-19,Nation,England,COVID-19_healthcare_admissionByDay,all,all,default,2025,2025-08-15,141.0000,False
infectious_disease,respiratory,COVID-19,Nation,England,COVID-19_healthcare_admissionByDay,all,all,default,2025,2025-08-14,188.0000,False
infectious_disease,respiratory,COVID-19,Nation,England,COVID-19_healthcare_admissionByDay,all,all,default,2025,2025-08-13,161.0000,False
infectious_disease,respiratory,COVID-19,Nation,England,COVID-19_healthcare_admissionByDay,all,all,default,2025,2025-08-12,182.0000,False
infectious_disease,respiratory,COVID-19,Nation,England,COVID-19_healthcare_admissionByDay,all,all,default,2025,2025-08-11,185.0000,False
infectious_disease,respiratory,COVID-19,Nation,England,COVID-19_healthcare_admissionByDay,all,all,default,2025,2025-08-10,171.0000,False
infectious_disease,respiratory,COVID-19,Nation,England,COVID-19_healthcare_admissionByDay,all,all,default,2025,2025-08-09,121.0000,False
infectious_disease,respiratory,COVID-19,Nation,England,COVID-19_healthcare_admissionByDay,all,all,default,2025,2025-08-08,137.0000,False
infectious_disease,respiratory,COVID-19,Nation,England,COVID-19_healthcare_admissionByDay,all,all,default,2025,2025-08-07,169.0000,False
infectious_disease,respiratory,COVID-19,Nation,England,COVID-19_healthcare_admissionByDay,all,all,default,2025,2025-08-06,156.0000,False
infectious_disease,respiratory,COVID-19,Nation,England,COVID-19_healthcare_admissionByDay,all,all,default,2025,2025-08-05,145.0000,False
infectious_disease,respiratory,COVID-19,Nation,England,COVID-19_healthcare_admissionByDay,all,all,default,2025,2025-08-04,128.0000,False
infectious_disease,respiratory,COVID-19,Nation,England,COVID-19_healthcare_admissionByDay,all,all,default,2025,2025-08-03,107.0000,False
infectious_disease,respiratory,COVID-19,Nation,England,COVID-19_healthcare_admissionByDay,all,all,default,2025,2025-08-02,76.0000,False
infectious_disease,respiratory,COVID-19,Nation,England,COVID-19_healthcare_admissionByDay,all,all,default,2025,2025-08-01,103.0000,False
infectious_disease,respiratory,COVID-19,Nation,England,COVID-19_healthcare_admissionByDay,all,all,default,2025,2025-07-31,131.0000,False
infectious_disease,respiratory,COVID-19,Nation,England,COVID-19_healthcare_admissionByDay,all,all,default,2025,2025-07-30,149.0000,False
infectious_disease,respiratory,COVID-19,Nation,England,COVID-19_healthcare_admissionByDay,all,all,default,2025,2025-07-29,134.0000,False
infectious_disease,respiratory,COVID-19,Nation,England,COVID-19_healthcare_admissionByDay,all,all,default,2025,2025-07-28,90.0000,False
infectious_disease,respiratory,COVID-19,Nation,England,COVID-19_healthcare_admissionByDay,all,all,default,2025,2025-07-27,115.0000,False
infectious_disease,respiratory,COVID-19,Nation,England,COVID-19_healthcare_admissionByDay,all,all,default,2025,2025-07-26,94.0000,False
infectious_disease,respiratory,COVID-19,Nation,England,COVID-19_healthcare_admissionByDay,all,all,default,2025,2025-07-25,104.0000,False
infectious_disease,respiratory,COVID-19,Nation,England,COVID-19_healthcare_admissionByDay,all,all,default,2025,2025-07-24,122.0000,False
infectious_disease,respiratory,COVID-19,Nation,England,COVID-19_healthcare_admissionByDay,all,all,default,2025,2025-07-23,131.0000,False
infectious_disease,respiratory,COVID-19,Nation,England,COVID-19_healthcare_admissionByDay,all,all,default,2025,2025-07-22,111.0000,False
infectious_disease,respiratory,COVID-19,Nation,England,COVID-19_healthcare_admissionByDay,all,all,default,2025,2025-07-21,135.0000,False
infectious_disease,respiratory,COVID-19,Nation,England,COVID-19_healthcare_admissionByDay,all,all,default,2025,2025-07-20,103.0000,False
infectious_disease,respiratory,COVID-19,Nation,England,COVID-19_healthcare_admissionByDay,all,all,default,2025,2025-07-19,89.0000,False
infectious_disease,respiratory,COVID-19,Nation,England,COVID-19_healthcare_admissionByDay,all,all,default,2025,2025-07-18,106.0000,False
infectious_disease,respiratory,COVID-19,Nation,England,COVID-19_healthcare_admissionByDay,all,all,default,2025,2025-07-17,165.0000,False
infectious_disease,respiratory,COVID-19,Nation,England,COVID-19_healthcare_admissionByDay,all,all,default,2025,2025-07-16,133.0000,False
infectious_disease,respiratory,COVID-19,Nation,England,COVID-19_healthcare_admissionByDay,all,all,default,2025,2025-07-15,115.0000,False
infectious_disease,respiratory,COVID-19,Nation,England,COVID-19_healthcare_admissionByDay,all,all,default,2025,2025-07-14,128.0000,False
infectious_disease,respiratory,COVID-19,Nation,England,COVID-19_healthcare_admissionByDay,all,all,default,2025,2025-07-13,104.0000,False
infectious_disease,respiratory,COVID-19,Nation,England,COVID-19_healthcare_admissionByDay,all,all,default,2025,2025-07-12,89.0000,False
infectious_disease,respiratory,COVID-19,Nation,England,COVID-19_healthcare_admissionByDay,all,all,default,2025,2025-07-11,121.0000,False
infectious_disease,respiratory,COVID-19,Nation,England,COVID-19_healthcare_admissionByDay,all,all,default,2025,2025-07-10,130.0000,False
infectious_disease,respiratory,COVID-19,Nation,England,COVID-19_healthcare_admissionByDay,all,all,default,2025,2025-07-09,131.0000,False
infectious_disease,respiratory,COVID-19,Nation,England,COVID-19_healthcare_admissionByDay,all,all,default,2025,2025-07-08,92.0000,False
infectious_disease,respiratory,COVID-19,Nation,England,COVID-19_healthcare_admissionByDay,all,all,default,2025,2025-07-07,149.0000,False
infectious_disease,respiratory,COVID-19,Nation,England,COVID-19_healthcare_admissionByDay,all,all,default,2025,2025-07-06,104.0000,False
infectious_disease,respiratory,COVID-19,Nation,England,COVID-19_healthcare_admissionByDay,all,all,default,2025,2025-07-05,82.0000,False
infectious_disease,respiratory,COVID-19,Nation,England,COVID-19_healthcare_admissionByDay,all,all,default,2025,2025-07-04,82.0000,False
infectious_disease,respiratory,COVID-19,Nation,England,COVID-19_healthcare_admissionByDay,all,all,default,2025,2025-07-03,100.0000,False
infectious_disease,respiratory,COVID-19,Nation,England,COVID-19_healthcare_admissionByDay,all,all,default,2025,2025-07-02,108.0000,False
infectious_disease,respiratory,COVID-19,Nation,England,COVID-19_healthcare_admissionByDay,all,all,default,2025,2025-07-01,110.0000,False
infectious_disease,respiratory,COVID-19,Nation,England,COVID-19_healthcare_admissionByDay,all,all,default,2025,2025-06-30,107.0000,False
infectious_disease,respiratory,COVID-19,Nation,England,COVID-19_healthcare_admissionByDay,all,all,default,2025,2025-06-29,109.0000,False
infectious_disease,respiratory,COVID-19,Nation,England,COVID-19_healthcare_admissionByDay,all,all,default,2025,2025-06-28,84.0000,False
infectious_disease,respiratory,COVID-19,Nation,England,COVID-19_healthcare_admissionByDay,all,all,default,2025,2025-06-27,96.0000,False
infectious_disease,respiratory,COVID-19,Nation,England,COVID-19_healthcare_admissionByDay,all,all,default,2025,2025-06-26,102.0000,False
infectious_disease,respiratory,COVID-19,Nation,England,COVID-19_healthcare_admissionByDay,all,all,default,2025,2025-06-25,119.0000,False
infectious_disease,respiratory,COVID-19,Nation,England,COVID-19_healthcare_admissionByDay,all,all,default,2025,2025-06-24,122.0000,False
infectious_disease,respiratory,COVID-19,Nation,England,COVID-19_healthcare_admissionByDay,all,all,default,2025,2025-06-23,123.0000,False
infectious_disease,respiratory,COVID-19,Nation,England,COVID-19_healthcare_admissionByDay,all,all,default,2025,2025-06-22,139.0000,False
infectious_disease,respiratory,COVID-19,Nation,England,COVID-19_healthcare_admissionByDay,all,all,default,2025,2025-06-21,115.0000,False
infectious_disease,respiratory,COVID-19,Nation,England,COVID-19_healthcare_admissionByDay,all,all,default,2025,2025-06-20,134.0000,False
infectious_disease,respiratory,COVID-19,Nation,England,COVID-19_healthcare_admissionByDay,all,all,default,2025,2025-06-19,146.0000,False
infectious_disease,respiratory,COVID-19,Nation,England,COVID-19_healthcare_admissionByDay,all,all,default,2025,2025-06-18,153.0000,False
infectious_disease,respiratory,COVID-19,Nation,England,COVID-19_healthcare_admissionByDay,all,all,default,2025,2025-06-17,164.0000,False
infectious_disease,respiratory,COVID-19,Nation,England,COVID-19_healthcare_admissionByDay,all,all,default,2025,2025-06-16,156.0000,False
infectious_disease,respiratory,COVID-19,Nation,England,COVID-19_healthcare_admissionByDay,all,all,default,2025,2025-06-15,146.0000,False
infectious_disease,respiratory,COVID-19,Nation,England,COVID-19_healthcare_admissionByDay,all,all,default,2025,2025-06-14,118.0000,False
infectious_disease,respiratory,COVID-19,Nation,England,COVID-19_healthcare_admissionByDay,all,all,default,2025,2025-06-13,132.0000,False
infectious_disease,respiratory,COVID-19,Nation,England,COVID-19_healthcare_admissionByDay,all,all,default,2025,2025-06-12,144.0000,False
infectious_disease,respiratory,COVID-19,Nation,England,COVID-19_healthcare_admissionByDay,all,all,default,2025,2025-06-11,169.0000,False
infectious_disease,respiratory,COVID-19,Nation,England,COVID-19_healthcare_admissionByDay,all,all,default,2025,2025-06-10,135.0000,False
infectious_disease,respiratory,COVID-19,Nation,England,COVID-19_healthcare_admissionByDay,all,all,default,2025,2025-06-09,164.0000,False
infectious_disease,respiratory,COVID-19,Nation,England,COVID-19_healthcare_admissionByDay,all,all,default,2025,2025-06-08,164.0000,False
infectious_disease,respiratory,COVID-19,Nation,England,COVID-19_healthcare_admissionByDay,all,all,default,2025,2025-06-07,90.0000,False
infectious_disease,respiratory,COVID-19,Nation,England,COVID-19_healthcare_admissionByDay,all,all,default,2025,2025-06-06,111.0000,False
infectious_disease,respiratory,COVID-19,Nation,England,COVID-19_healthcare_admissionByDay,all,all,default,2025,2025-06-05,115.0000,False
infectious_disease,respiratory,COVID-19,Nation,England,COVID-19_healthcare_admissionByDay,all,all,default,2025,2025-06-04,144.0000,False
infectious_disease,respiratory,COVID-19,Nation,England,COVID-19_healthcare_admissionByDay,all,all,default,2025,2025-06-03,125.0000,False
infectious_disease,respiratory,COVID-19,Nation,England,COVID-19_healthcare_admissionByDay,all,all,default,2025,2025-06-02,156.0000,False
infectious_disease,respiratory,COVID-19,Nation,England,COVID-19_healthcare_admissionByDay,all,all,default,2025,2025-06-01,128.0000,False
infectious_disease,respiratory,COVID-19,Nation,England,COVID-19_healthcare_admissionByDay,all,all,default,2025,2025-05-31,119.0000,False
infectious_disease,respiratory,COVID-19,Nation,England,COVID-19_healthcare_admissionByDay,all,all,default,2025,2025-05-30,140.0000,False
infectious_disease,respiratory,COVID-19,Nation,England,COVID-19_healthcare_admissionByDay,all,all,default,2025,2025-05-29,150.0000,False
infectious_disease,respiratory,COVID-19,Nation,England,COVID-19_healthcare_admissionByDay,all,all,default,2025,2025-05-28,148.0000,False
infectious_disease,respiratory,COVID-19,Nation,England,COVID-19_healthcare_admissionByDay,all,all,default,2025,2025-05-27,152.0000,False
infectious_disease,respiratory,COVID-19,Nation,England,COVID-19_healthcare_admissionByDay,all,all,default,2025,2025-05-26,130.0000,False
infectious_disease,respiratory,COVID-19,Nation,England,COVID-19_healthcare_admissionByDay,all,all,default,2025,2025-05-25,108.0000,False
infectious_disease,respiratory,COVID-19,Nation,England,COVID-19_healthcare_admissionByDay,all,all,default,2025,2025-05-24,103.0000,False
infectious_disease,respiratory,COVID-19,Nation,England,COVID-19_healthcare_admissionByDay,all,all,default,2025,2025-05-23,118.0000,False
infectious_disease,respiratory,COVID-19,Nation,England,COVID-19_healthcare_admissionByDay,all,all,default,2025,2025-05-22,118.0000,False
infectious_disease,respiratory,COVID-19,Nation,England,COVID-19_healthcare_admissionByDay,all,all,default,2025,2025-05-21,120.0000,False
infectious_disease,respiratory,COVID-19,Nation,England,COVID-19_healthcare_admissionByDay,all,all,default,2025,2025-05-20,130.0000,False
infectious_disease,respiratory,COVID-19,Nation,England,COVID-19_healthcare_admissionByDay,all,all,default,2025,2025-05-19,146.0000,False
infectious_disease,respiratory,COVID-19,Nation,England,COVID-19_healthcare_admissionByDay,all,all,default,2025,2025-05-18,131.0000,False
infectious_disease,respiratory,COVID-19,Nation,England,COVID-19_healthcare_admissionByDay,all,all,default,2025,2025-05-17,111.0000,False
infectious_disease,respiratory,COVID-19,Nation,England,COVID-19_healthcare_admissionByDay,all,all,default,2025,2025-05-16,117.0000,False
infectious_disease,respiratory,COVID-19,Nation,England,COVID-19_healthcare_admissionByDay,all,all,default,2025,2025-05-15,116.0000,False
infectious_disease,respiratory,COVID-19,Nation,England,COVID-19_healthcare_admissionByDay,all,all,default,2025,2025-05-14,101.0000,False
infectious_disease,respiratory,COVID-19,Nation,England,COVID-19_healthcare_admissionByDay,all,all,default,2025,2025-05-13,148.0000,False
infectious_disease,respiratory,COVID-19,Nation,England,COVID-19_healthcare_admissionByDay,all,all,default,2025,2025-05-12,155.0000,False
infectious_disease,respiratory,COVID-19,Nation,England,COVID-19_healthcare_admissionByDay,all,all,default,2025,2025-05-11,148.0000,False
infectious_disease,respiratory,COVID-19,Nation,England,COVID-19_healthcare_admissionByDay,all,all,default,2025,2025-05-10,116.0000,False
infectious_disease,respiratory,COVID-19,Nation,England,COVID-19_healthcare_admissionByDay,all,all,default,2025,2025-05-09,103.0000,False
infectious_disease,respiratory,COVID-19,Nation,England,COVID-19_healthcare_admissionByDay,all,all,default,2025,2025-05-08,163.0000,False
infectious_disease,respiratory,COVID-19,Nation,England,COVID-19_healthcare_admissionByDay,all,all,default,2025,2025-05-07,142.0000,False
infectious_disease,respiratory,COVID-19,Nation,England,COVID-19_healthcare_admissionByDay,all,all,default,2025,2025-05-06,124.0000,False
infectious_disease,respiratory,COVID-19,Nation,England,COVID-19_healthcare_admissionByDay,all,all,default,2025,2025-05-05,117.0000,False
infectious_disease,respiratory,COVID-19,Nation,England,COVID-19_healthcare_admissionByDay,all,all,default,2025,2025-05-04,99.0000,False
infectious_disease,respiratory,COVID-19,Nation,England,COVID-19_healthcare_admissionByDay,all,all,default,2025,2025-05-03,108.0000,False
infectious_disease,respiratory,COVID-19,Nation,England,COVID-19_healthcare_admissionByDay,all,all,default,2025,2025-05-02,115.0000,False
infectious_disease,respiratory,COVID-19,Nation,England,COVID-19_healthcare_admissionByDay,all,all,default,2025,2025-05-01,144.0000,False
infectious_disease,respiratory,COVID-19,Nation,England,COVID-19_healthcare_admissionByDay,all,all,default,2025,2025-04-30,141.0000,False
infectious_disease,respiratory,COVID-19,Nation,England,COVID-19_healthcare_admissionByDay,all,all,default,2025,2025-04-29,161.0000,False
infectious_disease,respiratory,COVID-19,Nation,England,COVID-19_healthcare_admissionByDay,all,all,default,2025,2025-04-28,166.0000,False
infectious_disease,respiratory,COVID-19,Nation,England,COVID-19_healthcare_admissionByDay,all,all,default,2025,2025-04-27,131.0000,False
infectious_disease,respiratory,COVID-19,Nation,England,COVID-19_healthcare_admissionByDay,all,all,default,2025,2025-04-26,134.0000,False
infectious_disease,respiratory,COVID-19,Nation,England,COVID-19_healthcare_admissionByDay,all,all,default,2025,2025-04-25,159.0000,False
infectious_disease,respiratory,COVID-19,Nation,England,COVID-19_healthcare_admissionByDay,all,all,default,2025,2025-04-24,151.0000,False
infectious_disease,respiratory,COVID-19,Nation,England,COVID-19_healthcare_admissionByDay,all,all,default,2025,2025-04-23,182.0000,False
infectious_disease,respiratory,COVID-19,Nation,England,COVID-19_healthcare_admissionByDay,all,all,default,2025,2025-04-22,169.0000,False
infectious_disease,respiratory,COVID-19,Nation,England,COVID-19_healthcare_admissionByDay,all,all,default,2025,2025-04-21,166.0000,False
infectious_disease,respiratory,COVID-19,Nation,England,COVID-19_healthcare_admissionByDay,all,all,default,2025,2025-04-20,131.0000,False
infectious_disease,respiratory,COVID-19,Nation,England,COVID-19_healthcare_admissionByDay,all,all,default,2025,2025-04-19,121.0000,False
infectious_disease,respiratory,COVID-19,Nation,England,COVID-19_healthcare_admissionByDay,all,all,default,2025,2025-04-18,117.0000,False
infectious_disease,respiratory,COVID-19,Nation,England,COVID-19_healthcare_admissionByDay,all,all,default,2025,2025-04-17,122.0000,False
infectious_disease,respiratory,COVID-19,Nation,England,COVID-19_healthcare_admissionByDay,all,all,default,2025,2025-04-16,156.0000,False
infectious_disease,respiratory,COVID-19,Nation,England,COVID-19_healthcare_admissionByDay,all,all,default,2025,2025-04-15,165.0000,False
infectious_disease,respiratory,COVID-19,Nation,England,COVID-19_healthcare_admissionByDay,all,all,default,2025,2025-04-14,170.0000,False
infectious_disease,respiratory,COVID-19,Nation,England,COVID-19_healthcare_admissionByDay,all,all,default,2025,2025-04-13,151.0000,False
infectious_disease,respiratory,COVID-19,Nation,England,COVID-19_healthcare_admissionByDay,all,all,default,2025,2025-04-12,140.0000,False
infectious_disease,respiratory,COVID-19,Nation,England,COVID-19_healthcare_admissionByDay,all,all,default,2025,2025-04-11,132.0000,False
infectious_disease,respiratory,COVID-19,Nation,England,COVID-19_healthcare_admissionByDay,all,all,default,2025,2025-04-10,166.0000,False
infectious_disease,respiratory,COVID-19,Nation,England,COVID-19_healthcare_admissionByDay,all,all,default,2025,2025-04-09,150.0000,False
infectious_disease,respiratory,COVID-19,Nation,England,COVID-19_healthcare_admissionByDay,all,all,default,2025,2025-04-08,141.0000,False
infectious_disease,respiratory,COVID-19,Nation,England,COVID-19_healthcare_admissionByDay,all,all,default,2025,2025-04-07,144.0000,False
infectious_disease,respiratory,COVID-19,Nation,England,COVID-19_healthcare_admissionByDay,all,all,default,2025,2025-04-06,122.0000,False
infectious_disease,respiratory,COVID-19,Nation,England,COVID-19_healthcare_admissionByDay,all,all,default,2025,2025-04-05,113.0000,False
infectious_disease,respiratory,COVID-19,Nation,England,COVID-19_healthcare_admissionByDay,all,all,default,2025,2025-04-04,124.0000,False
infectious_disease,respiratory,COVID-19,Nation,England,COVID-19_healthcare_admissionByDay,all,all,default,2025,2025-04-03,136.0000,False
infectious_disease,respiratory,COVID-19,Nation,England,COVID-19_healthcare_admissionByDay,all,all,default,2025,2025-04-02,155.0000,False
infectious_disease,respiratory,COVID-19,Nation,England,COVID-19_healthcare_admissionByDay,all,all,default,2025,2025-04-01,176.0000,False
infectious_disease,respiratory,COVID-19,Nation,England,COVID-19_healthcare_admissionByDay,all,all,default,2025,2025-03-31,144.0000,False
infectious_disease,respiratory,COVID-19,Nation,England,COVID-19_healthcare_admissionByDay,all,all,default,2025,2025-03-30,155.0000,False
infectious_disease,respiratory,COVID-19,Nation,England,COVID-19_healthcare_admissionByDay,all,all,default,2025,2025-03-29,101.0000,False
infectious_disease,respiratory,COVID-19,Nation,England,COVID-19_healthcare_admissionByDay,all,all,default,2025,2025-03-28,114.0000,False
infectious_disease,respiratory,COVID-19,Nation,England,COVID-19_healthcare_admissionByDay,all,all,default,2025,2025-03-27,136.0000,False
infectious_disease,respiratory,COVID-19,Nation,England,COVID-19_healthcare_admissionByDay,all,all,default,2025,2025-03-26,177.0000,False
infectious_disease,respiratory,COVID-19,Nation,England,COVID-19_healthcare_admissionByDay,all,all,default,2025,2025-03-25,177.0000,False
infectious_disease,respiratory,COVID-19,Nation,England,COVID-19_healthcare_admissionByDay,all,all,default,2025,2025-03-24,164.0000,False
infectious_disease,respiratory,COVID-19,Nation,England,COVID-19_healthcare_admissionByDay,all,all,default,2025,2025-03-23,142.0000,False
infectious_disease,respiratory,COVID-19,Nation,England,COVID-19_healthcare_admissionByDay,all,all,default,2025,2025-03-22,147.0000,False
infectious_disease,respiratory,COVID-19,Nation,England,COVID-19_healthcare_admissionByDay,all,all,default,2025,2025-03-21,130.0000,False
infectious_disease,respiratory,COVID-19,Nation,England,COVID-19_healthcare_admissionByDay,all,all,default,2025,2025-03-20,154.0000,False
infectious_disease,respiratory,COVID-19,Nation,England,COVID-19_healthcare_admissionByDay,all,all,default,2025,2025-03-19,154.0000,False
infectious_disease,respiratory,COVID-19,Nation,England,COVID-19_healthcare_admissionByDay,all,all,default,2025,2025-03-18,136.0000,False
infectious_disease,respiratory,COVID-19,Nation,England,COVID-19_healthcare_admissionByDay,all,all,default,2025,2025-03-17,155.0000,False
infectious_disease,respiratory,COVID-19,Nation,England,COVID-19_healthcare_admissionByDay,all,all,default,2025,2025-03-16,118.0000,False
infectious_disease,respiratory,COVID-19,Nation,England,COVID-19_healthcare_admissionByDay,all,all,default,2025,2025-03-15,114.0000,False
infectious_disease,respiratory,COVID-19,Nation,England,COVID-19_healthcare_admissionByDay,all,all,default,2025,2025-03-14,122.0000,False
infectious_disease,respiratory,COVID-19,Nation,England,COVID-19_healthcare_admissionByDay,all,all,default,2025,2025-03-13,107.0000,False
infectious_disease,respiratory,COVID-19,Nation,England,COVID-19_healthcare_admissionByDay,all,all,default,2025,2025-03-12,144.0000,False
infectious_disease,respiratory,COVID-19,Nation,England,COVID-19_healthcare_admissionByDay,all,all,default,2025,2025-03-11,125.0000,False
infectious_disease,respiratory,COVID-19,Nation,England,COVID-19_healthcare_admissionByDay,all,all,default,2025,2025-03-10,147.0000,False
infectious_disease,respiratory,COVID-19,Nation,England,COVID-19_healthcare_admissionByDay,all,all,default,2025,2025-03-09,117.0000,False
infectious_disease,respiratory,COVID-19,Nation,England,COVID-19_healthcare_admissionByDay,all,all,default,2025,2025-03-08,98.0000,False
infectious_disease,respiratory,COVID-19,Nation,England,COVID-19_healthcare_admissionByDay,all,all,default,2025,2025-03-07,120.0000,False
infectious_disease,respiratory,COVID-19,Nation,England,COVID-19_healthcare_admissionByDay,all,all,default,2025,2025-03-06,131.0000,False
infectious_disease,respiratory,COVID-19,Nation,England,COVID-19_healthcare_admissionByDay,all,all,default,2025,2025-03-05,112.0000,False
infectious_disease,respiratory,COVID-19,Nation,England,COVID-19_healthcare_admissionByDay,all,all,default,2025,2025-03-04,144.0000,False
infectious_disease,respiratory,COVID-19,Nation,England,COVID-19_healthcare_admissionByDay,all,all,default,2025,2025-03-03,126.0000,False
infectious_disease,respiratory,COVID-19,Nation,England,COVID-19_healthcare_admissionByDay,all,all,default,2025,2025-03-02,91.0000,False
infectious_disease,respiratory,COVID-19,Nation,England,COVID-19_healthcare_admissionByDay,all,all,default,2025,2025-03-01,98.0000,False
infectious_disease,respiratory,COVID-19,Nation,England,COVID-19_healthcare_admissionByDay,all,all,default,2025,2025-02-28,93.0000,False
infectious_disease,respiratory,COVID-19,Nation,England,COVID-19_healthcare_admissionByDay,all,all,default,2025,2025-02-27,121.0000,False
infectious_disease,respiratory,COVID-19,Nation,England,COVID-19_healthcare_admissionByDay,all,all,default,2025,2025-02-26,133.0000,False
infectious_disease,respiratory,COVID-19,Nation,England,COVID-19_healthcare_admissionByDay,all,all,default,2025,2025-02-25,127.0000,False
infectious_disease,respiratory,COVID-19,Nation,England,COVID-19_healthcare_admissionByDay,all,all,default,2025,2025-02-24,147.0000,False
infectious_disease,respiratory,COVID-19,Nation,England,COVID-19_healthcare_admissionByDay,all,all,default,2025,2025-02-23,151.0000,False
infectious_disease,respiratory,COVID-19,Nation,England,COVID-19_healthcare_admissionByDay,all,all,default,2025,2025-02-22,96.0000,False
infectious_disease,respiratory,COVID-19,Nation,England,COVID-19_healthcare_admissionByDay,all,all,default,2025,2025-02-21,155.0000,False
infectious_disease,respiratory,COVID-19,Nation,England,COVID-19_healthcare_admissionByDay,all,all,default,2025,2025-02-20,145.0000,False
infectious_disease,respiratory,COVID-19,Nation,England,COVID-19_healthcare_admissionByDay,all,all,default,2025,2025-02-19,128.0000,False
infectious_disease,respiratory,COVID-19,Nation,England,COVID-19_healthcare_admissionByDay,all,all,default,2025,2025-02-18,130.0000,False
infectious_disease,respiratory,COVID-19,Nation,England,COVID-19_healthcare_admissionByDay,all,all,default,2025,2025-02-17,133.0000,False
infectious_disease,respiratory,COVID-19,Nation,England,COVID-19_healthcare_admissionByDay,all,all,default,2025,2025-02-16,110.0000,False
infectious_disease,respiratory,COVID-19,Nation,England,COVID-19_healthcare_admissionByDay,all,all,default,2025,2025-02-15,91.0000,False
infectious_disease,respiratory,COVID-19,Nation,England,COVID-19_healthcare_admissionByDay,all,all,default,2025,2025-02-14,105.0000,False
infectious_disease,respiratory,COVID-19,Nation,England,COVID-19_healthcare_admissionByDay,all,all,default,2025,2025-02-13,127.0000,False
infectious_disease,respiratory,COVID-19,Nation,England,COVID-19_healthcare_admissionByDay,all,all,default,2025,2025-02-12,137.0000,False
infectious_disease,respiratory,COVID-19,Nation,England,COVID-19_healthcare_admissionByDay,all,all,default,2025,2025-02-11,106.0000,False
infectious_disease,respiratory,COVID-19,Nation,England,COVID-19_healthcare_admissionByDay,all,all,default,2025,2025-02-10,142.0000,False
infectious_disease,respiratory,COVID-19,Nation,England,COVID-19_healthcare_admissionByDay,all,all,default,2025,2025-02-09,118.0000,False
infectious_disease,respiratory,COVID-19,Nation,England,COVID-19_healthcare_admissionByDay,all,all,default,2025,2025-02-08,95.0000,False
infectious_disease,respiratory,COVID-19,Nation,England,COVID-19_healthcare_admissionByDay,all,all,default,2025,2025-02-07,91.0000,False
infectious_disease,respiratory,COVID-19,Nation,England,COVID-19_healthcare_admissionByDay,all,all,default,2025,2025-02-06,134.0000,False
infectious_disease,respiratory,COVID-19,Nation,England,COVID-19_healthcare_admissionByDay,all,all,default,2025,2025-02-05,112.0000,False
infectious_disease,respiratory,COVID-19,Nation,England,COVID-19_healthcare_admissionByDay,all,all,default,2025,2025-02-04,117.0000,False
infectious_disease,respiratory,COVID-19,Nation,England,COVID-19_healthcare_admissionByDay,all,all,default,2025,2025-02-03,118.0000,False
infectious_disease,respiratory,COVID-19,Nation,England,COVID-19_healthcare_admissionByDay,all,all,default,2025,2025-02-02,121.0000,False
infectious_disease,respiratory,COVID-19,Nation,England,COVID-19_healthcare_admissionByDay,all,all,default,2025,2025-02-01,90.0000,False
infectious_disease,respiratory,COVID-19,Nation,England,COVID-19_healthcare_admissionByDay,all,all,default,2025,2025-01-31,86.0000,False
infectious_disease,respiratory,COVID-19,Nation,England,COVID-19_healthcare_admissionByDay,all,all,default,2025,2025-01-30,116.0000,False
infectious_disease,respiratory,COVID-19,Nation,England,COVID-19_healthcare_admissionByDay,all,all,default,2025,2025-01-29,135.0000,False
infectious_disease,respiratory,COVID-19,Nation,England,COVID-19_healthcare_admissionByDay,all,all,default,2025,2025-01-28,142.0000,False
infectious_disease,respiratory,COVID-19,Nation,England,COVID-19_healthcare_admissionByDay,all,all,default,2025,2025-01-27,150.0000,False
infectious_disease,respiratory,COVID-19,Nation,England,COVID-19_healthcare_admissionByDay,all,all,default,2025,2025-01-26,108.0000,False
infectious_disease,respiratory,COVID-19,Nation,England,COVID-19_healthcare_admissionByDay,all,all,default,2025,2025-01-25,72.0000,False
infectious_disease,respiratory,COVID-19,Nation,England,COVID-19_healthcare_admissionByDay,all,all,default,2025,2025-01-24,95.0000,False
infectious_disease,respiratory,COVID-19,Nation,England,COVID-19_healthcare_admissionByDay,all,all,default,2025,2025-01-23,113.0000,False
infectious_disease,respiratory,COVID-19,Nation,England,COVID-19_healthcare_admissionByDay,all,all,default,2025,2025-01-22,96.0000,False
infectious_disease,respiratory,COVID-19,Nation,England,COVID-19_healthcare_admissionByDay,all,all,default,2025,2025-01-21,116.0000,False
infectious_disease,respiratory,COVID-19,Nation,England,COVID-19_healthcare_admissionByDay,all,all,default,2025,2025-01-20,116.0000,False
infectious_disease,respiratory,COVID-19,Nation,England,COVID-19_healthcare_admissionByDay,all,all,default,2025,2025-01-19,113.0000,False
infectious_disease,respiratory,COVID-19,Nation,England,COVID-19_healthcare_admissionByDay,all,all,default,2025,2025-01-18,103.0000,False
infectious_disease,respiratory,COVID-19,Nation,England,COVID-19_healthcare_admissionByDay,all,all,default,2025,2025-01-17,98.0000,False
infectious_disease,respiratory,COVID-19,Nation,England,COVID-19_healthcare_admissionByDay,all,all,default,2025,2025-01-16,130.0000,False
infectious_disease,respiratory,COVID-19,Nation,England,COVID-19_healthcare_admissionByDay,all,all,default,2025,2025-01-15,107.0000,False
infectious_disease,respiratory,COVID-19,Nation,England,COVID-19_healthcare_admissionByDay,all,all,default,2025,2025-01-14,150.0000,False
infectious_disease,respiratory,COVID-19,Nation,England,COVID-19_healthcare_admissionByDay,all,all,default,2025,2025-01-13,137.0000,False
infectious_disease,respiratory,COVID-19,Nation,England,COVID-19_healthcare_admissionByDay,all,all,default,2025,2025-01-12,108.0000,False
infectious_disease,respiratory,COVID-19,Nation,England,COVID-19_healthcare_admissionByDay,all,all,default,2025,2025-01-11,86.0000,False
infectious_disease,respiratory,COVID-19,Nation,England,COVID-19_healthcare_admissionByDay,all,all,default,2025,2025-01-10,108.0000,False
infectious_disease,respiratory,COVID-19,Nation,England,COVID-19_healthcare_admissionByDay,all,all,default,2025,2025-01-09,129.0000,False
infectious_disease,respiratory,COVID-19,Nation,England,COVID-19_healthcare_admissionByDay,all,all,default,2025,2025-01-08,134.0000,False
infectious_disease,respiratory,COVID-19,Nation,England,COVID-19_healthcare_admissionByDay,all,all,default,2025,2025-01-07,146.0000,False
infectious_disease,respiratory,COVID-19,Nation,England,COVID-19_healthcare_admissionByDay,all,all,default,2025,2025-01-06,136.0000,False
infectious_disease,respiratory,COVID-19,Nation,England,COVID-19_healthcare_admissionByDay,all,all,default,2025,2025-01-05,121.0000,False
infectious_disease,respiratory,COVID-19,Nation,England,COVID-19_healthcare_admissionByDay,all,all,default,2025,2025-01-04,120.0000,False
infectious_disease,respiratory,COVID-19,Nation,England,COVID-19_healthcare_admissionByDay,all,all,default,2025,2025-01-03,119.0000,False
infectious_disease,respiratory,COVID-19,Nation,England,COVID-19_healthcare_admissionByDay,all,all,default,2025,2025-01-02,132.0000,False
infectious_disease,respiratory,COVID-19,Nation,England,COVID-19_healthcare_admissionByDay,all,all,default,2025,2025-01-01,144.0000,False
infectious_disease,respiratory,COVID-19,Nation,England,COVID-19_healthcare_admissionByDay,all,all,default,2024,2024-12-31,136.0000,False
infectious_disease,respiratory,COVID-19,Nation,England,COVID-19_healthcare_admissionByDay,all,all,default,2024,2024-12-30,161.0000,False
infectious_disease,respiratory,COVID-19,Nation,England,COVID-19_healthcare_admissionByDay,all,all,default,2024,2024-12-29,137.0000,False
infectious_disease,respiratory,COVID-19,Nation,England,COVID-19_healthcare_admissionByDay,all,all,default,2024,2024-12-28,124.0000,False
infectious_disease,respiratory,COVID-19,Nation,England,COVID-19_healthcare_admissionByDay,all,all,default,2024,2024-12-27,115.0000,False
infectious_disease,respiratory,COVID-19,Nation,England,COVID-19_healthcare_admissionByDay,all,all,default,2024,2024-12-26,131.0000,False
infectious_disease,respiratory,COVID-19,Nation,England,COVID-19_healthcare_admissionByDay,all,all,default,2024,2024-12-25,104.0000,False
infectious_disease,respiratory,COVID-19,Nation,England,COVID-19_healthcare_admissionByDay,all,all,default,2024,2024-12-24,105.0000,False
infectious_disease,respiratory,COVID-19,Nation,England,COVID-19_healthcare_admissionByDay,all,all,default,2024,2024-12-23,145.0000,False
infectious_disease,respiratory,COVID-19,Nation,England,COVID-19_healthcare_admissionByDay,all,all,default,2024,2024-12-22,144.0000,False
infectious_disease,respiratory,COVID-19,Nation,England,COVID-19_healthcare_admissionByDay,all,all,default,2024,2024-12-21,127.0000,False
infectious_disease,respiratory,COVID-19,Nation,England,COVID-19_healthcare_admissionByDay,all,all,default,2024,2024-12-20,130.0000,False
infectious_disease,respiratory,COVID-19,Nation,England,COVID-19_healthcare_admissionByDay,all,all,default,2024,2024-12-19,179.0000,False
infectious_disease,respiratory,COVID-19,Nation,England,COVID-19_healthcare_admissionByDay,all,all,default,2024,2024-12-18,166.0000,False
infectious_disease,respiratory,COVID-19,Nation,England,COVID-19_healthcare_admissionByDay,all,all,default,2024,2024-12-17,160.0000,False
infectious_disease,respiratory,COVID-19,Nation,England,COVID-19_healthcare_admissionByDay,all,all,default,2024,2024-12-16,173.0000,False
infectious_disease,respiratory,COVID-19,Nation,England,COVID-19_healthcare_admissionByDay,all,all,default,2024,2024-12-15,145.0000,False
infectious_disease,respiratory,COVID-19,Nation,England,COVID-19_healthcare_admissionByDay,all,all,default,2024,2024-12-14,108.0000,False
infectious_disease,respiratory,COVID-19,Nation,England,COVID-19_healthcare_admissionByDay,all,all,default,2024,2024-12-13,118.0000,False
infectious_disease,respiratory,COVID-19,Nation,England,COVID-19_healthcare_admissionByDay,all,all,default,2024,2024-12-12,146.0000,False
infectious_disease,respiratory,COVID-19,Nation,England,COVID-19_healthcare_admissionByDay,all,all,default,2024,2024-12-11,149.0000,False
infectious_disease,respiratory,COVID-19,Nation,England,COVID-19_healthcare_admissionByDay,all,all,default,2024,2024-12-10,155.0000,False
infectious_disease,respiratory,COVID-19,Nation,England,COVID-19_healthcare_admissionByDay,all,all,default,2024,2024-12-09,170.0000,False
infectious_disease,respiratory,COVID-19,Nation,England,COVID-19_healthcare_admissionByDay,all,all,default,2024,2024-12-08,135.0000,False
infectious_disease,respiratory,COVID-19,Nation,England,COVID-19_healthcare_admissionByDay,all,all,default,2024,2024-12-07,108.0000,False
infectious_disease,respiratory,COVID-19,Nation,England,COVID-19_healthcare_admissionByDay,all,all,default,2024,2024-12-06,128.0000,False
infectious_disease,respiratory,COVID-19,Nation,England,COVID-19_healthcare_admissionByDay,all,all,default,2024,2024-12-05,160.0000,False
infectious_disease,respiratory,COVID-19,Nation,England,COVID-19_healthcare_admissionByDay,all,all,default,2024,2024-12-04,169.0000,False
infectious_disease,respiratory,COVID-19,Nation,England,COVID-19_healthcare_admissionByDay,all,all,default,2024,2024-12-03,165.0000,False
infectious_disease,respiratory,COVID-19,Nation,England,COVID-19_healthcare_admissionByDay,all,all,default,2024,2024-12-02,169.0000,False
infectious_disease,respiratory,COVID-19,Nation,England,COVID-19_healthcare_admissionByDay,all,all,default,2024,2024-12-01,143.0000,False
infectious_disease,respiratory,COVID-19,Nation,England,COVID-19_healthcare_admissionByDay,all,all,default,2024,2024-11-30,121.0000,False
infectious_disease,respiratory,COVID-19,Nation,England,COVID-19_healthcare_admissionByDay,all,all,default,2024,2024-11-29,143.0000,False
infectious_disease,respiratory,COVID-19,Nation,England,COVID-19_healthcare_admissionByDay,all,all,default,2024,2024-11-28,159.0000,False
infectious_disease,respiratory,COVID-19,Nation,England,COVID-19_healthcare_admissionByDay,all,all,default,2024,2024-11-27,159.0000,False
infectious_disease,respiratory,COVID-19,Nation,England,COVID-19_healthcare_admissionByDay,all,all,default,2024,2024-11-26,166.0000,False
infectious_disease,respiratory,COVID-19,Nation,England,COVID-19_healthcare_admissionByDay,all,all,default,2024,2024-11-25,172.0000,False
infectious_disease,respiratory,COVID-19,Nation,England,COVID-19_healthcare_admissionByDay,all,all,default,2024,2024-11-24,165.0000,False
infectious_disease,respiratory,COVID-19,Nation,England,COVID-19_healthcare_admissionByDay,all,all,default,2024,2024-11-23,113.0000,False
infectious_disease,respiratory,COVID-19,Nation,England,COVID-19_healthcare_admissionByDay,all,all,default,2024,2024-11-22,135.0000,False
infectious_disease,respiratory,COVID-19,Nation,England,COVID-19_healthcare_admissionByDay,all,all,default,2024,2024-11-21,145.0000,False
infectious_disease,respiratory,COVID-19,Nation,England,COVID-19_healthcare_admissionByDay,all,all,default,2024,2024-11-20,150.0000,False
infectious_disease,respiratory,COVID-19,Nation,England,COVID-19_healthcare_admissionByDay,all,all,default,2024,2024-11-19,155.0000,False
infectious_disease,respiratory,COVID-19,Nation,England,COVID-19_healthcare_admissionByDay,all,all,default,2024,2024-11-18,192.0000,False
infectious_disease,respiratory,COVID-19,Nation,England,COVID-19_healthcare_admissionByDay,all,all,default,2024,2024-11-17,179.0000,False
infectious_disease,respiratory,COVID-19,Nation,England,COVID-19_healthcare_admissionByDay,all,all,default,2024,2024-11-16,128.0000,False
infectious_disease,respiratory,COVID-19,Nation,England,COVID-19_healthcare_admissionByDay,all,all,default,2024,2024-11-15,105.0000,False
infectious_disease,respiratory,COVID-19,Nation,England,COVID-19_healthcare_admissionByDay,all,all,default,2024,2024-11-14,175.0000,False
infectious_disease,respiratory,COVID-19,Nation,England,COVID-19_healthcare_admissionByDay,all,all,default,2024,2024-11-13,182.0000,False
infectious_disease,respiratory,COVID-19,Nation,England,COVID-19_healthcare_admissionByDay,all,all,default,2024,2024-11-12,173.0000,False
infectious_disease,respiratory,COVID-19,Nation,England,COVID-19_healthcare_admissionByDay,all,all,default,2024,2024-11-11,177.0000,False
infectious_disease,respiratory,COVID-19,Nation,England,COVID-19_healthcare_admissionByDay,all,all,default,2024,2024-11-10,188.0000,False
infectious_disease,respiratory,COVID-19,Nation,England,COVID-19_healthcare_admissionByDay,all,all,default,2024,2024-11-09,167.0000,False
infectious_disease,respiratory,COVID-19,Nation,England,COVID-19_healthcare_admissionByDay,all,all,default,2024,2024-11-08,143.0000,False
infectious_disease,respiratory,COVID-19,Nation,England,COVID-19_healthcare_admissionByDay,all,all,default,2024,2024-11-07,183.0000,False
infectious_disease,respiratory,COVID-19,Nation,England,COVID-19_healthcare_admissionByDay,all,all,default,2024,2024-11-06,208.0000,False
infectious_disease,respiratory,COVID-19,Nation,England,COVID-19_healthcare_admissionByDay,all,all,default,2024,2024-11-05,211.0000,False
infectious_disease,respiratory,COVID-19,Nation,England,COVID-19_healthcare_admissionByDay,all,all,default,2024,2024-11-04,240.0000,False
infectious_disease,respiratory,COVID-19,Nation,England,COVID-19_healthcare_admissionByDay,all,all,default,2024,2024-11-03,233.0000,False
infectious_disease,respiratory,COVID-19,Nation,England,COVID-19_healthcare_admissionByDay,all,all,default,2024,2024-11-02,186.0000,False
infectious_disease,respiratory,COVID-19,Nation,England,COVID-19_healthcare_admissionByDay,all,all,default,2024,2024-11-01,191.0000,False
infectious_disease,respiratory,COVID-19,Nation,England,COVID-19_healthcare_admissionByDay,all,all,default,2024,2024-10-31,253.0000,False
infectious_disease,respiratory,COVID-19,Nation,England,COVID-19_healthcare_admissionByDay,all,all,default,2024,2024-10-30,282.0000,False
infectious_disease,respiratory,COVID-19,Nation,England,COVID-19_healthcare_admissionByDay,all,all,default,2024,2024-10-29,285.0000,False
infectious_disease,respiratory,COVID-19,Nation,England,COVID-19_healthcare_admissionByDay,all,all,default,2024,2024-10-28,318.0000,False
infectious_disease,respiratory,COVID-19,Nation,England,COVID-19_healthcare_admissionByDay,all,all,default,2024,2024-10-27,281.0000,False
infectious_disease,respiratory,COVID-19,Nation,England,COVID-19_healthcare_admissionByDay,all,all,default,2024,2024-10-26,251.0000,False
infectious_disease,respiratory,COVID-19,Nation,England,COVID-19_healthcare_admissionByDay,all,all,default,2024,2024-10-25,293.0000,False
infectious_disease,respiratory,COVID-19,Nation,England,COVID-19_healthcare_admissionByDay,all,all,default,2024,2024-10-24,354.0000,False
infectious_disease,respiratory,COVID-19,Nation,England,COVID-19_healthcare_admissionByDay,all,all,default,2024,2024-10-23,379.0000,False
infectious_disease,respiratory,COVID-19,Nation,England,COVID-19_healthcare_admissionByDay,all,all,default,2024,2024-10-22,367.0000,False
infectious_disease,respiratory,COVID-19,Nation,England,COVID-19_healthcare_admissionByDay,all,all,default,2024,2024-10-21,447.0000,False
infectious_disease,respiratory,COVID-19,Nation,England,COVID-19_healthcare_admissionByDay,all,all,default,2024,2024-10-20,401.0000,False
infectious_disease,respiratory,COVID-19,Nation,England,COVID-19_healthcare_admissionByDay,all,all,default,2024,2024-10-19,320.0000,False
infectious_disease,respiratory,COVID-19,Nation,England,COVID-19_healthcare_admissionByDay,all,all,default,2024,2024-10-18,364.0000,False
infectious_disease,respiratory,COVID-19,Nation,England,COVID-19_healthcare_admissionByDay,all,all,default,2024,2024-10-17,460.0000,False
infectious_disease,respiratory,COVID-19,Nation,England,COVID-19_healthcare_admissionByDay,all,all,default,2024,2024-10-16,525.0000,False
infectious_disease,respiratory,COVID-19,Nation,England,COVID-19_healthcare_admissionByDay,all,all,default,2024,2024-10-15,473.0000,False
infectious_disease,respiratory,COVID-19,Nation,England,COVID-19_healthcare_admissionByDay,all,all,default,2024,2024-10-14,429.0000,False
infectious_disease,respiratory,COVID-19,Nation,England,COVID-19_healthcare_admissionByDay,all,all,default,2024,2024-10-13,418.0000,False
infectious_disease,respiratory,COVID-19,Nation,England,COVID-19_healthcare_admissionByDay,all,all,default,2024,2024-10-12,284.0000,False
infectious_disease,respiratory,COVID-19,Nation,England,COVID-19_healthcare_admissionByDay,all,all,default,2024,2024-10-11,319.0000,False
infectious_disease,respiratory,COVID-19,Nation,England,COVID-19_healthcare_admissionByDay,all,all,default,2024,2024-10-10,391.0000,False
infectious_disease,respiratory,COVID-19,Nation,England,COVID-19_healthcare_admissionByDay,all,all,default,2024,2024-10-09,474.0000,False
infectious_disease,respiratory,COVID-19,Nation,England,COVID-19_healthcare_admissionByDay,all,all,default,2024,2024-10-08,437.0000,False
infectious_disease,respiratory,COVID-19,Nation,England,COVID-19_healthcare_admissionByDay,all,all,default,2024,2024-10-07,520.0000,False
infectious_disease,respiratory,COVID-19,Nation,England,COVID-19_healthcare_admissionByDay,all,all,default,2024,2024-10-06,503.0000,False
infectious_disease,respiratory,COVID-19,Nation,England,COVID-19_healthcare_admissionByDay,all,all,default,2024,2024-10-05,361.0000,False
infectious_disease,respiratory,COVID-19,Nation,England,COVID-19_healthcare_admissionByDay,all,all,default,2024,2024-10-04,385.0000,False
infectious_disease,respiratory,COVID-19,Nation,England,COVID-19_healthcare_admissionByDay,all,all,default,2024,2024-10-03,409.0000,False
infectious_disease,respiratory,COVID-19,Nation,England,COVID-19_healthcare_admissionByDay,all,all,default,2024,2024-10-02,407.0000,False
infectious_disease,respiratory,COVID-19,Nation,England,COVID-19_healthcare_admissionByDay,all,all,default,2024,2024-10-01,498.0000,False
infectious_disease,respiratory,COVID-19,Nation,England,COVID-19_healthcare_admissionByDay,all,all,default,2024,2024-09-30,415.0000,False
infectious_disease,respiratory,COVID-19,Nation,England,COVID-19_healthcare_admissionByDay,all,all,default,2024,2024-09-29,354.0000,False
infectious_disease,respiratory,COVID-19,Nation,England,COVID-19_healthcare_admissionByDay,all,all,default,2024,2024-09-28,288.0000,False
infectious_disease,respiratory,COVID-19,Nation,England,COVID-19_healthcare_admissionByDay,all,all,default,2024,2024-09-27,302.0000,False
infectious_disease,respiratory,COVID-19,Nation,England,COVID-19_healthcare_admissionByDay,all,all,default,2024,2024-09-26,373.0000,False
infectious_disease,respiratory,COVID-19,Nation,England,COVID-19_healthcare_admissionByDay,all,all,default,2024,2024-09-25,377.0000,False
infectious_disease,respiratory,COVID-19,Nation,England,COVID-19_healthcare_admissionByDay,all,all,default,2024,2024-09-24,439.0000,False
infectious_disease,respiratory,COVID-19,Nation,England,COVID-19_healthcare_admissionByDay,all,all,default,2024,2024-09-23,431.0000,False
infectious_disease,respiratory,COVID-19,Nation,England,COVID-19_healthcare_admissionByDay,all,all,default,2024,2024-09-22,412.0000,False
infectious_disease,respiratory,COVID-19,Nation,England,COVID-19_healthcare_admissionByDay,all,all,default,2024,2024-09-21,335.0000,False
infectious_disease,respiratory,COVID-19,Nation,England,COVID-19_healthcare_admissionByDay,all,all,default,2024,2024-09-20,304.0000,False
infectious_disease,respiratory,COVID-19,Nation,England,COVID-19_healthcare_admissionByDay,all,all,default,2024,2024-09-19,385.0000,False
infectious_disease,respiratory,COVID-19,Nation,England,COVID-19_healthcare_admissionByDay,all,all,default,2024,2024-09-18,393.0000,False
infectious_disease,respiratory,COVID-19,Nation,England,COVID-19_healthcare_admissionByDay,all,all,default,2024,2024-09-17,355.0000,False
infectious_disease,respiratory,COVID-19,Nation,England,COVID-19_healthcare_admissionByDay,all,all,default,2024,2024-09-16,357.0000,False
infectious_disease,respiratory,COVID-19,Nation,England,COVID-19_healthcare_admissionByDay,all,all,default,2024,2024-09-15,344.0000,False
infectious_disease,respiratory,COVID-19,Nation,England,COVID-19_healthcare_admissionByDay,all,all,default,2024,2024-09-14,224.0000,False
infectious_disease,respiratory,COVID-19,Nation,England,COVID-19_healthcare_admissionByDay,all,all,default,2024,2024-09-13,234.0000,False
infectious_disease,respiratory,COVID-19,Nation,England,COVID-19_healthcare_admissionByDay,all,all,default,2024,2024-09-12,240.0000,False
infectious_disease,respiratory,COVID-19,Nation,England,COVID-19_healthcare_admissionByDay,all,all,default,2024,2024-09-11,251.0000,False
infectious_disease,respiratory,COVID-19,Nation,England,COVID-19_healthcare_admissionByDay,all,all,default,2024,2024-09-10,270.0000,False
infectious_disease,respiratory,COVID-19,Nation,England,COVID-19_healthcare_admissionByDay,all,all,default,2024,2024-09-09,256.0000,False
infectious_disease,respiratory,COVID-19,Nation,England,COVID-19_healthcare_admissionByDay,all,all,default,2024,2024-09-08,256.0000,False
infectious_disease,respiratory,COVID-19,Nation,England,COVID-19_healthcare_admissionByDay,all,all,default,2024,2024-09-07,174.0000,False
infectious_disease,respiratory,COVID-19,Nation,England,COVID-19_healthcare_admissionByDay,all,all,default,2024,2024-09-06,182.0000,False
infectious_disease,respiratory,COVID-19,Nation,England,COVID-19_healthcare_admissionByDay,all,all,default,2024,2024-09-05,242.0000,False
infectious_disease,respiratory,COVID-19,Nation,England,COVID-19_healthcare_admissionByDay,all,all,default,2024,2024-09-04,240.0000,False
infectious_disease,respiratory,COVID-19,Nation,England,COVID-19_healthcare_admissionByDay,all,all,default,2024,2024-09-03,239.0000,False
infectious_disease,respiratory,COVID-19,Nation,England,COVID-19_healthcare_admissionByDay,all,all,default,2024,2024-09-02,241.0000,False
infectious_disease,respiratory,COVID-19,Nation,England,COVID-19_healthcare_admissionByDay,all,all,default,2024,2024-09-01,233.0000,False
infectious_disease,respiratory,COVID-19,Nation,England,COVID-19_healthcare_admissionByDay,all,all,default,2024,2024-08-31,182.0000,False
infectious_disease,respiratory,COVID-19,Nation,England,COVID-19_healthcare_admissionByDay,all,all,default,2024,2024-08-30,199.0000,False
infectious_disease,respiratory,COVID-19,Nation,England,COVID-19_healthcare_admissionByDay,all,all,default,2024,2024-08-29,233.0000,False
infectious_disease,respiratory,COVID-19,Nation,England,COVID-19_healthcare_admissionByDay,all,all,default,2024,2024-08-28,222.0000,False
infectious_disease,respiratory,COVID-19,Nation,England,COVID-19_healthcare_admissionByDay,all,all,default,2024,2024-08-27,253.0000,False
infectious_disease,respiratory,COVID-19,Nation,England,COVID-19_healthcare_admissionByDay,all,all,default,2024,2024-08-26,232.0000,False
infectious_disease,respiratory,COVID-19,Nation,England,COVID-19_healthcare_admissionByDay,all,all,default,2024,2024-08-25,191.0000,False
infectious_disease,respiratory,COVID-19,Nation,England,COVID-19_healthcare_admissionByDay,all,all,default,2024,2024-08-24,170.0000,False
infectious_disease,respiratory,COVID-19,Nation,England,COVID-19_healthcare_admissionByDay,all,all,default,2024,2024-08-23,164.0000,False
infectious_disease,respiratory,COVID-19,Nation,England,COVID-19_healthcare_admissionByDay,all,all,default,2024,2024-08-22,195.0000,False
infectious_disease,respiratory,COVID-19,Nation,England,COVID-19_healthcare_admissionByDay,all,all,default,2024,2024-08-21,227.0000,False
infectious_disease,respiratory,COVID-19,Nation,England,COVID-19_healthcare_admissionByDay,all,all,default,2024,2024-08-20,222.0000,False
infectious_disease,respiratory,COVID-19,Nation,England,COVID-19_healthcare_admissionByDay,all,all,default,2024,2024-08-19,240.0000,False
infectious_disease,respiratory,COVID-19,Nation,England,COVID-19_healthcare_admissionByDay,all,all,default,2024,2024-08-18,257.0000,False
infectious_disease,respiratory,COVID-19,Nation,England,COVID-19_healthcare_admissionByDay,all,all,default,2024,2024-08-17,198.0000,False
infectious_disease,respiratory,COVID-19,Nation,England,COVID-19_healthcare_admissionByDay,all,all,default,2024,2024-08-16,230.0000,False
infectious_disease,respiratory,COVID-19,Nation,England,COVID-19_healthcare_admissionByDay,all,all,default,2024,2024-08-15,255.0000,False
infectious_disease,respiratory,COVID-19,Nation,England,COVID-19_healthcare_admissionByDay,all,all,default,2024,2024-08-14,269.0000,False
infectious_disease,respiratory,COVID-19,Nation,England,COVID-19_healthcare_admissionByDay,all,all,default,2024,2024-08-13,277.0000,False
infectious_disease,respiratory,COVID-19,Nation,England,COVID-19_healthcare_admissionByDay,all,all,default,2024,2024-08-12,303.0000,False
infectious_disease,respiratory,COVID-19,Nation,England,COVID-19_healthcare_admissionByDay,all,all,default,2024,2024-08-11,274.0000,False
infectious_disease,respiratory,COVID-19,Nation,England,COVID-19_healthcare_admissionByDay,all,all,default,2024,2024-08-10,221.0000,False
infectious_disease,respiratory,COVID-19,Nation,England,COVID-19_healthcare_admissionByDay,all,all,default,2024,2024-08-09,219.0000,False
infectious_disease,respiratory,COVID-19,Nation,England,COVID-19_healthcare_admissionByDay,all,all,default,2024,2024-08-08,342.0000,False
infectious_disease,respiratory,COVID-19,Nation,England,COVID-19_healthcare_admissionByDay,all,all,default,2024,2024-08-07,295.0000,False
infectious_disease,respiratory,COVID-19,Nation,England,COVID-19_healthcare_admissionByDay,all,all,default,2024,2024-08-06,335.0000,False
infectious_disease,respiratory,COVID-19,Nation,England,COVID-19_healthcare_admissionByDay,all,all,default,2024,2024-08-05,366.0000,False
infectious_disease,respiratory,COVID-19,Nation,England,COVID-19_healthcare_admissionByDay,all,all,default,2024,2024-08-04,351.0000,False
infectious_disease,respiratory,COVID-19,Nation,England,COVID-19_healthcare_admissionByDay,all,all,default,2024,2024-08-03,277.0000,False
infectious_disease,respiratory,COVID-19,Nation,England,COVID-19_healthcare_admissionByDay,all,all,default,2024,2024-08-02,332.0000,False
infectious_disease,respiratory,COVID-19,Nation,England,COVID-19_healthcare_admissionByDay,all,all,default,2024,2024-08-01,419.0000,False
infectious_disease,respiratory,COVID-19,Nation,England,COVID-19_healthcare_admissionByDay,all,all,default,2024,2024-07-31,423.0000,False
infectious_disease,respiratory,COVID-19,Nation,England,COVID-19_healthcare_admissionByDay,all,all,default,2024,2024-07-30,452.0000,False
infectious_disease,respiratory,COVID-19,Nation,England,COVID-19_healthcare_admissionByDay,all,all,default,2024,2024-07-29,423.0000,False
infectious_disease,respiratory,COVID-19,Nation,England,COVID-19_healthcare_admissionByDay,all,all,default,2024,2024-07-28,362.0000,False
infectious_disease,respiratory,COVID-19,Nation,England,COVID-19_healthcare_admissionByDay,all,all,default,2024,2024-07-27,310.0000,False
infectious_disease,respiratory,COVID-19,Nation,England,COVID-19_healthcare_admissionByDay,all,all,default,2024,2024-07-26,317.0000,False
infectious_disease,respiratory,COVID-19,Nation,England,COVID-19_healthcare_admissionByDay,all,all,default,2024,2024-07-25,372.0000,False
infectious_disease,respiratory,COVID-19,Nation,England,COVID-19_healthcare_admissionByDay,all,all,default,2024,2024-07-24,459.0000,False
infectious_disease,respiratory,COVID-19,Nation,England,COVID-19_healthcare_admissionByDay,all,all,default,2024,2024-07-23,470.0000,False
infectious_disease,respiratory,COVID-19,Nation,England,COVID-19_healthcare_admissionByDay,all,all,default,2024,2024-07-22,455.0000,False
infectious_disease,respiratory,COVID-19,Nation,England,COVID-19_healthcare_admissionByDay,all,all,default,2024,2024-07-21,442.0000,False
infectious_disease,respiratory,COVID-19,Nation,England,COVID-19_healthcare_admissionByDay,all,all,default,2024,2024-07-20,361.0000,False
infectious_disease,respiratory,COVID-19,Nation,England,COVID-19_healthcare_admissionByDay,all,all,default,2024,2024-07-19,427.0000,False
infectious_disease,respiratory,COVID-19,Nation,England,COVID-19_healthcare_admissionByDay,all,all,default,2024,2024-07-18,483.0000,False
infectious_disease,respiratory,COVID-19,Nation,England,COVID-19_healthcare_admissionByDay,all,all,default,2024,2024-07-17,501.0000,False
infectious_disease,respiratory,COVID-19,Nation,England,COVID-19_healthcare_admissionByDay,all,all,default,2024,2024-07-16,481.0000,False
infectious_disease,respiratory,COVID-19,Nation,England,COVID-19_healthcare_admissionByDay,all,all,default,2024,2024-07-15,458.0000,False
infectious_disease,respiratory,COVID-19,Nation,England,COVID-19_healthcare_admissionByDay,all,all,default,2024,2024-07-14,513.0000,False
infectious_disease,respiratory,COVID-19,Nation,England,COVID-19_healthcare_admissionByDay,all,all,default,2024,2024-07-13,342.0000,False
infectious_disease,respiratory,COVID-19,Nation,England,COVID-19_healthcare_admissionByDay,all,all,default,2024,2024-07-12,367.0000,False
infectious_disease,respiratory,COVID-19,Nation,England,COVID-19_healthcare_admissionByDay,all,all,default,2024,2024-07-11,425.0000,False
infectious_disease,respiratory,COVID-19,Nation,England,COVID-19_healthcare_admissionByDay,all,all,default,2024,2024-07-10,463.0000,False
infectious_disease,respiratory,COVID-19,Nation,England,COVID-19_healthcare_admissionByDay,all,all,default,2024,2024-07-09,490.0000,False
infectious_disease,respiratory,COVID-19,Nation,England,COVID-19_healthcare_admissionByDay,all,all,default,2024,2024-07-08,443.0000,False
infectious_disease,respiratory,COVID-19,Nation,England,COVID-19_healthcare_admissionByDay,all,all,default,2024,2024-07-07,425.0000,False
infectious_disease,respiratory,COVID-19,Nation,England,COVID-19_healthcare_admissionByDay,all,all,default,2024,2024-07-06,322.0000,False
infectious_disease,respiratory,COVID-19,Nation,England,COVID-19_healthcare_admissionByDay,all,all,default,2024,2024-07-05,323.0000,False
infectious_disease,respiratory,COVID-19,Nation,England,COVID-19_healthcare_admissionByDay,all,all,default,2024,2024-07-04,404.0000,False
infectious_disease,respiratory,COVID-19,Nation,England,COVID-19_healthcare_admissionByDay,all,all,default,2024,2024-07-03,405.0000,False
infectious_disease,respiratory,COVID-19,Nation,England,COVID-19_healthcare_admissionByDay,all,all,default,2024,2024-07-02,387.0000,False
infectious_disease,respiratory,COVID-19,Nation,England,COVID-19_healthcare_admissionByDay,all,all,default,2024,2024-07-01,387.0000,False
infectious_disease,respiratory,COVID-19,Nation,England,COVID-19_healthcare_admissionByDay,all,all,default,2024,2024-06-30,378.0000,False
infectious_disease,respiratory,COVID-19,Nation,England,COVID-19_healthcare_admissionByDay,all,all,default,2024,2024-06-29,293.0000,False
infectious_disease,respiratory,COVID-19,Nation,England,COVID-19_healthcare_admissionByDay,all,all,default,2024,2024-06-28,302.0000,False
infectious_disease,respiratory,COVID-19,Nation,England,COVID-19_healthcare_admissionByDay,all,all,default,2024,2024-06-27,411.0000,False
infectious_disease,respiratory,COVID-19,Nation,England,COVID-19_healthcare_admissionByDay,all,all,default,2024,2024-06-26,467.0000,False
infectious_disease,respiratory,COVID-19,Nation,England,COVID-19_healthcare_admissionByDay,all,all,default,2024,2024-06-25,457.0000,False
infectious_disease,respiratory,COVID-19,Nation,England,COVID-19_healthcare_admissionByDay,all,all,default,2024,2024-06-24,424.0000,False
infectious_disease,respiratory,COVID-19,Nation,England,COVID-19_healthcare_admissionByDay,all,all,default,2024,2024-06-23,413.0000,False
infectious_disease,respiratory,COVID-19,Nation,England,COVID-19_healthcare_admissionByDay,all,all,default,2024,2024-06-22,321.0000,False
infectious_disease,respiratory,COVID-19,Nation,England,COVID-19_healthcare_admissionByDay,all,all,default,2024,2024-06-21,343.0000,False
infectious_disease,respiratory,COVID-19,Nation,England,COVID-19_healthcare_admissionByDay,all,all,default,2024,2024-06-20,444.0000,False
infectious_disease,respiratory,COVID-19,Nation,England,COVID-19_healthcare_admissionByDay,all,all,default,2024,2024-06-19,436.0000,False
infectious_disease,respiratory,COVID-19,Nation,England,COVID-19_healthcare_admissionByDay,all,all,default,2024,2024-06-18,449.0000,False
infectious_disease,respiratory,COVID-19,Nation,England,COVID-19_healthcare_admissionByDay,all,all,default,2024,2024-06-17,396.0000,False
infectious_disease,respiratory,COVID-19,Nation,England,COVID-19_healthcare_admissionByDay,all,all,default,2024,2024-06-16,391.0000,False
infectious_disease,respiratory,COVID-19,Nation,England,COVID-19_healthcare_admissionByDay,all,all,default,2024,2024-06-15,277.0000,False
infectious_disease,respiratory,COVID-19,Nation,England,COVID-19_healthcare_admissionByDay,all,all,default,2024,2024-06-14,290.0000,False
infectious_disease,respiratory,COVID-19,Nation,England,COVID-19_healthcare_admissionByDay,all,all,default,2024,2024-06-13,328.0000,False
infectious_disease,respiratory,COVID-19,Nation,England,COVID-19_healthcare_admissionByDay,all,all,default,2024,2024-06-12,324.0000,False
infectious_disease,respiratory,COVID-19,Nation,England,COVID-19_healthcare_admissionByDay,all,all,default,2024,2024-06-11,332.0000,False
infectious_disease,respiratory,COVID-19,Nation,England,COVID-19_healthcare_admissionByDay,all,all,default,2024,2024-06-10,327.0000,False
infectious_disease,respiratory,COVID-19,Nation,England,COVID-19_healthcare_admissionByDay,all,all,default,2024,2024-06-09,294.0000,False
infectious_disease,respiratory,COVID-19,Nation,England,COVID-19_healthcare_admissionByDay,all,all,default,2024,2024-06-08,192.0000,False
infectious_disease,respiratory,COVID-19,Nation,England,COVID-19_healthcare_admissionByDay,all,all,default,2024,2024-06-07,207.0000,False
infectious_disease,respiratory,COVID-19,Nation,England,COVID-19_healthcare_admissionByDay,all,all,default,2024,2024-06-06,274.0000,False
infectious_disease,respiratory,COVID-19,Nation,England,COVID-19_healthcare_admissionByDay,all,all,default,2024,2024-06-05,253.0000,False
infectious_disease,respiratory,COVID-19,Nation,England,COVID-19_healthcare_admissionByDay,all,all,default,2024,2024-06-04,281.0000,False
infectious_disease,respiratory,COVID-19,Nation,England,COVID-19_healthcare_admissionByDay,all,all,default,2024,2024-06-03,260.0000,False
infectious_disease,respiratory,COVID-19,Nation,England,COVID-19_healthcare_admissionByDay,all,all,default,2024,2024-06-02,213.0000,False
infectious_disease,respiratory,COVID-19,Nation,England,COVID-19_healthcare_admissionByDay,all,all,default,2024,2024-06-01,189.0000,False
infectious_disease,respiratory,COVID-19,Nation,England,COVID-19_healthcare_admissionByDay,all,all,default,2024,2024-05-31,206.0000,False
infectious_disease,respiratory,COVID-19,Nation,England,COVID-19_healthcare_admissionByDay,all,all,default,2024,2024-05-30,263.0000,False
infectious_disease,respiratory,COVID-19,Nation,England,COVID-19_healthcare_admissionByDay,all,all,default,2024,2024-05-29,276.0000,False
infectious_disease,respiratory,COVID-19,Nation,England,COVID-19_healthcare_admissionByDay,all,all,default,2024,2024-05-28,255.0000,False
infectious_disease,respiratory,COVID-19,Nation,England,COVID-19_healthcare_admissionByDay,all,all,default,2024,2024-05-27,219.0000,False
infectious_disease,respiratory,COVID-19,Nation,England,COVID-19_healthcare_admissionByDay,all,all,default,2024,2024-05-26,198.0000,False
infectious_disease,respiratory,COVID-19,Nation,England,COVID-19_healthcare_admissionByDay,all,all,default,2024,2024-05-25,186.0000,False
infectious_disease,respiratory,COVID-19,Nation,England,COVID-19_healthcare_admissionByDay,all,all,default,2024,2024-05-24,197.0000,False
infectious_disease,respiratory,COVID-19,Nation,England,COVID-19_healthcare_admissionByDay,all,all,default,2024,2024-05-23,237.0000,False
infectious_disease,respiratory,COVID-19,Nation,England,COVID-19_healthcare_admissionByDay,all,all,default,2024,2024-05-22,254.0000,False
infectious_disease,respiratory,COVID-19,Nation,England,COVID-19_healthcare_admissionByDay,all,all,default,2024,2024-05-21,272.0000,False
infectious_disease,respiratory,COVID-19,Nation,England,COVID-19_healthcare_admissionByDay,all,all,default,2024,2024-05-20,244.0000,False
infectious_disease,respiratory,COVID-19,Nation,England,COVID-19_healthcare_admissionByDay,all,all,default,2024,2024-05-19,273.0000,False
infectious_disease,respiratory,COVID-19,Nation,England,COVID-19_healthcare_admissionByDay,all,all,default,2024,2024-05-18,183.0000,False
infectious_disease,respiratory,COVID-19,Nation,England,COVID-19_healthcare_admissionByDay,all,all,default,2024,2024-05-17,221.0000,False
infectious_disease,respiratory,COVID-19,Nation,England,COVID-19_healthcare_admissionByDay,all,all,default,2024,2024-05-16,271.0000,False
infectious_disease,respiratory,COVID-19,Nation,England,COVID-19_healthcare_admissionByDay,all,all,default,2024,2024-05-15,296.0000,False
infectious_disease,respiratory,COVID-19,Nation,England,COVID-19_healthcare_admissionByDay,all,all,default,2024,2024-05-14,322.0000,False
infectious_disease,respiratory,COVID-19,Nation,England,COVID-19_healthcare_admissionByDay,all,all,default,2024,2024-05-13,299.0000,False
infectious_disease,respiratory,COVID-19,Nation,England,COVID-19_healthcare_admissionByDay,all,all,default,2024,2024-05-12,301.0000,False
infectious_disease,respiratory,COVID-19,Nation,England,COVID-19_healthcare_admissionByDay,all,all,default,2024,2024-05-11,205.0000,False
infectious_disease,respiratory,COVID-19,Nation,England,COVID-19_healthcare_admissionByDay,all,all,default,2024,2024-05-10,260.0000,False
infectious_disease,respiratory,COVID-19,Nation,England,COVID-19_healthcare_admissionByDay,all,all,default,2024,2024-05-09,298.0000,False
infectious_disease,respiratory,COVID-19,Nation,England,COVID-19_healthcare_admissionByDay,all,all,default,2024,2024-05-08,375.0000,False
infectious_disease,respiratory,COVID-19,Nation,England,COVID-19_healthcare_admissionByDay,all,all,default,2024,2024-05-07,351.0000,False
infectious_disease,respiratory,COVID-19,Nation,England,COVID-19_healthcare_admissionByDay,all,all,default,2024,2024-05-06,332.0000,False
infectious_disease,respiratory,COVID-19,Nation,England,COVID-19_healthcare_admissionByDay,all,all,default,2024,2024-05-05,287.0000,False
infectious_disease,respiratory,COVID-19,Nation,England,COVID-19_healthcare_admissionByDay,all,all,default,2024,2024-05-04,227.0000,False
infectious_disease,respiratory,COVID-19,Nation,England,COVID-19_healthcare_admissionByDay,all,all,default,2024,2024-05-03,215.0000,False
infectious_disease,respiratory,COVID-19,Nation,England,COVID-19_healthcare_admissionByDay,all,all,default,2024,2024-05-02,312.0000,False
infectious_disease,respiratory,COVID-19,Nation,England,COVID-19_healthcare_admissionByDay,all,all,default,2024,2024-05-01,355.0000,False
infectious_disease,respiratory,COVID-19,Nation,England,COVID-19_healthcare_admissionByDay,all,all,default,2024,2024-04-30,314.0000,False
infectious_disease,respiratory,COVID-19,Nation,England,COVID-19_healthcare_admissionByDay,all,all,default,2024,2024-04-29,330.0000,False
infectious_disease,respiratory,COVID-19,Nation,England,COVID-19_healthcare_admissionByDay,all,all,default,2024,2024-04-28,269.0000,False
infectious_disease,respiratory,COVID-19,Nation,England,COVID-19_healthcare_admissionByDay,all,all,default,2024,2024-04-27,177.0000,False
infectious_disease,respiratory,COVID-19,Nation,England,COVID-19_healthcare_admissionByDay,all,all,default,2024,2024-04-26,221.0000,False
infectious_disease,respiratory,COVID-19,Nation,England,COVID-19_healthcare_admissionByDay,all,all,default,2024,2024-04-25,232.0000,False
infectious_disease,respiratory,COVID-19,Nation,England,COVID-19_healthcare_admissionByDay,all,all,default,2024,2024-04-24,251.0000,False
infectious_disease,respiratory,COVID-19,Nation,England,COVID-19_healthcare_admissionByDay,all,all,default,2024,2024-04-23,219.0000,False
infectious_disease,respiratory,COVID-19,Nation,England,COVID-19_healthcare_admissionByDay,all,all,default,2024,2024-04-22,229.0000,False
infectious_disease,respiratory,COVID-19,Nation,England,COVID-19_healthcare_admissionByDay,all,all,default,2024,2024-04-21,200.0000,False
infectious_disease,respiratory,COVID-19,Nation,England,COVID-19_healthcare_admissionByDay,all,all,default,2024,2024-04-20,131.0000,False
infectious_disease,respiratory,COVID-19,Nation,England,COVID-19_healthcare_admissionByDay,all,all,default,2024,2024-04-19,137.0000,False
infectious_disease,respiratory,COVID-19,Nation,England,COVID-19_healthcare_admissionByDay,all,all,default,2024,2024-04-18,184.0000,False
infectious_disease,respiratory,COVID-19,Nation,England,COVID-19_healthcare_admissionByDay,all,all,default,2024,2024-04-17,176.0000,False
infectious_disease,respiratory,COVID-19,Nation,England,COVID-19_healthcare_admissionByDay,all,all,default,2024,2024-04-16,199.0000,False
infectious_disease,respiratory,COVID-19,Nation,England,COVID-19_healthcare_admissionByDay,all,all,default,2024,2024-04-15,177.0000,False
infectious_disease,respiratory,COVID-19,Nation,England,COVID-19_healthcare_admissionByDay,all,all,default,2024,2024-04-14,171.0000,False
infectious_disease,respiratory,COVID-19,Nation,England,COVID-19_healthcare_admissionByDay,all,all,default,2024,2024-04-13,129.0000,False
infectious_disease,respiratory,COVID-19,Nation,England,COVID-19_healthcare_admissionByDay,all,all,default,2024,2024-04-12,144.0000,False
infectious_disease,respiratory,COVID-19,Nation,England,COVID-19_healthcare_admissionByDay,all,all,default,2024,2024-04-11,198.0000,False
infectious_disease,respiratory,COVID-19,Nation,England,COVID-19_healthcare_admissionByDay,all,all,default,2024,2024-04-10,171.0000,False
infectious_disease,respiratory,COVID-19,Nation,England,COVID-19_healthcare_admissionByDay,all,all,default,2024,2024-04-09,171.0000,False
infectious_disease,respiratory,COVID-19,Nation,England,COVID-19_healthcare_admissionByDay,all,all,default,2024,2024-04-08,186.0000,False
infectious_disease,respiratory,COVID-19,Nation,England,COVID-19_healthcare_admissionByDay,all,all,default,2024,2024-04-07,169.0000,False
infectious_disease,respiratory,COVID-19,Nation,England,COVID-19_healthcare_admissionByDay,all,all,default,2024,2024-04-06,126.0000,False
infectious_disease,respiratory,COVID-19,Nation,England,COVID-19_healthcare_admissionByDay,all,all,default,2024,2024-04-05,136.0000,False
infectious_disease,respiratory,COVID-19,Nation,England,COVID-19_healthcare_admissionByDay,all,all,default,2024,2024-04-04,174.0000,False
infectious_disease,respiratory,COVID-19,Nation,England,COVID-19_healthcare_admissionByDay,all,all,default,2024,2024-04-03,166.0000,False
infectious_disease,respiratory,COVID-19,Nation,England,COVID-19_healthcare_admissionByDay,all,all,default,2024,2024-04-02,200.0000,False
infectious_disease,respiratory,COVID-19,Nation,England,COVID-19_healthcare_admissionByDay,all,all,default,2024,2024-04-01,197.0000,False
infectious_disease,respiratory,COVID-19,Nation,England,COVID-19_healthcare_admissionByDay,all,all,default,2024,2024-03-31,136.0000,False
infectious_disease,respiratory,COVID-19,Nation,England,COVID-19_healthcare_admissionByDay,all,all,default,2024,2024-03-30,130.0000,False
infectious_disease,respiratory,COVID-19,Nation,England,COVID-19_healthcare_admissionByDay,all,all,default,2024,2024-03-29,152.0000,False
infectious_disease,respiratory,COVID-19,Nation,England,COVID-19_healthcare_admissionByDay,all,all,default,2024,2024-03-28,161.0000,False
infectious_disease,respiratory,COVID-19,Nation,England,COVID-19_healthcare_admissionByDay,all,all,default,2024,2024-03-27,195.0000,False
infectious_disease,respiratory,COVID-19,Nation,England,COVID-19_healthcare_admissionByDay,all,all,default,2024,2024-03-26,187.0000,False
infectious_disease,respiratory,COVID-19,Nation,England,COVID-19_healthcare_admissionByDay,all,all,default,2024,2024-03-25,175.0000,False
infectious_disease,respiratory,COVID-19,Nation,England,COVID-19_healthcare_admissionByDay,all,all,default,2024,2024-03-24,171.0000,False
infectious_disease,respiratory,COVID-19,Nation,England,COVID-19_healthcare_admissionByDay,all,all,default,2024,2024-03-23,128.0000,False
infectious_disease,respiratory,COVID-19,Nation,England,COVID-19_healthcare_admissionByDay,all,all,default,2024,2024-03-22,124.0000,False
infectious_disease,respiratory,COVID-19,Nation,England,COVID-19_healthcare_admissionByDay,all,all,default,2024,2024-03-21,158.0000,False
infectious_disease,respiratory,COVID-19,Nation,England,COVID-19_healthcare_admissionByDay,all,all,default,2024,2024-03-20,170.0000,False
infectious_disease,respiratory,COVID-19,Nation,England,COVID-19_healthcare_admissionByDay,all,all,default,2024,2024-03-19,149.0000,False
infectious_disease,respiratory,COVID-19,Nation,England,COVID-19_healthcare_admissionByDay,all,all,default,2024,2024-03-18,184.0000,False
infectious_disease,respiratory,COVID-19,Nation,England,COVID-19_healthcare_admissionByDay,all,all,default,2024,2024-03-17,190.0000,False
infectious_disease,respiratory,COVID-19,Nation,England,COVID-19_healthcare_admissionByDay,all,all,default,2024,2024-03-16,116.0000,False
infectious_disease,respiratory,COVID-19,Nation,England,COVID-19_healthcare_admissionByDay,all,all,default,2024,2024-03-15,148.0000,False
infectious_disease,respiratory,COVID-19,Nation,England,COVID-19_healthcare_admissionByDay,all,all,default,2024,2024-03-14,185.0000,False
infectious_disease,respiratory,COVID-19,Nation,England,COVID-19_healthcare_admissionByDay,all,all,default,2024,2024-03-13,206.0000,False
infectious_disease,respiratory,COVID-19,Nation,England,COVID-19_healthcare_admissionByDay,all,all,default,2024,2024-03-12,234.0000,False
infectious_disease,respiratory,COVID-19,Nation,England,COVID-19_healthcare_admissionByDay,all,all,default,2024,2024-03-11,195.0000,False
infectious_disease,respiratory,COVID-19,Nation,England,COVID-19_healthcare_admissionByDay,all,all,default,2024,2024-03-10,169.0000,False
infectious_disease,respiratory,COVID-19,Nation,England,COVID-19_healthcare_admissionByDay,all,all,default,2024,2024-03-09,149.0000,False
infectious_disease,respiratory,COVID-19,Nation,England,COVID-19_healthcare_admissionByDay,all,all,default,2024,2024-03-08,147.0000,False
infectious_disease,respiratory,COVID-19,Nation,England,COVID-19_healthcare_admissionByDay,all,all,default,2024,2024-03-07,193.0000,False
infectious_disease,respiratory,COVID-19,Nation,England,COVID-19_healthcare_admissionByDay,all,all,default,2024,2024-03-06,211.0000,False
infectious_disease,respiratory,COVID-19,Nation,England,COVID-19_healthcare_admissionByDay,all,all,default,2024,2024-03-05,200.0000,False
infectious_disease,respiratory,COVID-19,Nation,England,COVID-19_healthcare_admissionByDay,all,all,default,2024,2024-03-04,189.0000,False
infectious_disease,respiratory,COVID-19,Nation,England,COVID-19_healthcare_admissionByDay,all,all,default,2024,2024-03-03,157.0000,False
infectious_disease,respiratory,COVID-19,Nation,England,COVID-19_healthcare_admissionByDay,all,all,default,2024,2024-03-02,112.0000,False
infectious_disease,respiratory,COVID-19,Nation,England,COVID-19_healthcare_admissionByDay,all,all,default,2024,2024-03-01,156.0000,False
infectious_disease,respiratory,COVID-19,Nation,England,COVID-19_healthcare_admissionByDay,all,all,default,2024,2024-02-29,167.0000,False
infectious_disease,respiratory,COVID-19,Nation,England,COVID-19_healthcare_admissionByDay,all,all,default,2024,2024-02-28,159.0000,False
infectious_disease,respiratory,COVID-19,Nation,England,COVID-19_healthcare_admissionByDay,all,all,default,2024,2024-02-27,162.0000,False
infectious_disease,respiratory,COVID-19,Nation,England,COVID-19_healthcare_admissionByDay,all,all,default,2024,2024-02-26,199.0000,False
infectious_disease,respiratory,COVID-19,Nation,England,COVID-19_healthcare_admissionByDay,all,all,default,2024,2024-02-25,185.0000,False
infectious_disease,respiratory,COVID-19,Nation,England,COVID-19_healthcare_admissionByDay,all,all,default,2024,2024-02-24,136.0000,False
infectious_disease,respiratory,COVID-19,Nation,England,COVID-19_healthcare_admissionByDay,all,all,default,2024,2024-02-23,183.0000,False
infectious_disease,respiratory,COVID-19,Nation,England,COVID-19_healthcare_admissionByDay,all,all,default,2024,2024-02-22,198.0000,False
infectious_disease,respiratory,COVID-19,Nation,England,COVID-19_healthcare_admissionByDay,all,all,default,2024,2024-02-21,247.0000,False
infectious_disease,respiratory,COVID-19,Nation,England,COVID-19_healthcare_admissionByDay,all,all,default,2024,2024-02-20,264.0000,False
infectious_disease,respiratory,COVID-19,Nation,England,COVID-19_healthcare_admissionByDay,all,all,default,2024,2024-02-19,261.0000,False
infectious_disease,respiratory,COVID-19,Nation,England,COVID-19_healthcare_admissionByDay,all,all,default,2024,2024-02-18,234.0000,False
infectious_disease,respiratory,COVID-19,Nation,England,COVID-19_healthcare_admissionByDay,all,all,default,2024,2024-02-17,199.0000,False
infectious_disease,respiratory,COVID-19,Nation,England,COVID-19_healthcare_admissionByDay,all,all,default,2024,2024-02-16,248.0000,False
infectious_disease,respiratory,COVID-19,Nation,England,COVID-19_healthcare_admissionByDay,all,all,default,2024,2024-02-15,315.0000,False
infectious_disease,respiratory,COVID-19,Nation,England,COVID-19_healthcare_admissionByDay,all,all,default,2024,2024-02-14,264.0000,False
infectious_disease,respiratory,COVID-19,Nation,England,COVID-19_healthcare_admissionByDay,all,all,default,2024,2024-02-13,298.0000,False
infectious_disease,respiratory,COVID-19,Nation,England,COVID-19_healthcare_admissionByDay,all,all,default,2024,2024-02-12,290.0000,False
infectious_disease,respiratory,COVID-19,Nation,England,COVID-19_healthcare_admissionByDay,all,all,default,2024,2024-02-11,282.0000,False
infectious_disease,respiratory,COVID-19,Nation,England,COVID-19_healthcare_admissionByDay,all,all,default,2024,2024-02-10,235.0000,False
infectious_disease,respiratory,COVID-19,Nation,England,COVID-19_healthcare_admissionByDay,all,all,default,2024,2024-02-09,270.0000,False
infectious_disease,respiratory,COVID-19,Nation,England,COVID-19_healthcare_admissionByDay,all,all,default,2024,2024-02-08,327.0000,False
infectious_disease,respiratory,COVID-19,Nation,England,COVID-19_healthcare_admissionByDay,all,all,default,2024,2024-02-07,374.0000,False
infectious_disease,respiratory,COVID-19,Nation,England,COVID-19_healthcare_admissionByDay,all,all,default,2024,2024-02-06,416.0000,False
infectious_disease,respiratory,COVID-19,Nation,England,COVID-19_healthcare_admissionByDay,all,all,default,2024,2024-02-05,426.0000,False
infectious_disease,respiratory,COVID-19,Nation,England,COVID-19_healthcare_admissionByDay,all,all,default,2024,2024-02-04,418.0000,False
infectious_disease,respiratory,COVID-19,Nation,England,COVID-19_healthcare_admissionByDay,all,all,default,2024,2024-02-03,357.0000,False
infectious_disease,respiratory,COVID-19,Nation,England,COVID-19_healthcare_admissionByDay,all,all,default,2024,2024-02-02,319.0000,False
infectious_disease,respiratory,COVID-19,Nation,England,COVID-19_healthcare_admissionByDay,all,all,default,2024,2024-02-01,403.0000,False
infectious_disease,respiratory,COVID-19,Nation,England,COVID-19_healthcare_admissionByDay,all,all,default,2024,2024-01-31,436.0000,False
infectious_disease,respiratory,COVID-19,Nation,England,COVID-19_healthcare_admissionByDay,all,all,default,2024,2024-01-30,482.0000,False
infectious_disease,respiratory,COVID-19,Nation,England,COVID-19_healthcare_admissionByDay,all,all,default,2024,2024-01-29,458.0000,False
infectious_disease,respiratory,COVID-19,Nation,England,COVID-19_healthcare_admissionByDay,all,all,default,2024,2024-01-28,419.0000,False
infectious_disease,respiratory,COVID-19,Nation,England,COVID-19_healthcare_admissionByDay,all,all,default,2024,2024-01-27,322.0000,False
infectious_disease,respiratory,COVID-19,Nation,England,COVID-19_healthcare_admissionByDay,all,all,default,2024,2024-01-26,361.0000,False
infectious_disease,respiratory,COVID-19,Nation,England,COVID-19_healthcare_admissionByDay,all,all,default,2024,2024-01-25,478.0000,False
infectious_disease,respiratory,COVID-19,Nation,England,COVID-19_healthcare_admissionByDay,all,all,default,2024,2024-01-24,571.0000,False
infectious_disease,respiratory,COVID-19,Nation,England,COVID-19_healthcare_admissionByDay,all,all,default,2024,2024-01-23,597.0000,False
infectious_disease,respiratory,COVID-19,Nation,England,COVID-19_healthcare_admissionByDay,all,all,default,2024,2024-01-22,554.0000,False
infectious_disease,respiratory,COVID-19,Nation,England,COVID-19_healthcare_admissionByDay,all,all,default,2024,2024-01-21,547.0000,False
infectious_disease,respiratory,COVID-19,Nation,England,COVID-19_healthcare_admissionByDay,all,all,default,2024,2024-01-20,429.0000,False
infectious_disease,respiratory,COVID-19,Nation,England,COVID-19_healthcare_admissionByDay,all,all,default,2024,2024-01-19,458.0000,False
infectious_disease,respiratory,COVID-19,Nation,England,COVID-19_healthcare_admissionByDay,all,all,default,2024,2024-01-18,502.0000,False
infectious_disease,respiratory,COVID-19,Nation,England,COVID-19_healthcare_admissionByDay,all,all,default,2024,2024-01-17,558.0000,False
infectious_disease,respiratory,COVID-19,Nation,England,COVID-19_healthcare_admissionByDay,all,all,default,2024,2024-01-16,527.0000,False
infectious_disease,respiratory,COVID-19,Nation,England,COVID-19_healthcare_admissionByDay,all,all,default,2024,2024-01-15,555.0000,False
infectious_disease,respiratory,COVID-19,Nation,England,COVID-19_healthcare_admissionByDay,all,all,default,2024,2024-01-14,438.0000,False
infectious_disease,respiratory,COVID-19,Nation,England,COVID-19_healthcare_admissionByDay,all,all,default,2024,2024-01-13,355.0000,False
infectious_disease,respiratory,COVID-19,Nation,England,COVID-19_healthcare_admissionByDay,all,all,default,2024,2024-01-12,387.0000,False
infectious_disease,respiratory,COVID-19,Nation,England,COVID-19_healthcare_admissionByDay,all,all,default,2024,2024-01-11,503.0000,False
infectious_disease,respiratory,COVID-19,Nation,England,COVID-19_healthcare_admissionByDay,all,all,default,2024,2024-01-10,503.0000,False
infectious_disease,respiratory,COVID-19,Nation,England,COVID-19_healthcare_admissionByDay,all,all,default,2024,2024-01-09,517.0000,False
infectious_disease,respiratory,COVID-19,Nation,England,COVID-19_healthcare_admissionByDay,all,all,default,2024,2024-01-08,506.0000,False
infectious_disease,respiratory,COVID-19,Nation,England,COVID-19_healthcare_admissionByDay,all,all,default,2024,2024-01-07,455.0000,False
infectious_disease,respiratory,COVID-19,Nation,England,COVID-19_healthcare_admissionByDay,all,all,default,2024,2024-01-06,421.0000,False
infectious_disease,respiratory,COVID-19,Nation,England,COVID-19_healthcare_admissionByDay,all,all,default,2024,2024-01-05,489.0000,False
infectious_disease,respiratory,COVID-19,Nation,England,COVID-19_healthcare_admissionByDay,all,all,default,2024,2024-01-04,566.0000,False
infectious_disease,respiratory,COVID-19,Nation,England,COVID-19_healthcare_admissionByDay,all,all,default,2024,2024-01-03,636.0000,False
infectious_disease,respiratory,COVID-19,Nation,England,COVID-19_healthcare_admissionByDay,all,all,default,2024,2024-01-02,649.0000,False
infectious_disease,respiratory,COVID-19,Nation,England,COVID-19_healthcare_admissionByDay,all,all,default,2024,2024-01-01,584.0000,False
infectious_disease,respiratory,COVID-19,Nation,England,COVID-19_healthcare_admissionByDay,all,all,default,2023,2023-12-31,525.0000,False
infectious_disease,respiratory,COVID-19,Nation,England,COVID-19_healthcare_admissionByDay,all,all,default,2023,2023-12-30,527.0000,False
infectious_disease,respiratory,COVID-19,Nation,England,COVID-19_healthcare_admissionByDay,all,all,default,2023,2023-12-29,580.0000,False
infectious_disease,respiratory,COVID-19,Nation,England,COVID-19_healthcare_admissionByDay,all,all,default,2023,2023-12-28,615.0000,False
infectious_disease,respiratory,COVID-19,Nation,England,COVID-19_healthcare_admissionByDay,all,all,default,2023,2023-12-27,673.0000,False
infectious_disease,respiratory,COVID-19,Nation,England,COVID-19_healthcare_admissionByDay,all,all,default,2023,2023-12-26,605.0000,False
infectious_disease,respiratory,COVID-19,Nation,England,COVID-19_healthcare_admissionByDay,all,all,default,2023,2023-12-25,456.0000,False
infectious_disease,respiratory,COVID-19,Nation,England,COVID-19_healthcare_admissionByDay,all,all,default,2023,2023-12-24,382.0000,False
infectious_disease,respiratory,COVID-19,Nation,England,COVID-19_healthcare_admissionByDay,all,all,default,2023,2023-12-23,422.0000,False
infectious_disease,respiratory,COVID-19,Nation,England,COVID-19_healthcare_admissionByDay,all,all,default,2023,2023-12-22,453.0000,False
infectious_disease,respiratory,COVID-19,Nation,England,COVID-19_healthcare_admissionByDay,all,all,default,2023,2023-12-21,549.0000,False
infectious_disease,respiratory,COVID-19,Nation,England,COVID-19_healthcare_admissionByDay,all,all,default,2023,2023-12-20,617.0000,False
infectious_disease,respiratory,COVID-19,Nation,England,COVID-19_healthcare_admissionByDay,all,all,default,2023,2023-12-19,652.0000,False
infectious_disease,respiratory,COVID-19,Nation,England,COVID-19_healthcare_admissionByDay,all,all,default,2023,2023-12-18,599.0000,False
infectious_disease,respiratory,COVID-19,Nation,England,COVID-19_healthcare_admissionByDay,all,all,default,2023,2023-12-17,534.0000,False
infectious_disease,respiratory,COVID-19,Nation,England,COVID-19_healthcare_admissionByDay,all,all,default,2023,2023-12-16,400.0000,False
infectious_disease,respiratory,COVID-19,Nation,England,COVID-19_healthcare_admissionByDay,all,all,default,2023,2023-12-15,413.0000,False
infectious_disease,respiratory,COVID-19,Nation,England,COVID-19_healthcare_admissionByDay,all,all,default,2023,2023-12-14,458.0000,False
infectious_disease,respiratory,COVID-19,Nation,England,COVID-19_healthcare_admissionByDay,all,all,default,2023,2023-12-13,510.0000,False
infectious_disease,respiratory,COVID-19,Nation,England,COVID-19_healthcare_admissionByDay,all,all,default,2023,2023-12-12,476.0000,False
infectious_disease,respiratory,COVID-19,Nation,England,COVID-19_healthcare_admissionByDay,all,all,default,2023,2023-12-11,514.0000,False
infectious_disease,respiratory,COVID-19,Nation,England,COVID-19_healthcare_admissionByDay,all,all,default,2023,2023-12-10,483.0000,False
infectious_disease,respiratory,COVID-19,Nation,England,COVID-19_healthcare_admissionByDay,all,all,default,2023,2023-12-09,348.0000,False
infectious_disease,respiratory,COVID-19,Nation,England,COVID-19_healthcare_admissionByDay,all,all,default,2023,2023-12-08,307.0000,False
infectious_disease,respiratory,COVID-19,Nation,England,COVID-19_healthcare_admissionByDay,all,all,default,2023,2023-12-07,364.0000,False
infectious_disease,respiratory,COVID-19,Nation,England,COVID-19_healthcare_admissionByDay,all,all,default,2023,2023-12-06,455.0000,False
infectious_disease,respiratory,COVID-19,Nation,England,COVID-19_healthcare_admissionByDay,all,all,default,2023,2023-12-05,420.0000,False
infectious_disease,respiratory,COVID-19,Nation,England,COVID-19_healthcare_admissionByDay,all,all,default,2023,2023-12-04,430.0000,False
infectious_disease,respiratory,COVID-19,Nation,England,COVID-19_healthcare_admissionByDay,all,all,default,2023,2023-12-03,380.0000,False
infectious_disease,respiratory,COVID-19,Nation,England,COVID-19_healthcare_admissionByDay,all,all,default,2023,2023-12-02,263.0000,False
infectious_disease,respiratory,COVID-19,Nation,England,COVID-19_healthcare_admissionByDay,all,all,default,2023,2023-12-01,255.0000,False
infectious_disease,respiratory,COVID-19,Nation,England,COVID-19_healthcare_admissionByDay,all,all,default,2023,2023-11-30,305.0000,False
infectious_disease,respiratory,COVID-19,Nation,England,COVID-19_healthcare_admissionByDay,all,all,default,2023,2023-11-29,324.0000,False
infectious_disease,respiratory,COVID-19,Nation,England,COVID-19_healthcare_admissionByDay,all,all,default,2023,2023-11-28,332.0000,False
infectious_disease,respiratory,COVID-19,Nation,England,COVID-19_healthcare_admissionByDay,all,all,default,2023,2023-11-27,327.0000,False
infectious_disease,respiratory,COVID-19,Nation,England,COVID-19_healthcare_admissionByDay,all,all,default,2023,2023-11-26,302.0000,False
infectious_disease,respiratory,COVID-19,Nation,England,COVID-19_healthcare_admissionByDay,all,all,default,2023,2023-11-25,215.0000,False
infectious_disease,respiratory,COVID-19,Nation,England,COVID-19_healthcare_admissionByDay,all,all,default,2023,2023-11-24,231.0000,False
infectious_disease,respiratory,COVID-19,Nation,England,COVID-19_healthcare_admissionByDay,all,all,default,2023,2023-11-23,283.0000,False
infectious_disease,respiratory,COVID-19,Nation,England,COVID-19_healthcare_admissionByDay,all,all,default,2023,2023-11-22,291.0000,False
infectious_disease,respiratory,COVID-19,Nation,England,COVID-19_healthcare_admissionByDay,all,all,default,2023,2023-11-21,295.0000,False
infectious_disease,respiratory,COVID-19,Nation,England,COVID-19_healthcare_admissionByDay,all,all,default,2023,2023-11-20,280.0000,False
infectious_disease,respiratory,COVID-19,Nation,England,COVID-19_healthcare_admissionByDay,all,all,default,2023,2023-11-19,281.0000,False
infectious_disease,respiratory,COVID-19,Nation,England,COVID-19_healthcare_admissionByDay,all,all,default,2023,2023-11-18,216.0000,False
infectious_disease,respiratory,COVID-19,Nation,England,COVID-19_healthcare_admissionByDay,all,all,default,2023,2023-11-17,233.0000,False
infectious_disease,respiratory,COVID-19,Nation,England,COVID-19_healthcare_admissionByDay,all,all,default,2023,2023-11-16,282.0000,False
infectious_disease,respiratory,COVID-19,Nation,England,COVID-19_healthcare_admissionByDay,all,all,default,2023,2023-11-15,316.0000,False
infectious_disease,respiratory,COVID-19,Nation,England,COVID-19_healthcare_admissionByDay,all,all,default,2023,2023-11-14,313.0000,False
infectious_disease,respiratory,COVID-19,Nation,England,COVID-19_healthcare_admissionByDay,all,all,default,2023,2023-11-13,314.0000,False
infectious_disease,respiratory,COVID-19,Nation,England,COVID-19_healthcare_admissionByDay,all,all,default,2023,2023-11-12,303.0000,False
infectious_disease,respiratory,COVID-19,Nation,England,COVID-19_healthcare_admissionByDay,all,all,default,2023,2023-11-11,251.0000,False
infectious_disease,respiratory,COVID-19,Nation,England,COVID-19_healthcare_admissionByDay,all,all,default,2023,2023-11-10,238.0000,False
infectious_disease,respiratory,COVID-19,Nation,England,COVID-19_healthcare_admissionByDay,all,all,default,2023,2023-11-09,351.0000,False
infectious_disease,respiratory,COVID-19,Nation,England,COVID-19_healthcare_admissionByDay,all,all,default,2023,2023-11-08,338.0000,False
infectious_disease,respiratory,COVID-19,Nation,England,COVID-19_healthcare_admissionByDay,all,all,default,2023,2023-11-07,356.0000,False
infectious_disease,respiratory,COVID-19,Nation,England,COVID-19_healthcare_admissionByDay,all,all,default,2023,2023-11-06,361.0000,False
infectious_disease,respiratory,COVID-19,Nation,England,COVID-19_healthcare_admissionByDay,all,all,default,2023,2023-11-05,362.0000,False
infectious_disease,respiratory,COVID-19,Nation,England,COVID-19_healthcare_admissionByDay,all,all,default,2023,2023-11-04,294.0000,False
infectious_disease,respiratory,COVID-19,Nation,England,COVID-19_healthcare_admissionByDay,all,all,default,2023,2023-11-03,289.0000,False
infectious_disease,respiratory,COVID-19,Nation,England,COVID-19_healthcare_admissionByDay,all,all,default,2023,2023-11-02,379.0000,False
infectious_disease,respiratory,COVID-19,Nation,England,COVID-19_healthcare_admissionByDay,all,all,default,2023,2023-11-01,378.0000,False
infectious_disease,respiratory,COVID-19,Nation,England,COVID-19_healthcare_admissionByDay,all,all,default,2023,2023-10-31,375.0000,False
infectious_disease,respiratory,COVID-19,Nation,England,COVID-19_healthcare_admissionByDay,all,all,default,2023,2023-10-30,402.0000,False
infectious_disease,respiratory,COVID-19,Nation,England,COVID-19_healthcare_admissionByDay,all,all,default,2023,2023-10-29,363.0000,False
infectious_disease,respiratory,COVID-19,Nation,England,COVID-19_healthcare_admissionByDay,all,all,default,2023,2023-10-28,320.0000,False
infectious_disease,respiratory,COVID-19,Nation,England,COVID-19_healthcare_admissionByDay,all,all,default,2023,2023-10-27,350.0000,False
infectious_disease,respiratory,COVID-19,Nation,England,COVID-19_healthcare_admissionByDay,all,all,default,2023,2023-10-26,446.0000,False
infectious_disease,respiratory,COVID-19,Nation,England,COVID-19_healthcare_admissionByDay,all,all,default,2023,2023-10-25,428.0000,False
infectious_disease,respiratory,COVID-19,Nation,England,COVID-19_healthcare_admissionByDay,all,all,default,2023,2023-10-24,500.0000,False
infectious_disease,respiratory,COVID-19,Nation,England,COVID-19_healthcare_admissionByDay,all,all,default,2023,2023-10-23,459.0000,False
infectious_disease,respiratory,COVID-19,Nation,England,COVID-19_healthcare_admissionByDay,all,all,default,2023,2023-10-22,518.0000,False
infectious_disease,respiratory,COVID-19,Nation,England,COVID-19_healthcare_admissionByDay,all,all,default,2023,2023-10-21,361.0000,False
infectious_disease,respiratory,COVID-19,Nation,England,COVID-19_healthcare_admissionByDay,all,all,default,2023,2023-10-20,416.0000,False
infectious_disease,respiratory,COVID-19,Nation,England,COVID-19_healthcare_admissionByDay,all,all,default,2023,2023-10-19,507.0000,False
infectious_disease,respiratory,COVID-19,Nation,England,COVID-19_healthcare_admissionByDay,all,all,default,2023,2023-10-18,549.0000,False
infectious_disease,respiratory,COVID-19,Nation,England,COVID-19_healthcare_admissionByDay,all,all,default,2023,2023-10-17,550.0000,False
infectious_disease,respiratory,COVID-19,Nation,England,COVID-19_healthcare_admissionByDay,all,all,default,2023,2023-10-16,450.0000,False
infectious_disease,respiratory,COVID-19,Nation,England,COVID-19_healthcare_admissionByDay,all,all,default,2023,2023-10-15,521.0000,False
infectious_disease,respiratory,COVID-19,Nation,England,COVID-19_healthcare_admissionByDay,all,all,default,2023,2023-10-14,385.0000,False
infectious_disease,respiratory,COVID-19,Nation,England,COVID-19_healthcare_admissionByDay,all,all,default,2023,2023-10-13,422.0000,False
infectious_disease,respiratory,COVID-19,Nation,England,COVID-19_healthcare_admissionByDay,all,all,default,2023,2023-10-12,523.0000,False
infectious_disease,respiratory,COVID-19,Nation,England,COVID-19_healthcare_admissionByDay,all,all,default,2023,2023-10-11,551.0000,False
infectious_disease,respiratory,COVID-19,Nation,England,COVID-19_healthcare_admissionByDay,all,all,default,2023,2023-10-10,674.0000,False
infectious_disease,respiratory,COVID-19,Nation,England,COVID-19_healthcare_admissionByDay,all,all,default,2023,2023-10-09,645.0000,False
infectious_disease,respiratory,COVID-19,Nation,England,COVID-19_healthcare_admissionByDay,all,all,default,2023,2023-10-08,657.0000,False
infectious_disease,respiratory,COVID-19,Nation,England,COVID-19_healthcare_admissionByDay,all,all,default,2023,2023-10-07,497.0000,False
infectious_disease,respiratory,COVID-19,Nation,England,COVID-19_healthcare_admissionByDay,all,all,default,2023,2023-10-06,488.0000,False
infectious_disease,respiratory,COVID-19,Nation,England,COVID-19_healthcare_admissionByDay,all,all,default,2023,2023-10-05,683.0000,False
infectious_disease,respiratory,COVID-19,Nation,England,COVID-19_healthcare_admissionByDay,all,all,default,2023,2023-10-04,625.0000,False
infectious_disease,respiratory,COVID-19,Nation,England,COVID-19_healthcare_admissionByDay,all,all,default,2023,2023-10-03,699.0000,False
infectious_disease,respiratory,COVID-19,Nation,England,COVID-19_healthcare_admissionByDay,all,all,default,2023,2023-10-02,683.0000,False
infectious_disease,respiratory,COVID-19,Nation,England,COVID-19_healthcare_admissionByDay,all,all,default,2023,2023-10-01,665.0000,False
infectious_disease,respiratory,COVID-19,Nation,England,COVID-19_healthcare_admissionByDay,all,all,default,2023,2023-09-30,469.0000,False
infectious_disease,respiratory,COVID-19,Nation,England,COVID-19_healthcare_admissionByDay,all,all,default,2023,2023-09-29,483.0000,False
infectious_disease,respiratory,COVID-19,Nation,England,COVID-19_healthcare_admissionByDay,all,all,default,2023,2023-09-28,562.0000,False
infectious_disease,respiratory,COVID-19,Nation,England,COVID-19_healthcare_admissionByDay,all,all,default,2023,2023-09-27,619.0000,False
infectious_disease,respiratory,COVID-19,Nation,England,COVID-19_healthcare_admissionByDay,all,all,default,2023,2023-09-26,632.0000,False
infectious_disease,respiratory,COVID-19,Nation,England,COVID-19_healthcare_admissionByDay,all,all,default,2023,2023-09-25,606.0000,False
infectious_disease,respiratory,COVID-19,Nation,England,COVID-19_healthcare_admissionByDay,all,all,default,2023,2023-09-24,526.0000,False
infectious_disease,respiratory,COVID-19,Nation,England,COVID-19_healthcare_admissionByDay,all,all,default,2023,2023-09-23,402.0000,False
infectious_disease,respiratory,COVID-19,Nation,England,COVID-19_healthcare_admissionByDay,all,all,default,2023,2023-09-22,419.0000,False
infectious_disease,respiratory,COVID-19,Nation,England,COVID-19_healthcare_admissionByDay,all,all,default,2023,2023-09-21,436.0000,False
infectious_disease,respiratory,COVID-19,Nation,England,COVID-19_healthcare_admissionByDay,all,all,default,2023,2023-09-20,471.0000,False
infectious_disease,respiratory,COVID-19,Nation,England,COVID-19_healthcare_admissionByDay,all,all,default,2023,2023-09-19,464.0000,False
infectious_disease,respiratory,COVID-19,Nation,England,COVID-19_healthcare_admissionByDay,all,all,default,2023,2023-09-18,460.0000,False
infectious_disease,respiratory,COVID-19,Nation,England,COVID-19_healthcare_admissionByDay,all,all,default,2023,2023-09-17,442.0000,False
infectious_disease,respiratory,COVID-19,Nation,England,COVID-19_healthcare_admissionByDay,all,all,default,2023,2023-09-16,368.0000,False
infectious_disease,respiratory,COVID-19,Nation,England,COVID-19_healthcare_admissionByDay,all,all,default,2023,2023-09-15,329.0000,False
infectious_disease,respiratory,COVID-19,Nation,England,COVID-19_healthcare_admissionByDay,all,all,default,2023,2023-09-14,344.0000,False
infectious_disease,respiratory,COVID-19,Nation,England,COVID-19_healthcare_admissionByDay,all,all,default,2023,2023-09-13,365.0000,False
infectious_disease,respiratory,COVID-19,Nation,England,COVID-19_healthcare_admissionByDay,all,all,default,2023,2023-09-12,444.0000,False
infectious_disease,respiratory,COVID-19,Nation,England,COVID-19_healthcare_admissionByDay,all,all,default,2023,2023-09-11,445.0000,False
infectious_disease,respiratory,COVID-19,Nation,England,COVID-19_healthcare_admissionByDay,all,all,default,2023,2023-09-10,451.0000,False
infectious_disease,respiratory,COVID-19,Nation,England,COVID-19_healthcare_admissionByDay,all,all,default,2023,2023-09-09,388.0000,False
infectious_disease,respiratory,COVID-19,Nation,England,COVID-19_healthcare_admissionByDay,all,all,default,2023,2023-09-08,382.0000,False
infectious_disease,respiratory,COVID-19,Nation,England,COVID-19_healthcare_admissionByDay,all,all,default,2023,2023-09-07,475.0000,False
infectious_disease,respiratory,COVID-19,Nation,England,COVID-19_healthcare_admissionByDay,all,all,default,2023,2023-09-06,493.0000,False
infectious_disease,respiratory,COVID-19,Nation,England,COVID-19_healthcare_admissionByDay,all,all,default,2023,2023-09-05,495.0000,False
infectious_disease,respiratory,COVID-19,Nation,England,COVID-19_healthcare_admissionByDay,all,all,default,2023,2023-09-04,544.0000,False
infectious_disease,respiratory,COVID-19,Nation,England,COVID-19_healthcare_admissionByDay,all,all,default,2023,2023-09-03,536.0000,False
infectious_disease,respiratory,COVID-19,Nation,England,COVID-19_healthcare_admissionByDay,all,all,default,2023,2023-09-02,362.0000,False
infectious_disease,respiratory,COVID-19,Nation,England,COVID-19_healthcare_admissionByDay,all,all,default,2023,2023-09-01,360.0000,False
infectious_disease,respiratory,COVID-19,Nation,England,COVID-19_healthcare_admissionByDay,all,all,default,2023,2023-08-31,362.0000,False
infectious_disease,respiratory,COVID-19,Nation,England,COVID-19_healthcare_admissionByDay,all,all,default,2023,2023-08-30,447.0000,False
infectious_disease,respiratory,COVID-19,Nation,England,COVID-19_healthcare_admissionByDay,all,all,default,2023,2023-08-29,414.0000,False
infectious_disease,respiratory,COVID-19,Nation,England,COVID-19_healthcare_admissionByDay,all,all,default,2023,2023-08-28,413.0000,False
infectious_disease,respiratory,COVID-19,Nation,England,COVID-19_healthcare_admissionByDay,all,all,default,2023,2023-08-27,285.0000,False
infectious_disease,respiratory,COVID-19,Nation,England,COVID-19_healthcare_admissionByDay,all,all,default,2023,2023-08-26,254.0000,False
infectious_disease,respiratory,COVID-19,Nation,England,COVID-19_healthcare_admissionByDay,all,all,default,2023,2023-08-25,272.0000,False
infectious_disease,respiratory,COVID-19,Nation,England,COVID-19_healthcare_admissionByDay,all,all,default,2023,2023-08-24,350.0000,False
infectious_disease,respiratory,COVID-19,Nation,England,COVID-19_healthcare_admissionByDay,all,all,default,2023,2023-08-23,333.0000,False
infectious_disease,respiratory,COVID-19,Nation,England,COVID-19_healthcare_admissionByDay,all,all,default,2023,2023-08-22,376.0000,False
infectious_disease,respiratory,COVID-19,Nation,England,COVID-19_healthcare_admissionByDay,all,all,default,2023,2023-08-21,381.0000,False
infectious_disease,respiratory,COVID-19,Nation,England,COVID-19_healthcare_admissionByDay,all,all,default,2023,2023-08-20,340.0000,False
infectious_disease,respiratory,COVID-19,Nation,England,COVID-19_healthcare_admissionByDay,all,all,default,2023,2023-08-19,230.0000,False
infectious_disease,respiratory,COVID-19,Nation,England,COVID-19_healthcare_admissionByDay,all,all,default,2023,2023-08-18,271.0000,False
infectious_disease,respiratory,COVID-19,Nation,England,COVID-19_healthcare_admissionByDay,all,all,default,2023,2023-08-17,307.0000,False
infectious_disease,respiratory,COVID-19,Nation,England,COVID-19_healthcare_admissionByDay,all,all,default,2023,2023-08-16,335.0000,False
infectious_disease,respiratory,COVID-19,Nation,England,COVID-19_healthcare_admissionByDay,all,all,default,2023,2023-08-15,358.0000,False
infectious_disease,respiratory,COVID-19,Nation,England,COVID-19_healthcare_admissionByDay,all,all,default,2023,2023-08-14,361.0000,False
infectious_disease,respiratory,COVID-19,Nation,England,COVID-19_healthcare_admissionByDay,all,all,default,2023,2023-08-13,369.0000,False
infectious_disease,respiratory,COVID-19,Nation,England,COVID-19_healthcare_admissionByDay,all,all,default,2023,2023-08-12,253.0000,False
infectious_disease,respiratory,COVID-19,Nation,England,COVID-19_healthcare_admissionByDay,all,all,default,2023,2023-08-11,260.0000,False
infectious_disease,respiratory,COVID-19,Nation,England,COVID-19_healthcare_admissionByDay,all,all,default,2023,2023-08-10,313.0000,False
infectious_disease,respiratory,COVID-19,Nation,England,COVID-19_healthcare_admissionByDay,all,all,default,2023,2023-08-09,336.0000,False
infectious_disease,respiratory,COVID-19,Nation,England,COVID-19_healthcare_admissionByDay,all,all,default,2023,2023-08-08,357.0000,False
infectious_disease,respiratory,COVID-19,Nation,England,COVID-19_healthcare_admissionByDay,all,all,default,2023,2023-08-07,361.0000,False
infectious_disease,respiratory,COVID-19,Nation,England,COVID-19_healthcare_admissionByDay,all,all,default,2023,2023-08-06,309.0000,False
infectious_disease,respiratory,COVID-19,Nation,England,COVID-19_healthcare_admissionByDay,all,all,default,2023,2023-08-05,211.0000,False
infectious_disease,respiratory,COVID-19,Nation,England,COVID-19_healthcare_admissionByDay,all,all,default,2023,2023-08-04,229.0000,False
infectious_disease,respiratory,COVID-19,Nation,England,COVID-19_healthcare_admissionByDay,all,all,default,2023,2023-08-03,277.0000,False
infectious_disease,respiratory,COVID-19,Nation,England,COVID-19_healthcare_admissionByDay,all,all,default,2023,2023-08-02,293.0000,False
infectious_disease,respiratory,COVID-19,Nation,England,COVID-19_healthcare_admissionByDay,all,all,default,2023,2023-08-01,273.0000,False
infectious_disease,respiratory,COVID-19,Nation,England,COVID-19_healthcare_admissionByDay,all,all,default,2023,2023-07-31,258.0000,False
infectious_disease,respiratory,COVID-19,Nation,England,COVID-19_healthcare_admissionByDay,all,all,default,2023,2023-07-30,293.0000,False
infectious_disease,respiratory,COVID-19,Nation,England,COVID-19_healthcare_admissionByDay,all,all,default,2023,2023-07-29,181.0000,False
infectious_disease,respiratory,COVID-19,Nation,England,COVID-19_healthcare_admissionByDay,all,all,default,2023,2023-07-28,171.0000,False
infectious_disease,respiratory,COVID-19,Nation,England,COVID-19_healthcare_admissionByDay,all,all,default,2023,2023-07-27,253.0000,False
infectious_disease,respiratory,COVID-19,Nation,England,COVID-19_healthcare_admissionByDay,all,all,default,2023,2023-07-26,210.0000,False
infectious_disease,respiratory,COVID-19,Nation,England,COVID-19_healthcare_admissionByDay,all,all,default,2023,2023-07-25,204.0000,False
infectious_disease,respiratory,COVID-19,Nation,England,COVID-19_healthcare_admissionByDay,all,all,default,2023,2023-07-24,248.0000,False
infectious_disease,respiratory,COVID-19,Nation,England,COVID-19_healthcare_admissionByDay,all,all,default,2023,2023-07-23,203.0000,False
infectious_disease,respiratory,COVID-19,Nation,England,COVID-19_healthcare_admissionByDay,all,all,default,2023,2023-07-22,148.0000,False
infectious_disease,respiratory,COVID-19,Nation,England,COVID-19_healthcare_admissionByDay,all,all,default,2023,2023-07-21,132.0000,False
infectious_disease,respiratory,COVID-19,Nation,England,COVID-19_healthcare_admissionByDay,all,all,default,2023,2023-07-20,169.0000,False
infectious_disease,respiratory,COVID-19,Nation,England,COVID-19_healthcare_admissionByDay,all,all,default,2023,2023-07-19,184.0000,False
infectious_disease,respiratory,COVID-19,Nation,England,COVID-19_healthcare_admissionByDay,all,all,default,2023,2023-07-18,142.0000,False
infectious_disease,respiratory,COVID-19,Nation,England,COVID-19_healthcare_admissionByDay,all,all,default,2023,2023-07-17,143.0000,False
infectious_disease,respiratory,COVID-19,Nation,England,COVID-19_healthcare_admissionByDay,all,all,default,2023,2023-07-16,132.0000,False
infectious_disease,respiratory,COVID-19,Nation,England,COVID-19_healthcare_admissionByDay,all,all,default,2023,2023-07-15,125.0000,False
infectious_disease,respiratory,COVID-19,Nation,England,COVID-19_healthcare_admissionByDay,all,all,default,2023,2023-07-14,101.0000,False
infectious_disease,respiratory,COVID-19,Nation,England,COVID-19_healthcare_admissionByDay,all,all,default,2023,2023-07-13,133.0000,False
infectious_disease,respiratory,COVID-19,Nation,England,COVID-19_healthcare_admissionByDay,all,all,default,2023,2023-07-12,139.0000,False
infectious_disease,respiratory,COVID-19,Nation,England,COVID-19_healthcare_admissionByDay,all,all,default,2023,2023-07-11,157.0000,False
infectious_disease,respiratory,COVID-19,Nation,England,COVID-19_healthcare_admissionByDay,all,all,default,2023,2023-07-10,161.0000,False
infectious_disease,respiratory,COVID-19,Nation,England,COVID-19_healthcare_admissionByDay,all,all,default,2023,2023-07-09,128.0000,False
infectious_disease,respiratory,COVID-19,Nation,England,COVID-19_healthcare_admissionByDay,all,all,default,2023,2023-07-08,112.0000,False
infectious_disease,respiratory,COVID-19,Nation,England,COVID-19_healthcare_admissionByDay,all,all,default,2023,2023-07-07,100.0000,False
infectious_disease,respiratory,COVID-19,Nation,England,COVID-19_healthcare_admissionByDay,all,all,default,2023,2023-07-06,120.0000,False
infectious_disease,respiratory,COVID-19,Nation,England,COVID-19_healthcare_admissionByDay,all,all,default,2023,2023-07-05,113.0000,False
infectious_disease,respiratory,COVID-19,Nation,England,COVID-19_healthcare_admissionByDay,all,all,default,2023,2023-07-04,142.0000,False
infectious_disease,respiratory,COVID-19,Nation,England,COVID-19_healthcare_admissionByDay,all,all,default,2023,2023-07-03,115.0000,False
infectious_disease,respiratory,COVID-19,Nation,England,COVID-19_healthcare_admissionByDay,all,all,default,2023,2023-07-02,97.0000,False
infectious_disease,respiratory,COVID-19,Nation,England,COVID-19_healthcare_admissionByDay,all,all,default,2023,2023-07-01,70.0000,False
infectious_disease,respiratory,COVID-19,Nation,England,COVID-19_healthcare_admissionByDay,all,all,default,2023,2023-06-30,93.0000,False
infectious_disease,respiratory,COVID-19,Nation,England,COVID-19_healthcare_admissionByDay,all,all,default,2023,2023-06-29,106.0000,False
infectious_disease,respiratory,COVID-19,Nation,England,COVID-19_healthcare_admissionByDay,all,all,default,2023,2023-06-28,121.0000,False
infectious_disease,respiratory,COVID-19,Nation,England,COVID-19_healthcare_admissionByDay,all,all,default,2023,2023-06-27,97.0000,False
infectious_disease,respiratory,COVID-19,Nation,England,COVID-19_healthcare_admissionByDay,all,all,default,2023,2023-06-26,107.0000,False
infectious_disease,respiratory,COVID-19,Nation,England,COVID-19_healthcare_admissionByDay,all,all,default,2023,2023-06-25,102.0000,False
infectious_disease,respiratory,COVID-19,Nation,England,COVID-19_healthcare_admissionByDay,all,all,default,2023,2023-06-24,95.0000,False
infectious_disease,respiratory,COVID-19,Nation,England,COVID-19_healthcare_admissionByDay,all,all,default,2023,2023-06-23,80.0000,False
infectious_disease,respiratory,COVID-19,Nation,England,COVID-19_healthcare_admissionByDay,all,all,default,2023,2023-06-22,124.0000,False
infectious_disease,respiratory,COVID-19,Nation,England,COVID-19_healthcare_admissionByDay,all,all,default,2023,2023-06-21,125.0000,False
infectious_disease,respiratory,COVID-19,Nation,England,COVID-19_healthcare_admissionByDay,all,all,default,2023,2023-06-20,167.0000,False
infectious_disease,respiratory,COVID-19,Nation,England,COVID-19_healthcare_admissionByDay,all,all,default,2023,2023-06-19,150.0000,False
infectious_disease,respiratory,COVID-19,Nation,England,COVID-19_healthcare_admissionByDay,all,all,default,2023,2023-06-18,146.0000,False
infectious_disease,respiratory,COVID-19,Nation,England,COVID-19_healthcare_admissionByDay,all,all,default,2023,2023-06-17,124.0000,False
infectious_disease,respiratory,COVID-19,Nation,England,COVID-19_healthcare_admissionByDay,all,all,default,2023,2023-06-16,115.0000,False
infectious_disease,respiratory,COVID-19,Nation,England,COVID-19_healthcare_admissionByDay,all,all,default,2023,2023-06-15,160.0000,False
infectious_disease,respiratory,COVID-19,Nation,England,COVID-19_healthcare_admissionByDay,all,all,default,2023,2023-06-14,212.0000,False
infectious_disease,respiratory,COVID-19,Nation,England,COVID-19_healthcare_admissionByDay,all,all,default,2023,2023-06-13,246.0000,False
infectious_disease,respiratory,COVID-19,Nation,England,COVID-19_healthcare_admissionByDay,all,all,default,2023,2023-06-12,223.0000,False
infectious_disease,respiratory,COVID-19,Nation,England,COVID-19_healthcare_admissionByDay,all,all,default,2023,2023-06-11,252.0000,False
infectious_disease,respiratory,COVID-19,Nation,England,COVID-19_healthcare_admissionByDay,all,all,default,2023,2023-06-10,180.0000,False
infectious_disease,respiratory,COVID-19,Nation,England,COVID-19_healthcare_admissionByDay,all,all,default,2023,2023-06-09,183.0000,False
infectious_disease,respiratory,COVID-19,Nation,England,COVID-19_healthcare_admissionByDay,all,all,default,2023,2023-06-08,255.0000,False
infectious_disease,respiratory,COVID-19,Nation,England,COVID-19_healthcare_admissionByDay,all,all,default,2023,2023-06-07,272.0000,False
infectious_disease,respiratory,COVID-19,Nation,England,COVID-19_healthcare_admissionByDay,all,all,default,2023,2023-06-06,290.0000,False
infectious_disease,respiratory,COVID-19,Nation,England,COVID-19_healthcare_admissionByDay,all,all,default,2023,2023-06-05,276.0000,False
infectious_disease,respiratory,COVID-19,Nation,England,COVID-19_healthcare_admissionByDay,all,all,default,2023,2023-06-04,255.0000,False
infectious_disease,respiratory,COVID-19,Nation,England,COVID-19_healthcare_admissionByDay,all,all,default,2023,2023-06-03,177.0000,False
infectious_disease,respiratory,COVID-19,Nation,England,COVID-19_healthcare_admissionByDay,all,all,default,2023,2023-06-02,192.0000,False
infectious_disease,respiratory,COVID-19,Nation,England,COVID-19_healthcare_admissionByDay,all,all,default,2023,2023-06-01,293.0000,False
infectious_disease,respiratory,COVID-19,Nation,England,COVID-19_healthcare_admissionByDay,all,all,default,2023,2023-05-29,299.0000,False
infectious_disease,respiratory,COVID-19,Nation,England,COVID-19_healthcare_admissionByDay,all,all,default,2023,2023-05-28,257.0000,False
infectious_disease,respiratory,COVID-19,Nation,England,COVID-19_healthcare_admissionByDay,all,all,default,2023,2023-05-27,219.0000,False
infectious_disease,respiratory,COVID-19,Nation,England,COVID-19_healthcare_admissionByDay,all,all,default,2023,2023-05-26,246.0000,False
infectious_disease,respiratory,COVID-19,Nation,England,COVID-19_healthcare_admissionByDay,all,all,default,2023,2023-05-25,322.0000,False
infectious_disease,respiratory,COVID-19,Nation,England,COVID-19_healthcare_admissionByDay,all,all,default,2023,2023-05-24,340.0000,False
infectious_disease,respiratory,COVID-19,Nation,England,COVID-19_healthcare_admissionByDay,all,all,default,2023,2023-05-23,381.0000,False
infectious_disease,respiratory,COVID-19,Nation,England,COVID-19_healthcare_admissionByDay,all,all,default,2023,2023-05-22,364.0000,False
infectious_disease,respiratory,COVID-19,Nation,England,COVID-19_healthcare_admissionByDay,all,all,default,2023,2023-05-21,328.0000,False
infectious_disease,respiratory,COVID-19,Nation,England,COVID-19_healthcare_admissionByDay,all,all,default,2023,2023-05-20,247.0000,False
infectious_disease,respiratory,COVID-19,Nation,England,COVID-19_healthcare_admissionByDay,all,all,default,2023,2023-05-19,253.0000,False
infectious_disease,respiratory,COVID-19,Nation,England,COVID-19_healthcare_admissionByDay,all,all,default,2023,2023-05-18,343.0000,False
infectious_disease,respiratory,COVID-19,Nation,England,COVID-19_healthcare_admissionByDay,all,all,default,2023,2023-05-17,350.0000,False
infectious_disease,respiratory,COVID-19,Nation,England,COVID-19_healthcare_admissionByDay,all,all,default,2023,2023-05-16,383.0000,False
infectious_disease,respiratory,COVID-19,Nation,England,COVID-19_healthcare_admissionByDay,all,all,default,2023,2023-05-15,374.0000,False
infectious_disease,respiratory,COVID-19,Nation,England,COVID-19_healthcare_admissionByDay,all,all,default,2023,2023-05-14,345.0000,False
infectious_disease,respiratory,COVID-19,Nation,England,COVID-19_healthcare_admissionByDay,all,all,default,2023,2023-05-13,271.0000,False
infectious_disease,respiratory,COVID-19,Nation,England,COVID-19_healthcare_admissionByDay,all,all,default,2023,2023-05-12,309.0000,False
infectious_disease,respiratory,COVID-19,Nation,England,COVID-19_healthcare_admissionByDay,all,all,default,2023,2023-05-11,406.0000,False
infectious_disease,respiratory,COVID-19,Nation,England,COVID-19_healthcare_admissionByDay,all,all,default,2023,2023-05-10,459.0000,False
infectious_disease,respiratory,COVID-19,Nation,England,COVID-19_healthcare_admissionByDay,all,all,default,2023,2023-05-09,457.0000,False
infectious_disease,respiratory,COVID-19,Nation,England,COVID-19_healthcare_admissionByDay,all,all,default,2023,2023-05-08,456.0000,False
infectious_disease,respiratory,COVID-19,Nation,England,COVID-19_healthcare_admissionByDay,all,all,default,2023,2023-05-07,360.0000,False
infectious_disease,respiratory,COVID-19,Nation,England,COVID-19_healthcare_admissionByDay,all,all,default,2023,2023-05-06,382.0000,False
infectious_disease,respiratory,COVID-19,Nation,England,COVID-19_healthcare_admissionByDay,all,all,default,2023,2023-05-05,406.0000,False
infectious_disease,respiratory,COVID-19,Nation,England,COVID-19_healthcare_admissionByDay,all,all,default,2023,2023-05-04,443.0000,False
infectious_disease,respiratory,COVID-19,Nation,England,COVID-19_healthcare_admissionByDay,all,all,default,2023,2023-05-03,450.0000,False
infectious_disease,respiratory,COVID-19,Nation,England,COVID-19_healthcare_admissionByDay,all,all,default,2023,2023-05-02,505.0000,False
infectious_disease,respiratory,COVID-19,Nation,England,COVID-19_healthcare_admissionByDay,all,all,default,2023,2023-05-01,517.0000,False
infectious_disease,respiratory,COVID-19,Nation,England,COVID-19_healthcare_admissionByDay,all,all,default,2023,2023-04-30,428.0000,False
infectious_disease,respiratory,COVID-19,Nation,England,COVID-19_healthcare_admissionByDay,all,all,default,2023,2023-04-29,394.0000,False
infectious_disease,respiratory,COVID-19,Nation,England,COVID-19_healthcare_admissionByDay,all,all,default,2023,2023-04-28,404.0000,False
infectious_disease,respiratory,COVID-19,Nation,England,COVID-19_healthcare_admissionByDay,all,all,default,2023,2023-04-27,525.0000,False
infectious_disease,respiratory,COVID-19,Nation,England,COVID-19_healthcare_admissionByDay,all,all,default,2023,2023-04-26,539.0000,False
infectious_disease,respiratory,COVID-19,Nation,England,COVID-19_healthcare_admissionByDay,all,all,default,2023,2023-04-25,511.0000,False
infectious_disease,respiratory,COVID-19,Nation,England,COVID-19_healthcare_admissionByDay,all,all,default,2023,2023-04-24,525.0000,False
infectious_disease,respiratory,COVID-19,Nation,England,COVID-19_healthcare_admissionByDay,all,all,default,2023,2023-04-23,570.0000,False
infectious_disease,respiratory,COVID-19,Nation,England,COVID-19_healthcare_admissionByDay,all,all,default,2023,2023-04-22,411.0000,False
infectious_disease,respiratory,COVID-19,Nation,England,COVID-19_healthcare_admissionByDay,all,all,default,2023,2023-04-21,428.0000,False
infectious_disease,respiratory,COVID-19,Nation,England,COVID-19_healthcare_admissionByDay,all,all,default,2023,2023-04-20,493.0000,False
infectious_disease,respiratory,COVID-19,Nation,England,COVID-19_healthcare_admissionByDay,all,all,default,2023,2023-04-19,566.0000,False
infectious_disease,respiratory,COVID-19,Nation,England,COVID-19_healthcare_admissionByDay,all,all,default,2023,2023-04-18,557.0000,False
infectious_disease,respiratory,COVID-19,Nation,England,COVID-19_healthcare_admissionByDay,all,all,default,2023,2023-04-17,659.0000,False
infectious_disease,respiratory,COVID-19,Nation,England,COVID-19_healthcare_admissionByDay,all,all,default,2023,2023-04-16,576.0000,False
infectious_disease,respiratory,COVID-19,Nation,England,COVID-19_healthcare_admissionByDay,all,all,default,2023,2023-04-15,509.0000,False
infectious_disease,respiratory,COVID-19,Nation,England,COVID-19_healthcare_admissionByDay,all,all,default,2023,2023-04-14,492.0000,False
infectious_disease,respiratory,COVID-19,Nation,England,COVID-19_healthcare_admissionByDay,all,all,default,2023,2023-04-13,620.0000,False
infectious_disease,respiratory,COVID-19,Nation,England,COVID-19_healthcare_admissionByDay,all,all,default,2023,2023-04-12,628.0000,False
infectious_disease,respiratory,COVID-19,Nation,England,COVID-19_healthcare_admissionByDay,all,all,default,2023,2023-04-11,723.0000,False
infectious_disease,respiratory,COVID-19,Nation,England,COVID-19_healthcare_admissionByDay,all,all,default,2023,2023-04-10,719.0000,False
infectious_disease,respiratory,COVID-19,Nation,England,COVID-19_healthcare_admissionByDay,all,all,default,2023,2023-04-09,612.0000,False
infectious_disease,respiratory,COVID-19,Nation,England,COVID-19_healthcare_admissionByDay,all,all,default,2023,2023-04-08,526.0000,False
infectious_disease,respiratory,COVID-19,Nation,England,COVID-19_healthcare_admissionByDay,all,all,default,2023,2023-04-07,520.0000,False
infectious_disease,respiratory,COVID-19,Nation,England,COVID-19_healthcare_admissionByDay,all,all,default,2023,2023-04-06,619.0000,False
infectious_disease,respiratory,COVID-19,Nation,England,COVID-19_healthcare_admissionByDay,all,all,default,2023,2023-04-05,774.0000,False
infectious_disease,respiratory,COVID-19,Nation,England,COVID-19_healthcare_admissionByDay,all,all,default,2023,2023-04-04,786.0000,False
infectious_disease,respiratory,COVID-19,Nation,England,COVID-19_healthcare_admissionByDay,all,all,default,2023,2023-04-03,770.0000,False
infectious_disease,respiratory,COVID-19,Nation,England,COVID-19_healthcare_admissionByDay,all,all,default,2023,2023-04-02,771.0000,False
infectious_disease,respiratory,COVID-19,Nation,England,COVID-19_healthcare_admissionByDay,all,all,default,2023,2023-04-01,718.0000,False
infectious_disease,respiratory,COVID-19,Nation,England,COVID-19_healthcare_admissionByDay,all,all,default,2023,2023-03-31,699.0000,False
infectious_disease,respiratory,COVID-19,Nation,England,COVID-19_healthcare_admissionByDay,all,all,default,2023,2023-03-30,847.0000,False
infectious_disease,respiratory,COVID-19,Nation,England,COVID-19_healthcare_admissionByDay,all,all,default,2023,2023-03-29,1021.0000,False
infectious_disease,respiratory,COVID-19,Nation,England,COVID-19_healthcare_admissionByDay,all,all,default,2023,2023-03-28,934.0000,False
infectious_disease,respiratory,COVID-19,Nation,England,COVID-19_healthcare_admissionByDay,all,all,default,2023,2023-03-27,886.0000,False
infectious_disease,respiratory,COVID-19,Nation,England,COVID-19_healthcare_admissionByDay,all,all,default,2023,2023-03-26,825.0000,False
infectious_disease,respiratory,COVID-19,Nation,England,COVID-19_healthcare_admissionByDay,all,all,default,2023,2023-03-25,730.0000,False
infectious_disease,respiratory,COVID-19,Nation,England,COVID-19_healthcare_admissionByDay,all,all,default,2023,2023-03-24,762.0000,False
infectious_disease,respiratory,COVID-19,Nation,England,COVID-19_healthcare_admissionByDay,all,all,default,2023,2023-03-23,1011.0000,False
infectious_disease,respiratory,COVID-19,Nation,England,COVID-19_healthcare_admissionByDay,all,all,default,2023,2023-03-22,1028.0000,False
infectious_disease,respiratory,COVID-19,Nation,England,COVID-19_healthcare_admissionByDay,all,all,default,2023,2023-03-21,1065.0000,False
infectious_disease,respiratory,COVID-19,Nation,England,COVID-19_healthcare_admissionByDay,all,all,default,2023,2023-03-20,1019.0000,False
infectious_disease,respiratory,COVID-19,Nation,England,COVID-19_healthcare_admissionByDay,all,all,default,2023,2023-03-19,1049.0000,False
infectious_disease,respiratory,COVID-19,Nation,England,COVID-19_healthcare_admissionByDay,all,all,default,2023,2023-03-18,853.0000,False
infectious_disease,respiratory,COVID-19,Nation,England,COVID-19_healthcare_admissionByDay,all,all,default,2023,2023-03-17,842.0000,False
infectious_disease,respiratory,COVID-19,Nation,England,COVID-19_healthcare_admissionByDay,all,all,default,2023,2023-03-16,1076.0000,False
infectious_disease,respiratory,COVID-19,Nation,England,COVID-19_healthcare_admissionByDay,all,all,default,2023,2023-03-15,1011.0000,False
infectious_disease,respiratory,COVID-19,Nation,England,COVID-19_healthcare_admissionByDay,all,all,default,2023,2023-03-14,1100.0000,False
infectious_disease,respiratory,COVID-19,Nation,England,COVID-19_healthcare_admissionByDay,all,all,default,2023,2023-03-13,1189.0000,False
infectious_disease,respiratory,COVID-19,Nation,England,COVID-19_healthcare_admissionByDay,all,all,default,2023,2023-03-12,1071.0000,False
infectious_disease,respiratory,COVID-19,Nation,England,COVID-19_healthcare_admissionByDay,all,all,default,2023,2023-03-11,870.0000,False
infectious_disease,respiratory,COVID-19,Nation,England,COVID-19_healthcare_admissionByDay,all,all,default,2023,2023-03-10,783.0000,False
infectious_disease,respiratory,COVID-19,Nation,England,COVID-19_healthcare_admissionByDay,all,all,default,2023,2023-03-09,978.0000,False
infectious_disease,respiratory,COVID-19,Nation,England,COVID-19_healthcare_admissionByDay,all,all,default,2023,2023-03-08,1122.0000,False
infectious_disease,respiratory,COVID-19,Nation,England,COVID-19_healthcare_admissionByDay,all,all,default,2023,2023-03-07,1045.0000,False
infectious_disease,respiratory,COVID-19,Nation,England,COVID-19_healthcare_admissionByDay,all,all,default,2023,2023-03-06,1039.0000,False
infectious_disease,respiratory,COVID-19,Nation,England,COVID-19_healthcare_admissionByDay,all,all,default,2023,2023-03-05,874.0000,False
infectious_disease,respiratory,COVID-19,Nation,England,COVID-19_healthcare_admissionByDay,all,all,default,2023,2023-03-04,743.0000,False
infectious_disease,respiratory,COVID-19,Nation,England,COVID-19_healthcare_admissionByDay,all,all,default,2023,2023-03-03,750.0000,False
infectious_disease,respiratory,COVID-19,Nation,England,COVID-19_healthcare_admissionByDay,all,all,default,2023,2023-03-02,947.0000,False
infectious_disease,respiratory,COVID-19,Nation,England,COVID-19_healthcare_admissionByDay,all,all,default,2023,2023-03-01,993.0000,False
infectious_disease,respiratory,COVID-19,Nation,England,COVID-19_healthcare_admissionByDay,all,all,default,2023,2023-02-28,942.0000,False
infectious_disease,respiratory,COVID-19,Nation,England,COVID-19_healthcare_admissionByDay,all,all,default,2023,2023-02-27,933.0000,False
infectious_disease,respiratory,COVID-19,Nation,England,COVID-19_healthcare_admissionByDay,all,all,default,2023,2023-02-26,893.0000,False
infectious_disease,respiratory,COVID-19,Nation,England,COVID-19_healthcare_admissionByDay,all,all,default,2023,2023-02-25,729.0000,False
infectious_disease,respiratory,COVID-19,Nation,England,COVID-19_healthcare_admissionByDay,all,all,default,2023,2023-02-24,665.0000,False
infectious_disease,respiratory,COVID-19,Nation,England,COVID-19_healthcare_admissionByDay,all,all,default,2023,2023-02-23,845.0000,False
infectious_disease,respiratory,COVID-19,Nation,England,COVID-19_healthcare_admissionByDay,all,all,default,2023,2023-02-22,879.0000,False
infectious_disease,respiratory,COVID-19,Nation,England,COVID-19_healthcare_admissionByDay,all,all,default,2023,2023-02-21,967.0000,False
infectious_disease,respiratory,COVID-19,Nation,England,COVID-19_healthcare_admissionByDay,all,all,default,2023,2023-02-20,983.0000,False
infectious_disease,respiratory,COVID-19,Nation,England,COVID-19_healthcare_admissionByDay,all,all,default,2023,2023-02-19,912.0000,False
infectious_disease,respiratory,COVID-19,Nation,England,COVID-19_healthcare_admissionByDay,all,all,default,2023,2023-02-18,749.0000,False
infectious_disease,respiratory,COVID-19,Nation,England,COVID-19_healthcare_admissionByDay,all,all,default,2023,2023-02-17,785.0000,False
infectious_disease,respiratory,COVID-19,Nation,England,COVID-19_healthcare_admissionByDay,all,all,default,2023,2023-02-16,959.0000,False
infectious_disease,respiratory,COVID-19,Nation,England,COVID-19_healthcare_admissionByDay,all,all,default,2023,2023-02-15,978.0000,False
infectious_disease,respiratory,COVID-19,Nation,England,COVID-19_healthcare_admissionByDay,all,all,default,2023,2023-02-14,912.0000,False
infectious_disease,respiratory,COVID-19,Nation,England,COVID-19_healthcare_admissionByDay,all,all,default,2023,2023-02-13,949.0000,False
infectious_disease,respiratory,COVID-19,Nation,England,COVID-19_healthcare_admissionByDay,all,all,default,2023,2023-02-12,866.0000,False
infectious_disease,respiratory,COVID-19,Nation,England,COVID-19_healthcare_admissionByDay,all,all,default,2023,2023-02-11,743.0000,False
infectious_disease,respiratory,COVID-19,Nation,England,COVID-19_healthcare_admissionByDay,all,all,default,2023,2023-02-10,643.0000,False
infectious_disease,respiratory,COVID-19,Nation,England,COVID-19_healthcare_admissionByDay,all,all,default,2023,2023-02-09,818.0000,False
infectious_disease,respiratory,COVID-19,Nation,England,COVID-19_healthcare_admissionByDay,all,all,default,2023,2023-02-08,768.0000,False
infectious_disease,respiratory,COVID-19,Nation,England,COVID-19_healthcare_admissionByDay,all,all,default,2023,2023-02-07,817.0000,False
infectious_disease,respiratory,COVID-19,Nation,England,COVID-19_healthcare_admissionByDay,all,all,default,2023,2023-02-06,825.0000,False
infectious_disease,respiratory,COVID-19,Nation,England,COVID-19_healthcare_admissionByDay,all,all,default,2023,2023-02-05,747.0000,False
infectious_disease,respiratory,COVID-19,Nation,England,COVID-19_healthcare_admissionByDay,all,all,default,2023,2023-02-04,668.0000,False
infectious_disease,respiratory,COVID-19,Nation,England,COVID-19_healthcare_admissionByDay,all,all,default,2023,2023-02-03,573.0000,False
infectious_disease,respiratory,COVID-19,Nation,England,COVID-19_healthcare_admissionByDay,all,all,default,2023,2023-02-02,713.0000,False
infectious_disease,respiratory,COVID-19,Nation,England,COVID-19_healthcare_admissionByDay,all,all,default,2023,2023-02-01,780.0000,False
infectious_disease,respiratory,COVID-19,Nation,England,COVID-19_healthcare_admissionByDay,all,all,default,2023,2023-01-31,752.0000,False
infectious_disease,respiratory,COVID-19,Nation,England,COVID-19_healthcare_admissionByDay,all,all,default,2023,2023-01-30,741.0000,False
infectious_disease,respiratory,COVID-19,Nation,England,COVID-19_healthcare_admissionByDay,all,all,default,2023,2023-01-29,705.0000,False
infectious_disease,respiratory,COVID-19,Nation,England,COVID-19_healthcare_admissionByDay,all,all,default,2023,2023-01-28,562.0000,False
infectious_disease,respiratory,COVID-19,Nation,England,COVID-19_healthcare_admissionByDay,all,all,default,2023,2023-01-27,558.0000,False
infectious_disease,respiratory,COVID-19,Nation,England,COVID-19_healthcare_admissionByDay,all,all,default,2023,2023-01-26,654.0000,False
infectious_disease,respiratory,COVID-19,Nation,England,COVID-19_healthcare_admissionByDay,all,all,default,2023,2023-01-25,706.0000,False
infectious_disease,respiratory,COVID-19,Nation,England,COVID-19_healthcare_admissionByDay,all,all,default,2023,2023-01-24,695.0000,False
infectious_disease,respiratory,COVID-19,Nation,England,COVID-19_healthcare_admissionByDay,all,all,default,2023,2023-01-23,617.0000,False
infectious_disease,respiratory,COVID-19,Nation,England,COVID-19_healthcare_admissionByDay,all,all,default,2023,2023-01-22,590.0000,False
infectious_disease,respiratory,COVID-19,Nation,England,COVID-19_healthcare_admissionByDay,all,all,default,2023,2023-01-21,493.0000,False
infectious_disease,respiratory,COVID-19,Nation,England,COVID-19_healthcare_admissionByDay,all,all,default,2023,2023-01-20,447.0000,False
infectious_disease,respiratory,COVID-19,Nation,England,COVID-19_healthcare_admissionByDay,all,all,default,2023,2023-01-19,618.0000,False
infectious_disease,respiratory,COVID-19,Nation,England,COVID-19_healthcare_admissionByDay,all,all,default,2023,2023-01-18,595.0000,False
infectious_disease,respiratory,COVID-19,Nation,England,COVID-19_healthcare_admissionByDay,all,all,default,2023,2023-01-17,565.0000,False
infectious_disease,respiratory,COVID-19,Nation,England,COVID-19_healthcare_admissionByDay,all,all,default,2023,2023-01-16,599.0000,False
infectious_disease,respiratory,COVID-19,Nation,England,COVID-19_healthcare_admissionByDay,all,all,default,2023,2023-01-15,567.0000,False
infectious_disease,respiratory,COVID-19,Nation,England,COVID-19_healthcare_admissionByDay,all,all,default,2023,2023-01-14,417.0000,False
infectious_disease,respiratory,COVID-19,Nation,England,COVID-19_healthcare_admissionByDay,all,all,default,2023,2023-01-13,510.0000,False
infectious_disease,respiratory,COVID-19,Nation,England,COVID-19_healthcare_admissionByDay,all,all,default,2023,2023-01-12,664.0000,False
infectious_disease,respiratory,COVID-19,Nation,England,COVID-19_healthcare_admissionByDay,all,all,default,2023,2023-01-11,692.0000,False
infectious_disease,respiratory,COVID-19,Nation,England,COVID-19_healthcare_admissionByDay,all,all,default,2023,2023-01-10,661.0000,False
infectious_disease,respiratory,COVID-19,Nation,England,COVID-19_healthcare_admissionByDay,all,all,default,2023,2023-01-09,737.0000,False
infectious_disease,respiratory,COVID-19,Nation,England,COVID-19_healthcare_admissionByDay,all,all,default,2023,2023-01-08,776.0000,False
infectious_disease,respiratory,COVID-19,Nation,England,COVID-19_healthcare_admissionByDay,all,all,default,2023,2023-01-07,628.0000,False
infectious_disease,respiratory,COVID-19,Nation,England,COVID-19_healthcare_admissionByDay,all,all,default,2023,2023-01-06,705.0000,False
infectious_disease,respiratory,COVID-19,Nation,England,COVID-19_healthcare_admissionByDay,all,all,default,2023,2023-01-05,899.0000,False
infectious_disease,respiratory,COVID-19,Nation,England,COVID-19_healthcare_admissionByDay,all,all,default,2023,2023-01-04,922.0000,False
infectious_disease,respiratory,COVID-19,Nation,England,COVID-19_healthcare_admissionByDay,all,all,default,2023,2023-01-03,992.0000,False
infectious_disease,respiratory,COVID-19,Nation,England,COVID-19_healthcare_admissionByDay,all,all,default,2023,2023-01-02,916.0000,False
infectious_disease,respiratory,COVID-19,Nation,England,COVID-19_healthcare_admissionByDay,all,all,default,2023,2023-01-01,784.0000,False
infectious_disease,respiratory,COVID-19,Nation,England,COVID-19_healthcare_admissionByDay,all,all,default,2022,2022-12-31,723.0000,False
infectious_disease,respiratory,COVID-19,Nation,England,COVID-19_healthcare_admissionByDay,all,all,default,2022,2022-12-30,940.0000,False
infectious_disease,respiratory,COVID-19,Nation,England,COVID-19_healthcare_admissionByDay,all,all,default,2022,2022-12-29,1225.0000,False
infectious_disease,respiratory,COVID-19,Nation,England,COVID-19_healthcare_admissionByDay,all,all,default,2022,2022-12-28,1245.0000,False
infectious_disease,respiratory,COVID-19,Nation,England,COVID-19_healthcare_admissionByDay,all,all,default,2022,2022-12-27,1134.0000,False
infectious_disease,respiratory,COVID-19,Nation,England,COVID-19_healthcare_admissionByDay,all,all,default,2022,2022-12-26,988.0000,False
infectious_disease,respiratory,COVID-19,Nation,England,COVID-19_healthcare_admissionByDay,all,all,default,2022,2022-12-25,844.0000,False
infectious_disease,respiratory,COVID-19,Nation,England,COVID-19_healthcare_admissionByDay,all,all,default,2022,2022-12-24,780.0000,False
infectious_disease,respiratory,COVID-19,Nation,England,COVID-19_healthcare_admissionByDay,all,all,default,2022,2022-12-23,899.0000,False
infectious_disease,respiratory,COVID-19,Nation,England,COVID-19_healthcare_admissionByDay,all,all,default,2022,2022-12-22,1236.0000,False
infectious_disease,respiratory,COVID-19,Nation,England,COVID-19_healthcare_admissionByDay,all,all,default,2022,2022-12-21,1293.0000,False
infectious_disease,respiratory,COVID-19,Nation,England,COVID-19_healthcare_admissionByDay,all,all,default,2022,2022-12-20,1376.0000,False
infectious_disease,respiratory,COVID-19,Nation,England,COVID-19_healthcare_admissionByDay,all,all,default,2022,2022-12-19,1296.0000,False
infectious_disease,respiratory,COVID-19,Nation,England,COVID-19_healthcare_admissionByDay,all,all,default,2022,2022-12-18,1176.0000,False
infectious_disease,respiratory,COVID-19,Nation,England,COVID-19_healthcare_admissionByDay,all,all,default,2022,2022-12-17,799.0000,False
infectious_disease,respiratory,COVID-19,Nation,England,COVID-19_healthcare_admissionByDay,all,all,default,2022,2022-12-16,834.0000,False
infectious_disease,respiratory,COVID-19,Nation,England,COVID-19_healthcare_admissionByDay,all,all,default,2022,2022-12-15,1064.0000,False
infectious_disease,respiratory,COVID-19,Nation,England,COVID-19_healthcare_admissionByDay,all,all,default,2022,2022-12-14,963.0000,False
infectious_disease,respiratory,COVID-19,Nation,England,COVID-19_healthcare_admissionByDay,all,all,default,2022,2022-12-13,1026.0000,False
infectious_disease,respiratory,COVID-19,Nation,England,COVID-19_healthcare_admissionByDay,all,all,default,2022,2022-12-12,965.0000,False
infectious_disease,respiratory,COVID-19,Nation,England,COVID-19_healthcare_admissionByDay,all,all,default,2022,2022-12-11,872.0000,False
infectious_disease,respiratory,COVID-19,Nation,England,COVID-19_healthcare_admissionByDay,all,all,default,2022,2022-12-10,582.0000,False
infectious_disease,respiratory,COVID-19,Nation,England,COVID-19_healthcare_admissionByDay,all,all,default,2022,2022-12-09,607.0000,False
infectious_disease,respiratory,COVID-19,Nation,England,COVID-19_healthcare_admissionByDay,all,all,default,2022,2022-12-08,697.0000,False
infectious_disease,respiratory,COVID-19,Nation,England,COVID-19_healthcare_admissionByDay,all,all,default,2022,2022-12-07,748.0000,False
infectious_disease,respiratory,COVID-19,Nation,England,COVID-19_healthcare_admissionByDay,all,all,default,2022,2022-12-06,779.0000,False
infectious_disease,respiratory,COVID-19,Nation,England,COVID-19_healthcare_admissionByDay,all,all,default,2022,2022-12-05,724.0000,False
infectious_disease,respiratory,COVID-19,Nation,England,COVID-19_healthcare_admissionByDay,all,all,default,2022,2022-12-04,589.0000,False
infectious_disease,respiratory,COVID-19,Nation,England,COVID-19_healthcare_admissionByDay,all,all,default,2022,2022-12-03,498.0000,False
infectious_disease,respiratory,COVID-19,Nation,England,COVID-19_healthcare_admissionByDay,all,all,default,2022,2022-12-02,468.0000,False
infectious_disease,respiratory,COVID-19,Nation,England,COVID-19_healthcare_admissionByDay,all,all,default,2022,2022-12-01,583.0000,False
infectious_disease,respiratory,COVID-19,Nation,England,COVID-19_healthcare_admissionByDay,all,all,default,2022,2022-11-30,590.0000,False
infectious_disease,respiratory,COVID-19,Nation,England,COVID-19_healthcare_admissionByDay,all,all,default,2022,2022-11-29,661.0000,False
infectious_disease,respiratory,COVID-19,Nation,England,COVID-19_healthcare_admissionByDay,all,all,default,2022,2022-11-28,639.0000,False
infectious_disease,respiratory,COVID-19,Nation,England,COVID-19_healthcare_admissionByDay,all,all,default,2022,2022-11-27,557.0000,False
infectious_disease,respiratory,COVID-19,Nation,England,COVID-19_healthcare_admissionByDay,all,all,default,2022,2022-11-26,438.0000,False
infectious_disease,respiratory,COVID-19,Nation,England,COVID-19_healthcare_admissionByDay,all,all,default,2022,2022-11-25,443.0000,False
infectious_disease,respiratory,COVID-19,Nation,England,COVID-19_healthcare_admissionByDay,all,all,default,2022,2022-11-24,522.0000,False
infectious_disease,respiratory,COVID-19,Nation,England,COVID-19_healthcare_admissionByDay,all,all,default,2022,2022-11-23,536.0000,False
infectious_disease,respiratory,COVID-19,Nation,England,COVID-19_healthcare_admissionByDay,all,all,default,2022,2022-11-22,547.0000,False
infectious_disease,respiratory,COVID-19,Nation,England,COVID-19_healthcare_admissionByDay,all,all,default,2022,2022-11-21,503.0000,False
infectious_disease,respiratory,COVID-19,Nation,England,COVID-19_healthcare_admissionByDay,all,all,default,2022,2022-11-20,434.0000,False
infectious_disease,respiratory,COVID-19,Nation,England,COVID-19_healthcare_admissionByDay,all,all,default,2022,2022-11-19,395.0000,False
infectious_disease,respiratory,COVID-19,Nation,England,COVID-19_healthcare_admissionByDay,all,all,default,2022,2022-11-18,437.0000,False
infectious_disease,respiratory,COVID-19,Nation,England,COVID-19_healthcare_admissionByDay,all,all,default,2022,2022-11-17,516.0000,False
infectious_disease,respiratory,COVID-19,Nation,England,COVID-19_healthcare_admissionByDay,all,all,default,2022,2022-11-16,542.0000,False
infectious_disease,respiratory,COVID-19,Nation,England,COVID-19_healthcare_admissionByDay,all,all,default,2022,2022-11-15,494.0000,False
infectious_disease,respiratory,COVID-19,Nation,England,COVID-19_healthcare_admissionByDay,all,all,default,2022,2022-11-14,522.0000,False
infectious_disease,respiratory,COVID-19,Nation,England,COVID-19_healthcare_admissionByDay,all,all,default,2022,2022-11-13,445.0000,False
infectious_disease,respiratory,COVID-19,Nation,England,COVID-19_healthcare_admissionByDay,all,all,default,2022,2022-11-12,370.0000,False
infectious_disease,respiratory,COVID-19,Nation,England,COVID-19_healthcare_admissionByDay,all,all,default,2022,2022-11-11,435.0000,False
infectious_disease,respiratory,COVID-19,Nation,England,COVID-19_healthcare_admissionByDay,all,all,default,2022,2022-11-10,550.0000,False
infectious_disease,respiratory,COVID-19,Nation,England,COVID-19_healthcare_admissionByDay,all,all,default,2022,2022-11-09,535.0000,False
infectious_disease,respiratory,COVID-19,Nation,England,COVID-19_healthcare_admissionByDay,all,all,default,2022,2022-11-08,550.0000,False
infectious_disease,respiratory,COVID-19,Nation,England,COVID-19_healthcare_admissionByDay,all,all,default,2022,2022-11-07,598.0000,False
infectious_disease,respiratory,COVID-19,Nation,England,COVID-19_healthcare_admissionByDay,all,all,default,2022,2022-11-06,500.0000,False
infectious_disease,respiratory,COVID-19,Nation,England,COVID-19_healthcare_admissionByDay,all,all,default,2022,2022-11-05,396.0000,False
infectious_disease,respiratory,COVID-19,Nation,England,COVID-19_healthcare_admissionByDay,all,all,default,2022,2022-11-04,410.0000,False
infectious_disease,respiratory,COVID-19,Nation,England,COVID-19_healthcare_admissionByDay,all,all,default,2022,2022-11-03,568.0000,False
infectious_disease,respiratory,COVID-19,Nation,England,COVID-19_healthcare_admissionByDay,all,all,default,2022,2022-11-02,571.0000,False
infectious_disease,respiratory,COVID-19,Nation,England,COVID-19_healthcare_admissionByDay,all,all,default,2022,2022-11-01,689.0000,False
infectious_disease,respiratory,COVID-19,Nation,England,COVID-19_healthcare_admissionByDay,all,all,default,2022,2022-10-31,630.0000,False
infectious_disease,respiratory,COVID-19,Nation,England,COVID-19_healthcare_admissionByDay,all,all,default,2022,2022-10-30,640.0000,False
infectious_disease,respiratory,COVID-19,Nation,England,COVID-19_healthcare_admissionByDay,all,all,default,2022,2022-10-29,518.0000,False
infectious_disease,respiratory,COVID-19,Nation,England,COVID-19_healthcare_admissionByDay,all,all,default,2022,2022-10-28,558.0000,False
infectious_disease,respiratory,COVID-19,Nation,England,COVID-19_healthcare_admissionByDay,all,all,default,2022,2022-10-27,773.0000,False
infectious_disease,respiratory,COVID-19,Nation,England,COVID-19_healthcare_admissionByDay,all,all,default,2022,2022-10-26,857.0000,False
infectious_disease,respiratory,COVID-19,Nation,England,COVID-19_healthcare_admissionByDay,all,all,default,2022,2022-10-25,863.0000,False
infectious_disease,respiratory,COVID-19,Nation,England,COVID-19_healthcare_admissionByDay,all,all,default,2022,2022-10-24,870.0000,False
infectious_disease,respiratory,COVID-19,Nation,England,COVID-19_healthcare_admissionByDay,all,all,default,2022,2022-10-23,884.0000,False
infectious_disease,respiratory,COVID-19,Nation,England,COVID-19_healthcare_admissionByDay,all,all,default,2022,2022-10-22,785.0000,False
infectious_disease,respiratory,COVID-19,Nation,England,COVID-19_healthcare_admissionByDay,all,all,default,2022,2022-10-21,831.0000,False
infectious_disease,respiratory,COVID-19,Nation,England,COVID-19_healthcare_admissionByDay,all,all,default,2022,2022-10-20,1053.0000,False
infectious_disease,respiratory,COVID-19,Nation,England,COVID-19_healthcare_admissionByDay,all,all,default,2022,2022-10-19,1064.0000,False
infectious_disease,respiratory,COVID-19,Nation,England,COVID-19_healthcare_admissionByDay,all,all,default,2022,2022-10-18,1101.0000,False
infectious_disease,respiratory,COVID-19,Nation,England,COVID-19_healthcare_admissionByDay,all,all,default,2022,2022-10-17,1121.0000,False
infectious_disease,respiratory,COVID-19,Nation,England,COVID-19_healthcare_admissionByDay,all,all,default,2022,2022-10-16,1206.0000,False
infectious_disease,respiratory,COVID-19,Nation,England,COVID-19_healthcare_admissionByDay,all,all,default,2022,2022-10-15,900.0000,False
infectious_disease,respiratory,COVID-19,Nation,England,COVID-19_healthcare_admissionByDay,all,all,default,2022,2022-10-14,978.0000,False
infectious_disease,respiratory,COVID-19,Nation,England,COVID-19_healthcare_admissionByDay,all,all,default,2022,2022-10-13,1247.0000,False
infectious_disease,respiratory,COVID-19,Nation,England,COVID-19_healthcare_admissionByDay,all,all,default,2022,2022-10-12,1150.0000,False
infectious_disease,respiratory,COVID-19,Nation,England,COVID-19_healthcare_admissionByDay,all,all,default,2022,2022-10-11,1207.0000,False
infectious_disease,respiratory,COVID-19,Nation,England,COVID-19_healthcare_admissionByDay,all,all,default,2022,2022-10-10,1275.0000,False
infectious_disease,respiratory,COVID-19,Nation,England,COVID-19_healthcare_admissionByDay,all,all,default,2022,2022-10-09,1252.0000,False
infectious_disease,respiratory,COVID-19,Nation,England,COVID-19_healthcare_admissionByDay,all,all,default,2022,2022-10-08,885.0000,False
infectious_disease,respiratory,COVID-19,Nation,England,COVID-19_healthcare_admissionByDay,all,all,default,2022,2022-10-07,946.0000,False
infectious_disease,respiratory,COVID-19,Nation,England,COVID-19_healthcare_admissionByDay,all,all,default,2022,2022-10-06,1163.0000,False
infectious_disease,respiratory,COVID-19,Nation,England,COVID-19_healthcare_admissionByDay,all,all,default,2022,2022-10-05,1259.0000,False
infectious_disease,respiratory,COVID-19,Nation,England,COVID-19_healthcare_admissionByDay,all,all,default,2022,2022-10-04,1418.0000,False
infectious_disease,respiratory,COVID-19,Nation,England,COVID-19_healthcare_admissionByDay,all,all,default,2022,2022-10-03,1344.0000,False
infectious_disease,respiratory,COVID-19,Nation,England,COVID-19_healthcare_admissionByDay,all,all,default,2022,2022-10-02,1262.0000,False
infectious_disease,respiratory,COVID-19,Nation,England,COVID-19_healthcare_admissionByDay,all,all,default,2022,2022-10-01,1091.0000,False
infectious_disease,respiratory,COVID-19,Nation,England,COVID-19_healthcare_admissionByDay,all,all,default,2022,2022-09-30,870.0000,False
infectious_disease,respiratory,COVID-19,Nation,England,COVID-19_healthcare_admissionByDay,all,all,default,2022,2022-09-29,1158.0000,False
infectious_disease,respiratory,COVID-19,Nation,England,COVID-19_healthcare_admissionByDay,all,all,default,2022,2022-09-28,1134.0000,False
infectious_disease,respiratory,COVID-19,Nation,England,COVID-19_healthcare_admissionByDay,all,all,default,2022,2022-09-27,1045.0000,False
infectious_disease,respiratory,COVID-19,Nation,England,COVID-19_healthcare_admissionByDay,all,all,default,2022,2022-09-26,998.0000,False
infectious_disease,respiratory,COVID-19,Nation,England,COVID-19_healthcare_admissionByDay,all,all,default,2022,2022-09-25,971.0000,False
infectious_disease,respiratory,COVID-19,Nation,England,COVID-19_healthcare_admissionByDay,all,all,default,2022,2022-09-24,727.0000,False
infectious_disease,respiratory,COVID-19,Nation,England,COVID-19_healthcare_admissionByDay,all,all,default,2022,2022-09-23,704.0000,False
infectious_disease,respiratory,COVID-19,Nation,England,COVID-19_healthcare_admissionByDay,all,all,default,2022,2022-09-22,846.0000,False
infectious_disease,respiratory,COVID-19,Nation,England,COVID-19_healthcare_admissionByDay,all,all,default,2022,2022-09-21,858.0000,False
infectious_disease,respiratory,COVID-19,Nation,England,COVID-19_healthcare_admissionByDay,all,all,default,2022,2022-09-20,826.0000,False
infectious_disease,respiratory,COVID-19,Nation,England,COVID-19_healthcare_admissionByDay,all,all,default,2022,2022-09-19,781.0000,False
infectious_disease,respiratory,COVID-19,Nation,England,COVID-19_healthcare_admissionByDay,all,all,default,2022,2022-09-18,555.0000,False
infectious_disease,respiratory,COVID-19,Nation,England,COVID-19_healthcare_admissionByDay,all,all,default,2022,2022-09-17,484.0000,False
infectious_disease,respiratory,COVID-19,Nation,England,COVID-19_healthcare_admissionByDay,all,all,default,2022,2022-09-16,476.0000,False
infectious_disease,respiratory,COVID-19,Nation,England,COVID-19_healthcare_admissionByDay,all,all,default,2022,2022-09-15,553.0000,False
infectious_disease,respiratory,COVID-19,Nation,England,COVID-19_healthcare_admissionByDay,all,all,default,2022,2022-09-14,586.0000,False
infectious_disease,respiratory,COVID-19,Nation,England,COVID-19_healthcare_admissionByDay,all,all,default,2022,2022-09-13,580.0000,False
infectious_disease,respiratory,COVID-19,Nation,England,COVID-19_healthcare_admissionByDay,all,all,default,2022,2022-09-12,519.0000,False
infectious_disease,respiratory,COVID-19,Nation,England,COVID-19_healthcare_admissionByDay,all,all,default,2022,2022-09-11,499.0000,False
infectious_disease,respiratory,COVID-19,Nation,England,COVID-19_healthcare_admissionByDay,all,all,default,2022,2022-09-10,408.0000,False
infectious_disease,respiratory,COVID-19,Nation,England,COVID-19_healthcare_admissionByDay,all,all,default,2022,2022-09-09,422.0000,False
infectious_disease,respiratory,COVID-19,Nation,England,COVID-19_healthcare_admissionByDay,all,all,default,2022,2022-09-08,508.0000,False
infectious_disease,respiratory,COVID-19,Nation,England,COVID-19_healthcare_admissionByDay,all,all,default,2022,2022-09-07,541.0000,False
infectious_disease,respiratory,COVID-19,Nation,England,COVID-19_healthcare_admissionByDay,all,all,default,2022,2022-09-06,537.0000,False
infectious_disease,respiratory,COVID-19,Nation,England,COVID-19_healthcare_admissionByDay,all,all,default,2022,2022-09-05,526.0000,False
infectious_disease,respiratory,COVID-19,Nation,England,COVID-19_healthcare_admissionByDay,all,all,default,2022,2022-09-04,471.0000,False
infectious_disease,respiratory,COVID-19,Nation,England,COVID-19_healthcare_admissionByDay,all,all,default,2022,2022-09-03,439.0000,False
infectious_disease,respiratory,COVID-19,Nation,England,COVID-19_healthcare_admissionByDay,all,all,default,2022,2022-09-02,466.0000,False
infectious_disease,respiratory,COVID-19,Nation,England,COVID-19_healthcare_admissionByDay,all,all,default,2022,2022-09-01,534.0000,False
infectious_disease,respiratory,COVID-19,Nation,England,COVID-19_healthcare_admissionByDay,all,all,default,2022,2022-08-31,580.0000,False
infectious_disease,respiratory,COVID-19,Nation,England,COVID-19_healthcare_admissionByDay,all,all,default,2022,2022-08-30,612.0000,False
infectious_disease,respiratory,COVID-19,Nation,England,COVID-19_healthcare_admissionByDay,all,all,default,2022,2022-08-29,602.0000,False
infectious_disease,respiratory,COVID-19,Nation,England,COVID-19_healthcare_admissionByDay,all,all,default,2022,2022-08-28,539.0000,False
infectious_disease,respiratory,COVID-19,Nation,England,COVID-19_healthcare_admissionByDay,all,all,default,2022,2022-08-27,475.0000,False
infectious_disease,respiratory,COVID-19,Nation,England,COVID-19_healthcare_admissionByDay,all,all,default,2022,2022-08-26,512.0000,False
infectious_disease,respiratory,COVID-19,Nation,England,COVID-19_healthcare_admissionByDay,all,all,default,2022,2022-08-25,646.0000,False
infectious_disease,respiratory,COVID-19,Nation,England,COVID-19_healthcare_admissionByDay,all,all,default,2022,2022-08-24,643.0000,False
infectious_disease,respiratory,COVID-19,Nation,England,COVID-19_healthcare_admissionByDay,all,all,default,2022,2022-08-23,707.0000,False
infectious_disease,respiratory,COVID-19,Nation,England,COVID-19_healthcare_admissionByDay,all,all,default,2022,2022-08-22,670.0000,False
infectious_disease,respiratory,COVID-19,Nation,England,COVID-19_healthcare_admissionByDay,all,all,default,2022,2022-08-21,605.0000,False
infectious_disease,respiratory,COVID-19,Nation,England,COVID-19_healthcare_admissionByDay,all,all,default,2022,2022-08-20,585.0000,False
infectious_disease,respiratory,COVID-19,Nation,England,COVID-19_healthcare_admissionByDay,all,all,default,2022,2022-08-19,648.0000,False
infectious_disease,respiratory,COVID-19,Nation,England,COVID-19_healthcare_admissionByDay,all,all,default,2022,2022-08-18,692.0000,False
infectious_disease,respiratory,COVID-19,Nation,England,COVID-19_healthcare_admissionByDay,all,all,default,2022,2022-08-17,788.0000,False
infectious_disease,respiratory,COVID-19,Nation,England,COVID-19_healthcare_admissionByDay,all,all,default,2022,2022-08-16,818.0000,False
infectious_disease,respiratory,COVID-19,Nation,England,COVID-19_healthcare_admissionByDay,all,all,default,2022,2022-08-15,861.0000,False
infectious_disease,respiratory,COVID-19,Nation,England,COVID-19_healthcare_admissionByDay,all,all,default,2022,2022-08-14,759.0000,False
infectious_disease,respiratory,COVID-19,Nation,England,COVID-19_healthcare_admissionByDay,all,all,default,2022,2022-08-13,762.0000,False
infectious_disease,respiratory,COVID-19,Nation,England,COVID-19_healthcare_admissionByDay,all,all,default,2022,2022-08-12,740.0000,False
infectious_disease,respiratory,COVID-19,Nation,England,COVID-19_healthcare_admissionByDay,all,all,default,2022,2022-08-11,901.0000,False
infectious_disease,respiratory,COVID-19,Nation,England,COVID-19_healthcare_admissionByDay,all,all,default,2022,2022-08-10,1009.0000,False
infectious_disease,respiratory,COVID-19,Nation,England,COVID-19_healthcare_admissionByDay,all,all,default,2022,2022-08-09,973.0000,False
infectious_disease,respiratory,COVID-19,Nation,England,COVID-19_healthcare_admissionByDay,all,all,default,2022,2022-08-08,975.0000,False
infectious_disease,respiratory,COVID-19,Nation,England,COVID-19_healthcare_admissionByDay,all,all,default,2022,2022-08-07,899.0000,False
infectious_disease,respiratory,COVID-19,Nation,England,COVID-19_healthcare_admissionByDay,all,all,default,2022,2022-08-06,775.0000,False
infectious_disease,respiratory,COVID-19,Nation,England,COVID-19_healthcare_admissionByDay,all,all,default,2022,2022-08-05,910.0000,False
infectious_disease,respiratory,COVID-19,Nation,England,COVID-19_healthcare_admissionByDay,all,all,default,2022,2022-08-04,1017.0000,False
infectious_disease,respiratory,COVID-19,Nation,England,COVID-19_healthcare_admissionByDay,all,all,default,2022,2022-08-03,1059.0000,False
infectious_disease,respiratory,COVID-19,Nation,England,COVID-19_healthcare_admissionByDay,all,all,default,2022,2022-08-02,1062.0000,False
infectious_disease,respiratory,COVID-19,Nation,England,COVID-19_healthcare_admissionByDay,all,all,default,2022,2022-08-01,1120.0000,False
infectious_disease,respiratory,COVID-19,Nation,England,COVID-19_healthcare_admissionByDay,all,all,default,2022,2022-07-31,1138.0000,False
infectious_disease,respiratory,COVID-19,Nation,England,COVID-19_healthcare_admissionByDay,all,all,default,2022,2022-07-30,936.0000,False
infectious_disease,respiratory,COVID-19,Nation,England,COVID-19_healthcare_admissionByDay,all,all,default,2022,2022-07-29,996.0000,False
infectious_disease,respiratory,COVID-19,Nation,England,COVID-19_healthcare_admissionByDay,all,all,default,2022,2022-07-28,1165.0000,False
infectious_disease,respiratory,COVID-19,Nation,England,COVID-19_healthcare_admissionByDay,all,all,default,2022,2022-07-27,1197.0000,False
infectious_disease,respiratory,COVID-19,Nation,England,COVID-19_healthcare_admissionByDay,all,all,default,2022,2022-07-26,1318.0000,False
infectious_disease,respiratory,COVID-19,Nation,England,COVID-19_healthcare_admissionByDay,all,all,default,2022,2022-07-25,1345.0000,False
infectious_disease,respiratory,COVID-19,Nation,England,COVID-19_healthcare_admissionByDay,all,all,default,2022,2022-07-24,1307.0000,False
infectious_disease,respiratory,COVID-19,Nation,England,COVID-19_healthcare_admissionByDay,all,all,default,2022,2022-07-23,1139.0000,False
infectious_disease,respiratory,COVID-19,Nation,England,COVID-19_healthcare_admissionByDay,all,all,default,2022,2022-07-22,1231.0000,False
infectious_disease,respiratory,COVID-19,Nation,England,COVID-19_healthcare_admissionByDay,all,all,default,2022,2022-07-21,1550.0000,False
infectious_disease,respiratory,COVID-19,Nation,England,COVID-19_healthcare_admissionByDay,all,all,default,2022,2022-07-20,1715.0000,False
infectious_disease,respiratory,COVID-19,Nation,England,COVID-19_healthcare_admissionByDay,all,all,default,2022,2022-07-19,1834.0000,False
infectious_disease,respiratory,COVID-19,Nation,England,COVID-19_healthcare_admissionByDay,all,all,default,2022,2022-07-18,1754.0000,False
infectious_disease,respiratory,COVID-19,Nation,England,COVID-19_healthcare_admissionByDay,all,all,default,2022,2022-07-17,1694.0000,False
infectious_disease,respiratory,COVID-19,Nation,England,COVID-19_healthcare_admissionByDay,all,all,default,2022,2022-07-16,1373.0000,False
infectious_disease,respiratory,COVID-19,Nation,England,COVID-19_healthcare_admissionByDay,all,all,default,2022,2022-07-15,1487.0000,False
infectious_disease,respiratory,COVID-19,Nation,England,COVID-19_healthcare_admissionByDay,all,all,default,2022,2022-07-14,1839.0000,False
infectious_disease,respiratory,COVID-19,Nation,England,COVID-19_healthcare_admissionByDay,all,all,default,2022,2022-07-13,1946.0000,False
infectious_disease,respiratory,COVID-19,Nation,England,COVID-19_healthcare_admissionByDay,all,all,default,2022,2022-07-12,1945.0000,False
infectious_disease,respiratory,COVID-19,Nation,England,COVID-19_healthcare_admissionByDay,all,all,default,2022,2022-07-11,2005.0000,False
infectious_disease,respiratory,COVID-19,Nation,England,COVID-19_healthcare_admissionByDay,all,all,default,2022,2022-07-10,1889.0000,False
infectious_disease,respiratory,COVID-19,Nation,England,COVID-19_healthcare_admissionByDay,all,all,default,2022,2022-07-09,1601.0000,False
infectious_disease,respiratory,COVID-19,Nation,England,COVID-19_healthcare_admissionByDay,all,all,default,2022,2022-07-08,1696.0000,False
infectious_disease,respiratory,COVID-19,Nation,England,COVID-19_healthcare_admissionByDay,all,all,default,2022,2022-07-07,1967.0000,False
infectious_disease,respiratory,COVID-19,Nation,England,COVID-19_healthcare_admissionByDay,all,all,default,2022,2022-07-06,1945.0000,False
infectious_disease,respiratory,COVID-19,Nation,England,COVID-19_healthcare_admissionByDay,all,all,default,2022,2022-07-05,1926.0000,False
infectious_disease,respiratory,COVID-19,Nation,England,COVID-19_healthcare_admissionByDay,all,all,default,2022,2022-07-04,1911.0000,False
infectious_disease,respiratory,COVID-19,Nation,England,COVID-19_healthcare_admissionByDay,all,all,default,2022,2022-07-03,1795.0000,False
infectious_disease,respiratory,COVID-19,Nation,England,COVID-19_healthcare_admissionByDay,all,all,default,2022,2022-07-02,1374.0000,False
infectious_disease,respiratory,COVID-19,Nation,England,COVID-19_healthcare_admissionByDay,all,all,default,2022,2022-07-01,1326.0000,False
infectious_disease,respiratory,COVID-19,Nation,England,COVID-19_healthcare_admissionByDay,all,all,default,2022,2022-06-30,1596.0000,False
infectious_disease,respiratory,COVID-19,Nation,England,COVID-19_healthcare_admissionByDay,all,all,default,2022,2022-06-29,1572.0000,False
infectious_disease,respiratory,COVID-19,Nation,England,COVID-19_healthcare_admissionByDay,all,all,default,2022,2022-06-28,1454.0000,False
infectious_disease,respiratory,COVID-19,Nation,England,COVID-19_healthcare_admissionByDay,all,all,default,2022,2022-06-27,1438.0000,False
infectious_disease,respiratory,COVID-19,Nation,England,COVID-19_healthcare_admissionByDay,all,all,default,2022,2022-06-26,1276.0000,False
infectious_disease,respiratory,COVID-19,Nation,England,COVID-19_healthcare_admissionByDay,all,all,default,2022,2022-06-25,1011.0000,False
infectious_disease,respiratory,COVID-19,Nation,England,COVID-19_healthcare_admissionByDay,all,all,default,2022,2022-06-24,1072.0000,False
infectious_disease,respiratory,COVID-19,Nation,England,COVID-19_healthcare_admissionByDay,all,all,default,2022,2022-06-23,1210.0000,False
infectious_disease,respiratory,COVID-19,Nation,England,COVID-19_healthcare_admissionByDay,all,all,default,2022,2022-06-22,1133.0000,False
infectious_disease,respiratory,COVID-19,Nation,England,COVID-19_healthcare_admissionByDay,all,all,default,2022,2022-06-21,1155.0000,False
infectious_disease,respiratory,COVID-19,Nation,England,COVID-19_healthcare_admissionByDay,all,all,default,2022,2022-06-20,1055.0000,False
infectious_disease,respiratory,COVID-19,Nation,England,COVID-19_healthcare_admissionByDay,all,all,default,2022,2022-06-19,942.0000,False
infectious_disease,respiratory,COVID-19,Nation,England,COVID-19_healthcare_admissionByDay,all,all,default,2022,2022-06-18,797.0000,False
infectious_disease,respiratory,COVID-19,Nation,England,COVID-19_healthcare_admissionByDay,all,all,default,2022,2022-06-17,829.0000,False
infectious_disease,respiratory,COVID-19,Nation,England,COVID-19_healthcare_admissionByDay,all,all,default,2022,2022-06-16,822.0000,False
infectious_disease,respiratory,COVID-19,Nation,England,COVID-19_healthcare_admissionByDay,all,all,default,2022,2022-06-15,842.0000,False
infectious_disease,respiratory,COVID-19,Nation,England,COVID-19_healthcare_admissionByDay,all,all,default,2022,2022-06-14,763.0000,False
infectious_disease,respiratory,COVID-19,Nation,England,COVID-19_healthcare_admissionByDay,all,all,default,2022,2022-06-13,722.0000,False
infectious_disease,respiratory,COVID-19,Nation,England,COVID-19_healthcare_admissionByDay,all,all,default,2022,2022-06-12,659.0000,False
infectious_disease,respiratory,COVID-19,Nation,England,COVID-19_healthcare_admissionByDay,all,all,default,2022,2022-06-11,583.0000,False
infectious_disease,respiratory,COVID-19,Nation,England,COVID-19_healthcare_admissionByDay,all,all,default,2022,2022-06-10,589.0000,False
infectious_disease,respiratory,COVID-19,Nation,England,COVID-19_healthcare_admissionByDay,all,all,default,2022,2022-06-09,627.0000,False
infectious_disease,respiratory,COVID-19,Nation,England,COVID-19_healthcare_admissionByDay,all,all,default,2022,2022-06-08,664.0000,False
infectious_disease,respiratory,COVID-19,Nation,England,COVID-19_healthcare_admissionByDay,all,all,default,2022,2022-06-07,577.0000,False
infectious_disease,respiratory,COVID-19,Nation,England,COVID-19_healthcare_admissionByDay,all,all,default,2022,2022-06-06,606.0000,False
infectious_disease,respiratory,COVID-19,Nation,England,COVID-19_healthcare_admissionByDay,all,all,default,2022,2022-06-05,531.0000,False
infectious_disease,respiratory,COVID-19,Nation,England,COVID-19_healthcare_admissionByDay,all,all,default,2022,2022-06-04,443.0000,False
infectious_disease,respiratory,COVID-19,Nation,England,COVID-19_healthcare_admissionByDay,all,all,default,2022,2022-06-03,404.0000,False
infectious_disease,respiratory,COVID-19,Nation,England,COVID-19_healthcare_admissionByDay,all,all,default,2022,2022-06-02,412.0000,False
infectious_disease,respiratory,COVID-19,Nation,England,COVID-19_healthcare_admissionByDay,all,all,default,2022,2022-06-01,480.0000,False
infectious_disease,respiratory,COVID-19,Nation,England,COVID-19_healthcare_admissionByDay,all,all,default,2022,2022-05-31,502.0000,False
infectious_disease,respiratory,COVID-19,Nation,England,COVID-19_healthcare_admissionByDay,all,all,default,2022,2022-05-30,465.0000,False
infectious_disease,respiratory,COVID-19,Nation,England,COVID-19_healthcare_admissionByDay,all,all,default,2022,2022-05-29,428.0000,False
infectious_disease,respiratory,COVID-19,Nation,England,COVID-19_healthcare_admissionByDay,all,all,default,2022,2022-05-28,382.0000,False
infectious_disease,respiratory,COVID-19,Nation,England,COVID-19_healthcare_admissionByDay,all,all,default,2022,2022-05-27,442.0000,False
infectious_disease,respiratory,COVID-19,Nation,England,COVID-19_healthcare_admissionByDay,all,all,default,2022,2022-05-26,421.0000,False
infectious_disease,respiratory,COVID-19,Nation,England,COVID-19_healthcare_admissionByDay,all,all,default,2022,2022-05-25,475.0000,False
infectious_disease,respiratory,COVID-19,Nation,England,COVID-19_healthcare_admissionByDay,all,all,default,2022,2022-05-24,461.0000,False
infectious_disease,respiratory,COVID-19,Nation,England,COVID-19_healthcare_admissionByDay,all,all,default,2022,2022-05-23,505.0000,False
infectious_disease,respiratory,COVID-19,Nation,England,COVID-19_healthcare_admissionByDay,all,all,default,2022,2022-05-22,463.0000,False
infectious_disease,respiratory,COVID-19,Nation,England,COVID-19_healthcare_admissionByDay,all,all,default,2022,2022-05-21,387.0000,False
infectious_disease,respiratory,COVID-19,Nation,England,COVID-19_healthcare_admissionByDay,all,all,default,2022,2022-05-20,450.0000,False
infectious_disease,respiratory,COVID-19,Nation,England,COVID-19_healthcare_admissionByDay,all,all,default,2022,2022-05-19,573.0000,False
infectious_disease,respiratory,COVID-19,Nation,England,COVID-19_healthcare_admissionByDay,all,all,default,2022,2022-05-18,626.0000,False
infectious_disease,respiratory,COVID-19,Nation,England,COVID-19_healthcare_admissionByDay,all,all,default,2022,2022-05-17,576.0000,False
infectious_disease,respiratory,COVID-19,Nation,England,COVID-19_healthcare_admissionByDay,all,all,default,2022,2022-05-16,589.0000,False
infectious_disease,respiratory,COVID-19,Nation,England,COVID-19_healthcare_admissionByDay,all,all,default,2022,2022-05-15,566.0000,False
infectious_disease,respiratory,COVID-19,Nation,England,COVID-19_healthcare_admissionByDay,all,all,default,2022,2022-05-14,553.0000,False
infectious_disease,respiratory,COVID-19,Nation,England,COVID-19_healthcare_admissionByDay,all,all,default,2022,2022-05-13,542.0000,False
infectious_disease,respiratory,COVID-19,Nation,England,COVID-19_healthcare_admissionByDay,all,all,default,2022,2022-05-12,680.0000,False
infectious_disease,respiratory,COVID-19,Nation,England,COVID-19_healthcare_admissionByDay,all,all,default,2022,2022-05-11,671.0000,False
infectious_disease,respiratory,COVID-19,Nation,England,COVID-19_healthcare_admissionByDay,all,all,default,2022,2022-05-10,726.0000,False
infectious_disease,respiratory,COVID-19,Nation,England,COVID-19_healthcare_admissionByDay,all,all,default,2022,2022-05-09,731.0000,False
infectious_disease,respiratory,COVID-19,Nation,England,COVID-19_healthcare_admissionByDay,all,all,default,2022,2022-05-08,669.0000,False
infectious_disease,respiratory,COVID-19,Nation,England,COVID-19_healthcare_admissionByDay,all,all,default,2022,2022-05-07,607.0000,False
infectious_disease,respiratory,COVID-19,Nation,England,COVID-19_healthcare_admissionByDay,all,all,default,2022,2022-05-06,721.0000,False
infectious_disease,respiratory,COVID-19,Nation,England,COVID-19_healthcare_admissionByDay,all,all,default,2022,2022-05-05,777.0000,False
infectious_disease,respiratory,COVID-19,Nation,England,COVID-19_healthcare_admissionByDay,all,all,default,2022,2022-05-04,873.0000,False
infectious_disease,respiratory,COVID-19,Nation,England,COVID-19_healthcare_admissionByDay,all,all,default,2022,2022-05-03,893.0000,False
infectious_disease,respiratory,COVID-19,Nation,England,COVID-19_healthcare_admissionByDay,all,all,default,2022,2022-05-02,828.0000,False
infectious_disease,respiratory,COVID-19,Nation,England,COVID-19_healthcare_admissionByDay,all,all,default,2022,2022-05-01,807.0000,False
infectious_disease,respiratory,COVID-19,Nation,England,COVID-19_healthcare_admissionByDay,all,all,default,2022,2022-04-30,718.0000,False
infectious_disease,respiratory,COVID-19,Nation,England,COVID-19_healthcare_admissionByDay,all,all,default,2022,2022-04-29,872.0000,False
infectious_disease,respiratory,COVID-19,Nation,England,COVID-19_healthcare_admissionByDay,all,all,default,2022,2022-04-28,936.0000,False
infectious_disease,respiratory,COVID-19,Nation,England,COVID-19_healthcare_admissionByDay,all,all,default,2022,2022-04-27,1082.0000,False
infectious_disease,respiratory,COVID-19,Nation,England,COVID-19_healthcare_admissionByDay,all,all,default,2022,2022-04-26,1100.0000,False
infectious_disease,respiratory,COVID-19,Nation,England,COVID-19_healthcare_admissionByDay,all,all,default,2022,2022-04-25,1138.0000,False
infectious_disease,respiratory,COVID-19,Nation,England,COVID-19_healthcare_admissionByDay,all,all,default,2022,2022-04-24,1077.0000,False
infectious_disease,respiratory,COVID-19,Nation,England,COVID-19_healthcare_admissionByDay,all,all,default,2022,2022-04-23,1087.0000,False
infectious_disease,respiratory,COVID-19,Nation,England,COVID-19_healthcare_admissionByDay,all,all,default,2022,2022-04-22,1184.0000,False
infectious_disease,respiratory,COVID-19,Nation,England,COVID-19_healthcare_admissionByDay,all,all,default,2022,2022-04-21,1264.0000,False
infectious_disease,respiratory,COVID-19,Nation,England,COVID-19_healthcare_admissionByDay,all,all,default,2022,2022-04-20,1322.0000,False
infectious_disease,respiratory,COVID-19,Nation,England,COVID-19_healthcare_admissionByDay,all,all,default,2022,2022-04-19,1435.0000,False
infectious_disease,respiratory,COVID-19,Nation,England,COVID-19_healthcare_admissionByDay,all,all,default,2022,2022-04-18,1506.0000,False
infectious_disease,respiratory,COVID-19,Nation,England,COVID-19_healthcare_admissionByDay,all,all,default,2022,2022-04-17,1347.0000,False
infectious_disease,respiratory,COVID-19,Nation,England,COVID-19_healthcare_admissionByDay,all,all,default,2022,2022-04-16,1288.0000,False
infectious_disease,respiratory,COVID-19,Nation,England,COVID-19_healthcare_admissionByDay,all,all,default,2022,2022-04-15,1416.0000,False
infectious_disease,respiratory,COVID-19,Nation,England,COVID-19_healthcare_admissionByDay,all,all,default,2022,2022-04-14,1662.0000,False
infectious_disease,respiratory,COVID-19,Nation,England,COVID-19_healthcare_admissionByDay,all,all,default,2022,2022-04-13,1898.0000,False
infectious_disease,respiratory,COVID-19,Nation,England,COVID-19_healthcare_admissionByDay,all,all,default,2022,2022-04-12,2003.0000,False
infectious_disease,respiratory,COVID-19,Nation,England,COVID-19_healthcare_admissionByDay,all,all,default,2022,2022-04-11,1909.0000,False
infectious_disease,respiratory,COVID-19,Nation,England,COVID-19_healthcare_admissionByDay,all,all,default,2022,2022-04-10,1792.0000,False
infectious_disease,respiratory,COVID-19,Nation,England,COVID-19_healthcare_admissionByDay,all,all,default,2022,2022-04-09,1702.0000,False
infectious_disease,respiratory,COVID-19,Nation,England,COVID-19_healthcare_admissionByDay,all,all,default,2022,2022-04-08,1751.0000,False
infectious_disease,respiratory,COVID-19,Nation,England,COVID-19_healthcare_admissionByDay,all,all,default,2022,2022-04-07,1999.0000,False
infectious_disease,respiratory,COVID-19,Nation,England,COVID-19_healthcare_admissionByDay,all,all,default,2022,2022-04-06,2176.0000,False
infectious_disease,respiratory,COVID-19,Nation,England,COVID-19_healthcare_admissionByDay,all,all,default,2022,2022-04-05,2308.0000,False
infectious_disease,respiratory,COVID-19,Nation,England,COVID-19_healthcare_admissionByDay,all,all,default,2022,2022-04-04,2164.0000,False
infectious_disease,respiratory,COVID-19,Nation,England,COVID-19_healthcare_admissionByDay,all,all,default,2022,2022-04-03,2103.0000,False
infectious_disease,respiratory,COVID-19,Nation,England,COVID-19_healthcare_admissionByDay,all,all,default,2022,2022-04-02,1826.0000,False
infectious_disease,respiratory,COVID-19,Nation,England,COVID-19_healthcare_admissionByDay,all,all,default,2022,2022-04-01,1846.0000,False
infectious_disease,respiratory,COVID-19,Nation,England,COVID-19_healthcare_admissionByDay,all,all,default,2022,2022-03-31,2124.0000,False
infectious_disease,respiratory,COVID-19,Nation,England,COVID-19_healthcare_admissionByDay,all,all,default,2022,2022-03-30,2355.0000,False
infectious_disease,respiratory,COVID-19,Nation,England,COVID-19_healthcare_admissionByDay,all,all,default,2022,2022-03-29,2219.0000,False
infectious_disease,respiratory,COVID-19,Nation,England,COVID-19_healthcare_admissionByDay,all,all,default,2022,2022-03-28,2280.0000,False
infectious_disease,respiratory,COVID-19,Nation,England,COVID-19_healthcare_admissionByDay,all,all,default,2022,2022-03-27,2037.0000,False
infectious_disease,respiratory,COVID-19,Nation,England,COVID-19_healthcare_admissionByDay,all,all,default,2022,2022-03-26,1869.0000,False
infectious_disease,respiratory,COVID-19,Nation,England,COVID-19_healthcare_admissionByDay,all,all,default,2022,2022-03-25,1925.0000,False
infectious_disease,respiratory,COVID-19,Nation,England,COVID-19_healthcare_admissionByDay,all,all,default,2022,2022-03-24,2006.0000,False
infectious_disease,respiratory,COVID-19,Nation,England,COVID-19_healthcare_admissionByDay,all,all,default,2022,2022-03-23,2137.0000,False
infectious_disease,respiratory,COVID-19,Nation,England,COVID-19_healthcare_admissionByDay,all,all,default,2022,2022-03-22,2098.0000,False
infectious_disease,respiratory,COVID-19,Nation,England,COVID-19_healthcare_admissionByDay,all,all,default,2022,2022-03-21,1984.0000,False
infectious_disease,respiratory,COVID-19,Nation,England,COVID-19_healthcare_admissionByDay,all,all,default,2022,2022-03-20,1793.0000,False
infectious_disease,respiratory,COVID-19,Nation,England,COVID-19_healthcare_admissionByDay,all,all,default,2022,2022-03-19,1813.0000,False
infectious_disease,respiratory,COVID-19,Nation,England,COVID-19_healthcare_admissionByDay,all,all,default,2022,2022-03-18,1629.0000,False
infectious_disease,respiratory,COVID-19,Nation,England,COVID-19_healthcare_admissionByDay,all,all,default,2022,2022-03-17,1738.0000,False
infectious_disease,respiratory,COVID-19,Nation,England,COVID-19_healthcare_admissionByDay,all,all,default,2022,2022-03-16,1823.0000,False
infectious_disease,respiratory,COVID-19,Nation,England,COVID-19_healthcare_admissionByDay,all,all,default,2022,2022-03-15,1800.0000,False
infectious_disease,respiratory,COVID-19,Nation,England,COVID-19_healthcare_admissionByDay,all,all,default,2022,2022-03-14,1651.0000,False
infectious_disease,respiratory,COVID-19,Nation,England,COVID-19_healthcare_admissionByDay,all,all,default,2022,2022-03-13,1591.0000,False
infectious_disease,respiratory,COVID-19,Nation,England,COVID-19_healthcare_admissionByDay,all,all,default,2022,2022-03-12,1368.0000,False
infectious_disease,respiratory,COVID-19,Nation,England,COVID-19_healthcare_admissionByDay,all,all,default,2022,2022-03-11,1412.0000,False
infectious_disease,respiratory,COVID-19,Nation,England,COVID-19_healthcare_admissionByDay,all,all,default,2022,2022-03-10,1414.0000,False
infectious_disease,respiratory,COVID-19,Nation,England,COVID-19_healthcare_admissionByDay,all,all,default,2022,2022-03-09,1521.0000,False
infectious_disease,respiratory,COVID-19,Nation,England,COVID-19_healthcare_admissionByDay,all,all,default,2022,2022-03-08,1389.0000,False
infectious_disease,respiratory,COVID-19,Nation,England,COVID-19_healthcare_admissionByDay,all,all,default,2022,2022-03-07,1278.0000,False
infectious_disease,respiratory,COVID-19,Nation,England,COVID-19_healthcare_admissionByDay,all,all,default,2022,2022-03-06,1260.0000,False
infectious_disease,respiratory,COVID-19,Nation,England,COVID-19_healthcare_admissionByDay,all,all,default,2022,2022-03-05,1050.0000,False
infectious_disease,respiratory,COVID-19,Nation,England,COVID-19_healthcare_admissionByDay,all,all,default,2022,2022-03-04,1044.0000,False
infectious_disease,respiratory,COVID-19,Nation,England,COVID-19_healthcare_admissionByDay,all,all,default,2022,2022-03-03,1226.0000,False
infectious_disease,respiratory,COVID-19,Nation,England,COVID-19_healthcare_admissionByDay,all,all,default,2022,2022-03-02,1184.0000,False
infectious_disease,respiratory,COVID-19,Nation,England,COVID-19_healthcare_admissionByDay,all,all,default,2022,2022-03-01,1111.0000,False
infectious_disease,respiratory,COVID-19,Nation,England,COVID-19_healthcare_admissionByDay,all,all,default,2022,2022-02-28,1145.0000,False
infectious_disease,respiratory,COVID-19,Nation,England,COVID-19_healthcare_admissionByDay,all,all,default,2022,2022-02-27,949.0000,False
infectious_disease,respiratory,COVID-19,Nation,England,COVID-19_healthcare_admissionByDay,all,all,default,2022,2022-02-26,888.0000,False
infectious_disease,respiratory,COVID-19,Nation,England,COVID-19_healthcare_admissionByDay,all,all,default,2022,2022-02-25,841.0000,False
infectious_disease,respiratory,COVID-19,Nation,England,COVID-19_healthcare_admissionByDay,all,all,default,2022,2022-02-24,984.0000,False
infectious_disease,respiratory,COVID-19,Nation,England,COVID-19_healthcare_admissionByDay,all,all,default,2022,2022-02-23,976.0000,False
infectious_disease,respiratory,COVID-19,Nation,England,COVID-19_healthcare_admissionByDay,all,all,default,2022,2022-02-22,976.0000,False
infectious_disease,respiratory,COVID-19,Nation,England,COVID-19_healthcare_admissionByDay,all,all,default,2022,2022-02-21,1030.0000,False
infectious_disease,respiratory,COVID-19,Nation,England,COVID-19_healthcare_admissionByDay,all,all,default,2022,2022-02-20,971.0000,False
infectious_disease,respiratory,COVID-19,Nation,England,COVID-19_healthcare_admissionByDay,all,all,default,2022,2022-02-19,834.0000,False
infectious_disease,respiratory,COVID-19,Nation,England,COVID-19_healthcare_admissionByDay,all,all,default,2022,2022-02-18,900.0000,False
infectious_disease,respiratory,COVID-19,Nation,England,COVID-19_healthcare_admissionByDay,all,all,default,2022,2022-02-17,971.0000,False
infectious_disease,respiratory,COVID-19,Nation,England,COVID-19_healthcare_admissionByDay,all,all,default,2022,2022-02-16,1120.0000,False
infectious_disease,respiratory,COVID-19,Nation,England,COVID-19_healthcare_admissionByDay,all,all,default,2022,2022-02-15,1144.0000,False
infectious_disease,respiratory,COVID-19,Nation,England,COVID-19_healthcare_admissionByDay,all,all,default,2022,2022-02-14,1132.0000,False
infectious_disease,respiratory,COVID-19,Nation,England,COVID-19_healthcare_admissionByDay,all,all,default,2022,2022-02-13,1029.0000,False
infectious_disease,respiratory,COVID-19,Nation,England,COVID-19_healthcare_admissionByDay,all,all,default,2022,2022-02-12,989.0000,False
infectious_disease,respiratory,COVID-19,Nation,England,COVID-19_healthcare_admissionByDay,all,all,default,2022,2022-02-11,996.0000,False
infectious_disease,respiratory,COVID-19,Nation,England,COVID-19_healthcare_admissionByDay,all,all,default,2022,2022-02-10,1167.0000,False
infectious_disease,respiratory,COVID-19,Nation,England,COVID-19_healthcare_admissionByDay,all,all,default,2022,2022-02-09,1220.0000,False
infectious_disease,respiratory,COVID-19,Nation,England,COVID-19_healthcare_admissionByDay,all,all,default,2022,2022-02-08,1266.0000,False
infectious_disease,respiratory,COVID-19,Nation,England,COVID-19_healthcare_admissionByDay,all,all,default,2022,2022-02-07,1234.0000,False
infectious_disease,respiratory,COVID-19,Nation,England,COVID-19_healthcare_admissionByDay,all,all,default,2022,2022-02-06,1211.0000,False
infectious_disease,respiratory,COVID-19,Nation,England,COVID-19_healthcare_admissionByDay,all,all,default,2022,2022-02-05,1077.0000,False
infectious_disease,respiratory,COVID-19,Nation,England,COVID-19_healthcare_admissionByDay,all,all,default,2022,2022-02-04,1186.0000,False
infectious_disease,respiratory,COVID-19,Nation,England,COVID-19_healthcare_admissionByDay,all,all,default,2022,2022-02-03,1292.0000,False
infectious_disease,respiratory,COVID-19,Nation,England,COVID-19_healthcare_admissionByDay,all,all,default,2022,2022-02-02,1451.0000,False
infectious_disease,respiratory,COVID-19,Nation,England,COVID-19_healthcare_admissionByDay,all,all,default,2022,2022-02-01,1537.0000,False
infectious_disease,respiratory,COVID-19,Nation,England,COVID-19_healthcare_admissionByDay,all,all,default,2022,2022-01-31,1451.0000,False
infectious_disease,respiratory,COVID-19,Nation,England,COVID-19_healthcare_admissionByDay,all,all,default,2022,2022-01-30,1285.0000,False
infectious_disease,respiratory,COVID-19,Nation,England,COVID-19_healthcare_admissionByDay,all,all,default,2022,2022-01-29,1325.0000,False
infectious_disease,respiratory,COVID-19,Nation,England,COVID-19_healthcare_admissionByDay,all,all,default,2022,2022-01-28,1342.0000,False
infectious_disease,respiratory,COVID-19,Nation,England,COVID-19_healthcare_admissionByDay,all,all,default,2022,2022-01-27,1503.0000,False
infectious_disease,respiratory,COVID-19,Nation,England,COVID-19_healthcare_admissionByDay,all,all,default,2022,2022-01-26,1689.0000,False
infectious_disease,respiratory,COVID-19,Nation,England,COVID-19_healthcare_admissionByDay,all,all,default,2022,2022-01-25,1681.0000,False
infectious_disease,respiratory,COVID-19,Nation,England,COVID-19_healthcare_admissionByDay,all,all,default,2022,2022-01-24,1593.0000,False
infectious_disease,respiratory,COVID-19,Nation,England,COVID-19_healthcare_admissionByDay,all,all,default,2022,2022-01-23,1535.0000,False
infectious_disease,respiratory,COVID-19,Nation,England,COVID-19_healthcare_admissionByDay,all,all,default,2022,2022-01-22,1277.0000,False
infectious_disease,respiratory,COVID-19,Nation,England,COVID-19_healthcare_admissionByDay,all,all,default,2022,2022-01-21,1453.0000,False
infectious_disease,respiratory,COVID-19,Nation,England,COVID-19_healthcare_admissionByDay,all,all,default,2022,2022-01-20,1698.0000,False
infectious_disease,respiratory,COVID-19,Nation,England,COVID-19_healthcare_admissionByDay,all,all,default,2022,2022-01-19,1778.0000,False
infectious_disease,respiratory,COVID-19,Nation,England,COVID-19_healthcare_admissionByDay,all,all,default,2022,2022-01-18,1794.0000,False
infectious_disease,respiratory,COVID-19,Nation,England,COVID-19_healthcare_admissionByDay,all,all,default,2022,2022-01-17,1808.0000,False
infectious_disease,respiratory,COVID-19,Nation,England,COVID-19_healthcare_admissionByDay,all,all,default,2022,2022-01-16,1768.0000,False
infectious_disease,respiratory,COVID-19,Nation,England,COVID-19_healthcare_admissionByDay,all,all,default,2022,2022-01-15,1604.0000,False
infectious_disease,respiratory,COVID-19,Nation,England,COVID-19_healthcare_admissionByDay,all,all,default,2022,2022-01-14,1692.0000,False
infectious_disease,respiratory,COVID-19,Nation,England,COVID-19_healthcare_admissionByDay,all,all,default,2022,2022-01-13,1916.0000,False
infectious_disease,respiratory,COVID-19,Nation,England,COVID-19_healthcare_admissionByDay,all,all,default,2022,2022-01-12,1955.0000,False
infectious_disease,respiratory,COVID-19,Nation,England,COVID-19_healthcare_admissionByDay,all,all,default,2022,2022-01-11,2127.0000,False
infectious_disease,respiratory,COVID-19,Nation,England,COVID-19_healthcare_admissionByDay,all,all,default,2022,2022-01-10,2180.0000,False
infectious_disease,respiratory,COVID-19,Nation,England,COVID-19_healthcare_admissionByDay,all,all,default,2022,2022-01-09,1975.0000,False
infectious_disease,respiratory,COVID-19,Nation,England,COVID-19_healthcare_admissionByDay,all,all,default,2022,2022-01-08,1862.0000,False
infectious_disease,respiratory,COVID-19,Nation,England,COVID-19_healthcare_admissionByDay,all,all,default,2022,2022-01-07,1772.0000,False
infectious_disease,respiratory,COVID-19,Nation,England,COVID-19_healthcare_admissionByDay,all,all,default,2022,2022-01-06,2043.0000,False
infectious_disease,respiratory,COVID-19,Nation,England,COVID-19_healthcare_admissionByDay,all,all,default,2022,2022-01-05,2139.0000,False
infectious_disease,respiratory,COVID-19,Nation,England,COVID-19_healthcare_admissionByDay,all,all,default,2022,2022-01-04,2101.0000,False
infectious_disease,respiratory,COVID-19,Nation,England,COVID-19_healthcare_admissionByDay,all,all,default,2022,2022-01-03,2219.0000,False
infectious_disease,respiratory,COVID-19,Nation,England,COVID-19_healthcare_admissionByDay,all,all,default,2022,2022-01-02,1881.0000,False
infectious_disease,respiratory,COVID-19,Nation,England,COVID-19_healthcare_admissionByDay,all,all,default,2022,2022-01-01,1819.0000,False
infectious_disease,respiratory,COVID-19,Nation,England,COVID-19_healthcare_admissionByDay,all,all,default,2021,2021-12-31,1781.0000,False
infectious_disease,respiratory,COVID-19,Nation,England,COVID-19_healthcare_admissionByDay,all,all,default,2021,2021-12-30,2114.0000,False
infectious_disease,respiratory,COVID-19,Nation,England,COVID-19_healthcare_admissionByDay,all,all,default,2021,2021-12-29,2370.0000,False
infectious_disease,respiratory,COVID-19,Nation,England,COVID-19_healthcare_admissionByDay,all,all,default,2021,2021-12-28,2082.0000,False
infectious_disease,respiratory,COVID-19,Nation,England,COVID-19_healthcare_admissionByDay,all,all,default,2021,2021-12-27,1751.0000,False
infectious_disease,respiratory,COVID-19,Nation,England,COVID-19_healthcare_admissionByDay,all,all,default,2021,2021-12-26,1374.0000,False
infectious_disease,respiratory,COVID-19,Nation,England,COVID-19_healthcare_admissionByDay,all,all,default,2021,2021-12-25,1281.0000,False
infectious_disease,respiratory,COVID-19,Nation,England,COVID-19_healthcare_admissionByDay,all,all,default,2021,2021-12-24,1020.0000,False
infectious_disease,respiratory,COVID-19,Nation,England,COVID-19_healthcare_admissionByDay,all,all,default,2021,2021-12-23,1252.0000,False
infectious_disease,respiratory,COVID-19,Nation,England,COVID-19_healthcare_admissionByDay,all,all,default,2021,2021-12-22,1246.0000,False
infectious_disease,respiratory,COVID-19,Nation,England,COVID-19_healthcare_admissionByDay,all,all,default,2021,2021-12-21,1098.0000,False
infectious_disease,respiratory,COVID-19,Nation,England,COVID-19_healthcare_admissionByDay,all,all,default,2021,2021-12-20,1061.0000,False
infectious_disease,respiratory,COVID-19,Nation,England,COVID-19_healthcare_admissionByDay,all,all,default,2021,2021-12-19,926.0000,False
infectious_disease,respiratory,COVID-19,Nation,England,COVID-19_healthcare_admissionByDay,all,all,default,2021,2021-12-18,735.0000,False
infectious_disease,respiratory,COVID-19,Nation,England,COVID-19_healthcare_admissionByDay,all,all,default,2021,2021-12-17,743.0000,False
infectious_disease,respiratory,COVID-19,Nation,England,COVID-19_healthcare_admissionByDay,all,all,default,2021,2021-12-16,777.0000,False
infectious_disease,respiratory,COVID-19,Nation,England,COVID-19_healthcare_admissionByDay,all,all,default,2021,2021-12-15,805.0000,False
infectious_disease,respiratory,COVID-19,Nation,England,COVID-19_healthcare_admissionByDay,all,all,default,2021,2021-12-14,815.0000,False
infectious_disease,respiratory,COVID-19,Nation,England,COVID-19_healthcare_admissionByDay,all,all,default,2021,2021-12-13,794.0000,False
infectious_disease,respiratory,COVID-19,Nation,England,COVID-19_healthcare_admissionByDay,all,all,default,2021,2021-12-12,772.0000,False
infectious_disease,respiratory,COVID-19,Nation,England,COVID-19_healthcare_admissionByDay,all,all,default,2021,2021-12-11,696.0000,False
infectious_disease,respiratory,COVID-19,Nation,England,COVID-19_healthcare_admissionByDay,all,all,default,2021,2021-12-10,707.0000,False
infectious_disease,respiratory,COVID-19,Nation,England,COVID-19_healthcare_admissionByDay,all,all,default,2021,2021-12-09,799.0000,False
infectious_disease,respiratory,COVID-19,Nation,England,COVID-19_healthcare_admissionByDay,all,all,default,2021,2021-12-08,754.0000,False
infectious_disease,respiratory,COVID-19,Nation,England,COVID-19_healthcare_admissionByDay,all,all,default,2021,2021-12-07,799.0000,False
infectious_disease,respiratory,COVID-19,Nation,England,COVID-19_healthcare_admissionByDay,all,all,default,2021,2021-12-06,736.0000,False
infectious_disease,respiratory,COVID-19,Nation,England,COVID-19_healthcare_admissionByDay,all,all,default,2021,2021-12-05,728.0000,False
infectious_disease,respiratory,COVID-19,Nation,England,COVID-19_healthcare_admissionByDay,all,all,default,2021,2021-12-04,635.0000,False
infectious_disease,respiratory,COVID-19,Nation,England,COVID-19_healthcare_admissionByDay,all,all,default,2021,2021-12-03,624.0000,False
infectious_disease,respiratory,COVID-19,Nation,England,COVID-19_healthcare_admissionByDay,all,all,default,2021,2021-12-02,719.0000,False
infectious_disease,respiratory,COVID-19,Nation,England,COVID-19_healthcare_admissionByDay,all,all,default,2021,2021-12-01,698.0000,False
infectious_disease,respiratory,COVID-19,Nation,England,COVID-19_healthcare_admissionByDay,all,all,default,2021,2021-11-30,699.0000,False
infectious_disease,respiratory,COVID-19,Nation,England,COVID-19_healthcare_admissionByDay,all,all,default,2021,2021-11-29,669.0000,False
infectious_disease,respiratory,COVID-19,Nation,England,COVID-19_healthcare_admissionByDay,all,all,default,2021,2021-11-28,607.0000,False
infectious_disease,respiratory,COVID-19,Nation,England,COVID-19_healthcare_admissionByDay,all,all,default,2021,2021-11-27,609.0000,False
infectious_disease,respiratory,COVID-19,Nation,England,COVID-19_healthcare_admissionByDay,all,all,default,2021,2021-11-26,620.0000,False
infectious_disease,respiratory,COVID-19,Nation,England,COVID-19_healthcare_admissionByDay,all,all,default,2021,2021-11-25,650.0000,False
infectious_disease,respiratory,COVID-19,Nation,England,COVID-19_healthcare_admissionByDay,all,all,default,2021,2021-11-24,752.0000,False
infectious_disease,respiratory,COVID-19,Nation,England,COVID-19_healthcare_admissionByDay,all,all,default,2021,2021-11-23,659.0000,False
infectious_disease,respiratory,COVID-19,Nation,England,COVID-19_healthcare_admissionByDay,all,all,default,2021,2021-11-22,602.0000,False
infectious_disease,respiratory,COVID-19,Nation,England,COVID-19_healthcare_admissionByDay,all,all,default,2021,2021-11-21,648.0000,False
infectious_disease,respiratory,COVID-19,Nation,England,COVID-19_healthcare_admissionByDay,all,all,default,2021,2021-11-20,611.0000,False
infectious_disease,respiratory,COVID-19,Nation,England,COVID-19_healthcare_admissionByDay,all,all,default,2021,2021-11-19,637.0000,False
infectious_disease,respiratory,COVID-19,Nation,England,COVID-19_healthcare_admissionByDay,all,all,default,2021,2021-11-18,697.0000,False
infectious_disease,respiratory,COVID-19,Nation,England,COVID-19_healthcare_admissionByDay,all,all,default,2021,2021-11-17,727.0000,False
infectious_disease,respiratory,COVID-19,Nation,England,COVID-19_healthcare_admissionByDay,all,all,default,2021,2021-11-16,713.0000,False
infectious_disease,respiratory,COVID-19,Nation,England,COVID-19_healthcare_admissionByDay,all,all,default,2021,2021-11-15,695.0000,False
infectious_disease,respiratory,COVID-19,Nation,England,COVID-19_healthcare_admissionByDay,all,all,default,2021,2021-11-14,678.0000,False
infectious_disease,respiratory,COVID-19,Nation,England,COVID-19_healthcare_admissionByDay,all,all,default,2021,2021-11-13,655.0000,False
infectious_disease,respiratory,COVID-19,Nation,England,COVID-19_healthcare_admissionByDay,all,all,default,2021,2021-11-12,729.0000,False
infectious_disease,respiratory,COVID-19,Nation,England,COVID-19_healthcare_admissionByDay,all,all,default,2021,2021-11-11,797.0000,False
infectious_disease,respiratory,COVID-19,Nation,England,COVID-19_healthcare_admissionByDay,all,all,default,2021,2021-11-10,821.0000,False
infectious_disease,respiratory,COVID-19,Nation,England,COVID-19_healthcare_admissionByDay,all,all,default,2021,2021-11-09,808.0000,False
infectious_disease,respiratory,COVID-19,Nation,England,COVID-19_healthcare_admissionByDay,all,all,default,2021,2021-11-08,850.0000,False
infectious_disease,respiratory,COVID-19,Nation,England,COVID-19_healthcare_admissionByDay,all,all,default,2021,2021-11-07,739.0000,False
infectious_disease,respiratory,COVID-19,Nation,England,COVID-19_healthcare_admissionByDay,all,all,default,2021,2021-11-06,688.0000,False
infectious_disease,respiratory,COVID-19,Nation,England,COVID-19_healthcare_admissionByDay,all,all,default,2021,2021-11-05,686.0000,False
infectious_disease,respiratory,COVID-19,Nation,England,COVID-19_healthcare_admissionByDay,all,all,default,2021,2021-11-04,717.0000,False
infectious_disease,respiratory,COVID-19,Nation,England,COVID-19_healthcare_admissionByDay,all,all,default,2021,2021-11-03,807.0000,False
infectious_disease,respiratory,COVID-19,Nation,England,COVID-19_healthcare_admissionByDay,all,all,default,2021,2021-11-02,891.0000,False
infectious_disease,respiratory,COVID-19,Nation,England,COVID-19_healthcare_admissionByDay,all,all,default,2021,2021-11-01,899.0000,False
infectious_disease,respiratory,COVID-19,Nation,England,COVID-19_healthcare_admissionByDay,all,all,default,2021,2021-10-31,860.0000,False
infectious_disease,respiratory,COVID-19,Nation,England,COVID-19_healthcare_admissionByDay,all,all,default,2021,2021-10-30,741.0000,False
infectious_disease,respiratory,COVID-19,Nation,England,COVID-19_healthcare_admissionByDay,all,all,default,2021,2021-10-29,840.0000,False
infectious_disease,respiratory,COVID-19,Nation,England,COVID-19_healthcare_admissionByDay,all,all,default,2021,2021-10-28,888.0000,False
infectious_disease,respiratory,COVID-19,Nation,England,COVID-19_healthcare_admissionByDay,all,all,default,2021,2021-10-27,955.0000,False
infectious_disease,respiratory,COVID-19,Nation,England,COVID-19_healthcare_admissionByDay,all,all,default,2021,2021-10-26,911.0000,False
infectious_disease,respiratory,COVID-19,Nation,England,COVID-19_healthcare_admissionByDay,all,all,default,2021,2021-10-25,865.0000,False
infectious_disease,respiratory,COVID-19,Nation,England,COVID-19_healthcare_admissionByDay,all,all,default,2021,2021-10-24,829.0000,False
infectious_disease,respiratory,COVID-19,Nation,England,COVID-19_healthcare_admissionByDay,all,all,default,2021,2021-10-23,756.0000,False
infectious_disease,respiratory,COVID-19,Nation,England,COVID-19_healthcare_admissionByDay,all,all,default,2021,2021-10-22,760.0000,False
infectious_disease,respiratory,COVID-19,Nation,England,COVID-19_healthcare_admissionByDay,all,all,default,2021,2021-10-21,799.0000,False
infectious_disease,respiratory,COVID-19,Nation,England,COVID-19_healthcare_admissionByDay,all,all,default,2021,2021-10-20,903.0000,False
infectious_disease,respiratory,COVID-19,Nation,England,COVID-19_healthcare_admissionByDay,all,all,default,2021,2021-10-19,894.0000,False
infectious_disease,respiratory,COVID-19,Nation,England,COVID-19_healthcare_admissionByDay,all,all,default,2021,2021-10-18,896.0000,False
infectious_disease,respiratory,COVID-19,Nation,England,COVID-19_healthcare_admissionByDay,all,all,default,2021,2021-10-17,828.0000,False
infectious_disease,respiratory,COVID-19,Nation,England,COVID-19_healthcare_admissionByDay,all,all,default,2021,2021-10-16,743.0000,False
infectious_disease,respiratory,COVID-19,Nation,England,COVID-19_healthcare_admissionByDay,all,all,default,2021,2021-10-15,752.0000,False
infectious_disease,respiratory,COVID-19,Nation,England,COVID-19_healthcare_admissionByDay,all,all,default,2021,2021-10-14,730.0000,False
infectious_disease,respiratory,COVID-19,Nation,England,COVID-19_healthcare_admissionByDay,all,all,default,2021,2021-10-13,752.0000,False
infectious_disease,respiratory,COVID-19,Nation,England,COVID-19_healthcare_admissionByDay,all,all,default,2021,2021-10-12,760.0000,False
infectious_disease,respiratory,COVID-19,Nation,England,COVID-19_healthcare_admissionByDay,all,all,default,2021,2021-10-11,685.0000,False
infectious_disease,respiratory,COVID-19,Nation,England,COVID-19_healthcare_admissionByDay,all,all,default,2021,2021-10-10,606.0000,False
infectious_disease,respiratory,COVID-19,Nation,England,COVID-19_healthcare_admissionByDay,all,all,default,2021,2021-10-09,613.0000,False
infectious_disease,respiratory,COVID-19,Nation,England,COVID-19_healthcare_admissionByDay,all,all,default,2021,2021-10-08,619.0000,False
infectious_disease,respiratory,COVID-19,Nation,England,COVID-19_healthcare_admissionByDay,all,all,default,2021,2021-10-07,634.0000,False
infectious_disease,respiratory,COVID-19,Nation,England,COVID-19_healthcare_admissionByDay,all,all,default,2021,2021-10-06,632.0000,False
infectious_disease,respiratory,COVID-19,Nation,England,COVID-19_healthcare_admissionByDay,all,all,default,2021,2021-10-05,658.0000,False
infectious_disease,respiratory,COVID-19,Nation,England,COVID-19_healthcare_admissionByDay,all,all,default,2021,2021-10-04,627.0000,False
infectious_disease,respiratory,COVID-19,Nation,England,COVID-19_healthcare_admissionByDay,all,all,default,2021,2021-10-03,577.0000,False
infectious_disease,respiratory,COVID-19,Nation,England,COVID-19_healthcare_admissionByDay,all,all,default,2021,2021-10-02,549.0000,False
infectious_disease,respiratory,COVID-19,Nation,England,COVID-19_healthcare_admissionByDay,all,all,default,2021,2021-10-01,520.0000,False
infectious_disease,respiratory,COVID-19,Nation,England,COVID-19_healthcare_admissionByDay,all,all,default,2021,2021-09-30,552.0000,False
infectious_disease,respiratory,COVID-19,Nation,England,COVID-19_healthcare_admissionByDay,all,all,default,2021,2021-09-29,625.0000,False
infectious_disease,respiratory,COVID-19,Nation,England,COVID-19_healthcare_admissionByDay,all,all,default,2021,2021-09-28,596.0000,False
infectious_disease,respiratory,COVID-19,Nation,England,COVID-19_healthcare_admissionByDay,all,all,default,2021,2021-09-27,617.0000,False
infectious_disease,respiratory,COVID-19,Nation,England,COVID-19_healthcare_admissionByDay,all,all,default,2021,2021-09-26,535.0000,False
infectious_disease,respiratory,COVID-19,Nation,England,COVID-19_healthcare_admissionByDay,all,all,default,2021,2021-09-25,520.0000,False
infectious_disease,respiratory,COVID-19,Nation,England,COVID-19_healthcare_admissionByDay,all,all,default,2021,2021-09-24,557.0000,False
infectious_disease,respiratory,COVID-19,Nation,England,COVID-19_healthcare_admissionByDay,all,all,default,2021,2021-09-23,577.0000,False
infectious_disease,respiratory,COVID-19,Nation,England,COVID-19_healthcare_admissionByDay,all,all,default,2021,2021-09-22,572.0000,False
infectious_disease,respiratory,COVID-19,Nation,England,COVID-19_healthcare_admissionByDay,all,all,default,2021,2021-09-21,602.0000,False
infectious_disease,respiratory,COVID-19,Nation,England,COVID-19_healthcare_admissionByDay,all,all,default,2021,2021-09-20,606.0000,False
infectious_disease,respiratory,COVID-19,Nation,England,COVID-19_healthcare_admissionByDay,all,all,default,2021,2021-09-19,572.0000,False
infectious_disease,respiratory,COVID-19,Nation,England,COVID-19_healthcare_admissionByDay,all,all,default,2021,2021-09-18,560.0000,False
infectious_disease,respiratory,COVID-19,Nation,England,COVID-19_healthcare_admissionByDay,all,all,default,2021,2021-09-17,540.0000,False
infectious_disease,respiratory,COVID-19,Nation,England,COVID-19_healthcare_admissionByDay,all,all,default,2021,2021-09-16,672.0000,False
infectious_disease,respiratory,COVID-19,Nation,England,COVID-19_healthcare_admissionByDay,all,all,default,2021,2021-09-15,691.0000,False
infectious_disease,respiratory,COVID-19,Nation,England,COVID-19_healthcare_admissionByDay,all,all,default,2021,2021-09-14,701.0000,False
infectious_disease,respiratory,COVID-19,Nation,England,COVID-19_healthcare_admissionByDay,all,all,default,2021,2021-09-13,688.0000,False
infectious_disease,respiratory,COVID-19,Nation,England,COVID-19_healthcare_admissionByDay,all,all,default,2021,2021-09-12,658.0000,False
infectious_disease,respiratory,COVID-19,Nation,England,COVID-19_healthcare_admissionByDay,all,all,default,2021,2021-09-11,649.0000,False
infectious_disease,respiratory,COVID-19,Nation,England,COVID-19_healthcare_admissionByDay,all,all,default,2021,2021-09-10,680.0000,False
infectious_disease,respiratory,COVID-19,Nation,England,COVID-19_healthcare_admissionByDay,all,all,default,2021,2021-09-09,790.0000,False
infectious_disease,respiratory,COVID-19,Nation,England,COVID-19_healthcare_admissionByDay,all,all,default,2021,2021-09-08,900.0000,False
infectious_disease,respiratory,COVID-19,Nation,England,COVID-19_healthcare_admissionByDay,all,all,default,2021,2021-09-07,801.0000,False
infectious_disease,respiratory,COVID-19,Nation,England,COVID-19_healthcare_admissionByDay,all,all,default,2021,2021-09-06,831.0000,False
infectious_disease,respiratory,COVID-19,Nation,England,COVID-19_healthcare_admissionByDay,all,all,default,2021,2021-09-05,691.0000,False
infectious_disease,respiratory,COVID-19,Nation,England,COVID-19_healthcare_admissionByDay,all,all,default,2021,2021-09-04,752.0000,False
infectious_disease,respiratory,COVID-19,Nation,England,COVID-19_healthcare_admissionByDay,all,all,default,2021,2021-09-03,688.0000,False
infectious_disease,respiratory,COVID-19,Nation,England,COVID-19_healthcare_admissionByDay,all,all,default,2021,2021-09-02,788.0000,False
infectious_disease,respiratory,COVID-19,Nation,England,COVID-19_healthcare_admissionByDay,all,all,default,2021,2021-09-01,835.0000,False
infectious_disease,respiratory,COVID-19,Nation,England,COVID-19_healthcare_admissionByDay,all,all,default,2021,2021-08-31,798.0000,False
infectious_disease,respiratory,COVID-19,Nation,England,COVID-19_healthcare_admissionByDay,all,all,default,2021,2021-08-30,808.0000,False
infectious_disease,respiratory,COVID-19,Nation,England,COVID-19_healthcare_admissionByDay,all,all,default,2021,2021-08-29,701.0000,False
infectious_disease,respiratory,COVID-19,Nation,England,COVID-19_healthcare_admissionByDay,all,all,default,2021,2021-08-28,688.0000,False
infectious_disease,respiratory,COVID-19,Nation,England,COVID-19_healthcare_admissionByDay,all,all,default,2021,2021-08-27,749.0000,False
infectious_disease,respiratory,COVID-19,Nation,England,COVID-19_healthcare_admissionByDay,all,all,default,2021,2021-08-26,777.0000,False
infectious_disease,respiratory,COVID-19,Nation,England,COVID-19_healthcare_admissionByDay,all,all,default,2021,2021-08-25,843.0000,False
infectious_disease,respiratory,COVID-19,Nation,England,COVID-19_healthcare_admissionByDay,all,all,default,2021,2021-08-24,818.0000,False
infectious_disease,respiratory,COVID-19,Nation,England,COVID-19_healthcare_admissionByDay,all,all,default,2021,2021-08-23,831.0000,False
infectious_disease,respiratory,COVID-19,Nation,England,COVID-19_healthcare_admissionByDay,all,all,default,2021,2021-08-22,726.0000,False
infectious_disease,respiratory,COVID-19,Nation,England,COVID-19_healthcare_admissionByDay,all,all,default,2021,2021-08-21,757.0000,False
infectious_disease,respiratory,COVID-19,Nation,England,COVID-19_healthcare_admissionByDay,all,all,default,2021,2021-08-20,733.0000,False
infectious_disease,respiratory,COVID-19,Nation,England,COVID-19_healthcare_admissionByDay,all,all,default,2021,2021-08-19,824.0000,False
infectious_disease,respiratory,COVID-19,Nation,England,COVID-19_healthcare_admissionByDay,all,all,default,2021,2021-08-18,795.0000,False
infectious_disease,respiratory,COVID-19,Nation,England,COVID-19_healthcare_admissionByDay,all,all,default,2021,2021-08-17,832.0000,False
infectious_disease,respiratory,COVID-19,Nation,England,COVID-19_healthcare_admissionByDay,all,all,default,2021,2021-08-16,776.0000,False
infectious_disease,respiratory,COVID-19,Nation,England,COVID-19_healthcare_admissionByDay,all,all,default,2021,2021-08-15,719.0000,False
infectious_disease,respiratory,COVID-19,Nation,England,COVID-19_healthcare_admissionByDay,all,all,default,2021,2021-08-14,689.0000,False
infectious_disease,respiratory,COVID-19,Nation,England,COVID-19_healthcare_admissionByDay,all,all,default,2021,2021-08-13,694.0000,False
infectious_disease,respiratory,COVID-19,Nation,England,COVID-19_healthcare_admissionByDay,all,all,default,2021,2021-08-12,758.0000,False
infectious_disease,respiratory,COVID-19,Nation,England,COVID-19_healthcare_admissionByDay,all,all,default,2021,2021-08-11,747.0000,False
infectious_disease,respiratory,COVID-19,Nation,England,COVID-19_healthcare_admissionByDay,all,all,default,2021,2021-08-10,760.0000,False
infectious_disease,respiratory,COVID-19,Nation,England,COVID-19_healthcare_admissionByDay,all,all,default,2021,2021-08-09,665.0000,False
infectious_disease,respiratory,COVID-19,Nation,England,COVID-19_healthcare_admissionByDay,all,all,default,2021,2021-08-08,651.0000,False
infectious_disease,respiratory,COVID-19,Nation,England,COVID-19_healthcare_admissionByDay,all,all,default,2021,2021-08-07,630.0000,False
infectious_disease,respiratory,COVID-19,Nation,England,COVID-19_healthcare_admissionByDay,all,all,default,2021,2021-08-06,657.0000,False
infectious_disease,respiratory,COVID-19,Nation,England,COVID-19_healthcare_admissionByDay,all,all,default,2021,2021-08-05,693.0000,False
infectious_disease,respiratory,COVID-19,Nation,England,COVID-19_healthcare_admissionByDay,all,all,default,2021,2021-08-04,747.0000,False
infectious_disease,respiratory,COVID-19,Nation,England,COVID-19_healthcare_admissionByDay,all,all,default,2021,2021-08-03,680.0000,False
infectious_disease,respiratory,COVID-19,Nation,England,COVID-19_healthcare_admissionByDay,all,all,default,2021,2021-08-02,686.0000,False
infectious_disease,respiratory,COVID-19,Nation,England,COVID-19_healthcare_admissionByDay,all,all,default,2021,2021-08-01,645.0000,False
infectious_disease,respiratory,COVID-19,Nation,England,COVID-19_healthcare_admissionByDay,all,all,default,2021,2021-07-31,593.0000,False
infectious_disease,respiratory,COVID-19,Nation,England,COVID-19_healthcare_admissionByDay,all,all,default,2021,2021-07-30,650.0000,False
infectious_disease,respiratory,COVID-19,Nation,England,COVID-19_healthcare_admissionByDay,all,all,default,2021,2021-07-29,758.0000,False
infectious_disease,respiratory,COVID-19,Nation,England,COVID-19_healthcare_admissionByDay,all,all,default,2021,2021-07-28,728.0000,False
infectious_disease,respiratory,COVID-19,Nation,England,COVID-19_healthcare_admissionByDay,all,all,default,2021,2021-07-27,816.0000,False
infectious_disease,respiratory,COVID-19,Nation,England,COVID-19_healthcare_admissionByDay,all,all,default,2021,2021-07-26,830.0000,False
infectious_disease,respiratory,COVID-19,Nation,England,COVID-19_healthcare_admissionByDay,all,all,default,2021,2021-07-25,836.0000,False
infectious_disease,respiratory,COVID-19,Nation,England,COVID-19_healthcare_admissionByDay,all,all,default,2021,2021-07-24,734.0000,False
infectious_disease,respiratory,COVID-19,Nation,England,COVID-19_healthcare_admissionByDay,all,all,default,2021,2021-07-23,725.0000,False
infectious_disease,respiratory,COVID-19,Nation,England,COVID-19_healthcare_admissionByDay,all,all,default,2021,2021-07-22,827.0000,False
infectious_disease,respiratory,COVID-19,Nation,England,COVID-19_healthcare_admissionByDay,all,all,default,2021,2021-07-21,783.0000,False
infectious_disease,respiratory,COVID-19,Nation,England,COVID-19_healthcare_admissionByDay,all,all,default,2021,2021-07-20,805.0000,False
infectious_disease,respiratory,COVID-19,Nation,England,COVID-19_healthcare_admissionByDay,all,all,default,2021,2021-07-19,752.0000,False
infectious_disease,respiratory,COVID-19,Nation,England,COVID-19_healthcare_admissionByDay,all,all,default,2021,2021-07-18,698.0000,False
infectious_disease,respiratory,COVID-19,Nation,England,COVID-19_healthcare_admissionByDay,all,all,default,2021,2021-07-17,622.0000,False
infectious_disease,respiratory,COVID-19,Nation,England,COVID-19_healthcare_admissionByDay,all,all,default,2021,2021-07-16,593.0000,False
infectious_disease,respiratory,COVID-19,Nation,England,COVID-19_healthcare_admissionByDay,all,all,default,2021,2021-07-15,658.0000,False
infectious_disease,respiratory,COVID-19,Nation,England,COVID-19_healthcare_admissionByDay,all,all,default,2021,2021-07-14,636.0000,False
infectious_disease,respiratory,COVID-19,Nation,England,COVID-19_healthcare_admissionByDay,all,all,default,2021,2021-07-13,621.0000,False
infectious_disease,respiratory,COVID-19,Nation,England,COVID-19_healthcare_admissionByDay,all,all,default,2021,2021-07-12,610.0000,False
infectious_disease,respiratory,COVID-19,Nation,England,COVID-19_healthcare_admissionByDay,all,all,default,2021,2021-07-11,502.0000,False
infectious_disease,respiratory,COVID-19,Nation,England,COVID-19_healthcare_admissionByDay,all,all,default,2021,2021-07-10,442.0000,False
infectious_disease,respiratory,COVID-19,Nation,England,COVID-19_healthcare_admissionByDay,all,all,default,2021,2021-07-09,451.0000,False
infectious_disease,respiratory,COVID-19,Nation,England,COVID-19_healthcare_admissionByDay,all,all,default,2021,2021-07-08,488.0000,False
infectious_disease,respiratory,COVID-19,Nation,England,COVID-19_healthcare_admissionByDay,all,all,default,2021,2021-07-07,461.0000,False
infectious_disease,respiratory,COVID-19,Nation,England,COVID-19_healthcare_admissionByDay,all,all,default,2021,2021-07-06,458.0000,False
infectious_disease,respiratory,COVID-19,Nation,England,COVID-19_healthcare_admissionByDay,all,all,default,2021,2021-07-05,416.0000,False
infectious_disease,respiratory,COVID-19,Nation,England,COVID-19_healthcare_admissionByDay,all,all,default,2021,2021-07-04,390.0000,False
infectious_disease,respiratory,COVID-19,Nation,England,COVID-19_healthcare_admissionByDay,all,all,default,2021,2021-07-03,323.0000,False
infectious_disease,respiratory,COVID-19,Nation,England,COVID-19_healthcare_admissionByDay,all,all,default,2021,2021-07-02,307.0000,False
infectious_disease,respiratory,COVID-19,Nation,England,COVID-19_healthcare_admissionByDay,all,all,default,2021,2021-07-01,295.0000,False
infectious_disease,respiratory,COVID-19,Nation,England,COVID-19_healthcare_admissionByDay,all,all,default,2021,2021-06-30,331.0000,False
infectious_disease,respiratory,COVID-19,Nation,England,COVID-19_healthcare_admissionByDay,all,all,default,2021,2021-06-29,283.0000,False
infectious_disease,respiratory,COVID-19,Nation,England,COVID-19_healthcare_admissionByDay,all,all,default,2021,2021-06-28,244.0000,False
infectious_disease,respiratory,COVID-19,Nation,England,COVID-19_healthcare_admissionByDay,all,all,default,2021,2021-06-27,226.0000,False
infectious_disease,respiratory,COVID-19,Nation,England,COVID-19_healthcare_admissionByDay,all,all,default,2021,2021-06-26,223.0000,False
infectious_disease,respiratory,COVID-19,Nation,England,COVID-19_healthcare_admissionByDay,all,all,default,2021,2021-06-25,206.0000,False
infectious_disease,respiratory,COVID-19,Nation,England,COVID-19_healthcare_admissionByDay,all,all,default,2021,2021-06-24,194.0000,False
infectious_disease,respiratory,COVID-19,Nation,England,COVID-19_healthcare_admissionByDay,all,all,default,2021,2021-06-23,214.0000,False
infectious_disease,respiratory,COVID-19,Nation,England,COVID-19_healthcare_admissionByDay,all,all,default,2021,2021-06-22,182.0000,False
infectious_disease,respiratory,COVID-19,Nation,England,COVID-19_healthcare_admissionByDay,all,all,default,2021,2021-06-21,181.0000,False
infectious_disease,respiratory,COVID-19,Nation,England,COVID-19_healthcare_admissionByDay,all,all,default,2021,2021-06-20,171.0000,False
infectious_disease,respiratory,COVID-19,Nation,England,COVID-19_healthcare_admissionByDay,all,all,default,2021,2021-06-19,178.0000,False
infectious_disease,respiratory,COVID-19,Nation,England,COVID-19_healthcare_admissionByDay,all,all,default,2021,2021-06-18,185.0000,False
infectious_disease,respiratory,COVID-19,Nation,England,COVID-19_healthcare_admissionByDay,all,all,default,2021,2021-06-17,202.0000,False
infectious_disease,respiratory,COVID-19,Nation,England,COVID-19_healthcare_admissionByDay,all,all,default,2021,2021-06-16,177.0000,False
infectious_disease,respiratory,COVID-19,Nation,England,COVID-19_healthcare_admissionByDay,all,all,default,2021,2021-06-15,188.0000,False
infectious_disease,respiratory,COVID-19,Nation,England,COVID-19_healthcare_admissionByDay,all,all,default,2021,2021-06-14,185.0000,False
infectious_disease,respiratory,COVID-19,Nation,England,COVID-19_healthcare_admissionByDay,all,all,default,2021,2021-06-13,187.0000,False
infectious_disease,respiratory,COVID-19,Nation,England,COVID-19_healthcare_admissionByDay,all,all,default,2021,2021-06-12,137.0000,False
infectious_disease,respiratory,COVID-19,Nation,England,COVID-19_healthcare_admissionByDay,all,all,default,2021,2021-06-11,144.0000,False
infectious_disease,respiratory,COVID-19,Nation,England,COVID-19_healthcare_admissionByDay,all,all,default,2021,2021-06-10,162.0000,False
infectious_disease,respiratory,COVID-19,Nation,England,COVID-19_healthcare_admissionByDay,all,all,default,2021,2021-06-09,158.0000,False
infectious_disease,respiratory,COVID-19,Nation,England,COVID-19_healthcare_admissionByDay,all,all,default,2021,2021-06-08,147.0000,False
infectious_disease,respiratory,COVID-19,Nation,England,COVID-19_healthcare_admissionByDay,all,all,default,2021,2021-06-07,131.0000,False
infectious_disease,respiratory,COVID-19,Nation,England,COVID-19_healthcare_admissionByDay,all,all,default,2021,2021-06-06,121.0000,False
infectious_disease,respiratory,COVID-19,Nation,England,COVID-19_healthcare_admissionByDay,all,all,default,2021,2021-06-05,96.0000,False
infectious_disease,respiratory,COVID-19,Nation,England,COVID-19_healthcare_admissionByDay,all,all,default,2021,2021-06-04,96.0000,False
infectious_disease,respiratory,COVID-19,Nation,England,COVID-19_healthcare_admissionByDay,all,all,default,2021,2021-06-03,93.0000,False
infectious_disease,respiratory,COVID-19,Nation,England,COVID-19_healthcare_admissionByDay,all,all,default,2021,2021-06-02,101.0000,False
infectious_disease,respiratory,COVID-19,Nation,England,COVID-19_healthcare_admissionByDay,all,all,default,2021,2021-06-01,115.0000,False
infectious_disease,respiratory,COVID-19,Nation,England,COVID-19_healthcare_admissionByDay,all,all,default,2021,2021-05-31,98.0000,False
infectious_disease,respiratory,COVID-19,Nation,England,COVID-19_healthcare_admissionByDay,all,all,default,2021,2021-05-30,80.0000,False
infectious_disease,respiratory,COVID-19,Nation,England,COVID-19_healthcare_admissionByDay,all,all,default,2021,2021-05-29,69.0000,False
infectious_disease,respiratory,COVID-19,Nation,England,COVID-19_healthcare_admissionByDay,all,all,default,2021,2021-05-28,92.0000,False
infectious_disease,respiratory,COVID-19,Nation,England,COVID-19_healthcare_admissionByDay,all,all,default,2021,2021-05-27,83.0000,False
infectious_disease,respiratory,COVID-19,Nation,England,COVID-19_healthcare_admissionByDay,all,all,default,2021,2021-05-26,95.0000,False
infectious_disease,respiratory,COVID-19,Nation,England,COVID-19_healthcare_admissionByDay,all,all,default,2021,2021-05-25,88.0000,False
infectious_disease,respiratory,COVID-19,Nation,England,COVID-19_healthcare_admissionByDay,all,all,default,2021,2021-05-24,98.0000,False
infectious_disease,respiratory,COVID-19,Nation,England,COVID-19_healthcare_admissionByDay,all,all,default,2021,2021-05-23,77.0000,False
infectious_disease,respiratory,COVID-19,Nation,England,COVID-19_healthcare_admissionByDay,all,all,default,2021,2021-05-22,75.0000,False
infectious_disease,respiratory,COVID-19,Nation,England,COVID-19_healthcare_admissionByDay,all,all,default,2021,2021-05-21,85.0000,False
infectious_disease,respiratory,COVID-19,Nation,England,COVID-19_healthcare_admissionByDay,all,all,default,2021,2021-05-20,98.0000,False
infectious_disease,respiratory,COVID-19,Nation,England,COVID-19_healthcare_admissionByDay,all,all,default,2021,2021-05-19,93.0000,False
infectious_disease,respiratory,COVID-19,Nation,England,COVID-19_healthcare_admissionByDay,all,all,default,2021,2021-05-18,90.0000,False
infectious_disease,respiratory,COVID-19,Nation,England,COVID-19_healthcare_admissionByDay,all,all,default,2021,2021-05-17,74.0000,False
infectious_disease,respiratory,COVID-19,Nation,England,COVID-19_healthcare_admissionByDay,all,all,default,2021,2021-05-16,59.0000,False
infectious_disease,respiratory,COVID-19,Nation,England,COVID-19_healthcare_admissionByDay,all,all,default,2021,2021-05-15,70.0000,False
infectious_disease,respiratory,COVID-19,Nation,England,COVID-19_healthcare_admissionByDay,all,all,default,2021,2021-05-14,72.0000,False
infectious_disease,respiratory,COVID-19,Nation,England,COVID-19_healthcare_admissionByDay,all,all,default,2021,2021-05-13,74.0000,False
infectious_disease,respiratory,COVID-19,Nation,England,COVID-19_healthcare_admissionByDay,all,all,default,2021,2021-05-12,93.0000,False
infectious_disease,respiratory,COVID-19,Nation,England,COVID-19_healthcare_admissionByDay,all,all,default,2021,2021-05-11,79.0000,False
infectious_disease,respiratory,COVID-19,Nation,England,COVID-19_healthcare_admissionByDay,all,all,default,2021,2021-05-10,76.0000,False
infectious_disease,respiratory,COVID-19,Nation,England,COVID-19_healthcare_admissionByDay,all,all,default,2021,2021-05-09,76.0000,False
infectious_disease,respiratory,COVID-19,Nation,England,COVID-19_healthcare_admissionByDay,all,all,default,2021,2021-05-08,80.0000,False
infectious_disease,respiratory,COVID-19,Nation,England,COVID-19_healthcare_admissionByDay,all,all,default,2021,2021-05-07,77.0000,False
infectious_disease,respiratory,COVID-19,Nation,England,COVID-19_healthcare_admissionByDay,all,all,default,2021,2021-05-06,88.0000,False
infectious_disease,respiratory,COVID-19,Nation,England,COVID-19_healthcare_admissionByDay,all,all,default,2021,2021-05-05,96.0000,False
infectious_disease,respiratory,COVID-19,Nation,England,COVID-19_healthcare_admissionByDay,all,all,default,2021,2021-05-04,76.0000,False
infectious_disease,respiratory,COVID-19,Nation,England,COVID-19_healthcare_admissionByDay,all,all,default,2021,2021-05-03,98.0000,False
infectious_disease,respiratory,COVID-19,Nation,England,COVID-19_healthcare_admissionByDay,all,all,default,2021,2021-05-02,92.0000,False
infectious_disease,respiratory,COVID-19,Nation,England,COVID-19_healthcare_admissionByDay,all,all,default,2021,2021-05-01,68.0000,False
infectious_disease,respiratory,COVID-19,Nation,England,COVID-19_healthcare_admissionByDay,all,all,default,2021,2021-04-30,82.0000,False
infectious_disease,respiratory,COVID-19,Nation,England,COVID-19_healthcare_admissionByDay,all,all,default,2021,2021-04-29,80.0000,False
infectious_disease,respiratory,COVID-19,Nation,England,COVID-19_healthcare_admissionByDay,all,all,default,2021,2021-04-28,89.0000,False
infectious_disease,respiratory,COVID-19,Nation,England,COVID-19_healthcare_admissionByDay,all,all,default,2021,2021-04-27,128.0000,False
infectious_disease,respiratory,COVID-19,Nation,England,COVID-19_healthcare_admissionByDay,all,all,default,2021,2021-04-26,108.0000,False
infectious_disease,respiratory,COVID-19,Nation,England,COVID-19_healthcare_admissionByDay,all,all,default,2021,2021-04-25,107.0000,False
infectious_disease,respiratory,COVID-19,Nation,England,COVID-19_healthcare_admissionByDay,all,all,default,2021,2021-04-24,99.0000,False
infectious_disease,respiratory,COVID-19,Nation,England,COVID-19_healthcare_admissionByDay,all,all,default,2021,2021-04-23,124.0000,False
infectious_disease,respiratory,COVID-19,Nation,England,COVID-19_healthcare_admissionByDay,all,all,default,2021,2021-04-22,92.0000,False
infectious_disease,respiratory,COVID-19,Nation,England,COVID-19_healthcare_admissionByDay,all,all,default,2021,2021-04-21,126.0000,False
infectious_disease,respiratory,COVID-19,Nation,England,COVID-19_healthcare_admissionByDay,all,all,default,2021,2021-04-20,98.0000,False
infectious_disease,respiratory,COVID-19,Nation,England,COVID-19_healthcare_admissionByDay,all,all,default,2021,2021-04-19,138.0000,False
infectious_disease,respiratory,COVID-19,Nation,England,COVID-19_healthcare_admissionByDay,all,all,default,2021,2021-04-18,112.0000,False
infectious_disease,respiratory,COVID-19,Nation,England,COVID-19_healthcare_admissionByDay,all,all,default,2021,2021-04-17,135.0000,False
infectious_disease,respiratory,COVID-19,Nation,England,COVID-19_healthcare_admissionByDay,all,all,default,2021,2021-04-16,118.0000,False
infectious_disease,respiratory,COVID-19,Nation,England,COVID-19_healthcare_admissionByDay,all,all,default,2021,2021-04-15,127.0000,False
infectious_disease,respiratory,COVID-19,Nation,England,COVID-19_healthcare_admissionByDay,all,all,default,2021,2021-04-14,156.0000,False
infectious_disease,respiratory,COVID-19,Nation,England,COVID-19_healthcare_admissionByDay,all,all,default,2021,2021-04-13,153.0000,False
infectious_disease,respiratory,COVID-19,Nation,England,COVID-19_healthcare_admissionByDay,all,all,default,2021,2021-04-12,173.0000,False
infectious_disease,respiratory,COVID-19,Nation,England,COVID-19_healthcare_admissionByDay,all,all,default,2021,2021-04-11,175.0000,False
infectious_disease,respiratory,COVID-19,Nation,England,COVID-19_healthcare_admissionByDay,all,all,default,2021,2021-04-10,151.0000,False
infectious_disease,respiratory,COVID-19,Nation,England,COVID-19_healthcare_admissionByDay,all,all,default,2021,2021-04-09,167.0000,False
infectious_disease,respiratory,COVID-19,Nation,England,COVID-19_healthcare_admissionByDay,all,all,default,2021,2021-04-08,167.0000,False
infectious_disease,respiratory,COVID-19,Nation,England,COVID-19_healthcare_admissionByDay,all,all,default,2021,2021-04-07,189.0000,False
infectious_disease,respiratory,COVID-19,Nation,England,COVID-19_healthcare_admissionByDay,all,all,default,2021,2021-04-06,183.0000,False
infectious_disease,respiratory,COVID-19,Nation,England,COVID-19_healthcare_admissionByDay,all,all,default,2021,2021-04-05,188.0000,False
infectious_disease,respiratory,COVID-19,Nation,England,COVID-19_healthcare_admissionByDay,all,all,default,2021,2021-04-04,156.0000,False
infectious_disease,respiratory,COVID-19,Nation,England,COVID-19_healthcare_admissionByDay,all,all,default,2021,2021-04-03,179.0000,False
infectious_disease,respiratory,COVID-19,Nation,England,COVID-19_healthcare_admissionByDay,all,all,default,2021,2021-04-02,178.0000,False
infectious_disease,respiratory,COVID-19,Nation,England,COVID-19_healthcare_admissionByDay,all,all,default,2021,2021-04-01,180.0000,False
infectious_disease,respiratory,COVID-19,Nation,England,COVID-19_healthcare_admissionByDay,all,all,default,2021,2021-03-31,225.0000,False
infectious_disease,respiratory,COVID-19,Nation,England,COVID-19_healthcare_admissionByDay,all,all,default,2021,2021-03-30,217.0000,False
infectious_disease,respiratory,COVID-19,Nation,England,COVID-19_healthcare_admissionByDay,all,all,default,2021,2021-03-29,206.0000,False
infectious_disease,respiratory,COVID-19,Nation,England,COVID-19_healthcare_admissionByDay,all,all,default,2021,2021-03-28,221.0000,False
infectious_disease,respiratory,COVID-19,Nation,England,COVID-19_healthcare_admissionByDay,all,all,default,2021,2021-03-27,217.0000,False
infectious_disease,respiratory,COVID-19,Nation,England,COVID-19_healthcare_admissionByDay,all,all,default,2021,2021-03-26,245.0000,False
infectious_disease,respiratory,COVID-19,Nation,England,COVID-19_healthcare_admissionByDay,all,all,default,2021,2021-03-25,288.0000,False
infectious_disease,respiratory,COVID-19,Nation,England,COVID-19_healthcare_admissionByDay,all,all,default,2021,2021-03-24,277.0000,False
infectious_disease,respiratory,COVID-19,Nation,England,COVID-19_healthcare_admissionByDay,all,all,default,2021,2021-03-23,295.0000,False
infectious_disease,respiratory,COVID-19,Nation,England,COVID-19_healthcare_admissionByDay,all,all,default,2021,2021-03-22,294.0000,False
infectious_disease,respiratory,COVID-19,Nation,England,COVID-19_healthcare_admissionByDay,all,all,default,2021,2021-03-21,279.0000,False
infectious_disease,respiratory,COVID-19,Nation,England,COVID-19_healthcare_admissionByDay,all,all,default,2021,2021-03-20,287.0000,False
infectious_disease,respiratory,COVID-19,Nation,England,COVID-19_healthcare_admissionByDay,all,all,default,2021,2021-03-19,283.0000,False
infectious_disease,respiratory,COVID-19,Nation,England,COVID-19_healthcare_admissionByDay,all,all,default,2021,2021-03-18,351.0000,False
infectious_disease,respiratory,COVID-19,Nation,England,COVID-19_healthcare_admissionByDay,all,all,default,2021,2021-03-17,343.0000,False
infectious_disease,respiratory,COVID-19,Nation,England,COVID-19_healthcare_admissionByDay,all,all,default,2021,2021-03-16,364.0000,False
infectious_disease,respiratory,COVID-19,Nation,England,COVID-19_healthcare_admissionByDay,all,all,default,2021,2021-03-15,431.0000,False
infectious_disease,respiratory,COVID-19,Nation,England,COVID-19_healthcare_admissionByDay,all,all,default,2021,2021-03-14,357.0000,False
infectious_disease,respiratory,COVID-19,Nation,England,COVID-19_healthcare_admissionByDay,all,all,default,2021,2021-03-13,385.0000,False
infectious_disease,respiratory,COVID-19,Nation,England,COVID-19_healthcare_admissionByDay,all,all,default,2021,2021-03-12,386.0000,False
infectious_disease,respiratory,COVID-19,Nation,England,COVID-19_healthcare_admissionByDay,all,all,default,2021,2021-03-11,449.0000,False
infectious_disease,respiratory,COVID-19,Nation,England,COVID-19_healthcare_admissionByDay,all,all,default,2021,2021-03-10,494.0000,False
infectious_disease,respiratory,COVID-19,Nation,England,COVID-19_healthcare_admissionByDay,all,all,default,2021,2021-03-09,483.0000,False
infectious_disease,respiratory,COVID-19,Nation,England,COVID-19_healthcare_admissionByDay,all,all,default,2021,2021-03-08,501.0000,False
infectious_disease,respiratory,COVID-19,Nation,England,COVID-19_healthcare_admissionByDay,all,all,default,2021,2021-03-07,461.0000,False
infectious_disease,respiratory,COVID-19,Nation,England,COVID-19_healthcare_admissionByDay,all,all,default,2021,2021-03-06,528.0000,False
infectious_disease,respiratory,COVID-19,Nation,England,COVID-19_healthcare_admissionByDay,all,all,default,2021,2021-03-05,487.0000,False
infectious_disease,respiratory,COVID-19,Nation,England,COVID-19_healthcare_admissionByDay,all,all,default,2021,2021-03-04,596.0000,False
infectious_disease,respiratory,COVID-19,Nation,England,COVID-19_healthcare_admissionByDay,all,all,default,2021,2021-03-03,607.0000,False
infectious_disease,respiratory,COVID-19,Nation,England,COVID-19_healthcare_admissionByDay,all,all,default,2021,2021-03-02,683.0000,False
infectious_disease,respiratory,COVID-19,Nation,England,COVID-19_healthcare_admissionByDay,all,all,default,2021,2021-03-01,704.0000,False
infectious_disease,respiratory,COVID-19,Nation,England,COVID-19_healthcare_admissionByDay,all,all,default,2021,2021-02-28,662.0000,False
infectious_disease,respiratory,COVID-19,Nation,England,COVID-19_healthcare_admissionByDay,all,all,default,2021,2021-02-27,624.0000,False
infectious_disease,respiratory,COVID-19,Nation,England,COVID-19_healthcare_admissionByDay,all,all,default,2021,2021-02-26,718.0000,False
infectious_disease,respiratory,COVID-19,Nation,England,COVID-19_healthcare_admissionByDay,all,all,default,2021,2021-02-25,832.0000,False
infectious_disease,respiratory,COVID-19,Nation,England,COVID-19_healthcare_admissionByDay,all,all,default,2021,2021-02-24,874.0000,False
infectious_disease,respiratory,COVID-19,Nation,England,COVID-19_healthcare_admissionByDay,all,all,default,2021,2021-02-23,976.0000,False
infectious_disease,respiratory,COVID-19,Nation,England,COVID-19_healthcare_admissionByDay,all,all,default,2021,2021-02-22,980.0000,False
infectious_disease,respiratory,COVID-19,Nation,England,COVID-19_healthcare_admissionByDay,all,all,default,2021,2021-02-21,1008.0000,False
infectious_disease,respiratory,COVID-19,Nation,England,COVID-19_healthcare_admissionByDay,all,all,default,2021,2021-02-20,904.0000,False
infectious_disease,respiratory,COVID-19,Nation,England,COVID-19_healthcare_admissionByDay,all,all,default,2021,2021-02-19,1068.0000,False
infectious_disease,respiratory,COVID-19,Nation,England,COVID-19_healthcare_admissionByDay,all,all,default,2021,2021-02-18,1149.0000,False
infectious_disease,respiratory,COVID-19,Nation,England,COVID-19_healthcare_admissionByDay,all,all,default,2021,2021-02-17,1233.0000,False
infectious_disease,respiratory,COVID-19,Nation,England,COVID-19_healthcare_admissionByDay,all,all,default,2021,2021-02-16,1311.0000,False
infectious_disease,respiratory,COVID-19,Nation,England,COVID-19_healthcare_admissionByDay,all,all,default,2021,2021-02-15,1322.0000,False
infectious_disease,respiratory,COVID-19,Nation,England,COVID-19_healthcare_admissionByDay,all,all,default,2021,2021-02-14,1364.0000,False
infectious_disease,respiratory,COVID-19,Nation,England,COVID-19_healthcare_admissionByDay,all,all,default,2021,2021-02-13,1240.0000,False
infectious_disease,respiratory,COVID-19,Nation,England,COVID-19_healthcare_admissionByDay,all,all,default,2021,2021-02-12,1318.0000,False
infectious_disease,respiratory,COVID-19,Nation,England,COVID-19_healthcare_admissionByDay,all,all,default,2021,2021-02-11,1440.0000,False
infectious_disease,respiratory,COVID-19,Nation,England,COVID-19_healthcare_admissionByDay,all,all,default,2021,2021-02-10,1535.0000,False
infectious_disease,respiratory,COVID-19,Nation,England,COVID-19_healthcare_admissionByDay,all,all,default,2021,2021-02-09,1531.0000,False
infectious_disease,respiratory,COVID-19,Nation,England,COVID-19_healthcare_admissionByDay,all,all,default,2021,2021-02-08,1739.0000,False
infectious_disease,respiratory,COVID-19,Nation,England,COVID-19_healthcare_admissionByDay,all,all,default,2021,2021-02-07,1675.0000,False
infectious_disease,respiratory,COVID-19,Nation,England,COVID-19_healthcare_admissionByDay,all,all,default,2021,2021-02-06,1679.0000,False
infectious_disease,respiratory,COVID-19,Nation,England,COVID-19_healthcare_admissionByDay,all,all,default,2021,2021-02-05,1757.0000,False
infectious_disease,respiratory,COVID-19,Nation,England,COVID-19_healthcare_admissionByDay,all,all,default,2021,2021-02-04,1907.0000,False
infectious_disease,respiratory,COVID-19,Nation,England,COVID-19_healthcare_admissionByDay,all,all,default,2021,2021-02-03,2096.0000,False
infectious_disease,respiratory,COVID-19,Nation,England,COVID-19_healthcare_admissionByDay,all,all,default,2021,2021-02-02,2222.0000,False
infectious_disease,respiratory,COVID-19,Nation,England,COVID-19_healthcare_admissionByDay,all,all,default,2021,2021-02-01,2347.0000,False
infectious_disease,respiratory,COVID-19,Nation,England,COVID-19_healthcare_admissionByDay,all,all,default,2021,2021-01-31,2183.0000,False
infectious_disease,respiratory,COVID-19,Nation,England,COVID-19_healthcare_admissionByDay,all,all,default,2021,2021-01-30,2193.0000,False
infectious_disease,respiratory,COVID-19,Nation,England,COVID-19_healthcare_admissionByDay,all,all,default,2021,2021-01-29,2379.0000,False
infectious_disease,respiratory,COVID-19,Nation,England,COVID-19_healthcare_admissionByDay,all,all,default,2021,2021-01-28,2719.0000,False
infectious_disease,respiratory,COVID-19,Nation,England,COVID-19_healthcare_admissionByDay,all,all,default,2021,2021-01-27,2742.0000,False
infectious_disease,respiratory,COVID-19,Nation,England,COVID-19_healthcare_admissionByDay,all,all,default,2021,2021-01-26,2799.0000,False
infectious_disease,respiratory,COVID-19,Nation,England,COVID-19_healthcare_admissionByDay,all,all,default,2021,2021-01-25,2648.0000,False
infectious_disease,respiratory,COVID-19,Nation,England,COVID-19_healthcare_admissionByDay,all,all,default,2021,2021-01-24,2824.0000,False
infectious_disease,respiratory,COVID-19,Nation,England,COVID-19_healthcare_admissionByDay,all,all,default,2021,2021-01-23,2780.0000,False
infectious_disease,respiratory,COVID-19,Nation,England,COVID-19_healthcare_admissionByDay,all,all,default,2021,2021-01-22,3016.0000,False
infectious_disease,respiratory,COVID-19,Nation,England,COVID-19_healthcare_admissionByDay,all,all,default,2021,2021-01-21,3237.0000,False
infectious_disease,respiratory,COVID-19,Nation,England,COVID-19_healthcare_admissionByDay,all,all,default,2021,2021-01-20,3679.0000,False
infectious_disease,respiratory,COVID-19,Nation,England,COVID-19_healthcare_admissionByDay,all,all,default,2021,2021-01-19,3768.0000,False
infectious_disease,respiratory,COVID-19,Nation,England,COVID-19_healthcare_admissionByDay,all,all,default,2021,2021-01-18,3711.0000,False
infectious_disease,respiratory,COVID-19,Nation,England,COVID-19_healthcare_admissionByDay,all,all,default,2021,2021-01-17,3424.0000,False
infectious_disease,respiratory,COVID-19,Nation,England,COVID-19_healthcare_admissionByDay,all,all,default,2021,2021-01-16,3569.0000,False
infectious_disease,respiratory,COVID-19,Nation,England,COVID-19_healthcare_admissionByDay,all,all,default,2021,2021-01-15,3295.0000,False
infectious_disease,respiratory,COVID-19,Nation,England,COVID-19_healthcare_admissionByDay,all,all,default,2021,2021-01-14,3678.0000,False
infectious_disease,respiratory,COVID-19,Nation,England,COVID-19_healthcare_admissionByDay,all,all,default,2021,2021-01-13,3840.0000,False
infectious_disease,respiratory,COVID-19,Nation,England,COVID-19_healthcare_admissionByDay,all,all,default,2021,2021-01-12,4134.0000,False
infectious_disease,respiratory,COVID-19,Nation,England,COVID-19_healthcare_admissionByDay,all,all,default,2021,2021-01-11,3894.0000,False
infectious_disease,respiratory,COVID-19,Nation,England,COVID-19_healthcare_admissionByDay,all,all,default,2021,2021-01-10,3571.0000,False
infectious_disease,respiratory,COVID-19,Nation,England,COVID-19_healthcare_admissionByDay,all,all,default,2021,2021-01-09,3718.0000,False
infectious_disease,respiratory,COVID-19,Nation,England,COVID-19_healthcare_admissionByDay,all,all,default,2021,2021-01-08,3549.0000,False
infectious_disease,respiratory,COVID-19,Nation,England,COVID-19_healthcare_admissionByDay,all,all,default,2021,2021-01-07,3849.0000,False
infectious_disease,respiratory,COVID-19,Nation,England,COVID-19_healthcare_admissionByDay,all,all,default,2021,2021-01-06,3967.0000,False
infectious_disease,respiratory,COVID-19,Nation,England,COVID-19_healthcare_admissionByDay,all,all,default,2021,2021-01-05,3697.0000,False
infectious_disease,respiratory,COVID-19,Nation,England,COVID-19_healthcare_admissionByDay,all,all,default,2021,2021-01-04,3587.0000,False
infectious_disease,respiratory,COVID-19,Nation,England,COVID-19_healthcare_admissionByDay,all,all,default,2021,2021-01-03,3351.0000,False
infectious_disease,respiratory,COVID-19,Nation,England,COVID-19_healthcare_admissionByDay,all,all,default,2021,2021-01-02,3145.0000,False
infectious_disease,respiratory,COVID-19,Nation,England,COVID-19_healthcare_admissionByDay,all,all,default,2021,2021-01-01,3010.0000,False
infectious_disease,respiratory,COVID-19,Nation,England,COVID-19_healthcare_admissionByDay,all,all,default,2020,2020-12-31,2536.0000,False
infectious_disease,respiratory,COVID-19,Nation,England,COVID-19_healthcare_admissionByDay,all,all,default,2020,2020-12-30,2861.0000,False
infectious_disease,respiratory,COVID-19,Nation,England,COVID-19_healthcare_admissionByDay,all,all,default,2020,2020-12-29,2886.0000,False
infectious_disease,respiratory,COVID-19,Nation,England,COVID-19_healthcare_admissionByDay,all,all,default,2020,2020-12-28,2795.0000,False
infectious_disease,respiratory,COVID-19,Nation,England,COVID-19_healthcare_admissionByDay,all,all,default,2020,2020-12-27,2572.0000,False
infectious_disease,respiratory,COVID-19,Nation,England,COVID-19_healthcare_admissionByDay,all,all,default,2020,2020-12-26,2298.0000,False
infectious_disease,respiratory,COVID-19,Nation,England,COVID-19_healthcare_admissionByDay,all,all,default,2020,2020-12-25,1952.0000,False
infectious_disease,respiratory,COVID-19,Nation,England,COVID-19_healthcare_admissionByDay,all,all,default,2020,2020-12-24,1795.0000,False
infectious_disease,respiratory,COVID-19,Nation,England,COVID-19_healthcare_admissionByDay,all,all,default,2020,2020-12-23,1980.0000,False
infectious_disease,respiratory,COVID-19,Nation,England,COVID-19_healthcare_admissionByDay,all,all,default,2020,2020-12-22,2203.0000,False
infectious_disease,respiratory,COVID-19,Nation,England,COVID-19_healthcare_admissionByDay,all,all,default,2020,2020-12-21,2115.0000,False
infectious_disease,respiratory,COVID-19,Nation,England,COVID-19_healthcare_admissionByDay,all,all,default,2020,2020-12-20,1976.0000,False
infectious_disease,respiratory,COVID-19,Nation,England,COVID-19_healthcare_admissionByDay,all,all,default,2020,2020-12-19,1812.0000,False
infectious_disease,respiratory,COVID-19,Nation,England,COVID-19_healthcare_admissionByDay,all,all,default,2020,2020-12-18,1672.0000,False
infectious_disease,respiratory,COVID-19,Nation,England,COVID-19_healthcare_admissionByDay,all,all,default,2020,2020-12-17,1873.0000,False
infectious_disease,respiratory,COVID-19,Nation,England,COVID-19_healthcare_admissionByDay,all,all,default,2020,2020-12-16,1796.0000,False
infectious_disease,respiratory,COVID-19,Nation,England,COVID-19_healthcare_admissionByDay,all,all,default,2020,2020-12-15,1730.0000,False
infectious_disease,respiratory,COVID-19,Nation,England,COVID-19_healthcare_admissionByDay,all,all,default,2020,2020-12-14,1746.0000,False
infectious_disease,respiratory,COVID-19,Nation,England,COVID-19_healthcare_admissionByDay,all,all,default,2020,2020-12-13,1581.0000,False
infectious_disease,respiratory,COVID-19,Nation,England,COVID-19_healthcare_admissionByDay,all,all,default,2020,2020-12-12,1587.0000,False
infectious_disease,respiratory,COVID-19,Nation,England,COVID-19_healthcare_admissionByDay,all,all,default,2020,2020-12-11,1450.0000,False
infectious_disease,respiratory,COVID-19,Nation,England,COVID-19_healthcare_admissionByDay,all,all,default,2020,2020-12-10,1524.0000,False
infectious_disease,respiratory,COVID-19,Nation,England,COVID-19_healthcare_admissionByDay,all,all,default,2020,2020-12-09,1550.0000,False
infectious_disease,respiratory,COVID-19,Nation,England,COVID-19_healthcare_admissionByDay,all,all,default,2020,2020-12-08,1528.0000,False
infectious_disease,respiratory,COVID-19,Nation,England,COVID-19_healthcare_admissionByDay,all,all,default,2020,2020-12-07,1466.0000,False
infectious_disease,respiratory,COVID-19,Nation,England,COVID-19_healthcare_admissionByDay,all,all,default,2020,2020-12-06,1311.0000,False
infectious_disease,respiratory,COVID-19,Nation,England,COVID-19_healthcare_admissionByDay,all,all,default,2020,2020-12-05,1186.0000,False
infectious_disease,respiratory,COVID-19,Nation,England,COVID-19_healthcare_admissionByDay,all,all,default,2020,2020-12-04,1248.0000,False
infectious_disease,respiratory,COVID-19,Nation,England,COVID-19_healthcare_admissionByDay,all,all,default,2020,2020-12-03,1337.0000,False
infectious_disease,respiratory,COVID-19,Nation,England,COVID-19_healthcare_admissionByDay,all,all,default,2020,2020-12-02,1262.0000,False
infectious_disease,respiratory,COVID-19,Nation,England,COVID-19_healthcare_admissionByDay,all,all,default,2020,2020-12-01,1271.0000,False
infectious_disease,respiratory,COVID-19,Nation,England,COVID-19_healthcare_admissionByDay,all,all,default,2020,2020-11-30,1216.0000,False
infectious_disease,respiratory,COVID-19,Nation,England,COVID-19_healthcare_admissionByDay,all,all,default,2020,2020-11-29,1215.0000,False
infectious_disease,respiratory,COVID-19,Nation,England,COVID-19_healthcare_admissionByDay,all,all,default,2020,2020-11-28,1065.0000,False
infectious_disease,respiratory,COVID-19,Nation,England,COVID-19_healthcare_admissionByDay,all,all,default,2020,2020-11-27,1055.0000,False
infectious_disease,respiratory,COVID-19,Nation,England,COVID-19_healthcare_admissionByDay,all,all,default,2020,2020-11-26,1198.0000,False
infectious_disease,respiratory,COVID-19,Nation,England,COVID-19_healthcare_admissionByDay,all,all,default,2020,2020-11-25,1415.0000,False
infectious_disease,respiratory,COVID-19,Nation,England,COVID-19_healthcare_admissionByDay,all,all,default,2020,2020-11-24,1277.0000,False
infectious_disease,respiratory,COVID-19,Nation,England,COVID-19_healthcare_admissionByDay,all,all,default,2020,2020-11-23,1385.0000,False
infectious_disease,respiratory,COVID-19,Nation,England,COVID-19_healthcare_admissionByDay,all,all,default,2020,2020-11-22,1333.0000,False
infectious_disease,respiratory,COVID-19,Nation,England,COVID-19_healthcare_admissionByDay,all,all,default,2020,2020-11-21,1255.0000,False
infectious_disease,respiratory,COVID-19,Nation,England,COVID-19_healthcare_admissionByDay,all,all,default,2020,2020-11-20,1316.0000,False
infectious_disease,respiratory,COVID-19,Nation,England,COVID-19_healthcare_admissionByDay,all,all,default,2020,2020-11-19,1484.0000,False
infectious_disease,respiratory,COVID-19,Nation,England,COVID-19_healthcare_admissionByDay,all,all,default,2020,2020-11-18,1571.0000,False
infectious_disease,respiratory,COVID-19,Nation,England,COVID-19_healthcare_admissionByDay,all,all,default,2020,2020-11-17,1491.0000,False
infectious_disease,respiratory,COVID-19,Nation,England,COVID-19_healthcare_admissionByDay,all,all,default,2020,2020-11-16,1560.0000,False
infectious_disease,respiratory,COVID-19,Nation,England,COVID-19_healthcare_admissionByDay,all,all,default,2020,2020-11-15,1467.0000,False
infectious_disease,respiratory,COVID-19,Nation,England,COVID-19_healthcare_admissionByDay,all,all,default,2020,2020-11-14,1388.0000,False
infectious_disease,respiratory,COVID-19,Nation,England,COVID-19_healthcare_admissionByDay,all,all,default,2020,2020-11-13,1433.0000,False
infectious_disease,respiratory,COVID-19,Nation,England,COVID-19_healthcare_admissionByDay,all,all,default,2020,2020-11-12,1666.0000,False
infectious_disease,respiratory,COVID-19,Nation,England,COVID-19_healthcare_admissionByDay,all,all,default,2020,2020-11-11,1711.0000,False
infectious_disease,respiratory,COVID-19,Nation,England,COVID-19_healthcare_admissionByDay,all,all,default,2020,2020-11-10,1592.0000,False
infectious_disease,respiratory,COVID-19,Nation,England,COVID-19_healthcare_admissionByDay,all,all,default,2020,2020-11-09,1551.0000,False
infectious_disease,respiratory,COVID-19,Nation,England,COVID-19_healthcare_admissionByDay,all,all,default,2020,2020-11-08,1488.0000,False
infectious_disease,respiratory,COVID-19,Nation,England,COVID-19_healthcare_admissionByDay,all,all,default,2020,2020-11-07,1319.0000,False
infectious_disease,respiratory,COVID-19,Nation,England,COVID-19_healthcare_admissionByDay,all,all,default,2020,2020-11-06,1182.0000,False
infectious_disease,respiratory,COVID-19,Nation,England,COVID-19_healthcare_admissionByDay,all,all,default,2020,2020-11-05,1346.0000,False
infectious_disease,respiratory,COVID-19,Nation,England,COVID-19_healthcare_admissionByDay,all,all,default,2020,2020-11-04,1382.0000,False
infectious_disease,respiratory,COVID-19,Nation,England,COVID-19_healthcare_admissionByDay,all,all,default,2020,2020-11-03,1246.0000,False
infectious_disease,respiratory,COVID-19,Nation,England,COVID-19_healthcare_admissionByDay,all,all,default,2020,2020-11-02,1331.0000,False
infectious_disease,respiratory,COVID-19,Nation,England,COVID-19_healthcare_admissionByDay,all,all,default,2020,2020-11-01,1280.0000,False
infectious_disease,respiratory,COVID-19,Nation,England,COVID-19_healthcare_admissionByDay,all,all,default,2020,2020-10-31,1240.0000,False
infectious_disease,respiratory,COVID-19,Nation,England,COVID-19_healthcare_admissionByDay,all,all,default,2020,2020-10-30,1109.0000,False
infectious_disease,respiratory,COVID-19,Nation,England,COVID-19_healthcare_admissionByDay,all,all,default,2020,2020-10-29,1345.0000,False
infectious_disease,respiratory,COVID-19,Nation,England,COVID-19_healthcare_admissionByDay,all,all,default,2020,2020-10-28,1239.0000,False
infectious_disease,respiratory,COVID-19,Nation,England,COVID-19_healthcare_admissionByDay,all,all,default,2020,2020-10-27,1190.0000,False
infectious_disease,respiratory,COVID-19,Nation,England,COVID-19_healthcare_admissionByDay,all,all,default,2020,2020-10-26,1279.0000,False
infectious_disease,respiratory,COVID-19,Nation,England,COVID-19_healthcare_admissionByDay,all,all,default,2020,2020-10-25,1186.0000,False
infectious_disease,respiratory,COVID-19,Nation,England,COVID-19_healthcare_admissionByDay,all,all,default,2020,2020-10-24,990.0000,False
infectious_disease,respiratory,COVID-19,Nation,England,COVID-19_healthcare_admissionByDay,all,all,default,2020,2020-10-23,997.0000,False
infectious_disease,respiratory,COVID-19,Nation,England,COVID-19_healthcare_admissionByDay,all,all,default,2020,2020-10-22,987.0000,False
infectious_disease,respiratory,COVID-19,Nation,England,COVID-19_healthcare_admissionByDay,all,all,default,2020,2020-10-21,997.0000,False
infectious_disease,respiratory,COVID-19,Nation,England,COVID-19_healthcare_admissionByDay,all,all,default,2020,2020-10-20,925.0000,False
infectious_disease,respiratory,COVID-19,Nation,England,COVID-19_healthcare_admissionByDay,all,all,default,2020,2020-10-19,861.0000,False
infectious_disease,respiratory,COVID-19,Nation,England,COVID-19_healthcare_admissionByDay,all,all,default,2020,2020-10-18,870.0000,False
infectious_disease,respiratory,COVID-19,Nation,England,COVID-19_healthcare_admissionByDay,all,all,default,2020,2020-10-17,785.0000,False
infectious_disease,respiratory,COVID-19,Nation,England,COVID-19_healthcare_admissionByDay,all,all,default,2020,2020-10-16,632.0000,False
infectious_disease,respiratory,COVID-19,Nation,England,COVID-19_healthcare_admissionByDay,all,all,default,2020,2020-10-15,792.0000,False
infectious_disease,respiratory,COVID-19,Nation,England,COVID-19_healthcare_admissionByDay,all,all,default,2020,2020-10-14,706.0000,False
infectious_disease,respiratory,COVID-19,Nation,England,COVID-19_healthcare_admissionByDay,all,all,default,2020,2020-10-13,764.0000,False
infectious_disease,respiratory,COVID-19,Nation,England,COVID-19_healthcare_admissionByDay,all,all,default,2020,2020-10-12,664.0000,False
infectious_disease,respiratory,COVID-19,Nation,England,COVID-19_healthcare_admissionByDay,all,all,default,2020,2020-10-11,628.0000,False
infectious_disease,respiratory,COVID-19,Nation,England,COVID-19_healthcare_admissionByDay,all,all,default,2020,2020-10-10,515.0000,False
infectious_disease,respiratory,COVID-19,Nation,England,COVID-19_healthcare_admissionByDay,all,all,default,2020,2020-10-09,544.0000,False
infectious_disease,respiratory,COVID-19,Nation,England,COVID-19_healthcare_admissionByDay,all,all,default,2020,2020-10-08,513.0000,False
infectious_disease,respiratory,COVID-19,Nation,England,COVID-19_healthcare_admissionByDay,all,all,default,2020,2020-10-07,491.0000,False
infectious_disease,respiratory,COVID-19,Nation,England,COVID-19_healthcare_admissionByDay,all,all,default,2020,2020-10-06,524.0000,False
infectious_disease,respiratory,COVID-19,Nation,England,COVID-19_healthcare_admissionByDay,all,all,default,2020,2020-10-05,472.0000,False
infectious_disease,respiratory,COVID-19,Nation,England,COVID-19_healthcare_admissionByDay,all,all,default,2020,2020-10-04,478.0000,False
infectious_disease,respiratory,COVID-19,Nation,England,COVID-19_healthcare_admissionByDay,all,all,default,2020,2020-10-03,386.0000,False
infectious_disease,respiratory,COVID-19,Nation,England,COVID-19_healthcare_admissionByDay,all,all,default,2020,2020-10-02,371.0000,False
infectious_disease,respiratory,COVID-19,Nation,England,COVID-19_healthcare_admissionByDay,all,all,default,2020,2020-10-01,368.0000,False
infectious_disease,respiratory,COVID-19,Nation,England,COVID-19_healthcare_admissionByDay,all,all,default,2020,2020-09-30,328.0000,False
infectious_disease,respiratory,COVID-19,Nation,England,COVID-19_healthcare_admissionByDay,all,all,default,2020,2020-09-29,310.0000,False
infectious_disease,respiratory,COVID-19,Nation,England,COVID-19_healthcare_admissionByDay,all,all,default,2020,2020-09-28,308.0000,False
infectious_disease,respiratory,COVID-19,Nation,England,COVID-19_healthcare_admissionByDay,all,all,default,2020,2020-09-27,241.0000,False
infectious_disease,respiratory,COVID-19,Nation,England,COVID-19_healthcare_admissionByDay,all,all,default,2020,2020-09-26,245.0000,False
infectious_disease,respiratory,COVID-19,Nation,England,COVID-19_healthcare_admissionByDay,all,all,default,2020,2020-09-25,274.0000,False
infectious_disease,respiratory,COVID-19,Nation,England,COVID-19_healthcare_admissionByDay,all,all,default,2020,2020-09-24,288.0000,False
infectious_disease,respiratory,COVID-19,Nation,England,COVID-19_healthcare_admissionByDay,all,all,default,2020,2020-09-23,314.0000,False
infectious_disease,respiratory,COVID-19,Nation,England,COVID-19_healthcare_admissionByDay,all,all,default,2020,2020-09-22,268.0000,False
infectious_disease,respiratory,COVID-19,Nation,England,COVID-19_healthcare_admissionByDay,all,all,default,2020,2020-09-21,275.0000,False
infectious_disease,respiratory,COVID-19,Nation,England,COVID-19_healthcare_admissionByDay,all,all,default,2020,2020-09-20,237.0000,False
infectious_disease,respiratory,COVID-19,Nation,England,COVID-19_healthcare_admissionByDay,all,all,default,2020,2020-09-19,204.0000,False
infectious_disease,respiratory,COVID-19,Nation,England,COVID-19_healthcare_admissionByDay,all,all,default,2020,2020-09-18,205.0000,False
infectious_disease,respiratory,COVID-19,Nation,England,COVID-19_healthcare_admissionByDay,all,all,default,2020,2020-09-17,199.0000,False
infectious_disease,respiratory,COVID-19,Nation,England,COVID-19_healthcare_admissionByDay,all,all,default,2020,2020-09-16,183.0000,False
infectious_disease,respiratory,COVID-19,Nation,England,COVID-19_healthcare_admissionByDay,all,all,default,2020,2020-09-15,194.0000,False
infectious_disease,respiratory,COVID-19,Nation,England,COVID-19_healthcare_admissionByDay,all,all,default,2020,2020-09-14,172.0000,False
infectious_disease,respiratory,COVID-19,Nation,England,COVID-19_healthcare_admissionByDay,all,all,default,2020,2020-09-13,153.0000,False
infectious_disease,respiratory,COVID-19,Nation,England,COVID-19_healthcare_admissionByDay,all,all,default,2020,2020-09-12,143.0000,False
infectious_disease,respiratory,COVID-19,Nation,England,COVID-19_healthcare_admissionByDay,all,all,default,2020,2020-09-11,135.0000,False
infectious_disease,respiratory,COVID-19,Nation,England,COVID-19_healthcare_admissionByDay,all,all,default,2020,2020-09-10,143.0000,False
infectious_disease,respiratory,COVID-19,Nation,England,COVID-19_healthcare_admissionByDay,all,all,default,2020,2020-09-09,136.0000,False
infectious_disease,respiratory,COVID-19,Nation,England,COVID-19_healthcare_admissionByDay,all,all,default,2020,2020-09-08,99.0000,False
infectious_disease,respiratory,COVID-19,Nation,England,COVID-19_healthcare_admissionByDay,all,all,default,2020,2020-09-07,84.0000,False
infectious_disease,respiratory,COVID-19,Nation,England,COVID-19_healthcare_admissionByDay,all,all,default,2020,2020-09-06,85.0000,False
infectious_disease,respiratory,COVID-19,Nation,England,COVID-19_healthcare_admissionByDay,all,all,default,2020,2020-09-05,94.0000,False
infectious_disease,respiratory,COVID-19,Nation,England,COVID-19_healthcare_admissionByDay,all,all,default,2020,2020-09-04,67.0000,False
infectious_disease,respiratory,COVID-19,Nation,England,COVID-19_healthcare_admissionByDay,all,all,default,2020,2020-09-03,69.0000,False
infectious_disease,respiratory,COVID-19,Nation,England,COVID-19_healthcare_admissionByDay,all,all,default,2020,2020-09-02,79.0000,False
infectious_disease,respiratory,COVID-19,Nation,England,COVID-19_healthcare_admissionByDay,all,all,default,2020,2020-09-01,58.0000,False
infectious_disease,respiratory,COVID-19,Nation,England,COVID-19_healthcare_admissionByDay,all,all,default,2020,2020-08-31,52.0000,False
infectious_disease,respiratory,COVID-19,Nation,England,COVID-19_healthcare_admissionByDay,all,all,default,2020,2020-08-30,38.0000,False
infectious_disease,respiratory,COVID-19,Nation,England,COVID-19_healthcare_admissionByDay,all,all,default,2020,2020-08-29,52.0000,False
infectious_disease,respiratory,COVID-19,Nation,England,COVID-19_healthcare_admissionByDay,all,all,default,2020,2020-08-28,44.0000,False
infectious_disease,respiratory,COVID-19,Nation,England,COVID-19_healthcare_admissionByDay,all,all,default,2020,2020-08-27,69.0000,False
infectious_disease,respiratory,COVID-19,Nation,England,COVID-19_healthcare_admissionByDay,all,all,default,2020,2020-08-26,52.0000,False
infectious_disease,respiratory,COVID-19,Nation,England,COVID-19_healthcare_admissionByDay,all,all,default,2020,2020-08-25,60.0000,False
infectious_disease,respiratory,COVID-19,Nation,England,COVID-19_healthcare_admissionByDay,all,all,default,2020,2020-08-24,41.0000,False
infectious_disease,respiratory,COVID-19,Nation,England,COVID-19_healthcare_admissionByDay,all,all,default,2020,2020-08-23,44.0000,False
infectious_disease,respiratory,COVID-19,Nation,England,COVID-19_healthcare_admissionByDay,all,all,default,2020,2020-08-22,25.0000,False
infectious_disease,respiratory,COVID-19,Nation,England,COVID-19_healthcare_admissionByDay,all,all,default,2020,2020-08-21,49.0000,False
infectious_disease,respiratory,COVID-19,Nation,England,COVID-19_healthcare_admissionByDay,all,all,default,2020,2020-08-20,45.0000,False
infectious_disease,respiratory,COVID-19,Nation,England,COVID-19_healthcare_admissionByDay,all,all,default,2020,2020-08-19,58.0000,False
infectious_disease,respiratory,COVID-19,Nation,England,COVID-19_healthcare_admissionByDay,all,all,default,2020,2020-08-18,56.0000,False
infectious_disease,respiratory,COVID-19,Nation,England,COVID-19_healthcare_admissionByDay,all,all,default,2020,2020-08-17,46.0000,False
infectious_disease,respiratory,COVID-19,Nation,England,COVID-19_healthcare_admissionByDay,all,all,default,2020,2020-08-16,39.0000,False
infectious_disease,respiratory,COVID-19,Nation,England,COVID-19_healthcare_admissionByDay,all,all,default,2020,2020-08-15,38.0000,False
infectious_disease,respiratory,COVID-19,Nation,England,COVID-19_healthcare_admissionByDay,all,all,default,2020,2020-08-14,55.0000,False
infectious_disease,respiratory,COVID-19,Nation,England,COVID-19_healthcare_admissionByDay,all,all,default,2020,2020-08-13,60.0000,False
infectious_disease,respiratory,COVID-19,Nation,England,COVID-19_healthcare_admissionByDay,all,all,default,2020,2020-08-12,51.0000,False
infectious_disease,respiratory,COVID-19,Nation,England,COVID-19_healthcare_admissionByDay,all,all,default,2020,2020-08-11,63.0000,False
infectious_disease,respiratory,COVID-19,Nation,England,COVID-19_healthcare_admissionByDay,all,all,default,2020,2020-08-10,50.0000,False
infectious_disease,respiratory,COVID-19,Nation,England,COVID-19_healthcare_admissionByDay,all,all,default,2020,2020-08-09,53.0000,False
infectious_disease,respiratory,COVID-19,Nation,England,COVID-19_healthcare_admissionByDay,all,all,default,2020,2020-08-08,78.0000,False
infectious_disease,respiratory,COVID-19,Nation,England,COVID-19_healthcare_admissionByDay,all,all,default,2020,2020-08-07,60.0000,False
infectious_disease,respiratory,COVID-19,Nation,England,COVID-19_healthcare_admissionByDay,all,all,default,2020,2020-08-06,52.0000,False
infectious_disease,respiratory,COVID-19,Nation,England,COVID-19_healthcare_admissionByDay,all,all,default,2020,2020-08-05,60.0000,False
infectious_disease,respiratory,COVID-19,Nation,England,COVID-19_healthcare_admissionByDay,all,all,default,2020,2020-08-04,58.0000,False
infectious_disease,respiratory,COVID-19,Nation,England,COVID-19_healthcare_admissionByDay,all,all,default,2020,2020-08-03,74.0000,False
infectious_disease,respiratory,COVID-19,Nation,England,COVID-19_healthcare_admissionByDay,all,all,default,2020,2020-08-02,57.0000,False
infectious_disease,respiratory,COVID-19,Nation,England,COVID-19_healthcare_admissionByDay,all,all,default,2020,2020-08-01,50.0000,False
