location,week_start,new_cases,new_deaths,new_tests,new_vaccinations,new_cases_per_million_calc,new_deaths_per_million_calc,new_cases_7d_avg,new_deaths_7d_avg,new_cases_per_million_7d_avg,new_deaths_per_million_7d_avg,new_cases_smoothed,new_cases_smoothed_per_million,new_deaths_smoothed,new_deaths_smoothed_per_million,hosp_patients,hosp_patients_per_million,icu_patients,icu_patients_per_million,new_tests_smoothed,new_tests_smoothed_per_thousand,positive_rate,tests_per_case,new_vaccinations_smoothed,new_vaccinations_smoothed_per_million,new_people_vaccinated_smoothed,new_people_vaccinated_smoothed_per_hundred,stringency_index,reproduction_rate,total_cases,total_deaths,total_cases_per_million,total_deaths_per_million,total_tests,total_tests_per_thousand,total_vaccinations,people_vaccinated,people_fully_vaccinated,total_boosters,total_vaccinations_per_hundred,people_vaccinated_per_hundred,people_fully_vaccinated_per_hundred,total_boosters_per_hundred,excess_mortality,excess_mortality_cumulative,excess_mortality_cumulative_absolute,excess_mortality_cumulative_per_million,iso_code,continent,population,population_density,median_age,life_expectancy,gdp_per_capita,extreme_poverty,diabetes_prevalence,handwashing_facilities,hospital_beds_per_thousand,human_development_index,location_type,pandemic_period,year,quarter,month,iso_week
Europe,2019-12-30,2.0,3.0,,,0.0013363369412595512,0.0020045054118893266,1.5,0.75,0.0020045054118893266,0.0010022527059446633,,,,,,,,,,,,,,,,,,,1.0,3.0,0.0013370679,0.0040112035,,,0.0,0.0,0.0,0.0,0.0,0.0,0.0,0.0,,,,,OWID_EUR,,748314268.0,33.80024719238281,41.92599868774414,78.18270111083984,,,,,,,regional_reference,2020-2022,2020,1,1,1
Europe,2020-01-06,1.0,0.0,,,0.00019090527732279304,0.0,0.42585034013605444,0.5295918367346939,0.0005690795409717545,0.0007077131352180683,0.30357143249999996,0.000405895615,0.339285715,0.00045364804,,,,,,,,,,,,,,,2.0,3.0,0.0026741358,0.0040112035,,,0.0,0.0,0.0,0.0,0.0,0.0,0.0,0.0,,,,,OWID_EUR,,748314268.0,33.80024719238281,41.92599868774414,78.18270111083984,,,,,,,regional_reference,2020-2022,2020,1,1,2
Europe,2020-01-13,2.0,0.0,,,0.0003818105546455861,0.0,0.08163265306122448,0.0,0.00010908872989873888,0.0,0.08163265714285714,0.00010914840000000001,0.0,0.0,,,,,,,,,,,,,,,4.0,3.0,0.0053482717,0.0040112035,,,0.0,0.0,0.0,0.0,0.0,0.0,0.0,0.0,,,,,OWID_EUR,,748314268.0,33.80024719238281,41.92599868774414,78.18270111083984,,,,,,,regional_reference,2020-2022,2020,1,1,3
Europe,2020-01-20,5.0,3.0,,,0.0009545263866139652,0.0005727158319683791,0.3469387755102041,0.061224489795918366,0.00046362710206964027,8.181654742405416e-05,0.34693878999999994,0.00046388070000000003,0.06122449,8.18613e-05,,,,,,,,,,,,,,,9.0,6.0,0.012033612,0.008022407,,,0.0,0.0,0.0,0.0,0.0,0.0,0.0,0.0,,,,,OWID_EUR,,748314268.0,33.80024719238281,41.92599868774414,78.18270111083984,,,,,,,regional_reference,2020-2022,2020,1,1,4
Europe,2020-01-27,21.0,4.0,,,0.004009010823778654,0.0007636211092911722,1.2857142857142858,0.4693877551020408,0.0017181474959051372,0.0006272601969177485,1.2857142942857143,0.0017190872857142856,0.4693877642857142,0.0006276033,,,,,,,,,,,,,,,30.0,10.0,0.040112037,0.013370679,,,0.0,0.0,0.0,0.0,0.0,0.0,0.0,0.0,,,,,OWID_EUR,,748314268.0,33.80024719238281,41.92599868774414,78.18270111083984,,,,,,,regional_reference,2020-2022,2020,1,1,5
Europe,2020-02-03,54.0,1.0,,,0.010308884975430824,0.00019090527732279304,5.204081632653062,0.5918367346938777,0.006954406531044603,0.0007908932917658569,5.2040817142857145,0.006958210471428571,0.5918367528571428,0.0007913258999999999,,,,,,,,,,,,,,,84.0,11.0,0.1123137,0.014707747,,,0.0,0.0,0.0,0.0,0.0,0.0,0.0,0.0,,,,,OWID_EUR,,748314268.0,33.80024719238281,41.92599868774414,78.18270111083984,,,,,,,regional_reference,2020-2022,2020,1,2,6
Europe,2020-02-10,21.0,1.0,,,0.004009010823778653,0.00019090527732279304,6.204081632653062,0.04081632653061224,0.008290743472304154,5.454436494936944e-05,6.2040818571428575,0.008295278685714285,0.04081632857142857,5.4574200000000003e-05,,,,,,,,,,,,,,,105.0,12.0,0.14039212,0.016044814,,,0.0,0.0,0.0,0.0,0.0,0.0,0.0,0.0,,,,,OWID_EUR,,748314268.0,33.80024719238281,41.92599868774414,78.18270111083984,,,,,,,regional_reference,2020-2022,2020,1,2,7
Europe,2020-02-17,99.0,3.0,,,0.01889962245495651,0.0005727158319683791,4.040816326530612,0.18367346938775508,0.0053998921299875735,0.0002454496422721625,4.040816442857143,0.005402845942857143,0.1836734757142857,0.0002455839,,,,,,,,,,,,,,,204.0,15.0,0.27276185,0.020056019,,,0.0,0.0,0.0,0.0,0.0,0.0,0.0,0.0,,,,,OWID_EUR,,748314268.0,33.80024719238281,41.92599868774414,78.18270111083984,,,,,,,regional_reference,2020-2022,2020,1,2,8
Europe,2020-02-24,1493.0,29.0,,,0.28502157904292996,0.005536253042360997,90.12244897959184,2.2653061224489797,0.12043395780820772,0.0030272122546900035,90.12244857142856,0.12049983857142856,2.265306104285714,0.0030288680999999997,,,,,,,,,,,,,,,1697.0,44.0,2.2690043,0.058830988,,,0.0,0.0,0.0,0.0,0.0,0.0,0.0,0.0,,,,,OWID_EUR,,748314268.0,33.80024719238281,41.92599868774414,78.18270111083984,,,,,,,regional_reference,2020-2022,2020,1,2,9
Europe,2020-03-02,9198.0,255.0,,,1.7559467408150502,0.048680845717312224,608.1428571428571,16.93877551020408,0.8126837655631299,0.022635911453988317,608.1428514285715,0.8131282928571428,16.93877557142857,0.022648293357142857,,,,,,,,,,,,,,,10895.0,299.0,14.567355,0.3997833,,,0.0,0.0,0.0,0.0,0.0,0.0,0.0,0.0,,,,,OWID_EUR,,748314268.0,33.80024719238281,41.92599868774414,78.18270111083984,,,,,,,regional_reference,2020-2022,2020,1,3,10
Europe,2020-03-09,45689.0,1947.0,,,8.722271215601092,0.37169257494747804,2961.387755102041,129.89795918367346,3.95741185453655,0.17358744145136823,2961.387757142857,3.959576485714286,129.89795857142857,0.17368239157142856,,,,,,,,,,,,,,,56584.0,2246.0,75.656654,3.0030546,,,0.0,0.0,0.0,0.0,0.0,0.0,0.0,0.0,,,,,OWID_EUR,,748314268.0,33.80024719238281,41.92599868774414,78.18270111083984,,,,,,,regional_reference,2020-2022,2020,1,3,11
Europe,2020-03-16,121516.0,8124.0,,,23.198045679156515,1.5509144729703706,9694.551020408164,538.3265306122449,12.955186657496906,0.7193856293172335,9694.550914285715,12.962272857142858,538.32652,0.71977913,,,,,,,,,,,,,,,178100.0,10370.0,238.13179,13.865395,,,0.0,0.0,0.0,0.0,0.0,0.0,0.0,0.0,,,,,OWID_EUR,,748314268.0,33.80024719238281,41.92599868774414,78.18270111083984,,,,,,,regional_reference,2020-2022,2020,1,3,12
Europe,2020-03-23,201251.0,18731.0,,,38.419877966489416,3.5758467495332362,20998.795918367345,1618.3265306122448,28.061466707684566,2.162629525877549,20998.795714285716,28.076816714285712,1618.3265428571428,2.163812442857143,,,,,,,,,,,,,,,379351.0,29101.0,507.21805,38.910015,,,0.0,0.0,0.0,0.0,0.0,0.0,0.0,0.0,,,,,OWID_EUR,,748314268.0,33.80024719238281,41.92599868774414,78.18270111083984,,,,,,,regional_reference,2020-2022,2020,1,3,13
Europe,2020-03-30,199737.0,26839.0,,,38.13084737662272,5.123706738066441,29791.877551020407,3180.3673469387754,39.811986520909706,4.250042372489917,29791.877714285714,39.83376342857143,3180.3673285714285,4.252367028571428,,,,,,,,,,,,,,,579088.0,55940.0,774.27997,74.79558,,,0.0,0.0,0.0,0.0,0.0,0.0,0.0,0.0,,,,,OWID_EUR,,748314268.0,33.80024719238281,41.92599868774414,78.18270111083984,,,,,,,regional_reference,2020-2022,2020,1,3,14
Europe,2020-04-06,186368.0,28694.0,,,35.57863472409429,5.477836027500223,28800.979591836738,4113.734693877551,38.48781297303386,5.4973356379696225,28800.979428571427,38.50886514285714,4113.7347,5.500342671428571,,,,,,,,,,,,,,,765456.0,84634.0,1023.4667,113.16141,,,0.0,0.0,0.0,0.0,0.0,0.0,0.0,0.0,,,,,OWID_EUR,,748314268.0,33.80024719238281,41.92599868774414,78.18270111083984,,,,,,,regional_reference,2020-2022,2020,2,4,15
Europe,2020-04-13,173182.0,25749.0,,,33.06135773731594,4.9156199857845975,26633.04081632653,4065.755102040817,35.59071630093057,5.433218736971639,26633.040857142856,35.61018414285714,4065.7550428571426,5.436190671428571,,,,,,,,,,,,,,,938638.0,110383.0,1255.0227,147.58957,,,0.0,0.0,0.0,0.0,0.0,0.0,0.0,0.0,,,,,OWID_EUR,,748314268.0,33.80024719238281,41.92599868774414,78.18270111083984,,,,,,,regional_reference,2020-2022,2020,2,4,16
Europe,2020-04-20,162982.0,20668.0,,,31.11412390862345,3.9456302717074863,25108.85714285714,3430.673469387755,33.55389335280874,4.584535690541925,25108.85714285714,33.57224742857143,3430.6734714285712,4.587043457142857,,,,,,,,,,,,,,,1101620.0,131051.0,1472.9408,175.22409,,,0.0,0.0,0.0,0.0,0.0,0.0,0.0,0.0,,,,,OWID_EUR,,748314268.0,33.80024719238281,41.92599868774414,78.18270111083984,,,,,,,regional_reference,2020-2022,2020,2,4,17
Europe,2020-04-27,150879.0,15101.0,,,28.80359733718569,2.882860592851497,23034.4693877551,2624.8163265306125,30.781812365169422,3.5076390211640494,23034.46942857143,30.798650000000002,2624.816342857143,3.5095577142857146,,,,,,,,,,,,,,,1252499.0,146152.0,1674.6763,195.41515,,,0.0,0.0,0.0,0.0,0.0,0.0,0.0,0.0,,,,,OWID_EUR,,748314268.0,33.80024719238281,41.92599868774414,78.18270111083984,,,,,,,regional_reference,2020-2022,2020,2,4,18
Europe,2020-05-04,153331.0,11618.0,,,29.271697077181177,2.2179375119362095,22366.61224489796,1938.2857142857142,29.88933019368536,2.5902028027156554,22366.612285714284,29.90567942857143,1938.2856857142856,2.591619628571429,,,,,,,,,,,,,,,1405830.0,157770.0,1879.6902,210.9492,,,0.0,0.0,0.0,0.0,0.0,0.0,0.0,0.0,,,,,OWID_EUR,,748314268.0,33.80024719238281,41.92599868774414,78.18270111083984,,,,,,,regional_reference,2020-2022,2020,2,5,19
Europe,2020-05-11,137425.0,8712.0,,,26.23515773608483,1.6631667760361728,20978.285714285714,1482.2040816326532,28.03405816429751,1.9807240687714016,20978.285714285714,28.04939257142857,1482.2040857142856,1.9818075428571427,,,,,,,,,,,,,,,1543255.0,166482.0,2063.4368,222.59773,,,0.0,0.0,0.0,0.0,0.0,0.0,0.0,0.0,,,,,OWID_EUR,,748314268.0,33.80024719238281,41.92599868774414,78.18270111083984,,,,,,,regional_reference,2020-2022,2020,2,5,20
Europe,2020-05-18,122826.0,6886.0,,,23.44813159244938,1.3145737396447525,18254.326530612245,1123.4897959183675,24.39393088067144,1.5013609174138682,18254.32642857143,24.407274142857144,1123.4898142857144,1.5021821714285715,,,,,,,,,,,,,,,1666081.0,173368.0,2227.6633,231.8048,,,0.0,0.0,0.0,0.0,0.0,0.0,0.0,0.0,,,,,OWID_EUR,,748314268.0,33.80024719238281,41.92599868774414,78.18270111083984,,,,,,,regional_reference,2020-2022,2020,2,5,21
Europe,2020-05-25,112153.0,5658.0,,,21.410599567583205,1.080142059092363,16734.95918367347,888.5510204081633,22.36354416761364,1.187403552765298,16734.959142857144,22.375776714285713,888.5510285714287,1.1880530999999999,,,,,,,,,,,,,,,1778234.0,179026.0,2377.6196,239.36992,,,0.0,0.0,0.0,0.0,0.0,0.0,0.0,0.0,,,,,OWID_EUR,,748314268.0,33.80024719238281,41.92599868774414,78.18270111083984,,,,,,,regional_reference,2020-2022,2020,2,5,22
Europe,2020-06-01,108001.0,4605.0,,,20.617960856138968,0.8791188020714618,15723.795918367347,751.469387755102,21.012289342540434,1.0042163030828406,15723.796,21.023783142857145,751.4693857142857,1.0047655771428572,,,,,,,,,,,,,,,1886235.0,183631.0,2522.0242,245.52711,,,0.0,0.0,0.0,0.0,0.0,0.0,0.0,0.0,,,,,OWID_EUR,,748314268.0,33.80024719238281,41.92599868774414,78.18270111083984,,,,,,,regional_reference,2020-2022,2020,2,6,23
Europe,2020-06-08,109587.0,3876.0,,,20.920736625972918,0.7399488549031457,15554.816326530612,610.3469387755102,20.786475671650045,0.8156291612703958,15554.816285714287,20.797845857142857,610.3469428571428,0.8160753128571429,,,,,,,,,,,,,,,1995822.0,187507.0,2668.5496,250.7096,,,0.0,0.0,0.0,0.0,0.0,0.0,0.0,0.0,,,,,OWID_EUR,,748314268.0,33.80024719238281,41.92599868774414,78.18270111083984,,,,,,,regional_reference,2020-2022,2020,2,6,24
Europe,2020-06-15,106546.0,3357.0,,,20.340193677634307,0.6408690159726161,15283.102040816328,517.5510204081633,20.423373834182094,0.6916225475580043,15283.101857142858,20.434544999999996,517.5510257142857,0.6920008614285714,,,,,,,,,,,,,,,2102368.0,190864.0,2811.0088,255.19814,,,0.0,0.0,0.0,0.0,0.0,0.0,0.0,0.0,,,,,OWID_EUR,,748314268.0,33.80024719238281,41.92599868774414,78.18270111083984,,,,,,,regional_reference,2020-2022,2020,2,6,25
Europe,2020-06-22,98665.0,2626.0,,,18.835669187053377,0.5013172582496545,14565.30612244898,421.6938775510204,19.464156632182483,0.5635251064744103,14565.305999999999,19.474803142857144,421.69387857142857,0.5638333642857143,,,,,,,,,,,,,,,2201033.0,193490.0,2942.9307,258.70926,,,0.0,0.0,0.0,0.0,0.0,0.0,0.0,0.0,,,,,OWID_EUR,,748314268.0,33.80024719238281,41.92599868774414,78.18270111083984,,,,,,,regional_reference,2020-2022,2020,2,6,26
Europe,2020-06-29,91947.0,2651.0,,,17.55316753399885,0.5060898901827243,13545.285714285714,377.7755102040816,18.10106567991527,0.5048353697888889,13545.285714285714,18.110967,377.77551,0.5051115071428571,,,,,,,,,,,,,,,2292980.0,196141.0,3065.8699,262.25385,,,0.0,0.0,0.0,0.0,0.0,0.0,0.0,0.0,,,,,OWID_EUR,,748314268.0,33.80024719238281,41.92599868774414,78.18270111083984,,,,,,,regional_reference,2020-2022,2020,2,6,27
Europe,2020-07-06,93148.0,2545.0,,,17.782444772063524,0.48585393078650824,12967.489795918367,373.14285714285717,17.328935649691992,0.4986445843671354,12967.489857142858,17.338414142857143,373.14286142857145,0.49891733714285713,,,,,,,,,,,,,,,2386128.0,198686.0,3190.4153,265.65668,,,0.0,0.0,0.0,0.0,0.0,0.0,0.0,0.0,,,,,OWID_EUR,,748314268.0,33.80024719238281,41.92599868774414,78.18270111083984,,,,,,,regional_reference,2020-2022,2020,3,7,28
Europe,2020-07-13,99831.0,2213.0,,,19.05826474041175,0.42247337871534096,13451.408163265307,339.34693877551024,17.975613640531716,0.45348185018905746,13451.408142857143,17.985446714285715,339.34693714285714,0.45372990714285716,,,,,,,,,,,,,,,2485959.0,200899.0,3323.896,268.6156,,,0.0,0.0,0.0,0.0,0.0,0.0,0.0,0.0,,,,,OWID_EUR,,748314268.0,33.80024719238281,41.92599868774414,78.18270111083984,,,,,,,regional_reference,2020-2022,2020,3,7,29
Europe,2020-07-20,111956.0,2145.0,,,21.372991227950617,0.409491819857391,14642.897959183672,304.73469387755097,19.567845469951234,0.4072282287119922,14642.897714285715,19.578549000000002,304.7346942857143,0.40745097714285716,,,,,,,,,,,,,,,2597915.0,203044.0,3473.5889,271.4836,,,0.0,0.0,0.0,0.0,0.0,0.0,0.0,0.0,,,,,OWID_EUR,,748314268.0,33.80024719238281,41.92599868774414,78.18270111083984,,,,,,,regional_reference,2020-2022,2020,3,7,30
Europe,2020-07-27,126739.0,2143.0,,,24.195143942613463,0.40911000930274544,16545.73469387755,305.14285714285717,22.110676491708357,0.4077736723614859,16545.734857142856,22.122771142857143,305.14286285714286,0.40799672285714284,,,,,,,,,,,,,,,2724654.0,205187.0,3643.0474,274.34897,,,0.0,0.0,0.0,0.0,0.0,0.0,0.0,0.0,,,,,OWID_EUR,,748314268.0,33.80024719238281,41.92599868774414,78.18270111083984,,,,,,,regional_reference,2020-2022,2020,3,7,31
Europe,2020-08-03,144063.0,2282.0,,,27.50238696695353,0.43564584285061364,18492.83673469388,309.57142857142856,24.712660877253082,0.41369173595849246,18492.83685714286,24.72617885714286,309.5714271428572,0.4139180242857143,,,,,,,,,,,,,,,2868717.0,207469.0,3835.6694,277.40015,,,0.0,0.0,0.0,0.0,0.0,0.0,0.0,0.0,,,,,OWID_EUR,,748314268.0,33.80024719238281,41.92599868774414,78.18270111083984,,,,,,,regional_reference,2020-2022,2020,3,8,32
Europe,2020-08-10,168133.0,2477.0,,,32.09747699211316,0.4728723719285583,21218.551020408166,327.06122448979596,28.355133568571972,0.4370639963392973,21218.551142857144,28.370643714285716,327.06122714285715,0.4373030685714286,,,,,,,,,,,,,,,3036850.0,209946.0,4060.4746,280.71207,,,0.0,0.0,0.0,0.0,0.0,0.0,0.0,0.0,,,,,OWID_EUR,,748314268.0,33.80024719238281,41.92599868774414,78.18270111083984,,,,,,,regional_reference,2020-2022,2020,3,8,33
Europe,2020-08-17,193974.0,2280.0,,,37.030660263411455,0.4352640322959681,24475.571428571428,341.8775510204082,32.70761025843681,0.4568636008159184,24475.571428571428,32.725501,341.87755000000004,0.45711349714285715,,,,,,,,,,,,,,,3230824.0,212226.0,4319.831,283.76056,,,0.0,0.0,0.0,0.0,0.0,0.0,0.0,0.0,,,,,OWID_EUR,,748314268.0,33.80024719238281,41.92599868774414,78.18270111083984,,,,,,,regional_reference,2020-2022,2020,3,8,34
Europe,2020-08-24,221678.0,2501.0,,,42.3195000663621,0.4774540985843054,28654.428571428572,332.81632653061223,38.29197143068315,0.4447547517971584,28654.428571428572,38.312917000000006,332.8163271428571,0.44499803,,,,,,,,,,,,,,,3452502.0,214727.0,4616.2295,287.10458,,,0.0,0.0,0.0,0.0,0.0,0.0,0.0,0.0,,,,,OWID_EUR,,748314268.0,33.80024719238281,41.92599868774414,78.18270111083984,,,,,,,regional_reference,2020-2022,2020,3,8,35
Europe,2020-08-31,256135.0,2680.0,,,48.89752320707358,0.5116261432250854,32835.26530612245,360.55102040816325,43.87897800462953,0.4818176477802549,32835.26514285714,43.90297942857143,360.5510171428572,0.4820812,,,,,,,,,,,,,,,3708637.0,217407.0,4958.6997,290.68793,,,0.0,0.0,0.0,0.0,0.0,0.0,0.0,0.0,,,,,OWID_EUR,,748314268.0,33.80024719238281,41.92599868774414,78.18270111083984,,,,,,,regional_reference,2020-2022,2020,3,8,36
Europe,2020-09-07,305452.0,2928.0,,,58.31239876880178,0.5589706520011379,38904.183673469386,386.0816326530612,51.98909781240385,0.5159351480560855,38904.184285714284,52.017535,386.08163,0.5162173528571429,,,,,,,,,,,,,,,4014089.0,220335.0,5367.1094,294.60284,,,0.0,0.0,0.0,0.0,0.0,0.0,0.0,0.0,,,,,OWID_EUR,,748314268.0,33.80024719238281,41.92599868774414,78.18270111083984,,,,,,,regional_reference,2020-2022,2020,3,9,37
Europe,2020-09-14,361874.0,3861.0,,,69.0836563259084,0.737085275743304,45958.26530612245,455.02040816326524,61.41572768477863,0.6080605804555704,45958.265,61.44932142857143,455.0204057142857,0.6083931814285714,,,,,,,,,,,,,,,4375963.0,224196.0,5850.9595,299.7653,,,0.0,0.0,0.0,0.0,0.0,0.0,0.0,0.0,,,,,OWID_EUR,,748314268.0,33.80024719238281,41.92599868774414,78.18270111083984,,,,,,,regional_reference,2020-2022,2020,3,9,38
Europe,2020-09-21,397248.0,4331.0,,,75.83673960592488,0.8268107560850165,54635.142857142855,574.1428571428571,73.0109596909929,0.7672483095603051,54635.142857142855,73.05089642857142,574.1428571428571,0.7676679814285714,,,,,,,,,,,,,,,4773211.0,228527.0,6382.1074,305.55612,,,0.0,0.0,0.0,0.0,0.0,0.0,0.0,0.0,,,,,OWID_EUR,,748314268.0,33.80024719238281,41.92599868774414,78.18270111083984,,,,,,,regional_reference,2020-2022,2020,3,9,39
Europe,2020-09-28,482517.0,4917.0,,,92.11504169796213,0.9386812485961732,61802.69387755102,655.4081632653061,82.58922289792692,0.8758461401744996,61802.69285714285,82.63439857142858,655.4081714285714,0.8763252185714286,,,,,,,,,,,,,,,5255728.0,233444.0,7027.265,312.1305,,,0.0,0.0,0.0,0.0,0.0,0.0,0.0,0.0,,,,,OWID_EUR,,748314268.0,33.80024719238281,41.92599868774414,78.18270111083984,,,,,,,regional_reference,2020-2022,2020,3,9,40
Europe,2020-10-05,710087.0,6506.0,,,135.55935565831012,1.2420297342620914,80689.16326530612,798.0,107.82790963075172,1.0663968791251217,80689.16285714286,107.88689285714285,797.9999857142857,1.0669801942857142,,,,,,,,,,,,,,,5965815.0,239950.0,7976.6997,320.82944,,,0.0,0.0,0.0,0.0,0.0,0.0,0.0,0.0,,,,,OWID_EUR,,748314268.0,33.80024719238281,41.92599868774414,78.18270111083984,,,,,,,regional_reference,2020-2022,2020,4,10,41
Europe,2020-10-12,979109.0,8755.0,,,186.9170751742425,1.671375702961053,115557.95918367348,1050.8367346938776,154.42436971370626,1.404271947803991,115557.95999999999,154.50884142857143,1050.8367285714287,1.4050401000000001,,,,,,,,,,,,,,,6944924.0,248705.0,9285.835,332.53546,,,0.0,0.0,0.0,0.0,0.0,0.0,0.0,0.0,,,,,OWID_EUR,,748314268.0,33.80024719238281,41.92599868774414,78.18270111083984,,,,,,,regional_reference,2020-2022,2020,4,10,42
Europe,2020-10-19,1430462.0,13164.0,,,273.08274480971716,2.513077070677247,162406.89795918367,1469.8163265306123,217.03033725822752,1.964169854009268,162406.9,217.14905285714283,1469.8163142857143,1.9652442285714287,,,,,,,,,,,,,,,8375386.0,261869.0,11198.46,350.13663,,,0.0,0.0,0.0,0.0,0.0,0.0,0.0,0.0,,,,,OWID_EUR,,748314268.0,33.80024719238281,41.92599868774414,78.18270111083984,,,,,,,regional_reference,2020-2022,2020,4,10,43
Europe,2020-10-26,1793091.0,20319.0,,,342.31053462000426,3.8790043299218313,225061.81632653062,2237.408163265306,300.7584192241148,2.989931181247109,225061.81714285715,300.92292428571426,2237.4082000000003,2.9915667142857143,,,,,,,,,,,,,,,10168477.0,282188.0,13595.944,377.3045,,,0.0,0.0,0.0,0.0,0.0,0.0,0.0,0.0,,,,,OWID_EUR,,748314268.0,33.80024719238281,41.92599868774414,78.18270111083984,,,,,,,regional_reference,2020-2022,2020,4,10,44
Europe,2020-11-02,1898582.0,27848.0,,,362.449323230063,5.316330162885139,266264.5102040816,3310.8979591836733,355.819101132095,4.424475251598,266264.5114285714,356.0137257142857,3310.897942857143,4.426895414285714,,,,,,,,,,,,,,,12067059.0,310036.0,16134.478,414.53918,,,0.0,0.0,0.0,0.0,0.0,0.0,0.0,0.0,,,,,OWID_EUR,,748314268.0,33.80024719238281,41.92599868774414,78.18270111083984,,,,,,,regional_reference,2020-2022,2020,4,11,45
Europe,2020-11-09,1785615.0,32769.0,,,340.88332676673906,6.255775032590605,272211.9387755102,4286.877551020408,363.76686963759755,5.728712834084847,272211.94,363.96585142857145,4286.8776,5.7318465142857145,,,,,,,,,,,,,,,13852674.0,342805.0,18521.967,458.35358,,,0.0,0.0,0.0,0.0,0.0,0.0,0.0,0.0,,,,,OWID_EUR,,748314268.0,33.80024719238281,41.92599868774414,78.18270111083984,,,,,,,regional_reference,2020-2022,2020,4,11,46
Europe,2020-11-16,1644049.0,36716.0,,,313.8576302772605,7.009278162183668,249095.40816326533,4906.673469387754,332.8753958266974,6.556969015841021,249095.4085714286,333.0574742857143,4906.673514285714,6.560555642857143,,,,,,,,,,,,,,,15496723.0,379521.0,20720.172,507.44534,,,0.0,0.0,0.0,0.0,0.0,0.0,0.0,0.0,,,,,OWID_EUR,,748314268.0,33.80024719238281,41.92599868774414,78.18270111083984,,,,,,,regional_reference,2020-2022,2020,4,11,47
Europe,2020-11-23,1438454.0,37889.0,,,274.6084597860809,7.233210052483305,222432.36734693876,5431.142857142857,297.244589417529,7.257836833257945,222432.36285714287,297.40718428571427,5431.142871428571,7.2618068000000005,,,,,,,,,,,,,,,16935177.0,417410.0,22643.482,558.1055,,,0.0,0.0,0.0,0.0,0.0,0.0,0.0,0.0,,,,,OWID_EUR,,748314268.0,33.80024719238281,41.92599868774414,78.18270111083984,,,,,,,regional_reference,2020-2022,2020,4,11,48
Europe,2020-11-30,1359528.0,37936.0,,3.9999998000000003,259.54106986810217,7.242182600517476,198973.14285714287,5405.448979591836,265.895161118514,7.2235011555223165,198973.14285714287,266.04060714285714,5405.448957142857,7.2274522857142856,,,,,,,,,0.7999999600000001,0.0010696550400000001,0.7999999600000001,1.0696550400000001e-07,,,18294705.0,455346.0,24461.264,608.82855,,,5598415.0,4608949.0,8057431.0,11596815.0,0.7485466,0.6162482,1.0773339,1.550574,,,,,OWID_EUR,,748314268.0,33.80024719238281,41.92599868774414,78.18270111083984,,,,,,,regional_reference,2020-2022,2020,4,11,49
Europe,2020-12-07,1414311.0,37766.0,,11.333333,269.9994336756767,7.2097287033726,196009.20408163266,5320.04081632653,261.9343402411681,7.109367071865761,196009.2057142857,262.07761285714287,5320.040857142857,7.113255842857143,,,,,,,,,1.4037981714285714,0.0018769747714285714,1.4037981714285714,1.8769747857142857e-07,,,19709016.0,493112.0,26352.293,659.3242,,,5598426.5,4608960.5,8057431.0,11596815.0,0.74854815,0.61624974,1.0773339,1.550574,,,,,OWID_EUR,,748314268.0,33.80024719238281,41.92599868774414,78.18270111083984,,,,,,,regional_reference,2020-2022,2020,4,12,50
Europe,2020-12-14,1526765.0,38344.0,,16840.952066600003,291.4674957317341,7.320071953665176,208439.77551020408,5454.530612244898,278.5457720421336,7.289090754373933,208439.7742857143,278.69813714285715,5454.530628571428,7.293077742857143,,,,,,,,,2402.3299040714287,3.2120803730571432,2402.3299040714287,0.0003212080473042857,,,21235781.0,531456.0,28393.682,710.5928,,,5615267.5,4625801.5,8057431.0,11596815.0,0.7507999,0.6185015,1.0773339,1.550574,,,,,OWID_EUR,,748314268.0,33.80024719238281,41.92599868774414,78.18270111083984,,,,,,,regional_reference,2020-2022,2020,4,12,51
Europe,2020-12-21,1379905.0,34177.0,,350218.64999999997,263.4311467041087,6.524569663061096,217062.2857142857,5323.489795918367,290.06835095423537,7.113976070703982,217062.2857142857,290.22702142857145,5323.489814285715,7.117867342857143,,,,,,,,,23372.45362857143,31.250580714285714,23366.97762857143,0.0031243258457142853,,,22615686.0,565633.0,30238.709,756.28973,,,5965486.0,4975979.5,8057431.0,11596815.0,0.79762655,0.6653227,1.0773339,1.550574,,,,,OWID_EUR,,748314268.0,33.80024719238281,41.92599868774414,78.18270111083984,,,,,,,regional_reference,2020-2022,2020,4,12,52
Europe,2020-12-28,1535418.0,35436.0,,1032959.625,293.11939909640824,6.764919407210493,206381.306122449,4972.0,275.79496335682455,6.644267271942488,206381.30571428573,275.9458157142857,4972.0,6.6479016714285715,,,,,,,,,143225.8792857143,191.50285857142856,137796.52285714287,0.018424343571428574,,,24151104.0,601069.0,32291.666,803.67004,,,6998445.5,5970938.5,8057575.5,11596832.0,0.93574035,0.7983556,1.0773532,1.5505762,,,,,OWID_EUR,,748314268.0,33.80024719238281,41.92599868774414,78.18270111083984,,,,,,,regional_reference,2020-2022,2020,4,12,53
Europe,2021-01-04,1763630.0,36466.0,,2289844.33,336.68627424479746,6.96155184285297,229926.18367346938,5070.469387755103,307.25885300568586,6.775855552382842,229926.18285714285,307.42693,5070.469385714286,6.779561914285714,,,,,,,,,288181.14714285714,385.3180185714286,279200.8014285714,0.03733106885714286,,,25914734.0,637535.0,34649.758,852.4276,,,9288290.0,8197295.0,8058825.0,11596895.0,1.2419083,1.0960348,1.0775204,1.5505847,,,,,OWID_EUR,,748314268.0,33.80024719238281,41.92599868774414,78.18270111083984,,,,,,,regional_reference,2020-2022,2021,1,1,1
Europe,2021-01-11,1582832.0,39271.0,,5410090.5600000005,302.17098191539117,7.497041145743404,234805.77551020408,5417.591836734694,313.779631835383,7.239728104094754,234805.77714285714,313.95126714285715,5417.591871428572,7.243688185714285,,,,,,,,,678118.6528571428,906.6913285714285,648884.1571428571,0.08676027585714285,,,27497566.0,676806.0,36766.113,904.9356,,,14698380.0,13342712.0,8167711.5,11597095.0,1.9652746,1.7840124,1.0920793,1.5506115,,,,,OWID_EUR,,748314268.0,33.80024719238281,41.92599868774414,78.18270111083984,,,,,,,regional_reference,2020-2022,2021,1,1,2
Europe,2021-01-18,1397867.0,40342.0,,6955254.9,266.86018729538074,7.701500697756116,211151.10204081633,5683.448979591836,282.16901784480785,7.595002825192472,211151.1,282.3233642857143,5683.4490428571435,7.599157214285715,,,,,,,,,905513.7728571428,1210.7342571428574,817057.6571428571,0.1092462342857143,,,28895433.0,717148.0,38635.156,958.87555,,,21653636.0,19412010.0,8850873.0,11597657.0,2.89524,2.5955195,1.1834227,1.5506866,,,,,OWID_EUR,,748314268.0,33.80024719238281,41.92599868774414,78.18270111083984,,,,,,,regional_reference,2020-2022,2021,1,1,3
Europe,2021-01-25,1219859.0,37100.0,,7784197.549999999,232.877520689705,7.082585788675622,188463.34693877553,5565.183673469387,251.85053258770085,7.4369605277516735,188463.34857142856,251.9882957142857,5565.183742857143,7.441028428571428,,,,,,,,,1062477.2357142859,1420.6051857142859,831327.9171428571,0.11115426371428572,,,30115292.0,754248.0,40266.19,1008.4808,,,29437832.0,25104994.0,10746992.0,11599791.0,3.9360409,3.3567107,1.4369469,1.550972,,,,,OWID_EUR,,748314268.0,33.80024719238281,41.92599868774414,78.18270111083984,,,,,,,regional_reference,2020-2022,2021,1,1,4
Europe,2021-02-01,1031312.0,32100.0,,8380356.4399999995,196.8829033663243,6.128059402061656,166770.83673469388,5018.95918367347,222.8620298533368,6.707020563816736,166770.8371428571,222.98393714285717,5018.959242857143,6.7106892714285715,,,,,,,,,1183695.1714285715,1582.6818714285714,800479.2300000001,0.10702958442857143,,,31146604.0,786348.0,41645.125,1051.4006,,,37818188.0,30568480.0,13446372.0,11607821.0,5.056552,4.087216,1.7978725,1.5520456,,,,,OWID_EUR,,748314268.0,33.80024719238281,41.92599868774414,78.18270111083984,,,,,,,regional_reference,2020-2022,2021,1,2,5
Europe,2021-02-08,880602.0,27438.0,,8986929.26,168.1115690210062,5.238058999182796,141486.38775510204,4353.489795918367,189.0734866425159,5.817729237682218,141486.39285714287,189.17690714285715,4353.489771428572,5.820911542857142,,,,,,,,,1238010.2,1655.304842857143,824544.2942857144,0.11024724871428572,,,32027206.0,813786.0,42822.55,1088.0872,,,46805120.0,36673656.0,16033183.0,11620323.0,6.2581663,4.9035206,2.1437469,1.5537171,,,,,OWID_EUR,,748314268.0,33.80024719238281,41.92599868774414,78.18270111083984,,,,,,,regional_reference,2020-2022,2021,1,2,6
Europe,2021-02-15,877674.0,23301.0,,8964958.6,167.552598369005,4.4482838668984,125180.91836734695,3672.918367346939,167.28388555508198,4.908256496516432,125180.91857142858,167.37538857142857,3672.9183571428575,4.910941285714286,,,,,,,,,1290670.0142857141,1725.7146714285716,898461.4314285713,0.12013047657142857,,,32904880.0,837087.0,43996.06,1119.2422,,,55770076.0,42986724.0,18433790.0,11625478.0,7.4568434,5.7476206,2.4647245,1.5544064,,,,,OWID_EUR,,748314268.0,33.80024719238281,41.92599868774414,78.18270111083984,,,,,,,regional_reference,2020-2022,2021,1,2,7
Europe,2021-02-22,971292.0,20884.0,,10302595.76,185.4247686214103,3.9868658116092095,131468.20408163266,3189.530612244898,175.68581771533542,4.26228758242105,131468.20142857142,175.78191714285714,3189.5305857142857,4.264618957142857,,,,,,,,,1382755.5857142857,1848.8393857142858,1029797.47,0.13769101142857143,,,33876172.0,857971.0,45294.742,1147.1655,,,66072670.0,50964416.0,20530928.0,11629336.0,8.834372,6.8142934,2.7451265,1.5549223,,,,,OWID_EUR,,748314268.0,33.80024719238281,41.92599868774414,78.18270111083984,,,,,,,regional_reference,2020-2022,2021,1,2,8
Europe,2021-03-01,1032959.0,20085.0,,12785935.360000001,197.19732435807492,3.834332495028298,142648.44897959183,2948.1020408163267,190.62639198480687,3.9396576637455296,142648.44857142857,190.73066285714285,2948.102042857143,3.941812628571429,,,,,,,,,1651995.1142857145,2208.8311714285715,1289409.1285714286,0.17240287285714287,,,34909131.0,878056.0,46675.88,1174.0205,,,78858610.0,60883630.0,23303890.0,11632788.0,10.543939,8.140561,3.1158905,1.5553839,,,,,OWID_EUR,,748314268.0,33.80024719238281,41.92599868774414,78.18270111083984,,,,,,,regional_reference,2020-2022,2021,1,3,9
Europe,2021-03-08,1135335.0,20679.0,,13194286.900000002,216.7414430292732,3.947730229758037,151781.04081632654,2907.1020408163267,202.83061182568085,3.8848678491538884,151781.04285714286,202.94155714285716,2907.102042857143,3.8869928571428574,,,,,,,,,1877213.2142857143,2509.9632285714288,1420374.7857142857,0.18991388571428572,,,36044466.0,898735.0,48193.9,1201.6697,,,92052900.0,70553600.0,26792462.0,11635683.0,12.308105,9.433501,3.5823367,1.555771,,,,,OWID_EUR,,748314268.0,33.80024719238281,41.92599868774414,78.18270111083984,,,,,,,regional_reference,2020-2022,2021,1,3,10
Europe,2021-03-15,1292747.0,21700.0,,13464987.2,246.7922245432087,4.142644517904609,169628.61224489796,3014.938775510204,226.6809808374494,4.028974061350122,169628.61142857143,226.80497571428572,3014.9387428571426,4.0311778,,,,,,,,,1893641.0,2531.928385714286,1347104.3714285714,0.18011712285714285,,,37337213.0,920435.0,49922.39,1230.6841,,,105517880.0,80112344.0,30646548.0,11637881.0,14.108467,10.711572,4.0976543,1.5560648,,,,,OWID_EUR,,748314268.0,33.80024719238281,41.92599868774414,78.18270111083984,,,,,,,regional_reference,2020-2022,2021,1,3,11
Europe,2021-03-22,1442475.0,23078.0,,17888393.2,275.37608990619583,4.405711990055417,190957.95918367346,3180.0204081632655,255.1841750846764,4.249578745387846,190957.96,255.32375857142856,3180.0204285714285,4.251903142857143,,,,,,,,,2287439.4857142856,3058.464,1570788.5714285714,0.21002524142857143,,,38779688.0,943513.0,51851.08,1261.541,,,123406270.0,92035224.0,36548332.0,11640224.0,16.500269,12.305742,4.8867636,1.5563782,,,,,OWID_EUR,,748314268.0,33.80024719238281,41.92599868774414,78.18270111083984,,,,,,,regional_reference,2020-2022,2021,1,3,12
Europe,2021-03-29,1381688.0,24534.0,,16690804.9,263.7715308135752,4.683670073837404,202387.2448979592,3353.795918367347,270.4575517968865,4.481801379159787,202387.24285714285,270.60549142857144,3353.7959142857144,4.484252857142857,,,,,,,,,2568137.3857142855,3433.7764857142856,1684801.5428571429,0.2252695642857143,,,40161376.0,968047.0,53698.49,1294.3446,,,140097090.0,102966530.0,42166652.0,11642877.0,18.731943,13.767334,5.6379714,1.5567329,,,,,OWID_EUR,,748314268.0,33.80024719238281,41.92599868774414,78.18270111083984,,,,,,,regional_reference,2020-2022,2021,1,3,13
Europe,2021-04-05,1218874.0,25347.0,,21179138.1,232.68947899154202,4.838876064300834,182829.26530612243,3497.673469387755,244.32150117191466,4.674070265606315,182829.26285714286,244.45514714285713,3497.673514285714,4.676627000000001,,,,,,,,,2593929.9714285717,3468.2628857142854,1759857.7714285715,0.23530509714285713,,,41380250.0,993394.0,55328.203,1328.2352,,,161276220.0,117589470.0,48605292.0,11646803.0,21.56374,15.722522,6.498862,1.5572578,,,,,OWID_EUR,,748314268.0,33.80024719238281,41.92599868774414,78.18270111083984,,,,,,,regional_reference,2020-2022,2021,2,4,14
Europe,2021-04-12,1166710.0,24304.0,,23474011.700000003,222.7310961052758,4.639761860053162,172828.9387755102,3610.204081632653,230.95769540439957,4.824449079771726,172828.94,231.0840285714286,3610.2041285714286,4.827088000000001,,,,,,,,,3298443.3857142855,4410.245871428571,2329152.3285714285,0.31142369428571426,,,42546960.0,1017698.0,56888.176,1360.7313,,,184750220.0,133994040.0,55551984.0,11651821.0,24.702377,17.915926,7.4276824,1.5579287,,,,,OWID_EUR,,748314268.0,33.80024719238281,41.92599868774414,78.18270111083984,,,,,,,regional_reference,2020-2022,2021,2,4,15
Europe,2021-04-19,1037744.0,22756.0,,24084589.2,198.11080611006452,4.344240490757478,158823.0,3376.081632653061,212.2410420216657,4.511582602422143,158823.0,212.35713857142858,3376.0816857142854,4.5140503857142855,,,,,,,,,3390609.5714285714,4533.478328571428,2293927.685714286,0.3067139128571429,,,43584704.0,1040454.0,58275.71,1391.1577,,,208834820.0,150059150.0,63492252.0,11659034.0,27.922653,20.063942,8.489351,1.5588931,,,,,OWID_EUR,,748314268.0,33.80024719238281,41.92599868774414,78.18270111083984,,,,,,,regional_reference,2020-2022,2021,2,4,16
Europe,2021-04-26,869623.0,19754.0,,27111204.4,166.01561998127926,3.7711428482344536,140571.83673469388,3074.5714285714284,187.8513383292778,4.108663378541151,140571.83428571429,187.9540942857143,3074.5714000000003,4.1109108,,,,,,,,,3777506.4142857143,5050.786042857143,2458859.285714286,0.32876641142857144,,,44454327.0,1060208.0,59438.453,1417.5701,,,235946020.0,167392270.0,73392010.0,11669817.0,31.547607,22.381498,9.813016,1.5603349,,,,,OWID_EUR,,748314268.0,33.80024719238281,41.92599868774414,78.18270111083984,,,,,,,regional_reference,2020-2022,2021,2,4,17
Europe,2021-05-03,701154.0,16128.0,,29560116.6,133.8539988159856,3.0789203126620057,116208.48979591836,2570.877551020408,155.29369780226935,3.435558642883457,116208.48857142858,155.37864428571427,2570.877557142857,3.4374379,,,,,,,,,4018613.0285714283,5373.162185714286,2475427.1,0.33098164,,,45155481.0,1076336.0,60375.945,1439.1343,,,265506140.0,185263470.0,85355530.0,11681864.0,35.5,24.771002,11.4126215,1.5619457,,,,,OWID_EUR,,748314268.0,33.80024719238281,41.92599868774414,78.18270111083984,,,,,,,regional_reference,2020-2022,2021,2,5,18
Europe,2021-05-10,560872.0,13348.0,,31293169.3,107.07342470258956,2.5482036417046414,94863.51020408164,2190.8979591836733,126.76961306326669,2.9277778773873027,94863.50857142858,126.838958,2190.898,2.9293793714285714,,,,,,,,,4422718.785714285,5913.479357142857,2655485.3857142855,0.3550566642857143,,,45716353.0,1089684.0,61125.867,1456.9816,,,296799300.0,204038690.0,98004280.0,11692646.0,39.68411,27.281378,13.103847,1.5633873,,,,,OWID_EUR,,748314268.0,33.80024719238281,41.92599868774414,78.18270111083984,,,,,,,regional_reference,2020-2022,2021,2,5,19
Europe,2021-05-17,476873.0,10703.0,,32317878.3,91.03757231275229,2.0432591831858535,75617.57142857143,1752.795918367347,101.0505541083328,2.342325936203246,75617.56999999999,101.1058262857143,1752.7959142857144,2.343607171428572,,,,,,,,,4551203.5,6085.272457142857,2627636.285714286,0.35133305857142855,,,46193226.0,1100387.0,61763.48,1471.2921,,,329117200.0,221942320.0,112827944.0,11707287.0,44.005234,29.675217,15.085873,1.5653448,,,,,OWID_EUR,,748314268.0,33.80024719238281,41.92599868774414,78.18270111083984,,,,,,,regional_reference,2020-2022,2021,2,5,20
Europe,2021-05-24,365120.0,8936.0,,31368639.0,69.7033348560982,1.7059295581564784,62941.69387755102,1425.0408163265306,84.11131067402157,1.904334685659809,62941.692857142865,84.15732,1425.0408,1.9053763714285714,,,,,,,,,4539895.142857143,6070.1521999999995,2365959.7285714285,0.31634509714285713,,,46558346.0,1109323.0,62251.67,1483.2402,,,360485820.0,237686860.0,129301810.0,11720446.0,48.199436,31.780369,17.288542,1.5671043,,,,,OWID_EUR,,748314268.0,33.80024719238281,41.92599868774414,78.18270111083984,,,,,,,regional_reference,2020-2022,2021,2,5,21
Europe,2021-05-31,315771.0,7043.0,,34080156.3,60.28235032549567,1.3445458681844313,51014.81632653061,1186.204081632653,68.17298360871375,1.5851683341585738,51014.81642857142,68.2102732857143,1186.2040714285715,1.5860353857142857,,,,,,,,,4705086.357142857,6291.024328571429,2366708.5142857144,0.31644521999999997,,,46874117.0,1116366.0,62673.88,1492.6571,,,394565980.0,255399440.0,146967060.0,11734525.0,52.756187,34.148663,19.650507,1.5689869,,,,,OWID_EUR,,748314268.0,33.80024719238281,41.92599868774414,78.18270111083984,,,,,,,regional_reference,2020-2022,2021,2,5,22
Europe,2021-06-07,283062.0,6786.0,,35810770.5,54.03802960954443,1.2954832119124735,44366.26530612245,1019.734693877551,59.28827927429344,1.3627091417125705,44366.265,59.320709571428566,1019.7346857142857,1.3634545285714286,,,,,,,,,5081190.642857143,6793.901728571429,2620377.8714285716,0.3503625614285714,,,47157179.0,1123152.0,63052.35,1501.7305,,,430376770.0,273500260.0,165798080.0,11747757.0,57.544334,36.568867,22.168344,1.570756,,,,,OWID_EUR,,748314268.0,33.80024719238281,41.92599868774414,78.18270111083984,,,,,,,regional_reference,2020-2022,2021,2,6,23
Europe,2021-06-14,282419.0,5710.0,,34535459.8,53.91527751622588,1.0900691335131483,41891.42857142857,890.7551020408163,55.98106352213584,1.1903489484725631,41891.42857142857,56.011684571428574,890.7551,1.191000057142857,,,,,,,,,4984458.857142857,6664.564585714286,2413336.5142857144,0.3226797057142857,,,47439598.0,1128862.0,63429.965,1509.3651,,,464912220.0,289769950.0,184925600.0,11760749.0,62.161964,38.744236,24.725826,1.5724931,,,,,OWID_EUR,,748314268.0,33.80024719238281,41.92599868774414,78.18270111083984,,,,,,,regional_reference,2020-2022,2021,2,6,24
Europe,2021-06-21,337742.0,6441.0,,35081247.3,64.47673017355476,1.2296208912361097,44495.67346938776,869.9591836734693,59.46121218336542,1.1625585945308592,44495.67285714286,59.49373828571429,869.9591857142857,1.1631945142857145,,,,,,,,,4970838.857142857,6646.353728571428,2273138.542857143,0.3039342657142857,,,47777340.0,1135303.0,63881.547,1517.9772,,,499993470.0,305406140.0,205103860.0,11771238.0,66.85257,40.834904,27.423798,1.5738956,,,,,OWID_EUR,,748314268.0,33.80024719238281,41.92599868774414,78.18270111083984,,,,,,,regional_reference,2020-2022,2021,2,6,25
Europe,2021-06-28,499637.0,6756.0,,34898183.5,95.38334004572835,1.2897560535927897,57422.40816326531,993.8571428571429,76.73568528465546,1.3281280143346703,57422.40714285714,76.77766071428572,993.8571571428572,1.3288545,,,,,,,,,5023998.285714285,6717.431414285714,2253907.6999999997,0.30136297142857144,,,48276977.0,1142059.0,64549.598,1527.0105,,,534891650.0,321377340.0,224478960.0,11786079.0,71.51869,42.97036,30.014381,1.5758799,,,,,OWID_EUR,,748314268.0,33.80024719238281,41.92599868774414,78.18270111083984,,,,,,,regional_reference,2020-2022,2021,2,6,26
Europe,2021-07-05,699622.0,6624.0,,33335666.5,133.5615319311271,1.264556556986181,80379.3469387755,947.3061224489795,107.41389062860355,1.2659201661099144,80379.34714285714,107.47264299999999,947.3061142857142,1.2666126142857144,,,,,,,,,4859922.785714285,6498.051171428572,2122496.7,0.2837924214285714,,,48976599.0,1148683.0,65485.04,1535.8672,,,568227300.0,335043500.0,244586450.0,11801475.0,75.9759,44.79762,32.702892,1.5779386,,,,,OWID_EUR,,748314268.0,33.80024719238281,41.92599868774414,78.18270111083984,,,,,,,regional_reference,2020-2022,2021,3,7,27
Europe,2021-07-12,921988.0,6687.0,,32446718.0,176.01237482828728,1.2765835894575168,109751.02040816327,956.7142857142857,146.6643429123595,1.2784926422307443,109751.02142857143,146.74456857142857,956.7142857142857,1.2791919428571428,,,,,,,,,4684815.285714285,6263.920442857144,1809139.8,0.24189444571428573,,,49898587.0,1155370.0,66717.8,1544.8081,,,600674050.0,347420770.0,265177740.0,11818067.0,80.314255,46.45255,35.45609,1.580157,,,,,OWID_EUR,,748314268.0,33.80024719238281,41.92599868774414,78.18270111083984,,,,,,,regional_reference,2020-2022,2021,3,7,28
Europe,2021-07-19,925271.0,7197.0,,29834017.9,176.63911685373802,1.3739452808921413,133194.38775510204,974.3877551020408,177.99258072559172,1.302110352253821,133194.39142857143,178.08994142857142,974.3877428571429,1.3028226142857144,,,,,,,,,4472304.357142857,5979.778885714286,1728899.5999999999,0.23116577571428573,,,50823858.0,1162567.0,67954.95,1554.431,,,630508000.0,358854270.0,284039600.0,11831234.0,84.30327,47.981285,37.97805,1.5819174,,,,,OWID_EUR,,748314268.0,33.80024719238281,41.92599868774414,78.18270111083984,,,,,,,regional_reference,2020-2022,2021,3,7,29
Europe,2021-07-26,844834.0,7664.0,,27505131.8,161.2832690617245,1.4630980454018856,125067.79591836735,1046.1836734693877,167.13271584762484,1.398053890199762,125067.79571428572,167.22413714285716,1046.1837142857144,1.3988186,,,,,,,,,4015749.314285714,5369.333271428572,1581578.8142857142,0.21146797571428572,,,51668692.0,1170231.0,69084.55,1564.6783,,,658013200.0,369846940.0,300936800.0,11845310.0,87.98089,49.45108,40.237324,1.5837996,,,,,OWID_EUR,,748314268.0,33.80024719238281,41.92599868774414,78.18270111083984,,,,,,,regional_reference,2020-2022,2021,3,7,30
Europe,2021-08-02,827996.0,8228.0,,24039659.2,158.0688060021633,1.570768621811941,120606.51020408164,1124.265306122449,161.1709349421113,1.5023972603479057,120606.50857142858,161.25909714285714,1124.2652857142857,1.5032190714285714,,,,,,,,,3624139.3571428573,4845.723757142857,1461261.9857142859,0.19538078,,,52496688.0,1178459.0,70191.64,1575.6797,,,682052860.0,379642240.0,315789340.0,11860162.0,91.19516,50.760784,42.22321,1.5857854,,,,,OWID_EUR,,748314268.0,33.80024719238281,41.92599868774414,78.18270111083984,,,,,,,regional_reference,2020-2022,2021,3,8,31
Europe,2021-08-09,857440.0,8751.0,,25073852.3,163.68982098765562,1.6706120818517616,120851.30612244898,1190.7142857142858,161.49806477089516,1.591195486485479,120851.30571428571,161.58640428571428,1190.7142857142858,1.5920658571428572,,,,,,,,,3462146.242857143,4629.127785714286,1380116.9714285715,0.18453113714285713,,,53354128.0,1187210.0,71338.09,1587.3804,,,707126700.0,389192930.0,331734600.0,11875817.0,94.54771,52.037773,44.355198,1.5878785,,,,,OWID_EUR,,748314268.0,33.80024719238281,41.92599868774414,78.18270111083984,,,,,,,regional_reference,2020-2022,2021,3,8,32
Europe,2021-08-16,893851.0,9701.0,,19833593.8,170.64087304025588,1.8519720953084151,126012.0,1291.469387755102,168.3944906419986,1.7258382513629975,126012.0,168.48659714285714,1291.4694,1.7267822714285714,,,,,,,,,3177263.3857142855,4248.219814285714,1214595.5571428572,0.16239978428571428,,,54247979.0,1196911.0,72533.234,1600.3513,,,726960260.0,397059070.0,344285440.0,11922089.0,97.19959,53.08953,46.033333,1.5940654,,,,,OWID_EUR,,748314268.0,33.80024719238281,41.92599868774414,78.18270111083984,,,,,,,regional_reference,2020-2022,2021,3,8,33
Europe,2021-08-23,894268.0,10130.0,,18066418.799999997,170.72048054089944,1.9338704592798932,129385.57142857143,1419.7551020408162,172.90271876597635,1.8972711903988657,129385.57142857143,172.99729285714287,1419.7550571428571,1.8983089857142856,,,,,,,,,2700790.0714285714,3611.142257142857,1029340.9728571429,0.13762997142857142,,,55142247.0,1207041.0,73728.93,1613.8958,,,745026700.0,403765300.0,355860260.0,12056284.0,99.6152,53.986202,47.580967,1.6120082,,,,,OWID_EUR,,748314268.0,33.80024719238281,41.92599868774414,78.18270111083984,,,,,,,regional_reference,2020-2022,2021,3,8,34
Europe,2021-08-30,877097.0,10813.0,,16653479.7,167.4424460239898,2.064258763691361,127628.24489795919,1487.3469387755101,170.5543384052637,1.9875966587550216,127628.24428571427,170.64763142857143,1487.3469142857143,1.9886838571428573,,,,,,,,,2469886.442857143,3302.408214285714,871763.3771428571,0.11656076214285714,,,56019344.0,1217854.0,74901.664,1628.3535,,,761680200.0,409445760.0,366868540.0,12431066.0,101.84188,54.745716,49.05285,1.6621192,,,,,OWID_EUR,,748314268.0,33.80024719238281,41.92599868774414,78.18270111083984,,,,,,,regional_reference,2020-2022,2021,3,8,35
Europe,2021-09-06,842279.0,11310.0,,13811445.700000001,160.79550607816478,2.159138686520789,126282.32653061223,1589.8367346938776,168.75573797105827,2.1245575591428882,126282.32714285715,168.84804285714287,1589.8367142857144,2.1257196428571428,,,,,,,,,2113493.2714285715,2825.885871428571,735997.71,0.09840796071428572,,,56861623.0,1229164.0,76027.85,1643.4757,,,775491650.0,414412300.0,375458560.0,12972010.0,103.68857,55.409775,50.201393,1.7344471,,,,,OWID_EUR,,748314268.0,33.80024719238281,41.92599868774414,78.18270111083984,,,,,,,regional_reference,2020-2022,2021,3,9,36
Europe,2021-09-13,805722.0,11705.0,,12537263.0,153.81658185507544,2.234546271063292,117584.57142857143,1628.6734693877552,157.13260652217238,2.176456522392213,117584.56999999999,157.2185557142857,1628.6734571428572,2.1776470285714287,,,,,,,,,1871850.3,2502.792742857143,728465.2728571428,0.09740082142857143,,,57667345.0,1240869.0,77105.16,1659.1261,,,788028860.0,419266620.0,382596160.0,13744527.0,105.36488,56.058834,51.155743,1.837738,,,,,OWID_EUR,,748314268.0,33.80024719238281,41.92599868774414,78.18270111083984,,,,,,,regional_reference,2020-2022,2021,3,9,37
Europe,2021-09-20,841313.0,12096.0,,10478235.899999999,160.61109158027097,2.3091902344965045,119060.18367346938,1715.7142857142858,159.10452167600445,2.2927723806467433,119060.18285714286,159.19155,1715.7142857142858,2.2940265,,,,,,,,,1600080.1714285712,2139.4173285714287,611644.6100000001,0.08178109514285714,,,58508658.0,1252965.0,78230.05,1675.2993,,,798507140.0,423436640.0,388190720.0,14685555.0,106.7659,56.61639,51.903774,1.9635599,,,,,OWID_EUR,,748314268.0,33.80024719238281,41.92599868774414,78.18270111083984,,,,,,,regional_reference,2020-2022,2021,3,9,38
Europe,2021-09-27,909344.0,13349.0,,11068015.84,173.59856850181788,2.548394546981964,124515.67346938777,1799.0204081632653,166.39489422295472,2.4040974295084068,124515.67428571428,166.48591000000002,1799.0203999999999,2.4054124571428575,,,,,,,,,1515272.8857142855,2026.0241714285714,567017.3214285715,0.07581411714285714,,,59418002.0,1266314.0,79445.91,1693.1478,,,809575200.0,427334340.0,392919970.0,16321787.0,108.245766,57.137543,52.536102,2.1823354,,,,,OWID_EUR,,748314268.0,33.80024719238281,41.92599868774414,78.18270111083984,,,,,,,regional_reference,2020-2022,2021,3,9,39
Europe,2021-10-04,1005831.0,15119.0,,12735845.94,192.01844599486225,2.886296887843308,135038.7142857143,2002.4489795918366,180.4572224001939,2.675946544416064,135038.71000000002,180.55593142857143,2002.4489428571428,2.677410328571429,,,,,,,,,1749039.1857142858,2338.585785714286,495076.68857142853,0.066195162,,,60423833.0,1281433.0,80790.766,1713.3629,,,822311000.0,430649660.0,398756770.0,19094409.0,109.94864,57.580822,53.316525,2.553054,,,,,OWID_EUR,,748314268.0,33.80024719238281,41.92599868774414,78.18270111083984,,,,,,,regional_reference,2020-2022,2021,4,10,40
Europe,2021-10-11,1159084.0,16800.0,,12286020.9,221.27525246041222,3.2072086590229225,152771.34693877553,2277.224489795918,204.153994480265,3.0431392092552185,152771.3457142857,204.26566428571428,2277.2245,3.0448037714285716,,,,,,,,,1695379.7142857143,2266.839371428571,500650.96714285715,0.06694048071428571,,,61582917.0,1298233.0,82340.54,1735.8257,,,834597000.0,434575360.0,402902850.0,22820482.0,111.59136,58.105717,53.870884,3.0512557,,,,,OWID_EUR,,748314268.0,33.80024719238281,41.92599868774414,78.18270111083984,,,,,,,regional_reference,2020-2022,2021,4,10,41
Europe,2021-10-18,1437425.0,20158.0,,15114921.3,274.41201825571574,3.8482685802728613,181240.04081632654,2548.285714285714,242.19776177824605,3.4053683368839813,181240.04,242.33024142857144,2548.285742857143,3.407231,,,,,,,,,2061704.0285714285,2756.6402428571428,695360.4928571429,0.09297448542857142,,,63020342.0,1318391.0,84262.48,1762.7783,,,849711940.0,439776100.0,406925980.0,27520294.0,113.612335,58.80109,54.408806,3.6796527,,,,,OWID_EUR,,748314268.0,33.80024719238281,41.92599868774414,78.18270111083984,,,,,,,regional_reference,2020-2022,2021,4,10,42
Europe,2021-10-25,1590405.0,22887.0,,15558957.499999998,303.61670758055664,4.369249082086763,212307.0,3045.326530612245,283.71368698799154,4.069582341054927,212307.00285714286,283.86888,3045.3265285714288,4.071808442857143,,,,,,,,,2174780.1571428576,2907.8307999999997,756054.0585714286,0.10108963442857143,,,64610747.0,1341278.0,86388.95,1793.3798,,,865270900.0,445405700.0,410912160.0,33126907.0,115.69267,59.553806,54.941784,4.4292955,,,,,OWID_EUR,,748314268.0,33.80024719238281,41.92599868774414,78.18270111083984,,,,,,,regional_reference,2020-2022,2021,4,10,43
Europe,2021-11-01,1725111.0,25578.0,,16674299.3,329.33279386760074,4.8829751833624,233043.22448979592,3411.4081632653065,311.4242697959568,4.558790750285821,233043.22285714286,311.5946185714286,3411.4081857142855,4.561284328571429,,,,,,,,,2362608.9,3158.9706857142855,857353.88,0.11463411771428571,,,66335858.0,1366856.0,88695.55,1827.5793,,,881945200.0,451042400.0,415586900.0,39696057.0,117.92214,60.307476,55.56683,5.3076363,,,,,OWID_EUR,,748314268.0,33.80024719238281,41.92599868774414,78.18270111083984,,,,,,,regional_reference,2020-2022,2021,4,11,44
Europe,2021-11-08,1997509.0,27305.0,,20411312.2,381.33500959977493,5.212668597298864,259954.10204081633,3739.326530612245,347.3862695890977,4.997000178289056,259954.10571428572,347.57628857142856,3739.3264999999997,4.999733571428571,,,,,,,,,2643654.614285714,3534.748014285714,793951.6528571428,0.10615680142857142,,,68333367.0,1394161.0,91366.35,1864.0879,,,902356500.0,457201020.0,420284220.0,48917142.0,120.651276,61.130924,56.194893,6.540559,,,,,OWID_EUR,,748314268.0,33.80024719238281,41.92599868774414,78.18270111083984,,,,,,,regional_reference,2020-2022,2021,4,11,45
Europe,2021-11-15,2321318.0,28835.0,,24054027.6,443.15185654439125,5.504753671602736,301523.44897959183,4014.2448979591836,402.9369235274181,5.364383748405534,301523.4514285714,403.1573257142857,4014.2448714285715,5.3673181,,,,,,,,,3239794.4,4331.828014285714,854506.6214285714,0.11425341757142858,,,70654685.0,1422996.0,94470.11,1902.6423,,,926410500.0,462547600.0,426286430.0,60951735.0,123.86746,61.845795,56.99743,8.149667,,,,,OWID_EUR,,748314268.0,33.80024719238281,41.92599868774414,78.18270111083984,,,,,,,regional_reference,2020-2022,2021,4,11,46
Europe,2021-11-22,2533789.0,28722.0,,27946244.2,483.71369172244243,5.483181375265261,343501.14285714284,4130.714285714285,459.0332665648744,5.52002609378856,343501.14285714284,459.2843571428571,4130.714271428571,5.523045514285714,,,,,,,,,3750127.285714286,5014.178314285715,757015.2714285714,0.10121815285714286,,,73188474.0,1451718.0,97857.96,1941.0455,,,954356800.0,467970460.0,432143680.0,77679087.0,127.604065,62.570873,57.780586,10.386229,,,,,OWID_EUR,,748314268.0,33.80024719238281,41.92599868774414,78.18270111083984,,,,,,,regional_reference,2020-2022,2021,4,11,47
Europe,2021-11-29,2623274.0,28136.0,,31899438.8,500.7968504636725,5.371310882754104,364323.36734693876,4111.591836734694,486.858774349788,5.494472058809779,364323.3657142857,487.1250842857143,4111.591842857143,5.497477442857144,,,,,,,,,4339747.1,5802.540528571429,708153.4342857143,0.09468498771428571,,,75811748.0,1479854.0,101365.45,1978.6653,,,986256200.0,472647700.0,438043330.0,98442533.0,131.86925,63.19625,58.56941,13.162444,,,,,OWID_EUR,,748314268.0,33.80024719238281,41.92599868774414,78.18270111083984,,,,,,,regional_reference,2020-2022,2021,4,11,48
Europe,2021-12-06,2524657.0,27091.0,,37458442.5,481.9703447299307,5.1718148679517855,368613.5918367347,3976.673469387755,492.59195982179875,5.3141756604696395,368613.5885714286,492.8614014285714,3976.673485714286,5.317082428571429,,,,,,,,,4865622.071428572,6505.671585714285,645669.3485714284,0.08633043485714285,,,78336405.0,1506945.0,104741.09,2014.8878,,,1023714600.0,477287680.0,444005570.0,124756989.0,136.8777,63.816647,59.3666,16.680868,,,,,OWID_EUR,,748314268.0,33.80024719238281,41.92599868774414,78.18270111083984,,,,,,,regional_reference,2020-2022,2021,4,12,49
Europe,2021-12-13,2744049.0,25185.0,,40607198.5,523.8534353323329,4.807949409374542,370820.3265306122,3788.163265306122,495.5409009127864,5.062262510950977,370820.33142857143,495.8119557142857,3788.163257142857,5.065031628571428,,,,,,,,,5743013.428571428,7678.804028571429,664721.6142857142,0.08887785528571428,,,81080454.0,1532130.0,108410.07,2048.5618,,,1064321860.0,482229730.0,449704030.0,153929280.0,142.30716,64.47743,60.128525,20.581404,,,,,OWID_EUR,,748314268.0,33.80024719238281,41.92599868774414,78.18270111083984,,,,,,,regional_reference,2020-2022,2021,4,12,50
Europe,2021-12-20,3427874.0,22277.0,,25581294.4,654.3992365975918,4.25279686291986,423340.55102040817,3441.122448979592,565.7256170617452,4.598499047968963,423340.5428571429,566.0350657142857,3441.1224285714284,4.601014371428572,,,,,,,,,5030337.614285714,6725.907657142858,665241.1257142856,0.08894731657142858,,,84508328.0,1554407.0,112993.375,2078.3477,,,1089903100.0,485682270.0,454060900.0,173651235.0,145.72755,64.939064,60.711067,23.218365,,,,,OWID_EUR,,748314268.0,33.80024719238281,41.92599868774414,78.18270111083984,,,,,,,regional_reference,2020-2022,2021,4,12,51
Europe,2021-12-27,5613154.0,21014.0,,22034409.9,1071.5807210255448,4.011683497661172,571876.0204081632,3116.0408163265306,764.2190518919296,4.16408045332971,571876.02,764.6370757142857,3116.0408142857145,4.166358114285715,,,,,,,,,3135150.9285714286,4191.912542857143,451494.53285714285,0.06036792685714286,,,90121482.0,1575421.0,120498.54,2106.4448,,,1111937500.0,488765250.0,458151330.0,189746109.0,148.6737,65.35128,61.257988,25.370361,,,,,OWID_EUR,,748314268.0,33.80024719238281,41.92599868774414,78.18270111083984,,,,,,,regional_reference,2020-2022,2021,4,12,52
Europe,2022-01-03,7473358.0,19608.0,,26146211.6,1426.7034815225138,3.7432706777453255,900156.8367346937,2855.673469387755,1202.9128338559142,3.8161419493176827,900156.8485714287,1203.570842857143,2855.6735285714285,3.8182293714285716,,,,,,,,,3290049.785714286,4399.023042857143,383680.35000000003,0.051300703,,,97594840.0,1595029.0,130490.93,2132.662,,,1138083700.0,491687070.0,461465730.0,210017108.0,152.16963,65.74195,61.70114,28.080732,,,,,OWID_EUR,,748314268.0,33.80024719238281,41.92599868774414,78.18270111083984,,,,,,,regional_reference,2020-2022,2022,1,1,1
Europe,2022-01-10,8003028.0,20589.0,,27621915.9,1527.8202797620777,3.930548754798985,1087625.918367347,2834.6326530612246,1453.4346929856308,3.7880243291862823,1087625.9142857143,1454.2296857142858,2834.632657142857,3.7900963428571433,,,,,,,,,3957274.8285714285,5291.1488,458929.04142857145,0.06136197042857143,,,105597868.0,1615618.0,141191.52,2160.191,,,1165705700.0,495041120.0,466046200.0,230082487.0,155.86287,66.19041,62.313587,30.763613,,,,,OWID_EUR,,748314268.0,33.80024719238281,41.92599868774414,78.18270111083984,,,,,,,regional_reference,2020-2022,2022,1,1,2
Europe,2022-01-17,9955076.0,20869.0,,21408722.0,1900.476544549481,3.984002232449367,1225868.6734693877,2938.0,1638.173593489985,3.9261579334205607,1225868.6857142858,1639.0696428571428,2937.999971428572,3.9283055142857144,,,,,,,,,3372957.6142857145,4509.876414285714,465560.53571428574,0.06224864714285715,,,115552944.0,1636487.0,154502.14,2188.0942,,,1187114400.0,498210000.0,469158430.0,245720068.0,158.72537,66.614105,62.729713,32.854465,,,,,OWID_EUR,,748314268.0,33.80024719238281,41.92599868774414,78.18270111083984,,,,,,,regional_reference,2020-2022,2022,1,1,3
Europe,2022-01-24,11040888.0,21417.0,,17787605.9,2107.7637855298976,4.088618324422258,1497599.7755102043,2946.877551020408,2001.2979032362966,3.9380213327970486,1497599.7571428572,2002.3925857142858,2946.8775142857144,3.940175357142857,,,,,,,,,2712349.8571428573,3626.598542857143,385699.9771428571,0.05157074271428571,,,126593832.0,1657904.0,169264.55,2216.7302,,,1204902000.0,500597500.0,471912400.0,258481333.0,161.1037,66.933334,63.097935,34.560734,,,,,OWID_EUR,,748314268.0,33.80024719238281,41.92599868774414,78.18270111083984,,,,,,,regional_reference,2020-2022,2022,1,1,4
Europe,2022-01-31,10092131.0,23216.0,,13265083.9,1926.6410673329563,4.432056918325963,1552212.4489795917,3141.7551020408164,2074.2788362543847,4.198443403247813,1552212.4571428571,2075.413457142857,3141.755142857143,4.2007398857142855,,,,,,,,,2171838.8571428573,2903.8979714285715,304799.39999999997,0.04075377771428572,,,136685963.0,1681120.0,182758.42,2247.7715,,,1218167000.0,502521000.0,474884770.0,266705137.0,162.87732,67.19051,63.49536,35.660313,,,,,OWID_EUR,,748314268.0,33.80024719238281,41.92599868774414,78.18270111083984,,,,,,,regional_reference,2020-2022,2022,1,1,5
Europe,2022-02-07,8250650.0,23613.0,,11005776.639999999,1575.0926263433023,4.507846313423111,1370499.7959183673,3359.163265306122,1831.44950527439,4.488973963150629,1370499.8,1832.4512714285715,3359.163257142857,4.491429414285714,,,,,,,,,1682604.5285714285,2249.7581,259094.08428571426,0.03464266242857143,,,144936613.0,1704733.0,193790.1,2279.3438,,,1229172900.0,504145570.0,477608220.0,273262400.0,164.34888,67.40773,63.85951,36.537064,,,,,OWID_EUR,,748314268.0,33.80024719238281,41.92599868774414,78.18270111083984,,,,,,,regional_reference,2020-2022,2022,1,2,6
Europe,2022-02-14,6407899.0,23407.0,,9671170.64,1223.301735651448,4.468519826294616,1085637.1836734693,3400.938775510204,1450.7770733478376,4.5448001206763085,1085637.1857142856,1451.570642857143,3400.938757142857,4.547286071428571,,,,,,,,,1489507.7285714285,1991.5743714285713,179309.84285714285,0.023974960142857143,,,151344512.0,1728140.0,202357.89,2310.6406,,,1238844000.0,505191230.0,480390370.0,278129260.0,165.64197,67.54755,64.2315,37.187798,,,,,OWID_EUR,,748314268.0,33.80024719238281,41.92599868774414,78.18270111083984,,,,,,,regional_reference,2020-2022,2022,1,2,7
Europe,2022-02-21,5008424.0,20621.0,,4974437.17,956.1345726701323,3.9366577236733145,840259.7142857143,3232.8571428571427,1122.8700964521959,4.320186425814805,840259.7142857143,1123.4843285714285,3232.8571,4.3225495,,,,,,,,,936536.4857142858,1252.2137057142859,116008.38842857143,0.01551112,,,156352936.0,1748761.0,209054.5,2338.2122,,,1243818500.0,505914720.0,482027330.0,281388164.0,166.3071,67.64428,64.45037,37.623535,,,,,OWID_EUR,,748314268.0,33.80024719238281,41.92599868774414,78.18270111083984,,,,,,,regional_reference,2020-2022,2022,1,2,8
Europe,2022-02-28,4597010.0,18029.0,,4155034.41,877.5934689056527,3.4418312448526356,670501.7346938775,2811.122448979592,896.0162372500394,3.7566067749754457,670501.7257142857,896.5063457142858,2811.1224857142856,3.758661671428571,,,,,,,,,608004.1428571428,812.9433799999999,90127.83714285714,0.012050712357142857,,,160949946.0,1766790.0,215201.02,2362.318,,,1247973500.0,506490980.0,483596100.0,284013680.0,166.86266,67.72133,64.660126,37.974583,,,,,OWID_EUR,,748314268.0,33.80024719238281,41.92599868774414,78.18270111083984,,,,,,,regional_reference,2020-2022,2022,1,2,9
Europe,2022-03-07,5009857.0,15212.0,,4142786.26,956.4081399325358,2.9040510786343274,662728.693877551,2380.1224489795923,885.6288356612639,3.1806455532925795,662728.6857142857,886.1132514285715,2380.122442857143,3.1823853428571427,,,,,,,,,600623.9142857144,803.0755357142856,68486.23157142857,0.00915708057142857,,,165959803.0,1782002.0,221899.53,2382.6577,,,1252116400.0,506932320.0,484812960.0,286043288.0,167.41656,67.78034,64.82283,38.245956,,,,,OWID_EUR,,748314268.0,33.80024719238281,41.92599868774414,78.18270111083984,,,,,,,regional_reference,2020-2022,2022,1,3,10
Europe,2022-03-14,5370714.0,13794.0,,3872960.6,1025.2976455914068,2.633347395390607,731834.0612244898,2063.4489795918366,977.9768908862898,2.7574630978328964,731834.0714285715,978.5118514285714,2063.4489857142858,2.7589714285714284,,,,,,,,,574454.3614285715,768.0850228571428,66760.43771428571,0.008926330357142857,,,171330517.0,1795796.0,229080.53,2401.1013,,,1255989200.0,507425340.0,485649660.0,288161903.0,167.9344,67.84626,64.9347,38.52923,,,,,OWID_EUR,,748314268.0,33.80024719238281,41.92599868774414,78.18270111083984,,,,,,,regional_reference,2020-2022,2022,1,3,11
Europe,2022-03-21,5346053.0,12529.0,,5087420.390000001,1020.5897305473494,2.391852219577274,759519.6122448979,1892.8163265306123,1014.9741154539871,2.5294403801620575,759519.6228571429,1015.5292871428571,1892.816342857143,2.5308239857142856,,,,,,,,,670238.7714285714,896.1553700000001,121729.32914285714,0.016276048857142858,,,176676570.0,1808325.0,236228.58,2417.8533,,,1261076700.0,508511000.0,486644300.0,290243665.0,168.61464,67.991425,65.06769,38.807575,,,,,OWID_EUR,,748314268.0,33.80024719238281,41.92599868774414,78.18270111083984,,,,,,,regional_reference,2020-2022,2022,1,3,12
Europe,2022-03-28,4524665.0,11305.0,,3959745.51,863.7824266177353,2.158184160134175,722779.5510204082,1695.2448979591838,965.877014415564,2.265418381624635,722779.5428571429,966.4053485714286,1695.2449142857145,2.2666575714285715,,,,,,,,,615064.5114285714,822.3835914285713,89300.47714285714,0.011940088328571427,,,181201235.0,1819630.0,242278.36,2432.969,,,1265036400.0,508796770.0,487226980.0,292391919.0,169.14407,68.02963,65.1456,39.09481,,,,,OWID_EUR,,748314268.0,33.80024719238281,41.92599868774414,78.18270111083984,,,,,,,regional_reference,2020-2022,2022,1,3,13
Europe,2022-04-04,3567064.0,10297.0,,4175341.74,680.9713421481514,1.9657516405927997,594292.0408163265,1554.7551020408162,794.1744080393862,2.0776766774689053,594292.0457142858,794.60881,1554.7550857142855,2.0788131857142855,,,,,,,,,590820.5071428571,789.9676614285714,55654.57814285714,0.007441400228571428,,,184768299.0,1829927.0,247047.77,2446.7366,,,1269211800.0,509275520.0,487745630.0,294489996.0,169.70235,68.09364,65.21494,39.37534,,,,,OWID_EUR,,748314268.0,33.80024719238281,41.92599868774414,78.18270111083984,,,,,,,regional_reference,2020-2022,2022,2,4,14
Europe,2022-04-11,2890907.0,9162.0,,3099268.659999999,551.8894025494036,1.7490741508314298,480233.9183673469,1404.9795918367347,641.7543255601094,1.8775261302871942,480233.92,642.1053642857142,1404.9796285714287,1.8785531,,,,,,,,,516479.64428571425,690.5688514285714,73741.88142857143,0.009859797,,,187659206.0,1839089.0,250913.11,2458.9868,,,1272311000.0,509762200.0,488223740.0,295871310.0,170.11674,68.158714,65.27888,39.56003,,,,,OWID_EUR,,748314268.0,33.80024719238281,41.92599868774414,78.18270111083984,,,,,,,regional_reference,2020-2022,2022,2,4,15
Europe,2022-04-18,2408017.0,7911.0,,3869245.98,459.7031531830001,1.5102516489006155,389405.3265306122,1216.0408163265306,520.376722966095,1.6250402649365632,389405.33142857143,520.6613614285715,1216.0408285714286,1.6259291571428574,,,,,,,,,482530.1685714285,645.1760557142858,68628.15285714286,0.009176056428571428,,,190067223.0,1847000.0,254132.78,2469.5645,,,1276180200.0,510342180.0,488755330.0,297419685.0,170.6341,68.23626,65.34995,39.76706,,,,,OWID_EUR,,748314268.0,33.80024719238281,41.92599868774414,78.18270111083984,,,,,,,regional_reference,2020-2022,2022,2,4,16
Europe,2022-04-25,1978717.0,6795.0,,3331671.65,377.74751762832506,1.2972013594083787,329571.97959183675,1056.265306122449,440.4192111326103,1.4115263483422564,329571.98285714287,440.66011714285713,1056.2653142857143,1.4122984571428572,,,,,,,,,515604.1557142857,689.3982171428571,87510.46285714286,0.011700751285714284,,,192045940.0,1853795.0,256778.47,2478.65,,,1279511900.0,510900100.0,489265900.0,298975448.0,171.07956,68.31086,65.41821,39.975075,,,,,OWID_EUR,,748314268.0,33.80024719238281,41.92599868774414,78.18270111083984,,,,,,,regional_reference,2020-2022,2022,2,4,17
Europe,2022-05-02,1587282.0,5871.0,,2611294.3999999994,303.0205103994776,1.1208048831621178,265183.89795918367,918.5918367346939,354.3750390700604,1.227548205368033,265183.90857142856,354.56888,918.5918428571429,1.2282196714285714,,,,,,,,,414797.3528571428,554.6126142857144,55316.80699999999,0.007396237857142857,,,193633222.0,1859666.0,258900.77,2486.4998,,,1282123300.0,511188770.0,489564220.0,300388956.0,171.4287,68.34946,65.45811,40.16407,,,,,OWID_EUR,,748314268.0,33.80024719238281,41.92599868774414,78.18270111083984,,,,,,,regional_reference,2020-2022,2022,2,5,18
Europe,2022-05-09,1454310.0,5005.0,,2435797.69,277.6354538633111,0.955480913000579,219478.65306122447,773.6938775510205,293.29743190360296,1.0339157097977718,219478.65142857144,293.45786428571427,773.6938857142858,1.03448125,,,,,,,,,359528.4157142857,480.71423714285714,37100.34357142857,0.004960571457142857,,,195087532.0,1864671.0,260845.28,2493.1917,,,1284559100.0,511425100.0,489840860.0,301807841.0,171.75438,68.38106,65.495094,40.353786,,,,,OWID_EUR,,748314268.0,33.80024719238281,41.92599868774414,78.18270111083984,,,,,,,regional_reference,2020-2022,2022,2,5,19
Europe,2022-05-16,1177817.0,4305.0,,2274211.61,224.8514810205001,0.821847218874624,196599.38775510204,676.7755102040817,262.7230244861535,0.904400115225494,196599.39142857143,262.8667385714286,676.7755,0.9048948228571428,,,,,,,,,335709.65714285715,448.8669157142857,33390.74971428571,0.004464572914285715,,,196265349.0,1868976.0,262420.1,2498.9478,,,1286833300.0,511647260.0,490093540.0,303162141.0,172.05846,68.41076,65.52888,40.534866,,,,,OWID_EUR,,748314268.0,33.80024719238281,41.92599868774414,78.18270111083984,,,,,,,regional_reference,2020-2022,2022,2,5,20
Europe,2022-05-23,887282.0,3504.0,,1900506.4,169.38681627352247,0.6689320917390668,156286.32653061225,570.5510204081633,208.85119155660982,0.7624484054447601,156286.32714285716,208.96543714285716,570.55102,0.7628654585714285,,,,,,,,,297692.35000000003,398.03517,28965.283,0.003872857728571429,,,197152631.0,1872480.0,263606.47,2503.6328,,,1288733800.0,511832450.0,490442340.0,304139251.0,172.31258,68.435524,65.575516,40.665512,,,,,OWID_EUR,,748314268.0,33.80024719238281,41.92599868774414,78.18270111083984,,,,,,,regional_reference,2020-2022,2022,2,5,21
Europe,2022-05-30,948760.0,3094.0,,1944329.0600000003,181.12329091277311,0.5906609280367217,126039.42857142857,461.87755102040813,168.43114445524455,0.617224033767064,126039.42714285714,168.52327571428572,461.87755000000004,0.6175616528571428,,,,,,,,,287396.6542857143,384.2690985714286,28036.329142857143,0.0037486502142857142,,,198101391.0,1875574.0,264875.0,2507.7698,,,1290678100.0,512029220.0,490924160.0,305128473.0,172.57254,68.46183,65.63994,40.797775,,,,,OWID_EUR,,748314268.0,33.80024719238281,41.92599868774414,78.18270111083984,,,,,,,regional_reference,2020-2022,2022,2,5,22
Europe,2022-06-06,1119230.0,2966.0,,1558184.6099999999,213.66691353798964,0.566225052539404,142329.89795918367,435.0816326530612,190.20070048855953,0.5814156581778029,142329.89428571428,190.30474142857142,435.0816357142857,0.5817336828571429,,,,,,,,,219153.66714285713,293.02353714285715,20640.52957142857,0.002759780857142857,,,199220621.0,1878540.0,266371.5,2511.7356,,,1292236300.0,512157440.0,491082720.0,306124985.0,172.78088,68.47897,65.66114,40.93102,,,,,OWID_EUR,,748314268.0,33.80024719238281,41.92599868774414,78.18270111083984,,,,,,,regional_reference,2020-2022,2022,2,6,23
Europe,2022-06-13,1454133.0,3011.0,,2387109.08,277.601663629225,0.5748157900189297,172909.14285714287,414.93877551020404,231.06487508152506,0.5544980140752891,172909.14285714287,231.19126285714285,414.93877285714285,0.5548013228571429,,,,,,,,,291291.66285714286,389.47700142857144,44234.66442857143,0.0059144792,,,200674754.0,1881551.0,268315.78,2515.7615,,,1294623400.0,512703550.0,491516830.0,307295277.0,173.10005,68.551994,65.719185,41.087494,,,,,OWID_EUR,,748314268.0,33.80024719238281,41.92599868774414,78.18270111083984,,,,,,,regional_reference,2020-2022,2022,2,6,24
Europe,2022-06-20,2047506.0,3318.0,,2173161.58,390.87970075008263,0.6334237101570273,232313.89795918367,449.0408163265306,310.449643810859,0.6000698309904874,232313.89714285714,310.61946,449.0408171428571,0.6003980642857142,,,,,,,,,315644.2957142857,422.03815714285713,59928.976428571434,0.008012916642857143,,,202722260.0,1884869.0,271053.44,2520.1978,,,1296796500.0,512976830.0,491890940.0,308516784.0,173.39062,68.58853,65.7692,41.250816,,,,,OWID_EUR,,748314268.0,33.80024719238281,41.92599868774414,78.18270111083984,,,,,,,regional_reference,2020-2022,2022,2,6,25
Europe,2022-06-27,2716137.0,3869.0,,2139892.59,518.524887231699,0.7386125179618862,320589.7346938775,505.26530612244903,428.4159054600273,0.6752046937082438,320589.73142857145,428.65025285714285,505.26529571428574,0.6755740328571429,,,,,,,,,336343.16571428574,449.7139585714286,41123.83114285715,0.0054985392285714285,,,205438397.0,1888738.0,274685.1,2525.3708,,,1298936400.0,513171620.0,492192200.0,309885075.0,173.67674,68.61458,65.80949,41.43377,,,,,OWID_EUR,,748314268.0,33.80024719238281,41.92599868774414,78.18270111083984,,,,,,,regional_reference,2020-2022,2022,2,6,26
Europe,2022-07-04,3129821.0,4578.0,,2041277.924,597.4993459757014,0.8739643595837465,412848.02040816325,579.0612244897959,551.7040607973056,0.7738209055367037,412848.01714285713,552.0058471428572,579.0612285714286,0.7742441871428571,,,,,,,,,287898.02714285714,384.9394914285714,17744.603285714285,0.0023725755714285716,,,208568218.0,1893316.0,278869.88,2531.4922,,,1300977700.0,513287740.0,492371460.0,311408913.0,173.94968,68.630104,65.83345,41.637516,,,,,OWID_EUR,,748314268.0,33.80024719238281,41.92599868774414,78.18270111083984,,,,,,,regional_reference,2020-2022,2022,3,7,27
Europe,2022-07-11,2984646.0,5853.0,,2436014.3499999996,569.7846723403649,1.1173685881703075,453698.0,721.4897959183673,606.2933975755758,0.9641534670275282,453698.0057142857,606.6250314285714,721.4898142857144,0.964680857142857,,,,,,,,,332728.0528571429,444.88030142857144,26032.928571428572,0.003480781742857143,,,211552864.0,1899169.0,282860.53,2539.3179,,,1303413800.0,513486100.0,492577300.0,313187404.0,174.27539,68.65663,65.86098,41.875313,,,,,OWID_EUR,,748314268.0,33.80024719238281,41.92599868774414,78.18270111083984,,,,,,,regional_reference,2020-2022,2022,3,7,28
Europe,2022-07-18,2488725.0,6660.0,,2657238.39,475.11073630516813,1.2714291469698014,401420.3265306122,879.9591836734695,536.4328113153285,1.175921963943455,401420.33142857143,536.7262414285714,879.9591714285714,1.176565157142857,,,,,,,,,374097.94428571424,500.1947057142857,29562.604,0.0039527236428571425,,,214041589.0,1905829.0,286188.12,2548.223,,,1306070900.0,513681860.0,492898500.0,315124917.0,174.63068,68.6828,65.90392,42.13437,,,,,OWID_EUR,,748314268.0,33.80024719238281,41.92599868774414,78.18270111083984,,,,,,,regional_reference,2020-2022,2022,3,7,29
Europe,2022-07-25,1967146.0,6703.0,,3232030.0700000003,375.53855266442304,1.2796380738946813,336042.9591836735,972.1632653061224,449.0666202073184,1.2991376843640805,336042.96,449.3122557142857,972.1632714285714,1.2998482857142857,,,,,,,,,428122.4328571428,572.4291628571428,45660.52957142857,0.006105126985714285,,,216008735.0,1912532.0,288818.34,2557.185,,,1309303000.0,514090850.0,493104220.0,317568202.0,175.06282,68.73749,65.93143,42.461056,,,,,OWID_EUR,,748314268.0,33.80024719238281,41.92599868774414,78.18270111083984,,,,,,,regional_reference,2020-2022,2022,3,7,30
Europe,2022-08-01,1551343.0,5955.0,,2829340.74,296.15956563777365,1.1368409264572323,265812.306122449,931.734693877551,355.2148041128209,1.24511149088173,265812.30571428576,355.4091042857143,931.7347,1.2457925571428572,,,,,,,,,423810.3442857143,566.66361,49467.749285714286,0.006614178514285715,,,217560078.0,1918487.0,290892.6,2565.1475,,,1312132400.0,514421570.0,493399800.0,319573179.0,175.44113,68.78171,65.97095,42.729134,,,,,OWID_EUR,,748314268.0,33.80024719238281,41.92599868774414,78.18270111083984,,,,,,,regional_reference,2020-2022,2022,3,8,31
Europe,2022-08-08,1313375.0,5490.0,,2465946.31,250.73021860382326,1.0480699725021336,211819.85714285713,833.3265306122449,283.0626999923208,1.1136050269888005,211819.85714285713,283.21752857142855,833.3265285714286,1.1142141571428572,,,,,,,,,350732.94428571436,468.9540914285714,41615.28757142857,0.005564250414285715,,,218873453.0,1923977.0,292648.66,2572.4878,,,1314598300.0,514796960.0,493571420.0,321335685.0,175.77084,68.8319,65.9939,42.964794,,,,,OWID_EUR,,748314268.0,33.80024719238281,41.92599868774414,78.18270111083984,,,,,,,regional_reference,2020-2022,2022,3,8,32
Europe,2022-08-15,1191861.0,4738.0,,1893935.8199999998,227.5325547352214,0.9045092039553934,181596.7551020408,746.1224489795919,242.67445225572098,0.9970709912744729,181596.75714285715,242.80719285714284,746.1224428571429,0.9976163942857142,,,,,,,,,296548.87142857147,396.5062442857143,47807.09085714286,0.006392137214285714,,,220065314.0,1928715.0,294242.28,2578.823,,,1316492200.0,515030980.0,493846180.0,322575214.0,176.02408,68.86319,66.03063,43.130527,,,,,OWID_EUR,,748314268.0,33.80024719238281,41.92599868774414,78.18270111083984,,,,,,,regional_reference,2020-2022,2022,3,8,33
Europe,2022-08-22,1156689.0,4237.0,,2322866.49,220.81803432122413,0.808865660016674,172020.8367346939,667.1836734693878,229.87779879494946,0.8915821894623922,172020.83428571429,230.00354285714283,667.1836714285715,0.8920698857142858,,,,,,,,,342053.1871428572,457.3486628571428,56882.49657142857,0.0076055813,,,221222003.0,1932952.0,295788.84,2584.488,,,1318815100.0,515505540.0,494089760.0,324216044.0,176.33466,68.926636,66.0632,43.34992,,,,,OWID_EUR,,748314268.0,33.80024719238281,41.92599868774414,78.18270111083984,,,,,,,regional_reference,2020-2022,2022,3,8,34
Europe,2022-08-29,1095595.0,3858.0,,2909417.5100000002,209.15486730846538,0.7365125599113355,163142.9387755102,580.9591836734694,218.01393579135953,0.7763572185068492,163142.94285714283,218.13318857142858,580.9591857142857,0.7767818814285714,,,,,,,,,396372.3142857143,529.9770728571428,91445.92285714285,0.012226948999999999,,,222317598.0,1936810.0,297253.72,2589.6465,,,1321724500.0,516107870.0,494981540.0,325649586.0,176.72366,69.00717,66.18244,43.54159,,,,,OWID_EUR,,748314268.0,33.80024719238281,41.92599868774414,78.18270111083984,,,,,,,regional_reference,2020-2022,2022,3,8,35
Europe,2022-09-05,1093847.0,3357.0,,1620681.17,208.82116488370517,0.6408690159726161,154807.5306122449,520.3469387755102,206.87502194231166,0.6953588365570357,154807.5342857143,206.9881842857143,520.3469342857143,0.6957391885714286,,,,,,,,,269617.0542857143,360.49656,30562.690428571426,0.004086442142857143,,,223411445.0,1940167.0,298716.28,2594.135,,,1323345200.0,516219740.0,495097120.0,326918405.0,176.94035,69.02213,66.19789,43.711243,,,,,OWID_EUR,,748314268.0,33.80024719238281,41.92599868774414,78.18270111083984,,,,,,,regional_reference,2020-2022,2022,3,9,36
Europe,2022-09-12,1276821.0,3308.0,,3262318.66,243.75186709656592,0.6315146573837993,162984.7551020408,474.2857142857143,217.80254910499823,0.6338055207116723,162984.7542857143,217.92168714285714,474.2857185714286,0.6341522028571429,,,,,,,,,374496.08,500.72703714285717,35407.40157142857,0.004734213199999999,,,224688266.0,1943475.0,300423.47,2598.558,,,1326607500.0,516618400.0,495284830.0,329269289.0,177.37656,69.07544,66.22299,44.02557,,,,,OWID_EUR,,748314268.0,33.80024719238281,41.92599868774414,78.18270111083984,,,,,,,regional_reference,2020-2022,2022,3,9,37
Europe,2022-09-19,1421411.0,3447.0,,4071249.4600000004,271.3548611446685,0.6580504909316675,187426.7142857143,468.55102040816325,250.46524207889925,0.6261420374362858,187426.7142857143,250.6022485714286,468.55102,0.6264845228571428,,,,,,,,,532232.39,711.6313571428572,66809.15285714286,0.008932843642857142,,,226109677.0,1946922.0,302324.0,2603.167,,,1330678800.0,517103700.0,495514530.0,331987968.0,177.92091,69.14033,66.2537,44.389076,,,,,OWID_EUR,,748314268.0,33.80024719238281,41.92599868774414,78.18270111083984,,,,,,,regional_reference,2020-2022,2022,3,9,38
Europe,2022-09-26,1732218.0,4096.0,,3920128.1700000004,330.6895576735339,0.7819480159141603,211756.16326530612,518.1020408163265,282.9775835108173,0.6923588964848203,211756.1628571429,283.1323742857143,518.1020471428571,0.6927376157142857,,,,,,,,,569640.6900000001,761.6487928571429,65778.376,0.008795021485714287,,,227841895.0,1951018.0,304640.1,2608.6436,,,1334598900.0,517563680.0,495619620.0,334343343.0,178.44505,69.20183,66.26775,44.704006,,,,,OWID_EUR,,748314268.0,33.80024719238281,41.92599868774414,78.18270111083984,,,,,,,regional_reference,2020-2022,2022,3,9,39
Europe,2022-10-03,1923146.0,5136.0,,4221777.100000001,367.13872046222014,0.9804895043298648,250717.81632653062,632.6530612244898,335.04347978906986,0.8454376567152257,250717.82,335.2267428571428,632.6530428571429,0.84590009,,,,,,,,,604727.1128571428,808.56178,51182.465000000004,0.0068434478714285716,,,229765041.0,1956154.0,307211.47,2615.5107,,,1338820600.0,517766600.0,496048540.0,336502716.0,179.00954,69.22896,66.3251,44.99273,,,,,OWID_EUR,,748314268.0,33.80024719238281,41.92599868774414,78.18270111083984,,,,,,,regional_reference,2020-2022,2022,4,10,40
Europe,2022-10-10,1885456.0,5795.0,,5434707.300000001,359.943500559924,1.1062960820855854,270622.16326530615,767.3673469387755,361.642393895002,1.0254613332306195,270622.16000000003,361.84020999999996,767.3673428571428,1.0260222428571428,,,,,,,,,641546.3085714286,857.7915671428572,28836.039285714283,0.003855577071428571,,,231650497.0,1961949.0,309732.44,2623.259,,,1344255400.0,518136350.0,496157120.0,339169079.0,179.73619,69.2784,66.33962,45.34924,,,,,OWID_EUR,,748314268.0,33.80024719238281,41.92599868774414,78.18270111083984,,,,,,,regional_reference,2020-2022,2022,4,10,41
Europe,2022-10-17,1593333.0,5898.0,,5401111.699999999,304.1756782325578,1.125959325649833,255937.57142857142,835.6530612244898,342.01883135625496,1.1167140557909145,255937.56857142856,342.2059214285714,835.6530571428572,1.1173248857142857,,,,,,,,,851831.1771428572,1138.9569,51923.78857142857,0.0069425679714285714,,,233243830.0,1967847.0,311862.84,2631.145,,,1349656400.0,518315650.0,496247400.0,341551745.0,180.45836,69.30237,66.35169,45.66782,,,,,OWID_EUR,,748314268.0,33.80024719238281,41.92599868774414,78.18270111083984,,,,,,,regional_reference,2020-2022,2022,4,10,42
Europe,2022-10-24,1150113.0,5221.0,,4862783.76,219.56264121754944,0.9967164529023024,210436.14285714287,820.3265306122448,281.21359147617216,1.0962326467524262,210436.14571428573,281.36741,820.3265285714286,1.0968322914285715,,,,,,,,,707395.9285714285,945.8370571428571,15016.894357142857,0.0020078621285714283,,,234393943.0,1973068.0,313400.62,2638.126,,,1354519300.0,518436740.0,496323400.0,344118350.0,181.10855,69.31856,66.361855,46.01099,,,,,OWID_EUR,,748314268.0,33.80024719238281,41.92599868774414,78.18270111083984,,,,,,,regional_reference,2020-2022,2022,4,10,43
Europe,2022-10-31,847944.0,4270.0,,3856869.94,161.87698447419842,0.8151655341683262,151414.61224489796,692.0,202.34093978934789,0.9247451633516087,151414.61714285714,202.45161857142855,691.9999857142857,0.925251,,,,,,,,,586662.0414285715,784.40752,23563.15657142857,0.0031505562285714284,,,235241887.0,1977338.0,314534.38,2643.8352,,,1358376200.0,518632540.0,496573900.0,345729450.0,181.62424,69.34474,66.39535,46.226406,,,,,OWID_EUR,,748314268.0,33.80024719238281,41.92599868774414,78.18270111083984,,,,,,,regional_reference,2020-2022,2022,4,10,44
Europe,2022-11-07,789412.0,3893.0,,3783917.0,150.70291678194067,0.7431942446176333,119927.91836734695,591.5714285714286,160.26410760264554,0.7905387533936855,119927.91857142858,160.35177285714286,591.5714285714286,0.7909711885714286,,,,,,,,,570354.5014285714,762.6032185714286,27820.778714285716,0.003719829642857143,,,236031299.0,1981231.0,315589.88,2649.0403,,,1362160000.0,518798270.0,496851650.0,347462541.0,182.13017,69.3669,66.43249,46.458134,,,,,OWID_EUR,,748314268.0,33.80024719238281,41.92599868774414,78.18270111083984,,,,,,,regional_reference,2020-2022,2022,4,11,45
Europe,2022-11-14,864341.0,3763.0,,3187569.62,165.00725830646024,0.7183765585656702,116076.7755102041,546.3265306122449,155.11768313657765,0.7300763248473094,116076.77571428572,155.20253285714287,546.3265142857143,0.7304756657142857,,,,,,,,,468175.77714285714,625.9832357142857,22970.625571428573,0.0030713307571428572,,,236895640.0,1984994.0,316745.56,2654.0718,,,1365347600.0,519125250.0,496963520.0,349031676.0,182.55638,69.41062,66.44744,46.66794,,,,,OWID_EUR,,748314268.0,33.80024719238281,41.92599868774414,78.18270111083984,,,,,,,regional_reference,2020-2022,2022,4,11,46
Europe,2022-11-21,938928.0,3713.0,,3223873.7199999997,179.2463102261354,0.7088312946995305,125885.81632653062,530.1836734693877,168.22586673775754,0.7085040285098338,125885.81857142856,168.31788714285716,530.1836857142856,0.7088915699999999,,,,,,,,,475270.82285714283,635.4697928571429,104267.09442857142,0.013941228428571428,,,237834568.0,1988707.0,318000.97,2659.0364,,,1368571500.0,519926200.0,497140220.0,350666074.0,182.98743,69.517715,66.47107,46.886467,,,,,OWID_EUR,,748314268.0,33.80024719238281,41.92599868774414,78.18270111083984,,,,,,,regional_reference,2020-2022,2022,4,11,47
Europe,2022-11-28,1064063.0,4013.0,,2774495.9599999995,203.1352421039231,0.7661028778963683,137850.10204081633,541.6122448979592,184.21418371354144,0.7237764506956571,137850.10285714286,184.31494999999998,541.6122428571429,0.7241723614285714,,,,,,,,,412759.8085714286,551.8882714285714,60058.95028571429,0.008030294942857143,,,238898631.0,1992720.0,319423.7,2664.4019,,,1371346000.0,520151940.0,497259780.0,352131576.0,183.3584,69.54789,66.48705,47.082417,,,,,OWID_EUR,,748314268.0,33.80024719238281,41.92599868774414,78.18270111083984,,,,,,,regional_reference,2020-2022,2022,4,11,48
Europe,2022-12-05,1113874.0,4496.0,,2319837.08,212.64442487264873,0.8583101268432775,153260.2857142857,597.8571428571429,204.80738142799342,0.7989385855958883,153260.28857142857,204.91940714285715,597.8571428571429,0.7993755871428572,,,,,,,,,355099.94,474.79307571428575,21062.96185714286,0.0028162628857142857,,,240012505.0,1997216.0,320913.03,2670.4133,,,1373665800.0,520233500.0,497326980.0,353584153.0,183.66858,69.5588,66.49604,47.276634,,,,,OWID_EUR,,748314268.0,33.80024719238281,41.92599868774414,78.18270111083984,,,,,,,regional_reference,2020-2022,2022,4,12,49
Europe,2022-12-12,1090377.0,5208.0,,2732276.4499999997,208.15872357139506,0.994234684297106,158157.73469387754,669.734693877551,211.3520234173559,0.894991212271728,158157.73428571428,211.46763285714286,669.7347,0.8954807542857143,,,,,,,,,395093.22857142857,528.2668514285714,41781.065,0.005586415928571428,,,241102882.0,2002424.0,322370.94,2677.377,,,1376398100.0,520555170.0,497659520.0,355117989.0,184.0339,69.60181,66.540504,47.48172,,,,,OWID_EUR,,748314268.0,33.80024719238281,41.92599868774414,78.18270111083984,,,,,,,regional_reference,2020-2022,2022,4,12,50
Europe,2022-12-19,954795.0,5946.0,,1711783.6600000001,182.27540426141618,1.1351227789613272,150211.95918367346,791.734693877551,200.73379007611473,1.058024319105393,150211.96,200.8435857142857,791.7347,1.058603057142857,,,,,,,,,277258.6814285714,370.7139457142857,15911.588928571427,0.002127489028571429,,,242057677.0,2008370.0,323647.56,2685.3271,,,1378110000.0,520646000.0,497990530.0,356103096.0,184.26277,69.61396,66.58476,47.613434,,,,,OWID_EUR,,748314268.0,33.80024719238281,41.92599868774414,78.18270111083984,,,,,,,regional_reference,2020-2022,2022,4,12,51
Europe,2022-12-26,681641.0,5761.0,,1105337.52,130.12886413958594,1.0998053026566106,126588.10204081633,851.5918367346939,169.16435708107642,1.1380136303036434,126588.10285714285,169.25688714285712,851.5918428571429,1.1386361285714286,,,,,,,,,193821.88142857142,259.1531942857143,13341.713857142857,0.0017838789142857142,,,242739318.0,2014131.0,324558.94,2693.03,,,1379215200.0,520723260.0,498155330.0,356747921.0,184.41057,69.62428,66.6068,47.699654,,,,,OWID_EUR,,748314268.0,33.80024719238281,41.92599868774414,78.18270111083984,,,,,,,regional_reference,2020-2022,2022,4,12,52
Europe,2023-01-02,518075.0,5395.0,,1284160.9699999997,98.903251549006,1.0299339711564683,92739.51020408164,822.9183673469388,123.93123340003139,1.0996962139267115,92739.50714285715,123.99902342857142,822.9183857142858,1.1002977428571428,,,,,,,,,160853.01285714286,215.07154714285713,12051.903,0.0016114223857142858,,,243257393.0,2019526.0,325251.66,2700.2434,,,1380499300.0,520844670.0,498242900.0,357535707.0,184.58228,69.64052,66.61851,47.804985,,,,,OWID_EUR,,748314268.0,33.80024719238281,41.92599868774414,78.18270111083984,,,,,,,regional_reference,2023-2026,2023,1,1,1
Europe,2023-01-09,375959.0,4561.0,,1330685.2539999997,71.77255715699995,0.870718969869259,67735.44897959183,739.5918367346939,90.51738270423014,0.9883438928825737,67735.45,90.56689371428571,739.5918285714287,0.9888845085714285,,,,,,,,,196984.48285714284,263.38181142857144,20210.43457142857,0.002702274228571429,,,243633352.0,2024087.0,325754.34,2706.3418,,,1381830000.0,520956350.0,498326400.0,358239478.0,184.7602,69.65545,66.62967,47.899082,,,,,OWID_EUR,,748314268.0,33.80024719238281,41.92599868774414,78.18270111083984,,,,,,,regional_reference,2023-2026,2023,1,1,2
Europe,2023-01-16,280992.0,3627.0,,1098401.82,53.64285568548626,0.6924134408497703,48456.42857142857,588.4081632653061,64.75411554150479,0.7863115651101094,48456.42857142857,64.78953571428572,588.4081714285714,0.78674167,,,,,,,,,170839.78,228.42454285714285,12433.819857142857,0.0016624873142857142,,,243914344.0,2027714.0,326130.03,2711.1914,,,1382928500.0,521056400.0,498373020.0,358777767.0,184.90706,69.66882,66.6359,47.971058,,,,,OWID_EUR,,748314268.0,33.80024719238281,41.92599868774414,78.18270111083984,,,,,,,regional_reference,2023-2026,2023,1,1,3
Europe,2023-01-23,276336.0,2857.0,,929470.4799999999,52.754000714271335,0.5454163773112197,39412.69387755102,463.85714285714283,52.66863878312557,0.6198694354671085,39412.69357142857,52.697449,463.8571414285715,0.6202084942857143,,,,,,,,,139072.80571428573,185.9499142857143,16986.744142857144,0.0022712446428571433,,,244190680.0,2030571.0,326499.53,2715.0112,,,1383857900.0,521174720.0,498422080.0,359156114.0,185.03133,69.68465,66.64246,48.021645,,,,,OWID_EUR,,748314268.0,33.80024719238281,41.92599868774414,78.18270111083984,,,,,,,regional_reference,2023-2026,2023,1,1,4
Europe,2023-01-30,308584.0,2759.0,,1212958.316,58.91031409737676,0.5267076601335859,41601.510204081635,406.734693877551,55.59363489790046,0.543534596720466,41601.51,55.624044857142856,406.7346871428572,0.5438319171428571,,,,,,,,,140635.055,188.0387557142857,17222.95742857143,0.002302827914285714,,,244499264.0,2033330.0,326912.12,2718.7002,,,1385070800.0,521336030.0,498607870.0,359665583.0,185.19351,69.706215,66.667305,48.089764,,,,,OWID_EUR,,748314268.0,33.80024719238281,41.92599868774414,78.18270111083984,,,,,,,regional_reference,2023-2026,2023,1,1,5
Europe,2023-02-06,332423.0,2439.0,,1106572.97,63.46130500347483,0.46561797139029215,45963.9387755102,365.3265306122449,61.42330935150658,0.4881993384793307,45963.93928571429,61.456906714285715,365.32653,0.4884663785714286,,,,,,,,,182567.47,244.10527857142856,34072.49585714286,0.004555727171428571,,,244831687.0,2035769.0,327356.6,2721.9614,,,1386177500.0,521601250.0,498852320.0,359965483.0,185.34148,69.74168,66.69999,48.129864,,,,,OWID_EUR,,748314268.0,33.80024719238281,41.92599868774414,78.18270111083984,,,,,,,regional_reference,2023-2026,2023,1,2,6
Europe,2023-02-13,389621.0,2660.0,,645042.158,74.38070505578393,0.5078080376786295,50771.795918367345,350.7142857142857,67.84822645980518,0.4686724558274565,50771.79571428571,67.88533914285715,350.71428000000003,0.4689288142857143,,,,,,,,,119803.18785714285,160.18510999999998,25622.81,0.0034259461,,,245221308.0,2038429.0,327877.53,2725.518,,,1386822500.0,521688320.0,498937700.0,360173593.0,185.42772,69.75332,66.7114,48.15769,,,,,OWID_EUR,,748314268.0,33.80024719238281,41.92599868774414,78.18270111083984,,,,,,,regional_reference,2023-2026,2023,1,2,7
Europe,2023-02-20,421171.0,2604.0,,491028.13800000004,80.40376655531806,0.497117342148553,57402.77551020408,379.83673469387753,76.70944944511477,0.5075898602188317,57402.775,76.75141071428571,379.8367357142857,0.5078675114285714,,,,,,,,,74570.12357142857,99.70538785714287,7662.568628571428,0.0010245381714285714,,,245642479.0,2041033.0,328440.7,2728.9998,,,1387313500.0,521741570.0,498970340.0,360340457.0,185.49336,69.76044,66.71577,48.18,,,,,OWID_EUR,,748314268.0,33.80024719238281,41.92599868774414,78.18270111083984,,,,,,,regional_reference,2023-2026,2023,1,2,8
Europe,2023-02-27,396218.0,2659.0,,572880.288,75.64010717028239,0.5076171324013067,59273.08163265306,380.9591836734694,79.20880860800727,0.5090898302549393,59273.08214285714,79.25213571428571,380.9591814285714,0.5093683071428571,,,,,,,,,72362.053,96.75304514285713,10419.970542857143,0.001393221822857143,,,246038697.0,2043692.0,328970.44,2732.555,,,1387886500.0,521871740.0,499002620.0,360478802.0,185.56996,69.77785,66.720085,48.198498,,,,,OWID_EUR,,748314268.0,33.80024719238281,41.92599868774414,78.18270111083984,,,,,,,regional_reference,2023-2026,2023,1,2,9
Europe,2023-03-06,360507.0,2738.0,,774963.3879999998,68.82268881180813,0.5226986493098073,55844.5306122449,388.87755102040813,74.62710922444272,0.5196714370551169,55844.53142857143,74.66792985714287,388.8775485714286,0.51995569,,,,,,,,,101986.17542857143,136.36253428571428,30755.29,0.004112193871428571,,,246399204.0,2046430.0,329452.47,2736.2158,,,1388661400.0,522109820.0,499051200.0,360713457.0,185.67358,69.80968,66.726585,48.229874,,,,,OWID_EUR,,748314268.0,33.80024719238281,41.92599868774414,78.18270111083984,,,,,,,regional_reference,2023-2026,2023,1,3,10
Europe,2023-03-13,365349.0,3030.0,,643043.3319999999,69.74705216460511,0.5784429902880629,51526.040816326524,405.06122448979596,68.85615177970458,0.5412982777575418,51526.04142857143,68.89381414285715,405.0612257142857,0.5415943714285715,,,,,,,,,99820.17357142856,133.46644142857141,18330.237142857142,0.0024508789485714285,,,246764553.0,2049460.0,329940.97,2740.267,,,1389304400.0,522155780.0,499077380.0,361010529.0,185.75957,69.81583,66.73008,48.269592,,,,,OWID_EUR,,748314268.0,33.80024719238281,41.92599868774414,78.18270111083984,,,,,,,regional_reference,2023-2026,2023,1,3,11
Europe,2023-03-20,346224.0,2906.0,,743066.306,66.09598873580669,0.5547707359000366,50619.87755102041,428.5510204081633,67.64521233346363,0.572688559785904,50619.87714285714,67.68221514285715,428.5510271428571,0.5730018171428571,,,,,,,,,109862.49057142857,146.89370857142856,20586.850000000002,0.0027526035714285713,,,247110777.0,2052366.0,330403.88,2744.1528,,,1390047500.0,522329340.0,499200580.0,361123216.0,185.85892,69.83903,66.74655,48.28466,,,,,OWID_EUR,,748314268.0,33.80024719238281,41.92599868774414,78.18270111083984,,,,,,,regional_reference,2023-2026,2023,1,3,12
Europe,2023-03-27,298264.0,2749.0,,470747.611,56.94017163540554,0.524798607360358,46596.30612244898,413.38775510204084,62.26836519766716,0.5524253282072132,46596.305714285714,62.30242585714286,413.38776285714283,0.5527275114285715,,,,,,,,,74383.70871428572,99.45613842857144,11046.775585714287,0.0014770299442857144,,,247409041.0,2055115.0,330802.7,2747.8284,,,1390518300.0,522376640.0,499230140.0,361276358.0,185.92186,69.84535,66.75051,48.305134,,,,,OWID_EUR,,748314268.0,33.80024719238281,41.92599868774414,78.18270111083984,,,,,,,regional_reference,2023-2026,2023,1,3,13
Europe,2023-04-03,246435.0,2401.0,,381643.597,47.04574201704251,0.458363570852026,39488.959183673476,374.0816326530612,52.77055492903347,0.4998991047609705,39488.95857142857,52.79941971428571,374.08163,0.5001725428571429,,,,,,,,,59720.12942857143,79.84992357142858,5839.506114285715,0.0007807821385714286,,,247655476.0,2057516.0,331132.2,2751.0386,,,1390899800.0,522414140.0,499249250.0,361366659.0,185.97289,69.850365,66.75306,48.31721,,,,,OWID_EUR,,748314268.0,33.80024719238281,41.92599868774414,78.18270111083984,,,,,,,regional_reference,2023-2026,2023,2,4,14
Europe,2023-04-10,229134.0,2263.0,,386097.6420000001,43.742889814080854,0.4320186425814806,33521.44897959184,331.2040816326531,44.79595059597585,0.44260024938165793,33521.449,44.82045371428571,331.20408142857144,0.4428423457142857,,,,,,,,,54142.92642857142,72.39281642857142,5181.0680142857145,0.0006927444442857143,,,247884610.0,2059779.0,331438.56,2754.0645,,,1391286000.0,522450400.0,499267420.0,361439619.0,186.0245,69.85521,66.75549,48.326965,,,,,OWID_EUR,,748314268.0,33.80024719238281,41.92599868774414,78.18270111083984,,,,,,,regional_reference,2023-2026,2023,2,4,15
Europe,2023-04-17,213466.0,2353.0,,395731.1499999999,40.75178592898733,0.44920011754053196,32287.73469387755,328.16326530612247,43.14729262101622,0.4385366941929299,32287.734428571428,43.170894714285716,328.1632642857143,0.43877656571428575,,,,,,,,,56251.28614285715,75.21183928571429,5191.558771428571,0.0006941471400000001,,,248098076.0,2062132.0,331723.97,2757.2104,,,1391681700.0,522486530.0,499285570.0,361520783.0,186.07742,69.86005,66.75792,48.33782,,,,,OWID_EUR,,748314268.0,33.80024719238281,41.92599868774414,78.18270111083984,,,,,,,regional_reference,2023-2026,2023,2,4,16
Europe,2023-04-24,181751.0,2068.0,,388743.10599999997,34.69722505869496,0.3947921135035359,28936.816326530614,324.2040816326531,38.66933661958536,0.43324589079284104,28936.816285714285,38.69048857142857,324.20407857142857,0.43348287428571425,,,,,,,,,55568.483714285714,74.2988857142857,5136.426071428571,0.0006867755385714286,,,248279827.0,2064200.0,331967.0,2759.9756,,,1392070400.0,522522850.0,499303500.0,361613235.0,186.1294,69.8649,66.760315,48.350178,,,,,OWID_EUR,,748314268.0,33.80024719238281,41.92599868774414,78.18270111083984,,,,,,,regional_reference,2023-2026,2023,2,4,17
Europe,2023-05-01,147117.0,1882.0,,403904.75999999995,28.08541168389734,0.35928373192149643,23933.73469387755,281.0204081632653,31.98353381373393,0.3755379526764081,23933.734714285714,32.00102871428572,281.02040857142856,0.3757433728571429,,,,,,,,,57675.069,77.11553714285715,5349.6452714285715,0.0007152843657142856,,,248426944.0,2066082.0,332163.7,2762.492,,,1392474400.0,522560740.0,499320740.0,361698836.0,186.18341,69.869965,66.76262,48.361626,,,,,OWID_EUR,,748314268.0,33.80024719238281,41.92599868774414,78.18270111083984,,,,,,,regional_reference,2023-2026,2023,2,5,18
Europe,2023-05-08,119133.0,1574.0,,354433.11699999997,22.7431184032963,0.30048490650607623,19564.591836734697,258.0204081632653,26.144886812093624,0.3448022030274385,19564.59185714286,26.159187857142857,258.02041285714284,0.3449908071428571,,,,,,,,,53089.114,70.9838,5287.266799999999,0.0007069439428571429,,,248546077.0,2067656.0,332322.97,2764.5964,,,1392828800.0,522597340.0,499337440.0,361763526.0,186.2308,69.87486,66.764854,48.370274,,,,,OWID_EUR,,748314268.0,33.80024719238281,41.92599868774414,78.18270111083984,,,,,,,regional_reference,2023-2026,2023,2,5,19
Europe,2023-05-15,86707.0,1262.0,,192834.61199999996,16.552823880827415,0.2409224599813648,14913.122448979591,201.14285714285714,19.928956438098535,0.2687946304704922,14913.122571428572,19.939857285714286,201.14285857142858,0.26894165571428574,,,,,,,,,37340.959285714285,49.92743228571429,5071.807842857143,0.0006781356057142858,,,248632784.0,2068918.0,332438.9,2766.284,,,1393021700.0,522631680.0,499353660.0,361823819.0,186.25658,69.87945,66.76702,48.378334,,,,,OWID_EUR,,748314268.0,33.80024719238281,41.92599868774414,78.18270111083984,,,,,,,regional_reference,2023-2026,2023,2,5,20
Europe,2023-05-22,103568.0,1289.0,,453221.47299999994,19.771677761767023,0.24607690246908018,14492.653061224488,192.28571428571428,19.3670676625726,0.256958503276479,14492.653285714287,19.37766142857143,192.28571285714287,0.25709905714285713,,,,,,,,,41239.416142857146,55.13993885714285,5759.180585714285,0.0007700420757142857,,,248736352.0,2070207.0,332577.4,2768.0073,,,1393474800.0,522676860.0,499369470.0,362009173.0,186.31718,69.88549,66.769135,48.40312,,,,,OWID_EUR,,748314268.0,33.80024719238281,41.92599868774414,78.18270111083984,,,,,,,regional_reference,2023-2026,2023,2,5,21
Europe,2023-05-29,74971.0,1085.0,,610982.49,14.312359546167114,0.20713222589523042,13084.04081632653,168.14285714285714,17.484687083804914,0.224695511408927,13084.040857142856,17.494250785714286,168.14285714285714,0.2248184185714286,,,,,,,,,85306.27857142857,114.06036628571428,5625.075814285715,0.0007521113685714286,,,248811323.0,2071292.0,332677.62,2769.458,,,1394085900.0,522711700.0,499384830.0,362276101.0,186.39886,69.89015,66.77119,48.43881,,,,,OWID_EUR,,748314268.0,33.80024719238281,41.92599868774414,78.18270111083984,,,,,,,regional_reference,2023-2026,2023,2,5,22
Europe,2023-06-05,65721.0,989.0,,610665.2039999999,12.54648573093128,0.1888053192722423,10510.163265306122,152.10204081632654,14.04511943009768,0.2032595759838248,10510.163285714285,14.052802,152.10204142857143,0.20337075714285713,,,,,,,,,87226.11857142857,116.62732257142856,4982.4461,0.0006661873371428572,,,248877044.0,2072281.0,332765.5,2770.7805,,,1394696400.0,522746600.0,499400100.0,362543008.0,186.48051,69.89481,66.77323,48.474495,,,,,OWID_EUR,,748314268.0,33.80024719238281,41.92599868774414,78.18270111083984,,,,,,,regional_reference,2023-2026,2023,2,6,23
Europe,2023-06-12,44267.0,756.0,,606328.64,8.450803911248078,0.14432438965603153,7544.7959183673465,121.71428571428571,10.082389499978566,0.16265129627901925,7544.795985714286,10.087904428571429,121.71428714285715,0.1627402657142857,,,,,,,,,86927.00928571427,116.22739571428572,4956.104085714286,0.00066266521,,,248921311.0,2073037.0,332824.7,2771.7913,,,1395302800.0,522781220.0,499411520.0,362809894.0,186.5616,69.899445,66.77476,48.51018,,,,,OWID_EUR,,748314268.0,33.80024719238281,41.92599868774414,78.18270111083984,,,,,,,regional_reference,2023-2026,2023,2,6,24
Europe,2023-06-19,37639.0,611.0,,604136.642,7.185483733152607,0.11664312444422653,6220.081632653061,101.08163265306122,8.312124863364307,0.13507911979711304,6220.081571428571,8.316671357142857,101.08163285714285,0.13515300857142856,,,,,,,,,86293.57485714286,115.38044857142857,4952.152757142858,0.0006621368942857144,,,248958950.0,2073648.0,332875.03,2772.6082,,,1395907000.0,522815870.0,499422700.0,363075803.0,186.64236,69.90408,66.77625,48.545734,,,,,OWID_EUR,,748314268.0,33.80024719238281,41.92599868774414,78.18270111083984,,,,,,,regional_reference,2023-2026,2023,2,6,25
Europe,2023-06-26,22568.0,456.0,,600695.7050000001,4.308350298620793,0.08705280645919362,4847.938775510204,82.34693877551021,6.47847967467888,0.11004325628535246,4847.938728571428,6.482023285714286,82.34693857142858,0.11010344914285715,,,,,,,,,86080.072,115.09497771428572,4942.7186142857145,0.0006608755085714286,,,248981518.0,2074104.0,332905.2,2773.218,,,1396507600.0,522850530.0,499433820.0,363339789.0,186.72269,69.908714,66.77774,48.58103,,,,,OWID_EUR,,748314268.0,33.80024719238281,41.92599868774414,78.18270111083984,,,,,,,regional_reference,2023-2026,2023,2,6,26
Europe,2023-07-03,16123.0,344.0,,636162.7499999999,3.077965786275392,0.0656714153990408,2805.673469387755,55.83673469387755,3.7493251022547054,0.074616691250737,2805.6734285714288,3.7513759714285717,55.836734285714286,0.07465750800000001,,,,,,,,,87812.01,117.41069800000001,5860.767314285715,0.0007836249242857143,,,248997641.0,2074448.0,332926.75,2773.6777,,,1397143800.0,522899900.0,499444800.0,363624826.0,186.80774,69.91531,66.779205,48.61914,,,,,OWID_EUR,,748314268.0,33.80024719238281,41.92599868774414,78.18270111083984,,,,,,,regional_reference,2023-2026,2023,3,7,27
Europe,2023-07-10,16474.0,291.0,,777494.8329999999,3.1449735386156923,0.05555343570093276,2291.3673469387754,43.04081632653061,3.062038831710176,0.05751703283910969,2291.367357142857,3.0637137142857145,43.04081614285714,0.057548494,,,,,,,,,101854.657,136.18668571428572,7809.710728571429,0.0010442120714285713,,,249014115.0,2074739.0,332948.78,2774.067,,,1397921300.0,522954900.0,499455550.0,363922916.0,186.9117,69.92267,66.78065,48.659,,,,,OWID_EUR,,748314268.0,33.80024719238281,41.92599868774414,78.18270111083984,,,,,,,regional_reference,2023-2026,2023,3,7,28
Europe,2023-07-17,17169.0,271.0,,799155.78,3.2776527063550334,0.051735330154476906,2307.326530612245,39.42857142857143,3.0833656784053796,0.05268985654109049,2307.3265428571426,3.0850523,39.42857142857143,0.052718677285714284,,,,,,,,,114158.303,152.63751000000002,7842.385728571428,0.0010485809857142857,,,249031284.0,2075010.0,332971.75,2774.4292,,,1398720500.0,523009760.0,499466050.0,364221986.0,187.01855,69.93001,66.78205,48.698986,,,,,OWID_EUR,,748314268.0,33.80024719238281,41.92599868774414,78.18270111083984,,,,,,,regional_reference,2023-2026,2023,3,7,29
Europe,2023-07-24,20476.0,280.0,,797851.7030000001,3.9089764584615097,0.053453477650382046,2542.5102040816323,36.02040816326531,3.3976503092436454,0.04813540206781814,2542.5102,3.3995088142857144,36.02040814285714,0.048161731285714285,,,,,,,,,114071.75085714286,152.5217857142857,7885.261914285715,0.0010543138,,,249051760.0,2075290.0,332999.12,2774.8037,,,1399518300.0,523064960.0,499476960.0,364519206.0,187.12523,69.937386,66.78351,48.738728,,,,,OWID_EUR,,748314268.0,33.80024719238281,41.92599868774414,78.18270111083984,,,,,,,regional_reference,2023-2026,2023,3,7,30
Europe,2023-07-31,26053.0,327.0,,797808.8319999999,4.973655190090726,0.06242602568455332,3276.8979591836733,43.10204081632653,4.379039795595175,0.05759884938653374,3276.898,4.3814351857142855,43.10204142857143,0.05763035614285714,,,,,,,,,113933.19214285714,152.33652285714285,7839.475714285714,0.001048191857142857,,,249077813.0,2075617.0,333033.94,2775.241,,,1400316200.0,523119840.0,499487420.0,364815976.0,187.2319,69.944725,66.784904,48.778408,,,,,OWID_EUR,,748314268.0,33.80024719238281,41.92599868774414,78.18270111083984,,,,,,,regional_reference,2023-2026,2023,3,7,31
Europe,2023-08-07,29774.0,378.0,,799823.4400000001,5.684013727008839,0.07216219482801575,3905.673469387755,51.326530612244895,5.219295737640211,0.06858953892383168,3905.673442857143,5.222150657142857,51.32652985714286,0.06862705928571429,,,,,,,,,114127.33942857143,152.59611142857142,7831.797171428572,0.0010471651857142856,,,249107587.0,2075995.0,333073.75,2775.7463,,,1401115900.0,523174660.0,499497900.0,365112879.0,187.33885,69.95205,66.78631,48.818104,,,,,OWID_EUR,,748314268.0,33.80024719238281,41.92599868774414,78.18270111083984,,,,,,,regional_reference,2023-2026,2023,3,8,32
Europe,2023-08-14,35750.0,448.0,,776431.38,6.82486366428985,0.08552556424061128,4589.510204081633,58.42857142857143,6.133132028001946,0.07808025842502196,4589.510257142857,6.136486814285715,58.42857142857143,0.07812296771428572,,,,,,,,,112337.45442857142,150.2029085714286,10432.231857142857,0.0013948612285714286,,,249143337.0,2076443.0,333121.56,2776.3452,,,1401892400.0,523261340.0,499527940.0,365409521.0,187.44266,69.963646,66.79032,48.85777,,,,,OWID_EUR,,748314268.0,33.80024719238281,41.92599868774414,78.18270111083984,,,,,,,regional_reference,2023-2026,2023,3,8,33
Europe,2023-08-21,47462.0,527.0,,776162.9900000001,9.060746272294402,0.10060708114911192,5892.0,69.57142857142857,7.873697257901275,0.09297087005619982,5891.999942857142,7.878003914285714,69.57142714285713,0.09302172285714286,,,,,,,,,110941.75985714285,148.33676999999997,12392.618714285714,0.0016569783857142855,,,249190799.0,2076970.0,333185.03,2777.05,,,1402668500.0,523348130.0,499558050.0,365706611.0,187.54645,69.97525,66.79435,48.89749,,,,,OWID_EUR,,748314268.0,33.80024719238281,41.92599868774414,78.18270111083984,,,,,,,regional_reference,2023-2026,2023,3,8,34
Europe,2023-08-28,56967.0,503.0,,776000.7080000001,10.87530093324755,0.09602535449336488,7381.714285714285,73.14285714285714,9.864457489823362,0.09774350198926963,7381.7143,9.869853214285714,73.14285857142856,0.09779696914285715,,,,,,,,,110860.83928571429,148.22857714285715,12395.043142857143,0.0016573026,,,249247766.0,2077473.0,333261.2,2777.7224,,,1403444600.0,523434880.0,499588100.0,366003809.0,187.65019,69.98685,66.79837,48.93723,,,,,OWID_EUR,,748314268.0,33.80024719238281,41.92599868774414,78.18270111083984,,,,,,,regional_reference,2023-2026,2023,3,8,35
Europe,2023-09-04,74471.0,619.0,,779859.7,14.216906907505718,0.11817036666280889,9479.081632653062,80.40816326530613,12.667246954929183,0.1074523989502574,9479.08157142857,12.674176000000001,80.40816142857143,0.10751117428571429,,,,,,,,,111173.69057142858,148.6468757142857,9782.145057142858,0.0013079401285714285,,,249322237.0,2078092.0,333360.75,2778.55,,,1404224400.0,523489630.0,499598460.0,366301078.0,187.75447,69.99417,66.79975,48.976974,,,,,OWID_EUR,,748314268.0,33.80024719238281,41.92599868774414,78.18270111083984,,,,,,,regional_reference,2023-2026,2023,3,9,36
Europe,2023-09-11,93204.0,689.0,,788229.476,17.7931354675936,0.1315337360754044,12016.938775510205,94.42857142857143,16.058679206568602,0.1261883883103658,12016.938714285714,16.067463285714286,94.42857285714285,0.126257412,,,,,,,,,111971.10485714285,149.7130742857143,7819.903242857144,0.0010455748857142858,,,249415441.0,2078781.0,333485.38,2779.4714,,,1405012600.0,523544400.0,499608860.0,366607526.0,187.85986,70.00149,66.80115,49.01795,,,,,OWID_EUR,,748314268.0,33.80024719238281,41.92599868774414,78.18270111083984,,,,,,,regional_reference,2023-2026,2023,3,9,37
Europe,2023-09-18,108863.0,723.0,,911907.58,20.782521205191216,0.13802451550437936,14349.224489795917,100.40816326530613,19.17539876414052,0.13417913777544843,14349.224571428571,19.185887285714283,100.40816142857143,0.13425253142857144,,,,,,,,,121334.76628571427,162.23293285714286,8078.875857142857,0.0010802013285714286,,,249524304.0,2079504.0,333630.94,2780.438,,,1405924600.0,523607400.0,499619550.0,367024567.0,187.9818,70.00991,66.802574,49.07371,,,,,OWID_EUR,,748314268.0,33.80024719238281,41.92599868774414,78.18270111083984,,,,,,,regional_reference,2023-2026,2023,3,9,38
Europe,2023-09-25,119091.0,793.0,,1129711.75,22.735100381648746,0.15138788491697489,16646.48979591837,108.83673469387756,22.24531925658588,0.1454425491374932,16646.489714285715,22.257487285714287,108.83673142857143,0.1455221057142857,,,,,,,,,150937.21,201.81344142857142,9304.823,0.0012441189,,,249643395.0,2080297.0,333790.2,2781.4983,,,1407054200.0,523670880.0,499632300.0,367652575.0,188.13284,70.0184,66.804276,49.15768,,,,,OWID_EUR,,748314268.0,33.80024719238281,41.92599868774414,78.18270111083984,,,,,,,regional_reference,2023-2026,2023,3,9,39
Europe,2023-10-02,124679.0,892.0,,1167037.495,23.80187907132851,0.17028750737193138,17866.38775510204,121.0,23.87551396401016,0.1616967698924053,17866.38757142857,23.888574285714288,120.99999857142858,0.1617852157142857,,,,,,,,,163840.13142857142,219.06553,6114.044457142858,0.0008174898142857143,,,249768074.0,2081189.0,333956.88,2782.691,,,1408221300.0,523707900.0,499649440.0,368335561.0,188.28888,70.02335,66.806564,49.249,,,,,OWID_EUR,,748314268.0,33.80024719238281,41.92599868774414,78.18270111083984,,,,,,,regional_reference,2023-2026,2023,4,10,40
Europe,2023-10-09,112681.0,985.0,,1144863.935,21.51139755400964,0.18804169816295113,16929.285714285714,133.44897959183672,22.623229889137583,0.17833280120196296,16929.285714285714,22.635604714285712,133.44898142857144,0.17843034857142856,,,,,,,,,165917.13999999998,221.8426357142857,5296.782200000001,0.00070821625,,,249880755.0,2082174.0,334107.53,2784.008,,,1409366100.0,523745020.0,499666600.0,368981105.0,188.44196,70.02831,66.80886,49.33531,,,,,OWID_EUR,,748314268.0,33.80024719238281,41.92599868774414,78.18270111083984,,,,,,,regional_reference,2023-2026,2023,4,10,41
Europe,2023-10-16,100663.0,1058.0,,1155864.7399999998,19.217097931144313,0.20197778340751502,15456.163265306122,148.6122448979592,20.654641941567416,0.19859603278065374,15456.163142857142,20.665940428571428,148.61224285714283,0.19870466428571426,,,,,,,,,164327.89285714287,219.71770714285714,5310.7044857142855,0.0007100777471428572,,,249981418.0,2083232.0,334242.12,2785.4226,,,1410522000.0,523782240.0,499683740.0,369605650.0,188.5965,70.03329,66.81116,49.41882,,,,,OWID_EUR,,748314268.0,33.80024719238281,41.92599868774414,78.18270111083984,,,,,,,regional_reference,2023-2026,2023,4,10,42
Europe,2023-10-23,99989.0,586.0,,1066761.76,19.088427774228755,0.1118704925111567,14674.42857142857,114.18367346938774,19.609980991874625,0.1525878609458606,14674.42857142857,19.620708,114.18367571428573,0.1526713257142857,,,,,,,,,157440.84285714285,210.50924714285716,5324.6775,0.0007119460142857142,,,250081407.0,2083818.0,334375.8,2786.2063,,,1411588700.0,523819520.0,499700770.0,370129196.0,188.73914,70.03828,66.81343,49.488823,,,,,OWID_EUR,,748314268.0,33.80024719238281,41.92599868774414,78.18270111083984,,,,,,,regional_reference,2023-2026,2023,4,10,43
Europe,2023-10-30,110180.0,775.0,,1300879.4100000001,21.033943455425337,0.1479515899251646,21638.408163265303,150.73469387755102,28.916204178623666,0.2014323397580209,21638.40814285714,28.932020714285716,150.7346957142857,0.20154252285714286,,,,,,,,,166557.55857142856,222.69892285714286,5314.996657142858,0.0007106516471428572,,,250191587.0,2084598.0,334523.16,2787.249,,,1412889700.0,523856700.0,499717280.0,370539076.0,188.91307,70.04324,66.815636,49.543625,,,,,OWID_EUR,,748314268.0,33.80024719238281,41.92599868774414,78.18270111083984,,,,,,,regional_reference,2023-2026,2023,4,10,44
Europe,2023-11-06,123319.0,958.0,,1360812.43,23.54224789416951,0.1828872556752357,17688.204081632655,136.67346938775512,23.63740053882369,0.18264180603296318,17688.204,23.650330285714286,136.67347142857142,0.18274170857142855,,,,,,,,,193513.24,258.7405228571428,5475.746014285714,0.0007321449328571429,,,250314906.0,2085562.0,334688.03,2788.538,,,1414250500.0,523898980.0,499737920.0,370949840.0,189.09502,70.0489,66.8184,49.598545,,,,,OWID_EUR,,748314268.0,33.80024719238281,41.92599868774414,78.18270111083984,,,,,,,regional_reference,2023-2026,2023,4,11,45
Europe,2023-11-13,154352.0,971.0,,1765879.77,29.466611365327743,0.185369024280432,22017.979591836734,138.81632653061226,29.423439500470323,0.18550538519280504,22017.979428571427,29.439533714285716,138.81632714285715,0.18560686,,,,,,,,,209702.91571428571,280.38723,7291.952528571428,0.0009749842571428572,,,250469258.0,2086540.0,334894.4,2789.8457,,,1416016400.0,523953540.0,499888200.0,371336916.0,189.33113,70.05619,66.83849,49.650303,,,,,OWID_EUR,,748314268.0,33.80024719238281,41.92599868774414,78.18270111083984,,,,,,,regional_reference,2023-2026,2023,4,11,46
Europe,2023-11-20,186002.0,963.0,,2257872.2399999998,35.50876339259415,0.18384178206184967,26774.163265306124,138.06122448979593,35.77930344274302,0.1844963144412417,26774.16357142857,35.798874714285716,138.0612242857143,0.1845972357142857,,,,,,,,,311238.72000000003,416.1475871428571,7789.1164285714285,0.001041458442857143,,,250655260.0,2087504.0,335143.1,2791.1345,,,1418274200.0,524008000.0,500204640.0,371709271.0,189.63303,70.06348,66.880806,49.70009,,,,,OWID_EUR,,748314268.0,33.80024719238281,41.92599868774414,78.18270111083984,,,,,,,regional_reference,2023-2026,2023,4,11,47
Europe,2023-11-27,220102.0,1104.0,,2164355.2,42.01863334930139,0.2107594261643635,31477.040816326535,157.73469387755102,42.063932444391845,0.2107866983468378,31477.040857142856,42.08694328571429,157.73469,0.21090198857142856,,,,,,,,,314152.9042857143,420.0440642857143,7771.9977714285715,0.0010391696,,,250875362.0,2088621.0,335437.4,2792.6282,,,1420438700.0,524062370.0,500521100.0,372061342.0,189.92241,70.07075,66.92311,49.74716,,,,,OWID_EUR,,748314268.0,33.80024719238281,41.92599868774414,78.18270111083984,,,,,,,regional_reference,2023-2026,2023,4,11,48
Europe,2023-12-04,252054.0,1201.0,,2104173.66,48.11843877031928,0.2292772380646744,36007.71428571428,171.57142857142858,48.11843877031928,0.229277238064674,36007.715,48.14476,171.57143,0.22940265,,,,,,,,,303764.6185714286,406.1541971428572,7749.337957142858,0.0010361398142857143,,,251127416.0,2089827.0,335774.4,2794.2407,,,1422542700.0,524116540.0,500837380.0,372397920.0,190.20377,70.07799,66.96541,49.792164,,,,,OWID_EUR,,748314268.0,33.80024719238281,41.92599868774414,78.18270111083984,,,,,,,regional_reference,2023-2026,2023,4,12,49
Europe,2023-12-11,265615.0,1395.0,,2036160.8399999999,50.70730523609366,0.26631286186529624,37945.0,199.28571428571428,50.70730523609366,0.26631286186529585,37945.0,50.735043,199.28572,0.26645854,,,,,,,,,295280.84142857144,394.81080142857144,7744.431,0.0010354837428571428,,,251393031.0,2091229.0,336129.56,2796.1152,,,1424579000.0,524170780.0,501153660.0,372720007.0,190.47601,70.08524,67.00769,49.83523,,,,,OWID_EUR,,748314268.0,33.80024719238281,41.92599868774414,78.18270111083984,,,,,,,regional_reference,2023-2026,2023,4,12,50
Europe,2023-12-18,234779.0,1338.0,,1708637.1766000001,44.82055010456802,0.2554312610578971,33539.857142857145,191.14285714285714,44.82055010456802,0.2554312610578967,33539.855,44.84506600000001,191.14285,0.25557098,,,,,,,,,246872.6887142857,330.0857725714286,6718.290428571429,0.0008982816957142857,,,251627810.0,2092577.0,336443.47,2797.9175,,,1426287600.0,524217380.0,501424670.0,372996122.0,190.70447,70.09148,67.04393,49.87215,,,,,OWID_EUR,,748314268.0,33.80024719238281,41.92599868774414,78.18270111083984,,,,,,,regional_reference,2023-2026,2023,4,12,51
Europe,2023-12-25,165407.0,1237.0,,33303.981900000006,31.577069206131227,0.23614982804829496,23629.571428571428,176.71428571428572,31.577069206131227,0.23614982804829457,23629.572000000004,31.594341000000004,176.71428,0.236279,,,,,,,,,6077.697957142857,8.126300414285714,195.86783528571428,2.618887772857143e-05,,,251793217.0,2093822.0,336664.62,2799.5823,,,1426320900.0,524217570.0,501424800.0,373016211.0,190.70892,70.0915,67.043945,49.874836,,,,,OWID_EUR,,748314268.0,33.80024719238281,41.92599868774414,78.18270111083984,,,,,,,regional_reference,2023-2026,2023,4,12,52
Europe,2024-01-01,118243.0,1206.0,,50464.128899999996,22.573212706479016,0.23023176445128837,16891.85714285714,172.28571428571428,22.573212706479016,0.23023176445128798,16891.857,22.585560000000005,172.28572,0.23035770000000003,,,,,,,,,6171.061428571428,8.251133814285714,27.21671542857143,3.6390621e-06,,,251911460.0,2095035.0,336822.72,2801.204,,,1426371300.0,524217800.0,501424860.0,373047114.0,190.71567,70.09152,67.04395,49.878967,,,,,OWID_EUR,,748314268.0,33.80024719238281,41.92599868774414,78.18270111083984,,,,,,,regional_reference,2023-2026,2024,1,1,1
Europe,2024-01-08,85525.0,963.0,,56751.9989,16.327173843031876,0.18384178206184967,12217.857142857143,137.57142857142858,16.327173843031876,0.18384178206184928,12217.857,16.336105,137.57143,0.18394235,,,,,,,,,8317.982042857142,11.121714357142858,30.97084542857143,4.1410152e-06,,,251996985.0,2096009.0,336937.1,2802.5063,,,1426428000.0,524218000.0,501425000.0,373089626.0,190.72325,70.09155,67.043976,49.88465,,,,,OWID_EUR,,748314268.0,33.80024719238281,41.92599868774414,78.18270111083984,,,,,,,regional_reference,2023-2026,2024,1,1,2
Europe,2024-01-15,67018.0,749.0,,57201.714,12.794089875618942,0.14298805271477197,9574.0,107.0,12.794089875618942,0.14298805271477158,9574.0,12.801088000000002,107.0,0.14306627,,,,,,,,,8242.424042857143,11.020688428571429,26.19387814285714,3.5023016714285713e-06,,,252064003.0,2096766.0,337026.7,2803.5186,,,1426485200.0,524218180.0,501425100.0,373136987.0,190.7309,70.091576,67.04398,49.890984,,,,,OWID_EUR,,748314268.0,33.80024719238281,41.92599868774414,78.18270111083984,,,,,,,regional_reference,2023-2026,2024,1,1,3
Europe,2024-01-22,56675.0,543.0,,45972.977199999994,10.819556592269294,0.10366156558627661,8096.428571428572,77.57142857142857,10.819556592269294,0.10366156558627623,8096.4286999999995,10.825475,77.57143,0.103718266,,,,,,,,,7107.201185714286,9.502817142857143,25.632653,3.427262114285714e-06,,,252120678.0,2097317.0,337102.47,2804.2554,,,1426531200.0,524218340.0,501425150.0,373175512.0,190.73705,70.0916,67.04399,49.896133,,,,,OWID_EUR,,748314268.0,33.80024719238281,41.92599868774414,78.18270111083984,,,,,,,regional_reference,2023-2026,2024,1,1,4
Europe,2024-01-29,51072.0,427.0,,25922.1192,9.749914323429687,0.08151655341683262,7296.0,61.0,9.749914323429687,0.08151655341683224,7296.0,9.755247,61.0,0.08156114,,,,,,,,,4605.024742857143,6.157235257142857,20.37755114285714,2.7246188571428574e-06,,,252171750.0,2097745.0,337170.75,2804.8276,,,1426557200.0,524218460.0,501425200.0,373195453.0,190.74051,70.09162,67.044,49.8988,,,,,OWID_EUR,,748314268.0,33.80024719238281,41.92599868774414,78.18270111083984,,,,,,,regional_reference,2023-2026,2024,1,1,5
Europe,2024-02-05,47793.0,350.0,,12536.524,9.123935919088247,0.06681684706297755,6827.571428571428,50.0,9.123935919088247,0.06681684706297718,6827.5713000000005,9.128926,50.0,0.0668534,,,,,,,,,2316.3047,3.0970587857142857,15.897959142857143,2.125666542857143e-06,,,252219543.0,2098097.0,337234.66,2805.298,,,1426569700.0,524218560.0,501425250.0,373203307.0,190.74219,70.09163,67.04401,49.899853,,,,,OWID_EUR,,748314268.0,33.80024719238281,41.92599868774414,78.18270111083984,,,,,,,regional_reference,2023-2026,2024,1,2,6
Europe,2024-02-12,42676.0,202.0,,8197.607399999999,8.147073615027514,0.03856286601920419,6096.571428571428,28.857142857142858,8.147073615027514,0.03856286601920381,6096.5713000000005,8.15153,28.857143,0.03858396000000001,,,,,,,,,1330.5248,1.7790032285714286,12.612244571428572,1.6863439285714287e-06,,,252262219.0,2098301.0,337291.72,2805.571,,,1426577900.0,524218660.0,501425300.0,373207682.0,190.74329,70.091644,67.044014,49.900436,,,,,OWID_EUR,,748314268.0,33.80024719238281,41.92599868774414,78.18270111083984,,,,,,,regional_reference,2023-2026,2024,1,2,7
Europe,2024-02-19,37816.0,210.0,,5648.630839999999,7.219273967238741,0.04009010823778653,5402.285714285715,30.0,7.219273967238741,0.04009010823778615,5402.2856,7.2232227,30.0,0.040112037,,,,,,,,,922.6414142857144,1.2336350571428571,10.826530285714286,1.447581642857143e-06,,,252300035.0,2098514.0,337342.28,2805.8557,,,1426583600.0,524218720.0,501425300.0,373210423.0,190.74403,70.09165,67.044014,49.900803,,,,,OWID_EUR,,748314268.0,33.80024719238281,41.92599868774414,78.18270111083984,,,,,,,regional_reference,2023-2026,2024,1,2,8
Europe,2024-02-26,34289.0,165.0,,2715.214228,6.545951054121249,0.03149937075826085,4898.428571428572,23.571428571428573,6.545951054121249,0.03149937075826047,4898.4286999999995,6.5495315,23.571428,0.0315166,,,,,,,,,414.8381914285714,0.5546672314285714,8.010204428571429,1.0710194099999999e-06,,,252334324.0,2098681.0,337388.12,2806.079,,,1426586200.0,524218780.0,501425340.0,373212605.0,190.7444,70.09166,67.04402,49.901093,,,,,OWID_EUR,,748314268.0,33.80024719238281,41.92599868774414,78.18270111083984,,,,,,,regional_reference,2023-2026,2024,1,2,9
Europe,2024-03-04,31125.0,140.0,,1988.47622,5.941926756671933,0.026726738825191023,4446.428571428572,20.0,5.941926756671933,0.02672673882519064,4446.4287,5.945177,20.0,0.026741358,,,,,,,,,302.81340857142857,0.4048823742857143,5.9030613999999995,7.892799071428572e-07,,,252365449.0,2098821.0,337429.75,2806.266,,,1426588300.0,524218800.0,501425380.0,373214497.0,190.74467,70.09166,67.04402,49.90135,,,,,OWID_EUR,,748314268.0,33.80024719238281,41.92599868774414,78.18270111083984,,,,,,,regional_reference,2023-2026,2024,1,3,10
Europe,2024-03-11,30862.0,163.0,,1364.9285859999998,5.891718668736039,0.031117560203615263,4408.857142857143,23.285714285714285,5.891718668736039,0.031117560203614884,4408.857,5.8949413,23.285715,0.031134581,,,,,,,,,218.50388714285714,0.2921547342857143,5.030612214285715,6.726274842857144e-07,,,252396311.0,2098984.0,337471.0,2806.4841,,,1426589700.0,524218850.0,501425380.0,373215740.0,190.74486,70.09167,67.04402,49.901512,,,,,OWID_EUR,,748314268.0,33.80024719238281,41.92599868774414,78.18270111083984,,,,,,,regional_reference,2023-2026,2024,1,3,11
Europe,2024-03-18,30337.0,158.0,,986.666668,5.791493398141571,0.0301630338170013,4333.857142857143,22.571428571428573,5.791493398141571,0.030163033817000917,4333.857,5.794661499999999,22.571428,0.030179532,,,,,,,,,160.06899857142858,0.21402327,5.892857,7.879155442857143e-07,,,252426648.0,2099142.0,337511.56,2806.6953,,,1426590600.0,524218880.0,501425400.0,373216622.0,190.74498,70.091675,67.04403,49.90163,,,,,OWID_EUR,,748314268.0,33.80024719238281,41.92599868774414,78.18270111083984,,,,,,,regional_reference,2023-2026,2024,1,3,12
Europe,2024-03-25,26823.0,118.0,,629.133336,5.1206522536292765,0.022526822724089575,3831.8571428571427,16.857142857142858,5.1206522536292765,0.022526822724089197,3831.8572,5.123453,16.857143,0.022539144,,,,,,,,,106.68401285714286,0.14264386857142858,7.2142857,9.645996271428573e-07,,,252453471.0,2099260.0,337547.44,2806.8533,,,1426591200.0,524218940.0,501425400.0,373217157.0,190.74507,70.09168,67.04403,49.901703,,,,,OWID_EUR,,748314268.0,33.80024719238281,41.92599868774414,78.18270111083984,,,,,,,regional_reference,2023-2026,2024,1,3,13
Europe,2024-04-01,25022.0,116.0,,453.20000200000004,4.776831849170927,0.02214501216944399,3574.5714285714284,16.571428571428573,4.776831849170927,0.02214501216944361,3574.5715000000005,4.7794447,16.571428,0.022157125,,,,,,,,,69.98231442857143,0.093571168,5.204081628571429,6.9582154e-07,,,252478493.0,2099376.0,337580.9,2807.0083,,,1426591700.0,524218980.0,501425440.0,373217531.0,190.74513,70.09168,67.04403,49.901752,,,,,OWID_EUR,,748314268.0,33.80024719238281,41.92599868774414,78.18270111083984,,,,,,,regional_reference,2023-2026,2024,2,4,14
Europe,2024-04-08,23021.0,109.0,,526.833334,4.3948303892480185,0.02080867522818444,3288.714285714286,15.571428571428571,4.3948303892480185,0.020808675228184057,3288.7144,4.3972344,15.571428,0.020820057,,,,,,,,,76.94591714285714,0.10288198914285715,6.520408357142857,8.718234385714285e-07,,,252501514.0,2099485.0,337611.66,2807.154,,,1426592300.0,524219040.0,501425440.0,373217959.0,190.7452,70.09169,67.04403,49.90181,,,,,OWID_EUR,,748314268.0,33.80024719238281,41.92599868774414,78.18270111083984,,,,,,,regional_reference,2023-2026,2024,2,4,15
Europe,2024-04-15,21290.0,90.0,,443.333332,4.064373354202263,0.01718147495905137,3041.4285714285716,12.857142857142858,4.064373354202263,0.01718147495905099,3041.4284999999995,4.0665965,12.857142,0.017190874,,,,,,,,,67.45918314285714,0.09019757142857143,5.938775614285714,7.940551628571428e-07,,,252522804.0,2099575.0,337640.12,2807.2744,,,1426592600.0,524219070.0,501425440.0,373218329.0,190.74525,70.0917,67.04404,49.90186,,,,,OWID_EUR,,748314268.0,33.80024719238281,41.92599868774414,78.18270111083984,,,,,,,regional_reference,2023-2026,2024,2,4,16
Europe,2024-04-22,20150.0,97.0,,718.5,3.8467413380542794,0.01851781190031092,2878.5714285714284,13.857142857142858,3.8467413380542794,0.01851781190031054,2878.5715000000005,3.8488455,13.857142,0.018527942,,,,,,,,,85.06122571428571,0.11373271371428571,21.816326285714286,2.916993e-06,,,252542954.0,2099672.0,337667.1,2807.404,,,1426593400.0,524219260.0,501425470.0,373218787.0,190.74536,70.09173,67.04404,49.90192,,,,,OWID_EUR,,748314268.0,33.80024719238281,41.92599868774414,78.18270111083984,,,,,,,regional_reference,2023-2026,2024,2,4,17
Europe,2024-04-29,16412.0,75.0,,580.2833331999999,3.133137411421679,0.014317895799209475,2344.5714285714284,10.714285714285714,3.133137411421679,0.014317895799209095,2344.5715000000005,3.1348512,10.714286,0.014325728,,,,,,,,,101.07959228571428,0.13515037285714285,29.724490428571432,3.974368814285714e-06,,,252559366.0,2099747.0,337689.03,2807.5044,,,1426593900.0,524219460.0,501425470.0,373219161.0,190.74544,70.09175,67.04404,49.90197,,,,,OWID_EUR,,748314268.0,33.80024719238281,41.92599868774414,78.18270111083984,,,,,,,regional_reference,2023-2026,2024,2,4,18
Europe,2024-05-06,17030.0,94.0,,558.216666,3.2511168728071653,0.017945096068342544,2432.8571428571427,13.428571428571429,3.2511168728071653,0.017945096068342162,2432.8572,3.252895,13.428572,0.017954912,,,,,,,,,60.06530557142857,0.08031144985714286,22.714286028571426,3.03705631e-06,,,252576396.0,2099841.0,337711.78,2807.6301,,,1426594600.0,524219680.0,501425470.0,373219468.0,190.74551,70.09178,67.04404,49.90201,,,,,OWID_EUR,,748314268.0,33.80024719238281,41.92599868774414,78.18270111083984,,,,,,,regional_reference,2023-2026,2024,2,5,19
Europe,2024-05-13,18211.0,38.0,,284.66666799999996,3.476576005325384,0.007254400538266135,2601.5714285714284,5.428571428571429,3.476576005325384,0.007254400538265754,2601.5715000000005,3.4784777,5.428571,0.007258368699999999,,,,,,,,,39.86530542857143,0.05330265814285714,4.357142985714286,5.825799985714286e-07,,,252595052.0,2099879.0,337736.75,2807.681,,,1426594800.0,524219700.0,501425470.0,373219685.0,190.74554,70.09178,67.04404,49.902042,,,,,OWID_EUR,,748314268.0,33.80024719238281,41.92599868774414,78.18270111083984,,,,,,,regional_reference,2023-2026,2024,2,5,20
Europe,2024-05-20,19358.0,99.0,,200.583334,3.6955443584146273,0.01889962245495651,2765.4285714285716,14.142857142857142,3.6955443584146273,0.01889962245495613,2765.4284999999995,3.6975658,14.142858,0.018909961,,,,,,,,,32.423469714285716,0.04335241042857142,2.943877585714286,3.9361668714285714e-07,,,252614832.0,2099978.0,337763.2,2807.8132,,,1426595100.0,524219740.0,501425470.0,373219844.0,190.74557,70.09179,67.04404,49.90206,,,,,OWID_EUR,,748314268.0,33.80024719238281,41.92599868774414,78.18270111083984,,,,,,,regional_reference,2023-2026,2024,2,5,21
Europe,2024-05-27,20849.0,100.0,,205.34999999999997,3.9801841269029117,0.0190905277322793,2978.4285714285716,14.285714285714286,3.9801841269029117,0.01909052773227892,2978.4284999999995,3.9823613,14.285714,0.01910097,,,,,,,,,29.12653042857143,0.03894417671428572,3.2795918714285714,4.385039985714286e-07,,,252636342.0,2100078.0,337791.94,2807.947,,,1426595200.0,524219780.0,501425470.0,373219998.0,190.7456,70.09179,67.04404,49.902084,,,,,OWID_EUR,,748314268.0,33.80024719238281,41.92599868774414,78.18270111083984,,,,,,,regional_reference,2023-2026,2024,2,5,22
Europe,2024-06-03,22694.0,140.0,,222.233333,4.332404363563464,0.026726738825191023,3242.0,20.0,4.332404363563464,0.02672673882519064,3242.0,4.334774,20.0,0.026741358,,,,,,,,,29.78265314285714,0.03982145657142857,2.8591836857142856,3.8229253285714286e-07,,,252659950.0,2100218.0,337823.5,2808.134,,,1426595500.0,524219780.0,501425500.0,373220182.0,190.74564,70.09179,67.04404,49.902107,,,,,OWID_EUR,,748314268.0,33.80024719238281,41.92599868774414,78.18270111083984,,,,,,,regional_reference,2023-2026,2024,2,6,23
Europe,2024-06-10,22602.0,124.0,,178.500001,4.314841078049768,0.023672254388026333,3228.8571428571427,17.714285714285715,4.314841078049768,0.023672254388025952,3228.8572,4.317201,17.714285,0.023685203999999998,,,,,,,,,27.68775542857143,0.03702043457142857,2.4938774714285716,3.3344858857142857e-07,,,252683623.0,2100342.0,337855.16,2808.2998,,,1426595600.0,524219800.0,501425500.0,373220315.0,190.74565,70.0918,67.04404,49.902126,,,,,OWID_EUR,,748314268.0,33.80024719238281,41.92599868774414,78.18270111083984,,,,,,,regional_reference,2023-2026,2024,2,6,24
Europe,2024-06-17,25767.0,190.0,,184.42857200000003,4.919056280776408,0.03627200269133068,3681.0,27.142857142857142,4.919056280776408,0.036272002691330296,3681.0,4.921747000000001,27.142857,0.03629184,,,,,,,,,26.60932957142857,0.03557850471428571,4.520408142857143,6.044096828571429e-07,,,252710713.0,2100532.0,337891.38,2808.554,,,1426595800.0,524219840.0,501425500.0,373220447.0,190.74568,70.0918,67.044044,49.90214,,,,,OWID_EUR,,748314268.0,33.80024719238281,41.92599868774414,78.18270111083984,,,,,,,regional_reference,2023-2026,2024,2,6,25
Europe,2024-06-24,27859.0,188.0,,82.1047616,5.31843012093569,0.03589019213668509,3979.8571428571427,26.857142857142858,5.31843012093569,0.03589019213668471,3979.8572,5.321339,26.857143,0.035909824,,,,,,,,,13.952769785714285,0.018655813357142857,1.2908162685714284,1.7259102285714286e-07,,,252739883.0,2100720.0,337930.38,2808.8054,,,1426595800.0,524219840.0,501425500.0,373220514.0,190.74568,70.0918,67.044044,49.902153,,,,,OWID_EUR,,748314268.0,33.80024719238281,41.92599868774414,78.18270111083984,,,,,,,regional_reference,2023-2026,2024,2,6,26
Europe,2024-07-01,30855.0,187.0,,45.216666700000005,5.890382331794778,0.03569928685936229,4407.857142857143,26.714285714285715,5.890382331794778,0.03569928685936191,4407.857,5.8936043,26.714285,0.035718814,,,,,,,,,6.368513157142857,0.00851514042857143,0.3469387842857143,4.638810228571429e-08,,,252771873.0,2100907.0,337973.16,2809.0554,,,1426596000.0,524219840.0,501425500.0,373220552.0,190.7457,70.0918,67.044044,49.902157,,,,,OWID_EUR,,748314268.0,33.80024719238281,41.92599868774414,78.18270111083984,,,,,,,regional_reference,2023-2026,2024,3,7,27
Europe,2024-07-08,36444.0,219.0,,53.9166667,6.957351926751869,0.04180825573369167,5206.285714285715,31.285714285714285,6.957351926751869,0.04180825573369129,5206.2856,6.961157300000001,31.285715,0.041831125000000004,,,,,,,,,7.0081634,0.009370396500000001,0.9081632614285714,1.2142767771428572e-07,,,252809490.0,2101126.0,338023.47,2809.3481,,,1426596000.0,524219840.0,501425500.0,373220596.0,190.7457,70.091805,67.044044,49.90216,,,,,OWID_EUR,,748314268.0,33.80024719238281,41.92599868774414,78.18270111083984,,,,,,,regional_reference,2023-2026,2024,3,7,28
Europe,2024-07-15,42158.0,253.0,,80.3333332,8.048184681374307,0.048299035162666634,6022.571428571428,36.142857142857146,8.048184681374307,0.04829903516266625,6022.5713000000005,8.052587,36.142857,0.048325453,,,,,,,,,10.301020571428571,0.013773173428571428,1.3571428857142858,1.8145934e-07,,,252852786.0,2101379.0,338081.34,2809.6865,,,1426596100.0,524219840.0,501425500.0,373220659.0,190.74571,70.091805,67.044044,49.902172,,,,,OWID_EUR,,748314268.0,33.80024719238281,41.92599868774414,78.18270111083984,,,,,,,regional_reference,2023-2026,2024,3,7,29
Europe,2024-07-22,49393.0,288.0,,91.16666649999999,9.429384362804715,0.05498071986896439,7056.142857142857,41.142857142857146,9.429384362804715,0.05498071986896401,7056.143000000001,9.434543,41.142857,0.055010795999999994,,,,,,,,,12.071428571428571,0.016140330571428572,0.9224489971428572,1.2333778028571428e-07,,,252903241.0,2101667.0,338148.8,2810.0715,,,1426596100.0,524219870.0,501425500.0,373220738.0,190.74573,70.091805,67.044044,49.90218,,,,,OWID_EUR,,748314268.0,33.80024719238281,41.92599868774414,78.18270111083984,,,,,,,regional_reference,2023-2026,2024,3,7,30
Europe,2024-07-29,53265.0,269.0,,88.83333300000001,10.16856959659857,0.05135351959983132,7609.285714285715,38.42857142857143,10.16856959659857,0.051353519599830935,7609.2856,10.174131,38.42857,0.05138161,,,,,,,,,12.168367142857145,0.016269944857142858,0.7469387842857144,9.987085457142858e-08,,,252957370.0,2101936.0,338221.2,2810.4312,,,1426596200.0,524219870.0,501425500.0,373220814.0,190.74574,70.091805,67.044044,49.90219,,,,,OWID_EUR,,748314268.0,33.80024719238281,41.92599868774414,78.18270111083984,,,,,,,regional_reference,2023-2026,2024,3,7,31
Europe,2024-08-05,55926.0,293.0,,12.333333179999999,10.676568539554522,0.05593524625557835,7989.428571428572,41.857142857142854,10.676568539554522,0.055935246255577976,7989.4286999999995,10.682408,41.857143,0.05596584,,,,,,,,,2.8775509714285716,0.0038474838285714285,0.06530612285714285,8.731878e-09,,,253014204.0,2102229.0,338297.2,2810.823,,,1426596200.0,524219870.0,501425500.0,373220822.0,190.74574,70.091805,67.044044,49.90219,,,,,OWID_EUR,,748314268.0,33.80024719238281,41.92599868774414,78.18270111083984,,,,,,,regional_reference,2023-2026,2024,3,8,32
Europe,2024-08-12,55844.0,261.0,,0.33333334,10.660914306814051,0.049826277381248986,7977.714285714285,37.285714285714285,10.660914306814051,0.049826277381248604,7977.7144,10.666746,37.285713,0.049853534,,,,,,,,,0.9285714,0.0012415639,0.0,0.0,,,253070927.0,2102490.0,338373.0,2811.1719,,,1426596200.0,524219870.0,501425500.0,373220822.0,190.74574,70.091805,67.044044,49.90219,,,,,OWID_EUR,,748314268.0,33.80024719238281,41.92599868774414,78.18270111083984,,,,,,,regional_reference,2023-2026,2024,3,8,33
Europe,2024-08-19,68328.0,331.0,,,13.0441757889118,0.06318964679384449,9761.142857142857,47.285714285714285,13.0441757889118,0.0631896467938441,9761.143,13.051311,47.285713,0.06322421,,,,,,,,,,,,,,,253140080.0,2102821.0,338465.47,2811.6145,,,1426596200.0,524219870.0,501425500.0,373220822.0,190.74574,70.091805,67.044044,49.90219,,,,,OWID_EUR,,748314268.0,33.80024719238281,41.92599868774414,78.18270111083984,,,,,,,regional_reference,2023-2026,2024,3,8,34
Europe,2024-08-26,72991.0,314.0,,,13.934367097067986,0.059944257079357015,10427.285714285714,44.857142857142854,13.934367097067986,0.05994425707935663,10427.286000000002,13.941988999999998,44.857143,0.059977047,,,,,,,,,,,,,,,253213979.0,2103135.0,338564.28,2812.0344,,,1426596200.0,524219870.0,501425500.0,373220822.0,190.74574,70.091805,67.044044,49.90219,,,,,OWID_EUR,,748314268.0,33.80024719238281,41.92599868774414,78.18270111083984,,,,,,,regional_reference,2023-2026,2024,3,8,35
Europe,2024-09-02,74567.0,324.0,,,14.235233814128707,0.061853309852584935,10652.42857142857,46.285714285714285,14.235233814128707,0.06185330985258456,10652.429,14.24302,46.285713,0.061887145,,,,,,,,,,,,,,,253289453.0,2103459.0,338665.2,2812.4675,,,1426596200.0,524219870.0,501425500.0,373220822.0,190.74574,70.091805,67.044044,49.90219,,,,,OWID_EUR,,748314268.0,33.80024719238281,41.92599868774414,78.18270111083984,,,,,,,regional_reference,2023-2026,2024,3,9,36
Europe,2024-09-09,81695.0,266.0,,,15.596006630885574,0.05078080376786294,11670.714285714286,38.0,15.596006630885574,0.05078080376786256,11670.713999999998,15.604538,38.0,0.05080858,,,,,,,,,,,,,,,253372237.0,2103725.0,338775.88,2812.8232,,,1426596200.0,524219870.0,501425500.0,373220822.0,190.74574,70.091805,67.044044,49.90219,,,,,OWID_EUR,,748314268.0,33.80024719238281,41.92599868774414,78.18270111083984,,,,,,,regional_reference,2023-2026,2024,3,9,37
Europe,2024-09-16,91881.0,268.0,,,17.540567785695547,0.05116261432250853,13125.857142857143,38.285714285714285,17.540567785695547,0.05116261432250815,13125.857,17.550163,38.285713,0.05119060000000001,,,,,,,,,,,,,,,253465871.0,2103993.0,338901.1,2813.1816,,,1426596200.0,524219870.0,501425500.0,373220822.0,190.74574,70.091805,67.044044,49.90219,,,,,OWID_EUR,,748314268.0,33.80024719238281,41.92599868774414,78.18270111083984,,,,,,,regional_reference,2023-2026,2024,3,9,38
Europe,2024-09-23,95275.0,297.0,,,18.188500296929103,0.056698867364869523,13610.714285714286,42.42857142857143,18.188500296929103,0.05669886736486914,13610.713999999998,18.19845,42.42857,0.056729883,,,,,,,,,,,,,,,253563019.0,2104290.0,339030.97,2813.5786,,,1426596200.0,524219870.0,501425500.0,373220822.0,190.74574,70.091805,67.044044,49.90219,,,,,OWID_EUR,,748314268.0,33.80024719238281,41.92599868774414,78.18270111083984,,,,,,,regional_reference,2023-2026,2024,3,9,39
Europe,2024-09-30,85975.0,329.0,,,16.41308121782713,0.0628078362391989,12282.142857142857,47.0,16.41308121782713,0.06280783623919853,12282.143,16.42206,47.0,0.06284219,,,,,,,,,,,,,,,253651075.0,2104619.0,339148.72,2814.0186,,,1426596200.0,524219870.0,501425500.0,373220822.0,190.74574,70.091805,67.044044,49.90219,,,,,OWID_EUR,,748314268.0,33.80024719238281,41.92599868774414,78.18270111083984,,,,,,,regional_reference,2023-2026,2024,3,9,40
Europe,2024-10-07,79340.0,337.0,,,15.1464247027904,0.06433507845778125,11334.285714285714,48.142857142857146,15.1464247027904,0.06433507845778087,11334.286000000002,15.15471,48.142857,0.06437027,,,,,,,,,,,,,,,253732290.0,2104962.0,339257.3,2814.477,,,1426596200.0,524219870.0,501425500.0,373220822.0,190.74574,70.091805,67.044044,49.90219,,,,,OWID_EUR,,748314268.0,33.80024719238281,41.92599868774414,78.18270111083984,,,,,,,regional_reference,2023-2026,2024,4,10,41
Europe,2024-10-14,64728.0,368.0,,,12.356916790549747,0.07025314205478785,9246.857142857143,52.57142857142857,12.356916790549747,0.07025314205478746,9246.857,12.363676,52.57143,0.07029157,,,,,,,,,,,,,,,253798785.0,2105334.0,339346.22,2814.9746,,,1426596200.0,524219870.0,501425500.0,373220822.0,190.74574,70.091805,67.044044,49.90219,,,,,OWID_EUR,,748314268.0,33.80024719238281,41.92599868774414,78.18270111083984,,,,,,,regional_reference,2023-2026,2024,4,10,42
Europe,2024-10-21,56116.0,346.0,,,10.712840542245853,0.06605322595368639,8016.571428571428,49.42857142857143,10.712840542245853,0.066053225953686,8016.5713000000005,10.7187,49.42857,0.066089354,,,,,,,,,,,,,,,253856075.0,2105688.0,339422.8,2815.4478,,,1426596200.0,524219870.0,501425500.0,373220822.0,190.74574,70.091805,67.044044,49.90219,,,,,OWID_EUR,,748314268.0,33.80024719238281,41.92599868774414,78.18270111083984,,,,,,,regional_reference,2023-2026,2024,4,10,43
Europe,2024-10-28,46063.0,342.0,,,8.793669789319814,0.06528960484439521,6580.428571428572,48.857142857142854,8.793669789319814,0.06528960484439483,6580.4286999999995,8.79848,48.857143,0.06532532,,,,,,,,,,,,,,,253902969.0,2106034.0,339485.5,2815.9104,,,1426596200.0,524219870.0,501425500.0,373220822.0,190.74574,70.091805,67.044044,49.90219,,,,,OWID_EUR,,748314268.0,33.80024719238281,41.92599868774414,78.18270111083984,,,,,,,regional_reference,2023-2026,2024,4,10,44
Europe,2024-11-04,41345.0,250.0,,,7.892978690910877,0.04772631933069826,5906.428571428572,35.714285714285715,7.892978690910877,0.047726319330697875,5906.4286999999995,7.897296,35.714287,0.047752425,,,,,,,,,,,,,,,253945322.0,2106290.0,339542.16,2816.2527,,,1426596200.0,524219870.0,501425500.0,373220822.0,190.74574,70.091805,67.044044,49.90219,,,,,OWID_EUR,,748314268.0,33.80024719238281,41.92599868774414,78.18270111083984,,,,,,,regional_reference,2023-2026,2024,4,11,45
Europe,2024-11-11,41573.0,235.0,,,7.9365050941404744,0.044862740170856355,5939.0,33.57142857142857,7.9365050941404744,0.04486274017085597,5939.0,7.9408464,33.57143,0.04488728000000001,,,,,,,,,,,,,,,253987616.0,2106529.0,339598.7,2816.5723,,,1426596200.0,524219870.0,501425500.0,373220822.0,190.74574,70.091805,67.044044,49.90219,,,,,OWID_EUR,,748314268.0,33.80024719238281,41.92599868774414,78.18270111083984,,,,,,,regional_reference,2023-2026,2024,4,11,46
Europe,2024-11-18,45222.0,217.0,,,8.633118451091347,0.04142644517904609,6460.285714285715,31.0,8.633118451091347,0.04142644517904571,6460.2856,8.63784,31.0,0.041449104,,,,,,,,,,,,,,,254033514.0,2106752.0,339660.06,2816.8706,,,1426596200.0,524219870.0,501425500.0,373220822.0,190.74574,70.091805,67.044044,49.90219,,,,,OWID_EUR,,748314268.0,33.80024719238281,41.92599868774414,78.18270111083984,,,,,,,regional_reference,2023-2026,2024,4,11,47
Europe,2024-11-25,46828.0,220.0,,,8.939712326471751,0.04199916101101447,6689.714285714285,31.428571428571427,8.939712326471751,0.041999161011014086,6689.7144,8.944602,31.428572,0.042022135,,,,,,,,,,,,,,,254081084.0,2106974.0,339723.66,2817.1672,,,1426596200.0,524219870.0,501425500.0,373220822.0,190.74574,70.091805,67.044044,49.90219,,,,,OWID_EUR,,748314268.0,33.80024719238281,41.92599868774414,78.18270111083984,,,,,,,regional_reference,2023-2026,2024,4,11,48
Europe,2024-12-02,48973.0,197.0,,,9.349204146329143,0.03760833963259023,6996.142857142857,28.142857142857142,9.349204146329143,0.037608339632589846,6996.143000000001,9.354317999999997,28.142857,0.03762891,,,,,,,,,,,,,,,254130701.0,2107175.0,339790.0,2817.436,,,1426596200.0,524219870.0,501425500.0,373220822.0,190.74574,70.091805,67.044044,49.90219,,,,,OWID_EUR,,748314268.0,33.80024719238281,41.92599868774414,78.18270111083984,,,,,,,regional_reference,2023-2026,2024,4,12,49
Europe,2024-12-09,48197.0,150.0,,,9.201061651126656,0.02863579159841895,6885.285714285715,21.428571428571427,9.201061651126656,0.02863579159841857,6885.2856,9.206095,21.428572,0.028651455,,,,,,,,,,,,,,,254179606.0,2107331.0,339855.4,2817.6448,,,1426596200.0,524219870.0,501425500.0,373220822.0,190.74574,70.091805,67.044044,49.90219,,,,,OWID_EUR,,748314268.0,33.80024719238281,41.92599868774414,78.18270111083984,,,,,,,regional_reference,2023-2026,2024,4,12,50
Europe,2024-12-16,43069.0,213.0,,,8.222099389015373,0.04066282406975492,6152.714285714285,30.428571428571427,8.222099389015373,0.040662824069754536,6152.7144,8.226597,30.428572,0.040685065,,,,,,,,,,,,,,,254223484.0,2107548.0,339914.06,2817.9348,,,1426596200.0,524219870.0,501425500.0,373220822.0,190.74574,70.091805,67.044044,49.90219,,,,,OWID_EUR,,748314268.0,33.80024719238281,41.92599868774414,78.18270111083984,,,,,,,regional_reference,2023-2026,2024,4,12,51
Europe,2024-12-23,33568.0,176.0,,,6.408308349171516,0.03359932880881157,4795.428571428572,25.142857142857142,6.408308349171516,0.03359932880881119,4795.4286999999995,6.411813700000001,25.142857,0.03361771,,,,,,,,,,,,,,,254257837.0,2107727.0,339960.0,2818.174,,,1426596200.0,524219870.0,501425500.0,373220822.0,190.74574,70.091805,67.044044,49.90219,,,,,OWID_EUR,,748314268.0,33.80024719238281,41.92599868774414,78.18270111083984,,,,,,,regional_reference,2023-2026,2024,4,12,52
Europe,2024-12-30,22221.0,185.0,,,4.2421061673897835,0.035317476304716704,3174.4285714285716,26.428571428571427,4.2421061673897835,0.03531747630471633,3174.4284999999995,4.2444267,26.428572,0.035336796,,,,,,,,,,,,,,,254280061.0,2107915.0,339989.72,2818.4255,,,1426596200.0,524219870.0,501425500.0,373220822.0,190.74574,70.091805,67.044044,49.90219,,,,,OWID_EUR,,748314268.0,33.80024719238281,41.92599868774414,78.18270111083984,,,,,,,regional_reference,2023-2026,2024,4,12,1
Europe,2025-01-06,20943.0,197.0,,,3.998129222971254,0.03760833963259023,2991.8571428571427,28.142857142857142,3.998129222971254,0.037608339632589846,2991.8572,4.000316,28.142857,0.03762891,,,,,,,,,,,,,,,254301743.0,2108116.0,340018.7,2818.6943,,,1426596200.0,524219870.0,501425500.0,373220822.0,190.74574,70.091805,67.044044,49.90219,,,,,OWID_EUR,,748314268.0,33.80024719238281,41.92599868774414,78.18270111083984,,,,,,,regional_reference,2023-2026,2025,1,1,2
Europe,2025-01-13,19109.0,194.0,,,3.648008944361252,0.03703562380062184,2729.8571428571427,27.714285714285715,3.648008944361252,0.03703562380062146,2729.8572,3.6500044,27.714285,0.037055884,,,,,,,,,,,,,,,254321398.0,2108312.0,340044.97,2818.9563,,,1426596200.0,524219870.0,501425500.0,373220822.0,190.74574,70.091805,67.044044,49.90219,,,,,OWID_EUR,,748314268.0,33.80024719238281,41.92599868774414,78.18270111083984,,,,,,,regional_reference,2023-2026,2025,1,1,3
Europe,2025-01-20,16633.0,133.0,,,3.175327477710016,0.02539040188393147,2376.1428571428573,19.0,3.175327477710016,0.02539040188393109,2376.1428,3.1770644,19.0,0.02540429,,,,,,,,,,,,,,,254338518.0,2108447.0,340067.88,2819.1367,,,1426596200.0,524219870.0,501425500.0,373220822.0,190.74574,70.091805,67.044044,49.90219,,,,,OWID_EUR,,748314268.0,33.80024719238281,41.92599868774414,78.18270111083984,,,,,,,regional_reference,2023-2026,2025,1,1,4
Europe,2025-01-27,15495.0,92.0,,,2.958077272116678,0.01756328551369696,2213.5714285714284,13.142857142857142,2.958077272116678,0.01756328551369658,2213.5715,2.9596953,13.142858,0.017572893,,,,,,,,,,,,,,,254354392.0,2108543.0,340089.1,2819.2651,,,1426596200.0,524219870.0,501425500.0,373220822.0,190.74574,70.091805,67.044044,49.90219,,,,,OWID_EUR,,748314268.0,33.80024719238281,41.92599868774414,78.18270111083984,,,,,,,regional_reference,2023-2026,2025,1,1,5
Europe,2025-02-03,13497.0,91.0,,,2.576648528025738,0.017372380236374163,1928.142857142857,13.0,2.576648528025738,0.01737238023637378,1928.1428,2.578058,13.0,0.017381882,,,,,,,,,,,,,,,254368247.0,2108635.0,340107.62,2819.3882,,,1426596200.0,524219870.0,501425500.0,373220822.0,190.74574,70.091805,67.044044,49.90219,,,,,OWID_EUR,,748314268.0,33.80024719238281,41.92599868774414,78.18270111083984,,,,,,,regional_reference,2023-2026,2025,1,2,6
Europe,2025-02-10,12574.0,88.0,,,2.4004429570567996,0.016799664404405786,1796.2857142857142,12.571428571428571,2.4004429570567996,0.016799664404405407,1796.2858,2.401756,12.571428,0.016808854,,,,,,,,,,,,,,,254381104.0,2108726.0,340124.8,2819.5098,,,1426596200.0,524219870.0,501425500.0,373220822.0,190.74574,70.091805,67.044044,49.90219,,,,,OWID_EUR,,748314268.0,33.80024719238281,41.92599868774414,78.18270111083984,,,,,,,regional_reference,2023-2026,2025,1,2,7
Europe,2025-02-17,11620.0,66.0,,,2.218319322490855,0.012599748303304337,1660.0,9.428571428571429,2.218319322490855,0.012599748303303957,1660.0,2.2195327,9.428572,0.01260664,,,,,,,,,,,,,,,254392994.0,2108793.0,340140.72,2819.5994,,,1426596200.0,524219870.0,501425500.0,373220822.0,190.74574,70.091805,67.044044,49.90219,,,,,OWID_EUR,,748314268.0,33.80024719238281,41.92599868774414,78.18270111083984,,,,,,,regional_reference,2023-2026,2025,1,2,8
Europe,2025-02-24,10564.0,75.0,,,2.0167233496379855,0.014317895799209475,1509.142857142857,10.714285714285714,2.0167233496379855,0.014317895799209095,1509.1428,2.0178266,10.714286,0.014325728,,,,,,,,,,,,,,,254403843.0,2108869.0,340155.22,2819.7012,,,1426596200.0,524219870.0,501425500.0,373220822.0,190.74574,70.091805,67.044044,49.90219,,,,,OWID_EUR,,748314268.0,33.80024719238281,41.92599868774414,78.18270111083984,,,,,,,regional_reference,2023-2026,2025,1,2,9
Europe,2025-03-03,9208.0,54.0,,,1.7578557935882784,0.010308884975430822,1315.4285714285713,7.714285714285714,1.7578557935882784,0.01030888497543044,1315.4286,1.7588173,7.714286,0.010314524,,,,,,,,,,,,,,,254413307.0,2108923.0,340167.88,2819.7732,,,1426596200.0,524219870.0,501425500.0,373220822.0,190.74574,70.091805,67.044044,49.90219,,,,,OWID_EUR,,748314268.0,33.80024719238281,41.92599868774414,78.18270111083984,,,,,,,regional_reference,2023-2026,2025,1,3,10
Europe,2025-03-10,8825.0,54.0,,,1.6847390723736484,0.010308884975430822,1260.7142857142858,7.714285714285714,1.6847390723736484,0.01030888497543044,1260.7142,1.6856606,7.714286,0.010314524,,,,,,,,,,,,,,,254422379.0,2108978.0,340180.0,2819.847,,,1426596200.0,524219870.0,501425500.0,373220822.0,190.74574,70.091805,67.044044,49.90219,,,,,OWID_EUR,,748314268.0,33.80024719238281,41.92599868774414,78.18270111083984,,,,,,,regional_reference,2023-2026,2025,1,3,11
Europe,2025-03-17,4389.0,45.0,,,0.8378832621697386,0.008590737479525686,627.0,6.428571428571429,0.8378832621697386,0.008590737479525304,627.0,0.8383416,6.428571,0.008595437,,,,,,,,,,,,,,,254427055.0,2109027.0,340186.25,2819.9124,,,1426596200.0,524219870.0,501425500.0,373220822.0,190.74574,70.091805,67.044044,49.90219,,,,,OWID_EUR,,748314268.0,33.80024719238281,41.92599868774414,78.18270111083984,,,,,,,regional_reference,2023-2026,2025,1,3,12
Europe,2025-03-24,4179.0,33.0,,,0.797793153931952,0.006299874151652169,597.0,4.714285714285714,0.797793153931952,0.006299874151651788,597.0,0.7982295,4.714286,0.00630332,,,,,,,,,,,,,,,254431503.0,2109060.0,340192.2,2819.9565,,,1426596200.0,524219870.0,501425500.0,373220822.0,190.74574,70.091805,67.044044,49.90219,,,,,OWID_EUR,,748314268.0,33.80024719238281,41.92599868774414,78.18270111083984,,,,,,,regional_reference,2023-2026,2025,1,3,13
Europe,2025-03-31,3969.0,26.0,,,0.7577030456941655,0.004963537210392619,567.0,3.7142857142857144,0.7577030456941655,0.004963537210392238,567.0,0.7581175,3.7142856,0.004966252,,,,,,,,,,,,,,,254435764.0,2109086.0,340197.9,2819.9912,,,1426596200.0,524219870.0,501425500.0,373220822.0,190.74574,70.091805,67.044044,49.90219,,,,,OWID_EUR,,748314268.0,33.80024719238281,41.92599868774414,78.18270111083984,,,,,,,regional_reference,2023-2026,2025,1,3,14
Europe,2025-04-07,3699.0,22.0,,,0.7061586208170114,0.004199916101101446,528.4285714285714,3.142857142857143,0.7061586208170114,0.004199916101101066,528.4286,0.7065449,3.142857,0.0042022136,,,,,,,,,,,,,,,254439796.0,2109108.0,340203.28,2820.0205,,,1426596200.0,524219870.0,501425500.0,373220822.0,190.74574,70.091805,67.044044,49.90219,,,,,OWID_EUR,,748314268.0,33.80024719238281,41.92599868774414,78.18270111083984,,,,,,,regional_reference,2023-2026,2025,2,4,15
Europe,2025-04-14,3274.0,22.0,,,0.6250238779548243,0.004199916101101446,467.7142857142857,3.142857142857143,0.6250238779548243,0.004199916101101066,467.7143,0.6253657299999998,3.142857,0.0042022136,,,,,,,,,,,,,,,254443405.0,2109130.0,340208.12,2820.05,,,1426596200.0,524219870.0,501425500.0,373220822.0,190.74574,70.091805,67.044044,49.90219,,,,,OWID_EUR,,748314268.0,33.80024719238281,41.92599868774414,78.18270111083984,,,,,,,regional_reference,2023-2026,2025,2,4,16
Europe,2025-04-21,3064.0,20.0,,,0.5849337697170378,0.0038181055464558606,437.7142857142857,2.857142857142857,0.5849337697170378,0.00381810554645548,437.7143,0.5852537,2.857143,0.003820194,,,,,,,,,,,,,,,254446772.0,2109150.0,340212.62,2820.077,,,1426596200.0,524219870.0,501425500.0,373220822.0,190.74574,70.091805,67.044044,49.90219,,,,,OWID_EUR,,748314268.0,33.80024719238281,41.92599868774414,78.18270111083984,,,,,,,regional_reference,2023-2026,2025,2,4,17
Europe,2025-04-28,3047.0,15.0,,,0.5816883800025503,0.002863579159841895,435.2857142857143,2.142857142857143,0.5816883800025503,0.0028635791598415144,435.2857,0.5820066,2.142857,0.0028651454,,,,,,,,,,,,,,,254450144.0,2109165.0,340217.12,2820.097,,,1426596200.0,524219870.0,501425500.0,373220822.0,190.74574,70.091805,67.044044,49.90219,,,,,OWID_EUR,,748314268.0,33.80024719238281,41.92599868774414,78.18270111083984,,,,,,,regional_reference,2023-2026,2025,2,4,18
Europe,2025-05-05,3014.0,19.0,,,0.5753885058508982,0.0036272002691330675,430.57142857142856,2.7142857142857144,0.5753885058508982,0.0036272002691326868,430.57144,0.57570326,2.7142856,0.0036291843,,,,,,,,,,,,,,,254453471.0,2109184.0,340221.56,2820.1223,,,1426596200.0,524219870.0,501425500.0,373220822.0,190.74574,70.091805,67.044044,49.90219,,,,,OWID_EUR,,748314268.0,33.80024719238281,41.92599868774414,78.18270111083984,,,,,,,regional_reference,2023-2026,2025,2,5,19
Europe,2025-05-12,3310.0,12.0,,,0.6318964679384449,0.0022908633278735163,472.85714285714283,1.7142857142857142,0.6318964679384449,0.0022908633278731355,472.85715,0.6322421,1.7142857,0.0022921164,,,,,,,,,,,,,,,254457115.0,2109196.0,340226.44,2820.1382,,,1426596200.0,524219870.0,501425500.0,373220822.0,190.74574,70.091805,67.044044,49.90219,,,,,OWID_EUR,,748314268.0,33.80024719238281,41.92599868774414,78.18270111083984,,,,,,,regional_reference,2023-2026,2025,2,5,20
Europe,2025-05-19,3648.0,20.0,,,0.696422451673549,0.0038181055464558606,521.1428571428571,2.857142857142857,0.696422451673549,0.00381810554645548,521.1429,0.6968034,2.857143,0.003820194,,,,,,,,,,,,,,,254461092.0,2109216.0,340231.75,2820.165,,,1426596200.0,524219870.0,501425500.0,373220822.0,190.74574,70.091805,67.044044,49.90219,,,,,OWID_EUR,,748314268.0,33.80024719238281,41.92599868774414,78.18270111083984,,,,,,,regional_reference,2023-2026,2025,2,5,21
Europe,2025-05-26,4182.0,19.0,,,0.7983658697639205,0.0036272002691330675,597.4285714285714,2.7142857142857144,0.7983658697639205,0.0036272002691326868,597.4286,0.7988025500000001,2.7142856,0.0036291843,,,,,,,,,,,,,,,254465647.0,2109235.0,340237.84,2820.1904,,,1426596200.0,524219870.0,501425500.0,373220822.0,190.74574,70.091805,67.044044,49.90219,,,,,OWID_EUR,,748314268.0,33.80024719238281,41.92599868774414,78.18270111083984,,,,,,,regional_reference,2023-2026,2025,2,5,22
Europe,2025-06-02,4594.0,21.0,,,0.8770188440209111,0.004009010823778653,656.2857142857143,3.0,0.8770188440209111,0.0040090108237782725,656.2857,0.87749857,3.0,0.0040112035,,,,,,,,,,,,,,,254470574.0,2109257.0,340244.44,2820.22,,,1426596200.0,524219870.0,501425500.0,373220822.0,190.74574,70.091805,67.044044,49.90219,,,,,OWID_EUR,,748314268.0,33.80024719238281,41.92599868774414,78.18270111083984,,,,,,,regional_reference,2023-2026,2025,2,6,23
Europe,2025-06-09,4621.0,24.0,,,0.8821732865086265,0.004581726655747033,660.1428571428571,3.4285714285714284,0.8821732865086265,0.004581726655746652,660.1429,0.88265586,3.4285715,0.004584233,,,,,,,,,,,,,,,254475563.0,2109283.0,340251.1,2820.2546,,,1426596200.0,524219870.0,501425500.0,373220822.0,190.74574,70.091805,67.044044,49.90219,,,,,OWID_EUR,,748314268.0,33.80024719238281,41.92599868774414,78.18270111083984,,,,,,,regional_reference,2023-2026,2025,2,6,24
Europe,2025-06-16,4925.0,33.0,,,0.9402084908147558,0.006299874151652169,703.5714285714286,4.714285714285714,0.9402084908147558,0.006299874151651788,703.5714,0.94072276,4.714286,0.00630332,,,,,,,,,,,,,,,254480740.0,2109316.0,340258.03,2820.2988,,,1426596200.0,524219870.0,501425500.0,373220822.0,190.74574,70.091805,67.044044,49.90219,,,,,OWID_EUR,,748314268.0,33.80024719238281,41.92599868774414,78.18270111083984,,,,,,,regional_reference,2023-2026,2025,2,6,25
Europe,2025-06-23,4533.0,25.0,,,0.8653736221042208,0.004772631933069825,647.5714285714286,3.5714285714285716,0.8653736221042208,0.004772631933069445,647.5714,0.8658469999999999,3.5714285,0.0047752424,,,,,,,,,,,,,,,254485549.0,2109341.0,340264.47,2820.3323,,,1426596200.0,524219870.0,501425500.0,373220822.0,190.74574,70.091805,67.044044,49.90219,,,,,OWID_EUR,,748314268.0,33.80024719238281,41.92599868774414,78.18270111083984,,,,,,,regional_reference,2023-2026,2025,2,6,26
Europe,2025-06-30,4767.0,28.0,,,0.9100454569977543,0.005345347765038205,681.0,4.0,0.9100454569977543,0.005345347765037824,681.0,0.91054326,4.0,0.0053482717,,,,,,,,,,,,,,,254490597.0,2109369.0,340271.22,2820.3696,,,1426596200.0,524219870.0,501425500.0,373220822.0,190.74574,70.091805,67.044044,49.90219,,,,,OWID_EUR,,748314268.0,33.80024719238281,41.92599868774414,78.18270111083984,,,,,,,regional_reference,2023-2026,2025,2,6,27
Europe,2025-07-07,5168.0,28.0,,,0.9865984732041942,0.005345347765038205,738.2857142857143,4.0,0.9865984732041942,0.005345347765037824,738.2857,0.98713815,4.0,0.0053482717,,,,,,,,,,,,,,,254496039.0,2109397.0,340278.5,2820.407,,,1426596200.0,524219870.0,501425500.0,373220822.0,190.74574,70.091805,67.044044,49.90219,,,,,OWID_EUR,,748314268.0,33.80024719238281,41.92599868774414,78.18270111083984,,,,,,,regional_reference,2023-2026,2025,3,7,28
Europe,2025-07-14,5712.0,31.0,,,1.0904509440677936,0.005918063597006583,816.0,4.428571428571429,1.0904509440677936,0.005918063597006203,816.0,1.0910474,4.428571,0.0059213009999999995,,,,,,,,,,,,,,,254502064.0,2109428.0,340286.53,2820.4485,,,1426596200.0,524219870.0,501425500.0,373220822.0,190.74574,70.091805,67.044044,49.90219,,,,,OWID_EUR,,748314268.0,33.80024719238281,41.92599868774414,78.18270111083984,,,,,,,regional_reference,2023-2026,2025,3,7,29
Europe,2025-07-21,6023.0,37.0,,,1.1498224853151822,0.007063495260943341,860.4285714285714,5.285714285714286,1.1498224853151822,0.00706349526094296,860.4286,1.1504514,5.285714,0.007067359,,,,,,,,,,,,,,,254508463.0,2109466.0,340295.1,2820.4993,,,1426596200.0,524219870.0,501425500.0,373220822.0,190.74574,70.091805,67.044044,49.90219,,,,,OWID_EUR,,748314268.0,33.80024719238281,41.92599868774414,78.18270111083984,,,,,,,regional_reference,2023-2026,2025,3,7,30
Europe,2025-07-28,7026.0,53.0,,,1.3413004784699436,0.01011797969810803,1003.7142857142857,7.571428571428571,1.3413004784699436,0.01011797969810765,1003.7143,1.3420342,7.571429,0.010123515,,,,,,,,,,,,,,,254515875.0,2109521.0,340305.0,2820.5728,,,1426596200.0,524219870.0,501425500.0,373220822.0,190.74574,70.091805,67.044044,49.90219,,,,,OWID_EUR,,748314268.0,33.80024719238281,41.92599868774414,78.18270111083984,,,,,,,regional_reference,2023-2026,2025,3,7,31
Europe,2025-08-04,8962.0,53.0,,,1.710893095366871,0.01011797969810803,1280.2857142857142,7.571428571428571,1.710893095366871,0.01011797969810765,1280.2858,1.711829,7.571429,0.010123515,,,,,,,,,,,,,,,254525222.0,2109576.0,340317.5,2820.6465,,,1426596200.0,524219870.0,501425500.0,373220822.0,190.74574,70.091805,67.044044,49.90219,,,,,OWID_EUR,,748314268.0,33.80024719238281,41.92599868774414,78.18270111083984,,,,,,,regional_reference,2023-2026,2025,3,8,32
Europe,2025-08-11,10662.0,40.0,,,2.035432066815619,0.007636211092911721,1523.142857142857,5.714285714285714,2.035432066815619,0.0076362110929113405,1523.1428,2.0365455,5.714286,0.007640388,,,,,,,,,,,,,,,254536317.0,2109619.0,340332.34,2820.7039,,,1426596200.0,524219870.0,501425500.0,373220822.0,190.74574,70.091805,67.044044,49.90219,,,,,OWID_EUR,,748314268.0,33.80024719238281,41.92599868774414,78.18270111083984,,,,,,,regional_reference,2023-2026,2025,3,8,33
Europe,2025-08-18,14716.0,66.0,,,2.809362061082222,0.012599748303304337,2102.285714285714,9.428571428571429,2.809362061082222,0.012599748303303957,2102.2856,2.8108988,9.428572,0.01260664,,,,,,,,,,,,,,,254551462.0,2109686.0,340352.6,2820.7935,,,1426596200.0,524219870.0,501425500.0,373220822.0,190.74574,70.091805,67.044044,49.90219,,,,,OWID_EUR,,748314268.0,33.80024719238281,41.92599868774414,78.18270111083984,,,,,,,regional_reference,2023-2026,2025,3,8,34
Europe,2025-08-25,17480.0,53.0,,,3.337024247602422,0.01011797969810803,2497.1428571428573,7.571428571428571,3.337024247602422,0.01011797969810765,2497.1428,3.3388495,7.571429,0.010123515,,,,,,,,,,,,,,,254569435.0,2109739.0,340376.62,2820.8643,,,1426596200.0,524219870.0,501425500.0,373220822.0,190.74574,70.091805,67.044044,49.90219,,,,,OWID_EUR,,748314268.0,33.80024719238281,41.92599868774414,78.18270111083984,,,,,,,regional_reference,2023-2026,2025,3,8,35
Europe,2025-09-01,22419.0,62.0,,,4.279905412299697,0.011836127194013167,3202.714285714286,8.857142857142858,4.279905412299697,0.011836127194012785,3202.7144,4.2822466,8.857142,0.011842601999999999,,,,,,,,,,,,,,,254592431.0,2109802.0,340407.38,2820.9485,,,1426596200.0,524219870.0,501425500.0,373220822.0,190.74574,70.091805,67.044044,49.90219,,,,,OWID_EUR,,748314268.0,33.80024719238281,41.92599868774414,78.18270111083984,,,,,,,regional_reference,2023-2026,2025,3,9,36
Europe,2025-09-08,26780.0,77.0,,,5.112443326704397,0.014699706353855063,3825.714285714286,11.0,5.112443326704397,0.014699706353854683,3825.7144,5.1152396,11.0,0.014707747000000002,,,,,,,,,,,,,,,254619215.0,2109879.0,340443.2,2821.0515,,,1426596200.0,524219870.0,501425500.0,373220822.0,190.74574,70.091805,67.044044,49.90219,,,,,OWID_EUR,,748314268.0,33.80024719238281,41.92599868774414,78.18270111083984,,,,,,,regional_reference,2023-2026,2025,3,9,37
Europe,2025-09-15,29320.0,67.0,,,5.597342731104291,0.012790653580627132,4188.571428571428,9.571428571428571,5.597342731104291,0.012790653580626752,4188.5713,5.6004043,9.571428,0.012797650000000002,,,,,,,,,,,,,,,254649508.0,2109949.0,340483.7,2821.145,,,1426596200.0,524219870.0,501425500.0,373220822.0,190.74574,70.091805,67.044044,49.90219,,,,,OWID_EUR,,748314268.0,33.80024719238281,41.92599868774414,78.18270111083984,,,,,,,regional_reference,2023-2026,2025,3,9,38
Europe,2025-09-22,29751.0,72.0,,,5.679622905630415,0.013745179967241098,4250.142857142857,10.285714285714286,5.679622905630415,0.013745179967240716,4250.143,5.6827297,10.285714,0.013752698999999998,,,,,,,,,,,,,,,254680205.0,2110021.0,340524.72,2821.2415,,,1426596200.0,524219870.0,501425500.0,373220822.0,190.74574,70.091805,67.044044,49.90219,,,,,OWID_EUR,,748314268.0,33.80024719238281,41.92599868774414,78.18270111083984,,,,,,,regional_reference,2023-2026,2025,3,9,39
Europe,2025-09-29,26762.0,98.0,,,5.109007031712586,0.01870871717763372,3823.1428571428573,14.0,5.109007031712586,0.01870871717763334,3823.1428,5.1118016,14.0,0.01871895,,,,,,,,,,,,,,,254708325.0,2110121.0,340562.3,2821.375,,,1426596200.0,524219870.0,501425500.0,373220822.0,190.74574,70.091805,67.044044,49.90219,,,,,OWID_EUR,,748314268.0,33.80024719238281,41.92599868774414,78.18270111083984,,,,,,,regional_reference,2023-2026,2025,3,9,40
Europe,2025-10-06,27195.0,66.0,,,5.191669016793356,0.012599748303304337,3885.0,9.428571428571429,5.191669016793356,0.012599748303303957,3885.0,5.194509000000001,9.428572,0.01260664,,,,,,,,,,,,,,,254736876.0,2110189.0,340600.5,2821.466,,,1426596200.0,524219870.0,501425500.0,373220822.0,190.74574,70.091805,67.044044,49.90219,,,,,OWID_EUR,,748314268.0,33.80024719238281,41.92599868774414,78.18270111083984,,,,,,,regional_reference,2023-2026,2025,4,10,41
Europe,2025-10-13,22383.0,65.0,,,4.273032822316076,0.012408843025981548,3197.5714285714284,9.285714285714286,4.273032822316076,0.012408843025981166,3197.5715000000005,4.27537,9.285714,0.012415631,,,,,,,,,,,,,,,254760519.0,2110262.0,340632.12,2821.5637,,,1426596200.0,524219870.0,501425500.0,373220822.0,190.74574,70.091805,67.044044,49.90219,,,,,OWID_EUR,,748314268.0,33.80024719238281,41.92599868774414,78.18270111083984,,,,,,,regional_reference,2023-2026,2025,4,10,42
Europe,2025-10-20,20034.0,66.0,,,3.8245963258848357,0.012599748303304337,2862.0,9.428571428571429,3.8245963258848357,0.012599748303303957,2862.0,3.8266883,9.428572,0.01260664,,,,,,,,,,,,,,,254781519.0,2110332.0,340660.2,2821.6572,,,1426596200.0,524219870.0,501425500.0,373220822.0,190.74574,70.091805,67.044044,49.90219,,,,,OWID_EUR,,748314268.0,33.80024719238281,41.92599868774414,78.18270111083984,,,,,,,regional_reference,2023-2026,2025,4,10,43
Europe,2025-10-27,15353.0,66.0,,,2.9309687227368415,0.012599748303304337,2193.285714285714,9.428571428571429,2.9309687227368415,0.012599748303303957,2193.2856,2.932572,9.428572,0.01260664,,,,,,,,,,,,,,,254797520.0,2110403.0,340681.6,2821.7522,,,1426596200.0,524219870.0,501425500.0,373220822.0,190.74574,70.091805,67.044044,49.90219,,,,,OWID_EUR,,748314268.0,33.80024719238281,41.92599868774414,78.18270111083984,,,,,,,regional_reference,2023-2026,2025,4,10,44
Europe,2025-11-03,12873.0,65.0,,,2.4575236349763143,0.012408843025981548,1839.0,9.285714285714286,2.4575236349763143,0.012408843025981166,1839.0,2.4588678,9.285714,0.012415631,,,,,,,,,,,,,,,254810901.0,2110473.0,340699.47,2821.8457,,,1426596200.0,524219870.0,501425500.0,373220822.0,190.74574,70.091805,67.044044,49.90219,,,,,OWID_EUR,,748314268.0,33.80024719238281,41.92599868774414,78.18270111083984,,,,,,,regional_reference,2023-2026,2025,4,11,45
Europe,2025-11-10,9749.0,39.0,,,1.861135548619909,0.007445305815588927,1392.7142857142858,5.571428571428571,1.861135548619909,0.0074453058155885465,1392.7142,1.8621535,5.571429,0.007449378299999999,,,,,,,,,,,,,,,254821053.0,2110512.0,340713.06,2821.898,,,1426596200.0,524219870.0,501425500.0,373220822.0,190.74574,70.091805,67.044044,49.90219,,,,,OWID_EUR,,748314268.0,33.80024719238281,41.92599868774414,78.18270111083984,,,,,,,regional_reference,2023-2026,2025,4,11,46
Europe,2025-11-17,8967.0,46.0,,,1.7118476217534848,0.00878164275684848,1281.0,6.571428571428571,1.7118476217534848,0.008781642756848099,1281.0,1.7127840000000003,6.571429,0.008786446,,,,,,,,,,,,,,,254830404.0,2110560.0,340725.56,2821.9622,,,1426596200.0,524219870.0,501425500.0,373220822.0,190.74574,70.091805,67.044044,49.90219,,,,,OWID_EUR,,748314268.0,33.80024719238281,41.92599868774414,78.18270111083984,,,,,,,regional_reference,2023-2026,2025,4,11,47
Europe,2025-11-24,8829.0,35.0,,,1.6855026934829396,0.006681684706297756,1261.2857142857142,5.0,1.6855026934829396,0.006681684706297375,1261.2858,1.6864246,5.0,0.0066853393999999995,,,,,,,,,,,,,,,254839718.0,2110597.0,340738.0,2822.0115,,,1426596200.0,524219870.0,501425500.0,373220822.0,190.74574,70.091805,67.044044,49.90219,,,,,OWID_EUR,,748314268.0,33.80024719238281,41.92599868774414,78.18270111083984,,,,,,,regional_reference,2023-2026,2025,4,11,48
Europe,2025-12-01,10071.0,54.0,,,1.9226070479178483,0.010308884975430822,1438.7142857142858,7.714285714285714,1.9226070479178483,0.01030888497543044,1438.7142,1.9236587,7.714286,0.010314524,,,,,,,,,,,,,,,254850319.0,2110652.0,340752.2,2822.085,,,1426596200.0,524219870.0,501425500.0,373220822.0,190.74574,70.091805,67.044044,49.90219,,,,,OWID_EUR,,748314268.0,33.80024719238281,41.92599868774414,78.18270111083984,,,,,,,regional_reference,2023-2026,2025,4,12,49
Europe,2025-12-08,10197.0,44.0,,,1.9466611128605205,0.008399832202202893,1456.7142857142858,6.285714285714286,1.9466611128605205,0.008399832202202513,1456.7142,1.9477259,6.285714,0.008404427,,,,,,,,,,,,,,,254861086.0,2110696.0,340766.6,2822.1438,,,1426596200.0,524219870.0,501425500.0,373220822.0,190.74574,70.091805,67.044044,49.90219,,,,,OWID_EUR,,748314268.0,33.80024719238281,41.92599868774414,78.18270111083984,,,,,,,regional_reference,2023-2026,2025,4,12,50
Europe,2025-12-15,8933.0,47.0,,,1.70535684232451,0.008972548034171272,1276.142857142857,6.714285714285714,1.70535684232451,0.00897254803417089,1276.1428,1.7062896,6.714286,0.008977456,,,,,,,,,,,,,,,254870550.0,2110743.0,340779.22,2822.2068,,,1426596200.0,524219870.0,501425500.0,373220822.0,190.74574,70.091805,67.044044,49.90219,,,,,OWID_EUR,,748314268.0,33.80024719238281,41.92599868774414,78.18270111083984,,,,,,,regional_reference,2023-2026,2025,4,12,51
Europe,2025-12-22,6698.0,44.0,,,1.2786835475080678,0.008399832202202893,956.8571428571429,6.285714285714286,1.2786835475080678,0.008399832202202513,956.8571,1.279383,6.285714,0.008404427,,,,,,,,,,,,,,,254877712.0,2110790.0,340788.8,2822.2695,,,1426596200.0,524219870.0,501425500.0,373220822.0,190.74574,70.091805,67.044044,49.90219,,,,,OWID_EUR,,748314268.0,33.80024719238281,41.92599868774414,78.18270111083984,,,,,,,regional_reference,2023-2026,2025,4,12,52
Europe,2025-12-29,7167.0,59.0,,,1.3682181225724577,0.011263411362044787,1023.8571428571429,8.428571428571429,1.3682181225724577,0.011263411362044408,1023.8571,1.3689666,8.428572,0.011269572,,,,,,,,,,,,,,,254885399.0,2110853.0,340799.1,2822.3538,,,1426596200.0,524219870.0,501425500.0,373220822.0,190.74574,70.091805,67.044044,49.90219,,,,,OWID_EUR,,748314268.0,33.80024719238281,41.92599868774414,78.18270111083984,,,,,,,regional_reference,2023-2026,2025,4,12,1
Europe,2026-01-05,7677.0,58.0,,,1.465579814007082,0.011072506084721994,1096.7142857142858,8.285714285714286,1.465579814007082,0.011072506084721614,1096.7142,1.4663814,8.285714,0.011078563,,,,,,,,,,,,,,,254893548.0,2110911.0,340809.97,2822.4314,,,1426596200.0,524219870.0,501425500.0,373220822.0,190.74574,70.091805,67.044044,49.90219,,,,,OWID_EUR,,748314268.0,33.80024719238281,41.92599868774414,78.18270111083984,,,,,,,regional_reference,2023-2026,2026,1,1,2
Europe,2026-01-12,6691.0,58.0,,,1.277347210566808,0.011072506084721994,955.8571428571429,8.285714285714286,1.277347210566808,0.011072506084721614,955.8571,1.2780459,8.285714,0.011078563,,,,,,,,,,,,,,,254900668.0,2110971.0,340819.5,2822.5115,,,1426596200.0,524219870.0,501425500.0,373220822.0,190.74574,70.091805,67.044044,49.90219,,,,,OWID_EUR,,748314268.0,33.80024719238281,41.92599868774414,78.18270111083984,,,,,,,regional_reference,2023-2026,2026,1,1,3
Europe,2026-01-19,6863.0,52.0,,,1.3101829182663283,0.009927074420785238,980.4285714285714,7.428571428571429,1.3101829182663283,0.009927074420784858,980.4286,1.3108996000000002,7.428571,0.009932504,,,,,,,,,,,,,,,254907890.0,2111026.0,340829.16,2822.5852,,,1426596200.0,524219870.0,501425500.0,373220822.0,190.74574,70.091805,67.044044,49.90219,,,,,OWID_EUR,,748314268.0,33.80024719238281,41.92599868774414,78.18270111083984,,,,,,,regional_reference,2023-2026,2026,1,1,4
Europe,2026-01-26,7462.0,55.0,,,1.4245351793826817,0.010499790252753617,1066.0,7.857142857142857,1.4245351793826817,0.010499790252753235,1066.0,1.4253144,7.857143,0.010505534,,,,,,,,,,,,,,,254915701.0,2111083.0,340839.6,2822.6614,,,1426596200.0,524219870.0,501425500.0,373220822.0,190.74574,70.091805,67.044044,49.90219,,,,,OWID_EUR,,748314268.0,33.80024719238281,41.92599868774414,78.18270111083984,,,,,,,regional_reference,2023-2026,2026,1,1,5
Europe,2026-02-02,7038.0,48.0,,,1.3435913417978171,0.009163453311494065,1005.4285714285714,6.857142857142857,1.3435913417978171,0.009163453311493684,1005.4286,1.3443263,6.857143,0.009168466,,,,,,,,,,,,,,,254923073.0,2111133.0,340849.47,2822.7283,,,1426596200.0,524219870.0,501425500.0,373220822.0,190.74574,70.091805,67.044044,49.90219,,,,,OWID_EUR,,748314268.0,33.80024719238281,41.92599868774414,78.18270111083984,,,,,,,regional_reference,2023-2026,2026,1,2,6
Europe,2026-02-09,7012.0,36.0,,,1.3386278045874247,0.006872589983620549,1001.7142857142857,5.142857142857143,1.3386278045874247,0.006872589983620168,1001.7143,1.3393600000000003,5.142857,0.0068763494,,,,,,,,,,,,,,,254930380.0,2111172.0,340859.22,2822.7803,,,1426596200.0,524219870.0,501425500.0,373220822.0,190.74574,70.091805,67.044044,49.90219,,,,,OWID_EUR,,748314268.0,33.80024719238281,41.92599868774414,78.18270111083984,,,,,,,regional_reference,2023-2026,2026,1,2,7
Europe,2026-02-16,5281.0,49.0,,,1.00817076954167,0.00935435858881686,754.4285714285714,7.0,1.00817076954167,0.009354358588816478,754.4286,1.0087222,7.0,0.009359475,,,,,,,,,,,,,,,254935944.0,2111221.0,340866.66,2822.846,,,1426596200.0,524219870.0,501425500.0,373220822.0,190.74574,70.091805,67.044044,49.90219,,,,,OWID_EUR,,748314268.0,33.80024719238281,41.92599868774414,78.18270111083984,,,,,,,regional_reference,2023-2026,2026,1,2,8
Europe,2026-02-23,4411.0,48.0,,,0.8420831782708401,0.009163453311494065,630.1428571428571,6.857142857142857,0.8420831782708401,0.009163453311493684,630.1429,0.8425438,6.857143,0.009168466,,,,,,,,,,,,,,,254940609.0,2111270.0,340872.9,2822.9114,,,1426596200.0,524219870.0,501425500.0,373220822.0,190.74574,70.091805,67.044044,49.90219,,,,,OWID_EUR,,748314268.0,33.80024719238281,41.92599868774414,78.18270111083984,,,,,,,regional_reference,2023-2026,2026,1,2,9
Europe,2026-03-02,3599.0,33.0,,,0.687068093084732,0.006299874151652169,514.1428571428571,4.714285714285714,0.687068093084732,0.006299874151651788,514.1429,0.6874439,4.714286,0.00630332,,,,,,,,,,,,,,,254944389.0,2111303.0,340877.97,2822.9556,,,1426596200.0,524219870.0,501425500.0,373220822.0,190.74574,70.091805,67.044044,49.90219,,,,,OWID_EUR,,748314268.0,33.80024719238281,41.92599868774414,78.18270111083984,,,,,,,regional_reference,2023-2026,2026,1,3,10
Europe,2026-03-09,3039.0,35.0,,,0.5801611377839679,0.006681684706297756,434.14285714285717,5.0,0.5801611377839679,0.006681684706297375,434.14285,0.5804785,5.0,0.0066853393999999995,,,,,,,,,,,,,,,254947635.0,2111338.0,340882.3,2823.0022,,,1426596200.0,524219870.0,501425500.0,373220822.0,190.74574,70.091805,67.044044,49.90219,,,,,OWID_EUR,,748314268.0,33.80024719238281,41.92599868774414,78.18270111083984,,,,,,,regional_reference,2023-2026,2026,1,3,11
Europe,2026-03-16,2593.0,33.0,,,0.4950173840980023,0.006299874151652169,370.42857142857144,4.714285714285714,0.4950173840980023,0.006299874151651788,370.42856,0.49528816,4.714286,0.00630332,,,,,,,,,,,,,,,254950389.0,2111371.0,340885.97,2823.0464,,,1426596200.0,524219870.0,501425500.0,373220822.0,190.74574,70.091805,67.044044,49.90219,,,,,OWID_EUR,,748314268.0,33.80024719238281,41.92599868774414,78.18270111083984,,,,,,,regional_reference,2023-2026,2026,1,3,12
Europe,2026-03-23,2184.0,24.0,,,0.41693712567297997,0.004581726655747033,312.0,3.4285714285714284,0.41693712567297997,0.004581726655746652,312.0,0.4171652,3.4285715,0.004584233,,,,,,,,,,,,,,,254952769.0,2111395.0,340889.16,2823.0786,,,1426596200.0,524219870.0,501425500.0,373220822.0,190.74574,70.091805,67.044044,49.90219,,,,,OWID_EUR,,748314268.0,33.80024719238281,41.92599868774414,78.18270111083984,,,,,,,regional_reference,2023-2026,2026,1,3,13
Europe,2026-03-30,1849.0,21.0,,,0.35298385776984426,0.004009010823778653,264.14285714285717,3.0,0.35298385776984426,0.0040090108237782725,264.14285,0.35317695,3.0,0.0040112035,,,,,,,,,,,,,,,254954820.0,2111416.0,340891.9,2823.1067,,,1426596200.0,524219870.0,501425500.0,373220822.0,190.74574,70.091805,67.044044,49.90219,,,,,OWID_EUR,,748314268.0,33.80024719238281,41.92599868774414,78.18270111083984,,,,,,,regional_reference,2023-2026,2026,1,3,14
Europe,2026-04-06,1295.0,12.0,,,0.24722233413301695,0.0022908633278735163,185.0,1.7142857142857142,0.24722233413301695,0.0022908633278731355,185.0,0.24735756,1.7142857,0.0022921164,,,,,,,,,,,,,,,254956263.0,2111428.0,340893.84,2823.1226,,,1426596200.0,524219870.0,501425500.0,373220822.0,190.74574,70.091805,67.044044,49.90219,,,,,OWID_EUR,,748314268.0,33.80024719238281,41.92599868774414,78.18270111083984,,,,,,,regional_reference,2023-2026,2026,2,4,15
Europe,2026-04-13,1007.0,5.0,,,0.1922416142640526,0.0009545263866139652,143.85714285714286,0.7142857142857143,0.1922416142640526,0.0009545263866135845,143.85715,0.19234677000000003,0.71428573,0.0009550485,,,,,,,,,,,,,,,254957387.0,2111433.0,340895.34,2823.1294,,,1426596200.0,524219870.0,501425500.0,373220822.0,190.74574,70.091805,67.044044,49.90219,,,,,OWID_EUR,,748314268.0,33.80024719238281,41.92599868774414,78.18270111083984,,,,,,,regional_reference,2023-2026,2026,2,4,16
Europe,2026-04-20,943.0,8.0,,,0.1800236765153938,0.0015272422185823443,134.71428571428572,1.1428571428571428,0.1800236765153938,0.0015272422185819636,134.71428,0.18012215,1.1428572,0.0015280776,,,,,,,,,,,,,,,254958412.0,2111441.0,340896.72,2823.14,,,1426596200.0,524219870.0,501425500.0,373220822.0,190.74574,70.091805,67.044044,49.90219,,,,,OWID_EUR,,748314268.0,33.80024719238281,41.92599868774414,78.18270111083984,,,,,,,regional_reference,2023-2026,2026,2,4,17
Europe,2026-04-27,545.0,11.0,,,0.10404337614092218,0.002099958050550723,77.85714285714286,1.5714285714285714,0.10404337614092218,0.002099958050550343,77.85714,0.10410029,1.5714285,0.0021011068,,,,,,,,,,,,,,,254959012.0,2111452.0,340897.5,2823.1548,,,1426596200.0,524219870.0,501425500.0,373220822.0,190.74574,70.091805,67.044044,49.90219,,,,,OWID_EUR,,748314268.0,33.80024719238281,41.92599868774414,78.18270111083984,,,,,,,regional_reference,2023-2026,2026,2,4,18
Poland,2019-12-30,0.0,0.0,,,0.0,0.0,0.0,0.0,0.0,0.0,,,,,,,,,,,,,,,,,0.0,,0.0,0.0,0.0,0.0,,,0.0,0.0,0.0,0.0,0.0,0.0,0.0,0.0,-3.8393843,-3.8393843,-337.9004,-8.792994,POL,Europe,38385734.0,125.40259552001952,40.86399841308594,77.92289733886719,45153.04296875,0.2441274523735046,8.100000381469727,,6.039999961853027,,comparison_country,2020-2022,2020,1,1,1
Poland,2020-01-06,0.0,0.0,,,0.0,0.0,0.0,0.0,0.0,0.0,0.0,0.0,0.0,0.0,,,,,,,,,,,,,0.0,,0.0,0.0,0.0,0.0,,,0.0,0.0,0.0,0.0,0.0,0.0,0.0,0.0,-6.4461613,-5.143439,-905.8008,-23.571148,POL,Europe,38385734.0,125.40259552001952,40.86399841308594,77.92289733886719,45153.04296875,0.2441274523735046,8.100000381469727,,6.039999961853027,,comparison_country,2020-2022,2020,1,1,2
Poland,2020-01-13,0.0,0.0,,,0.0,0.0,0.0,0.0,0.0,0.0,0.0,0.0,0.0,0.0,,,,,,,,,,,,,0.0,,0.0,0.0,0.0,0.0,,,0.0,0.0,0.0,0.0,0.0,0.0,0.0,0.0,-8.800798,-6.3654447,-1683.501,-43.808807,POL,Europe,38385734.0,125.40259552001952,40.86399841308594,77.92289733886719,45153.04296875,0.2441274523735046,8.100000381469727,,6.039999961853027,,comparison_country,2020-2022,2020,1,1,3
Poland,2020-01-20,0.0,0.0,,,0.0,0.0,0.0,0.0,0.0,0.0,0.0,0.0,0.0,0.0,,,,,,,,,,,,,3.177142857142857,,0.0,0.0,0.0,0.0,,,0.0,0.0,0.0,0.0,0.0,0.0,0.0,0.0,-10.064075,-7.297639,-2580.4014,-67.148346,POL,Europe,38385734.0,125.40259552001952,40.86399841308594,77.92289733886719,45153.04296875,0.2441274523735046,8.100000381469727,,6.039999961853027,,comparison_country,2020-2022,2020,1,1,4
Poland,2020-01-27,0.0,0.0,,,0.0,0.0,0.0,0.0,0.0,0.0,0.0,0.0,0.0,0.0,,,,,,,,,,,,,5.56,,0.0,0.0,0.0,0.0,,,0.0,0.0,0.0,0.0,0.0,0.0,0.0,0.0,-6.6409316,-7.162415,-3189.3018,-82.99342,POL,Europe,38385734.0,125.40259552001952,40.86399841308594,77.92289733886719,45153.04296875,0.2441274523735046,8.100000381469727,,6.039999961853027,,comparison_country,2020-2022,2020,1,1,5
Poland,2020-02-03,0.0,0.0,,,0.0,0.0,0.0,0.0,0.0,0.0,0.0,0.0,0.0,0.0,,,,,,,,,,,,,5.56,,0.0,0.0,0.0,0.0,,,0.0,0.0,0.0,0.0,0.0,0.0,0.0,0.0,-8.492644,-7.388493,-3963.6016,-103.14259,POL,Europe,38385734.0,125.40259552001952,40.86399841308594,77.92289733886719,45153.04296875,0.2441274523735046,8.100000381469727,,6.039999961853027,,comparison_country,2020-2022,2020,1,2,6
Poland,2020-02-10,0.0,0.0,,,0.0,0.0,0.0,0.0,0.0,0.0,0.0,0.0,0.0,0.0,,,,,,,,,,,,,5.56,,0.0,0.0,0.0,0.0,,,0.0,0.0,0.0,0.0,0.0,0.0,0.0,0.0,-6.0105715,-7.1872373,-4515.1016,-117.49397,POL,Europe,38385734.0,125.40259552001952,40.86399841308594,77.92289733886719,45153.04296875,0.2441274523735046,8.100000381469727,,6.039999961853027,,comparison_country,2020-2022,2020,1,2,7
Poland,2020-02-17,0.0,0.0,,,0.0,0.0,0.0,0.0,0.0,0.0,0.0,0.0,0.0,0.0,,,,,,,,,,,,,5.56,,0.0,0.0,0.0,0.0,,,0.0,0.0,0.0,0.0,0.0,0.0,0.0,0.0,-6.746923,-7.131594,-5128.201,-133.44832,POL,Europe,38385734.0,125.40259552001952,40.86399841308594,77.92289733886719,45153.04296875,0.2441274523735046,8.100000381469727,,6.039999961853027,,comparison_country,2020-2022,2020,1,2,8
Poland,2020-02-24,0.0,0.0,,,0.0,0.0,0.0,0.0,0.0,0.0,0.0,0.0,0.0,0.0,,,,,,,,,,,,,8.731428571428571,,0.0,0.0,0.0,0.0,,,0.0,0.0,0.0,0.0,0.0,0.0,0.0,0.0,-6.7655787,-7.0905356,-5742.9014,-149.44432,POL,Europe,38385734.0,125.40259552001952,40.86399841308594,77.92289733886719,45153.04296875,0.2441274523735046,8.100000381469727,,6.039999961853027,,comparison_country,2020-2022,2020,1,2,9
Poland,2020-03-02,6.0,0.0,,,0.022329724296606058,0.0,0.2653061224489796,0.0,0.006911581329901876,0.0,0.26530612857142855,0.006911581200000001,0.0,0.0,,,,,,,,,,,,,11.11,,6.0,0.0,0.15630807,0.0,,,0.0,0.0,0.0,0.0,0.0,0.0,0.0,0.0,-6.303563,-7.01241,-6305.6016,-164.08716,POL,Europe,38385734.0,125.40259552001952,40.86399841308594,77.92289733886719,45153.04296875,0.2441274523735046,8.100000381469727,,6.039999961853027,,comparison_country,2020-2022,2020,1,3,10
Poland,2020-03-09,97.0,3.0,,,0.36099720946179786,0.011164862148303029,5.918367346938775,0.12244897959183673,0.1541814296670418,0.0031899606138008655,5.918367142857143,0.154181428,0.12244898285714285,0.003189960571428571,,,,,,,,,,,,,36.244285714285716,2.4531,103.0,3.0,2.6832886,0.078154035,603.0,0.016,0.0,0.0,0.0,0.0,0.0,0.0,0.0,0.0,-3.3877516,-6.69249,-6600.502,-171.76118,POL,Europe,38385734.0,125.40259552001952,40.86399841308594,77.92289733886719,45153.04296875,0.2441274523735046,8.100000381469727,,6.039999961853027,,comparison_country,2020-2022,2020,1,3,11
Poland,2020-03-16,431.0,2.0,,,1.6040185286395352,0.007443241432202019,37.326530612244895,0.5306122448979592,0.9724063271069638,0.01382316265980375,37.32653057142857,0.9724063242857143,0.53061226,0.013823162757142857,,,,,1062.75,0.028,4.3982635000000005,22.747450999999998,,,,,57.410000000000004,2.3830999999999998,534.0,5.0,13.911418,0.13025673,6438.0,0.168,0.0,0.0,0.0,0.0,0.0,0.0,0.0,0.0,-2.9244018,-6.391154,-6851.202,-178.28502,POL,Europe,38385734.0,125.40259552001952,40.86399841308594,77.92289733886719,45153.04296875,0.2441274523735046,8.100000381469727,,6.039999961853027,,comparison_country,2020-2022,2020,1,3,12
Poland,2020-03-23,1104.0,13.0,,,4.108669270575514,0.048381069309313116,111.18367346938774,1.1428571428571428,2.896484237331186,0.029772965728808075,111.18367428571428,2.8964842285714285,1.1428571328571429,0.029772965000000002,,,,,1996.857142857143,0.05228571428571428,5.0131845,20.137824428571427,,,,,57.410000000000004,1.9684571428571427,1638.0,18.0,42.672104,0.46892422,19766.0,0.516,0.0,0.0,0.0,0.0,0.0,0.0,0.0,0.0,-3.49288,-6.1795526,-7146.1025,-185.95905,POL,Europe,38385734.0,125.40259552001952,40.86399841308594,77.92289733886719,45153.04296875,0.2441274523735046,8.100000381469727,,6.039999961853027,,comparison_country,2020-2022,2020,1,3,13
Poland,2020-03-30,1989.0,61.0,,,7.402303604324907,0.22701886368216154,227.71428571428572,5.061224489795919,5.9322634214650085,0.13185170537043575,227.71428428571429,5.932263457142858,5.0612245428571425,0.13185170714285713,,,,,3740.4285714285716,0.09771428571428571,5.844053871428571,17.141969857142858,,,,,78.04142857142857,1.665157142857143,3627.0,79.0,94.48823,2.0580564,45903.0,1.198,0.0,0.0,0.0,0.0,0.0,0.0,0.0,0.0,-3.1851656,-5.980066,-7409.003,-192.80035,POL,Europe,38385734.0,125.40259552001952,40.86399841308594,77.92289733886719,45153.04296875,0.2441274523735046,8.100000381469727,,6.039999961853027,,comparison_country,2020-2022,2020,1,3,14
Poland,2020-04-06,2728.0,129.0,,,10.152581313523553,0.4800890723770302,361.46938775510205,14.510204081632653,9.416763731940152,0.3780103327354025,361.46938714285716,9.416763642857143,14.510204142857143,0.3780103371428571,2425.0,60.842,,,5723.857142857143,0.14957142857142855,6.394714028571428,15.690085285714286,,,,,84.65714285714286,1.2594999999999998,6355.0,208.0,165.5563,5.4186797,85218.0,2.225,0.0,0.0,0.0,0.0,0.0,0.0,0.0,0.0,-1.2997891,-5.692813,-7514.3027,-195.54051,POL,Europe,38385734.0,125.40259552001952,40.86399841308594,77.92289733886719,45153.04296875,0.2441274523735046,8.100000381469727,,6.039999961853027,,comparison_country,2020-2022,2020,2,4,15
Poland,2020-04-13,2387.0,137.0,,,8.883508649333109,0.5098620381058383,346.51020408163265,19.612244897959183,9.027056876954148,0.5109253583104386,346.5102014285714,9.027056857142856,19.612244714285712,0.5109253699999999,2554.2,64.084,,,8213.285714285714,0.2144285714285714,5.1701695857142855,19.996546714285717,,,,,87.04,1.0886142857142858,8742.0,345.0,227.74086,8.987714,143854.0,3.755,0.0,0.0,0.0,0.0,0.0,0.0,0.0,0.0,3.541199,-5.171109,-7234.403,-188.25684,POL,Europe,38385734.0,125.40259552001952,40.86399841308594,77.92289733886719,45153.04296875,0.2441274523735046,8.100000381469727,,6.039999961853027,,comparison_country,2020-2022,2020,2,4,16
Poland,2020-04-20,2531.0,176.0,,,9.419422032451653,0.6550052460337775,370.44897959183675,20.653061224489793,9.650694176952216,0.5380400235277458,370.4489785714286,9.650694,20.653061285714283,0.5380400028571428,2956.285714285714,74.172,,,9917.57142857143,0.259,3.9208214714285714,25.585499571428574,,,,,83.33,0.9919285714285715,11273.0,521.0,293.67682,13.572751,212473.0,5.546,0.0,0.0,0.0,0.0,0.0,0.0,0.0,0.0,-2.1669087,-5.0102544,-7405.903,-192.71968,POL,Europe,38385734.0,125.40259552001952,40.86399841308594,77.92289733886719,45153.04296875,0.2441274523735046,8.100000381469727,,6.039999961853027,,comparison_country,2020-2022,2020,2,4,17
Poland,2020-04-27,2102.0,140.0,,,7.8228467452443216,0.5210269002541412,329.65306122448976,25.3265306122449,8.587905632454229,0.6597901869544788,329.6530585714286,8.587905857142857,25.326530714285717,0.6597901814285715,2839.5714285714284,71.24357142857143,,,11860.857142857143,0.3097142857142857,3.164802785714286,32.07084142857143,,,,,83.33,0.9367,13375.0,661.0,348.43674,17.219938,297643.0,7.77,0.0,0.0,0.0,0.0,0.0,0.0,0.0,0.0,0.44935054,-4.7391896,-7371.2026,-191.8167,POL,Europe,38385734.0,125.40259552001952,40.86399841308594,77.92289733886719,45153.04296875,0.2441274523735046,8.100000381469727,,6.039999961853027,,comparison_country,2020-2022,2020,2,4,18
Poland,2020-05-04,2276.0,122.0,,,8.470408749845896,0.4540377273643231,310.2040816326531,17.693877551020407,8.081233554962191,0.46094930869422496,310.20408285714285,8.081233457142856,17.69387785714286,0.4609493085714286,2720.8571428571427,68.26514285714286,,,12435.142857142857,0.32485714285714284,2.5796788142857143,38.88091214285714,,,,,83.33,1.0273714285714286,15651.0,783.0,407.7296,20.398203,381851.0,9.968,0.0,0.0,0.0,0.0,0.0,0.0,0.0,0.0,-0.019782394,-4.519811,-7372.7026,-191.85573,POL,Europe,38385734.0,125.40259552001952,40.86399841308594,77.92289733886719,45153.04296875,0.2441274523735046,8.100000381469727,,6.039999961853027,,comparison_country,2020-2022,2020,2,5,19
Poland,2020-05-11,2606.0,131.0,,,9.69854358615923,0.4875323138092322,355.1224489795918,17.918367346938776,9.25141744012481,0.46679756981952664,355.12244999999996,9.251417357142858,17.918367571428572,0.46679756857142857,2542.8571428571427,63.799142857142854,,,15351.714285714286,0.40071428571428575,2.4042051,41.648716285714286,,,,,83.33,1.0610714285714287,18257.0,914.0,475.61942,23.81093,488270.0,12.746,0.0,0.0,0.0,0.0,0.0,0.0,0.0,0.0,1.2553113,-4.2671075,-7279.0024,-189.41742,POL,Europe,38385734.0,125.40259552001952,40.86399841308594,77.92289733886719,45153.04296875,0.2441274523735046,8.100000381469727,,6.039999961853027,,comparison_country,2020-2022,2020,2,5,20
Poland,2020-05-18,2674.0,78.0,,,9.951613794854099,0.29028641585587867,362.83673469387753,14.387755102040815,9.452384958794264,0.37482037212160163,362.8367342857143,9.45238492857143,14.387755428571428,0.37482037714285715,2364.5714285714284,59.32614285714286,,,19200.14285714286,0.5011428571428571,2.072343442857143,48.728963,,,,,83.33,1.061742857142857,20931.0,992.0,545.2807,25.842934,625414.0,16.326,0.0,0.0,0.0,0.0,0.0,0.0,0.0,0.0,-0.21554032,-4.0951185,-7295.3022,-189.84158,POL,Europe,38385734.0,125.40259552001952,40.86399841308594,77.92289733886719,45153.04296875,0.2441274523735046,8.100000381469727,,6.039999961853027,,comparison_country,2020-2022,2020,2,5,21
Poland,2020-05-25,2640.0,68.0,,,9.825078690506663,0.2530702086948686,386.55102040816325,9.938775510204081,10.07017399766703,0.2589184698201702,386.55101857142853,10.07017392857143,9.938775714285715,0.25891847142857144,2197.5714285714284,55.13614285714285,,,20492.14285714286,0.5348571428571429,1.8908063285714287,52.937407285714286,,,,,75.39571428571428,0.9752285714285714,23571.0,1060.0,614.0563,27.614426,770877.0,20.123,0.0,0.0,0.0,0.0,0.0,0.0,0.0,0.0,1.2779145,-3.87706,-7199.0024,-187.33563,POL,Europe,38385734.0,125.40259552001952,40.86399841308594,77.92289733886719,45153.04296875,0.2441274523735046,8.100000381469727,,6.039999961853027,,comparison_country,2020-2022,2020,2,5,22
Poland,2020-06-01,2415.0,90.0,,,8.987714029383937,0.3349458644490908,335.14285714285717,11.122448979591837,8.730922199972968,0.28975475575357856,335.14285571428576,8.730922142857143,11.122448857142857,0.2897547557142857,2124.5714285714284,53.30471428571428,,,19621.285714285714,0.5122857142857143,1.7731953142857144,56.557448285714294,,,,,64.81,1.0741571428571428,25986.0,1150.0,676.9703,29.959047,908180.0,23.707,0.0,0.0,0.0,0.0,0.0,0.0,0.0,0.0,4.052561,-3.5690506,-6894.9023,-179.4222,POL,Europe,38385734.0,125.40259552001952,40.86399841308594,77.92289733886719,45153.04296875,0.2441274523735046,8.100000381469727,,6.039999961853027,,comparison_country,2020-2022,2020,2,6,23
Poland,2020-06-08,3031.0,86.0,,,11.28023239050216,0.3200593815846868,437.57142857142856,12.89795918367347,11.399324253417392,0.3360091846536911,437.57142571428574,11.399324357142858,12.897959142857143,0.3360091828571429,1833.5,46.002,,,18473.285714285714,0.48214285714285715,2.0531836714285716,50.01945714285715,,,,,64.81,1.0329142857142857,29017.0,1236.0,755.9319,32.199463,1037702.0,27.089,0.0,0.0,0.0,0.0,0.0,0.0,0.0,0.0,3.3170927,-3.3119833,-6646.4023,-172.95563,POL,Europe,38385734.0,125.40259552001952,40.86399841308594,77.92289733886719,45153.04296875,0.2441274523735046,8.100000381469727,,6.039999961853027,,comparison_country,2020-2022,2020,2,6,24
Poland,2020-06-15,2603.0,109.0,,,9.687378724010927,0.40565665805501,389.97959183673476,13.775510204081632,10.159492894853456,0.35887056905259734,389.9795842857143,10.159493285714287,13.77551057142857,0.35887056714285714,1825.4285714285713,45.79942857142857,,,17675.428571428572,0.46171428571428574,2.3199961142857144,43.24066257142857,,,,,52.51714285714286,0.9163857142857142,31620.0,1345.0,823.7435,35.03906,1157732.0,30.222,0.0,0.0,0.0,0.0,0.0,0.0,0.0,0.0,-0.8513776,-3.2238083,-6709.9023,-174.60805,POL,Europe,38385734.0,125.40259552001952,40.86399841308594,77.92289733886719,45153.04296875,0.2441274523735046,8.100000381469727,,6.039999961853027,,comparison_country,2020-2022,2020,2,6,25
Poland,2020-06-22,2094.0,89.0,,,7.793073779515514,0.33122424373298986,320.5510204081633,14.387755102040815,8.350785226828364,0.3748203721216017,320.5510214285714,8.3507853,14.387755142857143,0.37482038,1917.2857142857142,48.10371428571428,,,19577.14285714286,0.5112857142857143,1.9115090000000001,53.46140471428571,,,,,50.93,0.8548,33714.0,1434.0,878.29504,37.357628,1298470.0,33.896,0.0,0.0,0.0,0.0,0.0,0.0,0.0,0.0,1.0038731,-3.0805218,-6636.6025,-172.7006,POL,Europe,38385734.0,125.40259552001952,40.86399841308594,77.92289733886719,45153.04296875,0.2441274523735046,8.100000381469727,,6.039999961853027,,comparison_country,2020-2022,2020,2,6,26
Poland,2020-06-29,2005.0,77.0,,,7.461849535782524,0.28656479513977773,280.9183673469388,11.755102040816325,7.318301308161485,0.306236218924883,280.9183628571429,7.318301342857143,11.755101999999999,0.30623622,1793.857142857143,45.007,,,18909.0,0.4935714285714286,1.5010370571428573,66.76678842857143,,,,,50.93,0.9355285714285715,35719.0,1511.0,930.528,39.363583,1429711.0,37.322,0.0,0.0,0.0,0.0,0.0,0.0,0.0,0.0,4.6738925,-2.8258703,-6294.7026,-163.80354,POL,Europe,38385734.0,125.40259552001952,40.86399841308594,77.92289733886719,45153.04296875,0.2441274523735046,8.100000381469727,,6.039999961853027,,comparison_country,2020-2022,2020,2,6,27
Poland,2020-07-06,1802.0,57.0,,,6.706360530414019,0.2121323808177575,273.3673469387755,9.285714285714286,7.121587070310431,0.24190534654656556,273.3673471428571,7.121587057142857,9.28571457142857,0.2419053457142857,1663.142857142857,41.72757142857142,,,18588.428571428572,0.48528571428571426,1.5052609285714287,66.52455342857142,,,,,44.57571428571429,0.9829142857142857,37521.0,1568.0,977.47253,40.84851,1560616.0,40.739,0.0,0.0,0.0,0.0,0.0,0.0,0.0,0.0,0.19053751,-2.7302163,-6280.8027,-163.44183,POL,Europe,38385734.0,125.40259552001952,40.86399841308594,77.92289733886719,45153.04296875,0.2441274523735046,8.100000381469727,,6.039999961853027,,comparison_country,2020-2022,2020,3,7,28
Poland,2020-07-13,2225.0,49.0,,,8.280606093324746,0.18235941508894943,297.38775510204084,7.653061224489796,7.747351010717701,0.19937253836255406,297.38775142857145,7.747350985714285,7.653061285714286,0.1993725357142857,1580.142857142857,39.64528571428571,,,17853.571428571428,0.46614285714285714,1.5413246571428572,65.24448385714285,,,,,39.81,1.090342857142857,39746.0,1617.0,1035.4368,42.125027,1684756.0,43.98,0.0,0.0,0.0,0.0,0.0,0.0,0.0,0.0,1.9354838,-2.585525,-6138.3027,-159.73363,POL,Europe,38385734.0,125.40259552001952,40.86399841308594,77.92289733886719,45153.04296875,0.2441274523735046,8.100000381469727,,6.039999961853027,,comparison_country,2020-2022,2020,3,7,29
Poland,2020-07-20,2876.0,47.0,,,10.703381179506504,0.17491617365674744,351.1224489795918,6.877551020408163,9.147212060073981,0.17916945447514857,351.12244999999996,9.147212142857143,6.8775509999999995,0.17916945285714286,1609.142857142857,40.37271428571428,,,17749.85714285714,0.46328571428571436,1.8179643285714284,55.313776857142855,,,,,39.81,1.2195285714285713,42622.0,1664.0,1110.3605,43.349438,1808956.0,47.222,0.0,0.0,0.0,0.0,0.0,0.0,0.0,0.0,-0.6705961,-2.5259733,-6189.403,-161.06339,POL,Europe,38385734.0,125.40259552001952,40.86399841308594,77.92289733886719,45153.04296875,0.2441274523735046,8.100000381469727,,6.039999961853027,,comparison_country,2020-2022,2020,3,7,30
Poland,2020-07-27,3724.0,57.0,,,13.85931554676016,0.2121323808177575,473.0816326530612,7.571428571428571,12.324412831419641,0.19724589795335348,473.0816357142857,12.324413000000002,7.571428714285714,0.1972458942857143,1730.7142857142858,43.42285714285715,,,18094.14285714286,0.4724285714285714,2.342223642857143,43.26550614285714,,,,,39.81,1.265857142857143,46346.0,1721.0,1207.3756,44.834366,1933620.0,50.476,0.0,0.0,0.0,0.0,0.0,0.0,0.0,0.0,3.7367616,-2.3398175,-5908.903,-153.76408,POL,Europe,38385734.0,125.40259552001952,40.86399841308594,77.92289733886719,45153.04296875,0.2441274523735046,8.100000381469727,,6.039999961853027,,comparison_country,2020-2022,2020,3,7,31
Poland,2020-08-03,4821.0,79.0,,,17.941933472322965,0.29400803657197977,621.530612244898,9.16326530612245,16.19170841555089,0.2387153859327647,621.5306142857143,16.191708428571427,9.163265142857142,0.23871538714285714,1899.5714285714287,47.65957142857143,,,20112.285714285714,0.5251428571428571,2.892648571428571,34.727398,,,,,39.81,1.2133142857142858,51167.0,1800.0,1332.9691,46.89242,2075040.0,54.168,0.0,0.0,0.0,0.0,0.0,0.0,0.0,0.0,6.4596024,-2.0870266,-5426.403,-141.20825,POL,Europe,38385734.0,125.40259552001952,40.86399841308594,77.92289733886719,45153.04296875,0.2441274523735046,8.100000381469727,,6.039999961853027,,comparison_country,2020-2022,2020,3,8,32
Poland,2020-08-10,4923.0,69.0,,,18.32153878536527,0.2567918294109696,702.5918367346939,10.591836734693876,18.303462341887066,0.2759315930937748,702.5918285714286,18.303462857142854,10.591836285714285,0.27593159285714286,2013.857142857143,50.52685714285714,,,21658.0,0.5654285714285714,3.220385842857143,31.073283,,,,,39.81,1.0859571428571428,56090.0,1869.0,1461.22,48.689964,2228035.0,58.162,0.0,0.0,0.0,0.0,0.0,0.0,0.0,0.0,10.478407,-1.7436197,-4660.903,-121.28808,POL,Europe,38385734.0,125.40259552001952,40.86399841308594,77.92289733886719,45153.04296875,0.2441274523735046,8.100000381469727,,6.039999961853027,,comparison_country,2020-2022,2020,3,8,33
Poland,2020-08-17,5091.0,82.0,,,18.946771065670237,0.30517289872028275,705.2244897959183,11.183673469387754,18.372046495083783,0.29134973606047904,705.2244857142857,18.372046285714283,11.183673428571428,0.29134973714285717,2119.8571428571427,53.18642857142857,,,22161.571428571428,0.5784285714285714,3.2066227428571428,31.189158428571428,,,,,39.81,1.0491857142857142,61181.0,1951.0,1593.8473,50.826176,2381273.0,62.162,0.0,0.0,0.0,0.0,0.0,0.0,0.0,0.0,11.188844,-1.4068403,-3861.2026,-100.47792,POL,Europe,38385734.0,125.40259552001952,40.86399841308594,77.92289733886719,45153.04296875,0.2441274523735046,8.100000381469727,,6.039999961853027,,comparison_country,2020-2022,2020,3,8,34
Poland,2020-08-24,5058.0,81.0,,,18.823957582038904,0.3014512780041817,736.0204081632653,11.428571428571429,19.1743215894547,0.2977296572880807,736.0204142857143,19.17432157142857,11.428571428571429,0.2977296557142857,2204.1428571428573,55.300999999999995,,,23835.428571428572,0.6222857142857142,3.131138742857143,31.945448857142857,,,,,39.81,0.9930714285714286,66239.0,2032.0,1725.615,52.936333,2550220.0,66.572,0.0,0.0,0.0,0.0,0.0,0.0,0.0,0.0,0.15204872,-1.3657421,-3849.9028,-100.183876,POL,Europe,38385734.0,125.40259552001952,40.86399841308594,77.92289733886719,45153.04296875,0.2441274523735046,8.100000381469727,,6.039999961853027,,comparison_country,2020-2022,2020,3,8,35
Poland,2020-08-31,4148.0,81.0,,,15.437282730386986,0.3014512780041817,666.5714285714286,11.591836734693876,17.36508226132731,0.3019829381064819,666.5714285714286,17.365082142857144,11.591836571428571,0.3019829385714286,2155.0,54.068,,,23608.285714285714,0.6162857142857143,2.973158342857143,33.71423385714286,,,,,36.63857142857143,0.8581000000000001,70387.0,2113.0,1833.676,55.046494,2717727.0,70.945,0.0,0.0,0.0,0.0,0.0,0.0,0.0,0.0,3.482271,-1.2433203,-3595.603,-93.566376,POL,Europe,38385734.0,125.40259552001952,40.86399841308594,77.92289733886719,45153.04296875,0.2441274523735046,8.100000381469727,,6.039999961853027,,comparison_country,2020-2022,2020,3,8,36
Poland,2020-09-07,3263.0,68.0,,,12.143648396637593,0.2530702086948686,501.14285714285717,10.571428571428571,13.05544547208234,0.27539993299147464,501.14284285714285,13.055445285714285,10.571428857142857,0.27539993,2001.857142857143,50.22557142857143,,,21106.85714285714,0.5508571428571428,2.5411450714285713,39.552371428571426,,,,,36.11,0.9101285714285714,73650.0,2181.0,1918.6815,56.81798,2865423.0,74.8,0.0,0.0,0.0,0.0,0.0,0.0,0.0,0.0,6.413246,-1.0563264,-3131.3032,-81.48416,POL,Europe,38385734.0,125.40259552001952,40.86399841308594,77.92289733886719,45153.04296875,0.2441274523735046,8.100000381469727,,6.039999961853027,,comparison_country,2020-2022,2020,3,9,37
Poland,2020-09-14,4680.0,100.0,,,17.41718495135272,0.3721620716101009,555.2040816326531,12.693877551020408,14.463813083075422,0.33069258363068965,555.2040728571429,14.463813285714284,12.693877428571428,0.33069258571428567,1968.4285714285713,49.387142857142855,,,18768.14285714286,0.4898571428571428,2.579275942857143,39.342562,,,,,30.555714285714284,1.2259714285714285,78330.0,2281.0,2040.6018,59.42312,2993739.0,78.15,0.0,0.0,0.0,0.0,0.0,0.0,0.0,0.0,9.736422,-0.7899752,-2401.0034,-62.479973,POL,Europe,38385734.0,125.40259552001952,40.86399841308594,77.92289733886719,45153.04296875,0.2441274523735046,8.100000381469727,,6.039999961853027,,comparison_country,2020-2022,2020,3,9,38
Poland,2020-09-21,7650.0,142.0,,,28.47039847817272,0.5284701416863433,877.6938775510205,15.83673469387755,22.865106019622296,0.41256823938491183,877.6938857142858,22.865106,15.836734714285715,0.41256824142857146,2044.3333333333333,51.291500000000006,,,19263.571428571428,0.5025714285714286,3.8288363142857142,26.880228142857142,,,,,23.15,1.4248,85980.0,2423.0,2239.8945,63.12241,3127674.0,81.646,0.0,0.0,0.0,0.0,0.0,0.0,0.0,0.0,6.5534453,-0.60822034,-1895.5034,-49.32563,POL,Europe,38385734.0,125.40259552001952,40.86399841308594,77.92289733886719,45153.04296875,0.2441274523735046,8.100000381469727,,6.039999961853027,,comparison_country,2020-2022,2020,3,9,39
Poland,2020-09-28,12160.0,180.0,,,45.25490790778827,0.6698917288981816,1429.612244897959,23.591836734693878,37.243321826227394,0.6145990782589666,1429.612257142857,37.24332185714286,23.591836857142855,0.6145990742857143,2610.5714285714284,65.49814285714285,,,21389.285714285714,0.5582857142857143,5.729360428571428,17.90083357142857,,,,,23.15,1.4875285714285715,98140.0,2603.0,2556.679,67.81165,3274655.0,85.483,0.0,0.0,0.0,0.0,0.0,0.0,0.0,0.0,6.2797675,-0.43759808,-1398.4033,-36.38987,POL,Europe,38385734.0,125.40259552001952,40.86399841308594,77.92289733886719,45153.04296875,0.2441274523735046,8.100000381469727,,6.039999961853027,,comparison_country,2020-2022,2020,3,9,40
Poland,2020-10-05,23498.0,369.0,,,87.45064358694151,1.3732780442412724,2418.938775510204,40.142857142857146,63.016608605431486,1.0457754212243837,2418.9387857142856,63.01660828571429,40.142857142857146,1.0457754242857142,4153.0,104.197,,,26350.428571428572,0.687857142857143,7.844702671428571,12.95534092857143,,,,,27.118571428571425,1.6723857142857141,121638.0,2972.0,3168.8335,77.4246,3457092.0,90.245,0.0,0.0,0.0,0.0,0.0,0.0,0.0,0.0,16.786373,-0.023792366,-77.90332,-2.0272348,POL,Europe,38385734.0,125.40259552001952,40.86399841308594,77.92289733886719,45153.04296875,0.2441274523735046,8.100000381469727,,6.039999961853027,,comparison_country,2020-2022,2020,4,10,41
Poland,2020-10-12,45592.0,553.0,,,169.6761316884772,2.058056256003858,4989.489795918367,62.9795918367347,129.98292011085076,1.6407030756982448,4989.489871428572,129.98292142857142,62.979592000000004,1.6407031,6434.833333333333,161.4475,,,33827.42857142857,0.883,12.135172285714287,8.570647971428572,,,,,38.228571428571435,1.6648,167230.0,3525.0,4356.5664,91.83099,3691451.0,96.363,0.0,0.0,0.0,0.0,0.0,0.0,0.0,0.0,27.981886,0.6436619,2158.9966,56.182365,POL,Europe,38385734.0,125.40259552001952,40.86399841308594,77.92289733886719,45153.04296875,0.2441274523735046,8.100000381469727,,6.039999961853027,,comparison_country,2020-2022,2020,4,10,42
Poland,2020-10-19,74716.0,790.0,,,278.064613424203,2.940080365719797,8800.673469387755,94.48979591836735,229.26938089519808,2.461586273649668,8800.673485714286,229.26937857142858,94.48979428571428,2.4615862714285717,10148.285714285714,254.61642857142857,,,43527.857142857145,1.1362857142857143,17.828306857142856,5.698259628571429,,,,,51.128571428571426,1.5268571428571427,241946.0,4315.0,6303.0186,112.41155,3997596.0,104.355,0.0,0.0,0.0,0.0,0.0,0.0,0.0,0.0,56.571728,1.9300603,6626.2964,172.43242,POL,Europe,38385734.0,125.40259552001952,40.86399841308594,77.92289733886719,45153.04296875,0.2441274523735046,8.100000381469727,,6.039999961853027,,comparison_country,2020-2022,2020,4,10,43
Poland,2020-10-26,124785.0,1316.0,,,464.4024410586644,4.897652862388928,14011.897959183672,147.91836734693877,365.02878801753985,3.853472421471445,14011.898,365.02878142857145,147.91836714285714,3.853472371428571,14592.857142857143,366.1291428571429,,,52905.28571428572,1.380857142857143,23.309655285714285,4.344644628571428,,,,,71.3,1.4696285714285715,366731.0,5631.0,9553.836,146.69513,4363691.0,113.912,0.0,0.0,0.0,0.0,0.0,0.0,0.0,0.0,86.73135,3.8363845,13473.996,350.6263,POL,Europe,38385734.0,125.40259552001952,40.86399841308594,77.92289733886719,45153.04296875,0.2441274523735046,8.100000381469727,,6.039999961853027,,comparison_country,2020-2022,2020,4,10,44
Poland,2020-11-02,172909.0,2005.0,,,643.5017164003094,7.461849535782524,21840.428571428572,234.36734693877548,568.9725399396706,6.105584614814856,21840.42842857143,568.9725428571429,234.36734857142855,6.105584671428572,19013.285714285714,477.0355714285714,,,63928.28571428572,1.6688571428571428,30.923056,3.268875342857143,,,,,72.35714285714286,1.318457142857143,539640.0,7636.0,14058.348,198.92807,4824382.0,125.938,0.0,0.0,0.0,0.0,0.0,0.0,0.0,0.0,108.41941,6.1068225,21924.098,570.51855,POL,Europe,38385734.0,125.40259552001952,40.86399841308594,77.92289733886719,45153.04296875,0.2441274523735046,8.100000381469727,,6.039999961853027,,comparison_country,2020-2022,2020,4,11,45
Poland,2020-11-09,183478.0,2409.0,,,682.8355257487809,8.965384305087332,26760.87755102041,320.8367346938776,697.1568539244399,8.358228468260567,26760.877285714287,697.1568585714285,320.83673714285715,8.358228442857143,21804.714285714286,547.0715714285714,,,63073.857142857145,1.6464285714285716,39.20341585714285,2.573208071428571,,,,,75.0,1.0894285714285714,723118.0,10045.0,18838.197,261.68576,5271932.0,137.621,0.0,0.0,0.0,0.0,0.0,0.0,0.0,0.0,99.448845,8.101174,29718.996,773.3609,POL,Europe,38385734.0,125.40259552001952,40.86399841308594,77.92289733886719,45153.04296875,0.2441274523735046,8.100000381469727,,6.039999961853027,,comparison_country,2020-2022,2020,4,11,46
Poland,2020-11-16,160188.0,3243.0,,,596.1589792707884,12.069215982315573,24406.428571428572,398.10204081632656,635.8202912422769,10.371093615568912,24406.428571428572,635.8202814285714,398.10203714285717,10.371093714285715,22579.14285714286,566.5017142857143,,,56076.71428571428,1.4638571428571427,43.61888028571428,2.293347942857143,,,,,75.0,0.9625428571428571,883306.0,13288.0,23011.309,346.17026,5657073.0,147.674,0.0,0.0,0.0,0.0,0.0,0.0,0.0,0.0,86.96491,9.770053,36616.098,952.8403,POL,Europe,38385734.0,125.40259552001952,40.86399841308594,77.92289733886719,45153.04296875,0.2441274523735046,8.100000381469727,,6.039999961853027,,comparison_country,2020-2022,2020,4,11,47
Poland,2020-11-23,103928.0,3773.0,,,386.7805977829457,14.04167496184911,18431.551020408162,558.6530612244898,480.166694751966,14.553663640364148,18431.551,480.1666971428571,558.6530642857143,14.553663714285715,21802.85714285714,547.0251428571429,,,54084.857142857145,1.4118571428571427,38.804565857142855,2.6112504857142858,,,,,75.0,0.8241714285714286,987234.0,17061.0,25718.773,444.462,6040213.0,157.676,0.0,0.0,0.0,0.0,0.0,0.0,0.0,0.0,71.083855,11.046024,42277.996,1100.1768,POL,Europe,38385734.0,125.40259552001952,40.86399841308594,77.92289733886719,45153.04296875,0.2441274523735046,8.100000381469727,,6.039999961853027,,comparison_country,2020-2022,2020,4,11,48
Poland,2020-11-30,78343.0,3060.0,,,291.5629317615014,11.388159391269088,12273.653061224491,463.5918367346939,319.74517046422744,12.077190883850076,12273.652857142859,319.74516714285716,463.59183571428576,12.07719107142857,20511.428571428572,514.6237142857143,,,49815.57142857143,1.3004285714285715,27.95824771428571,3.6362939000000005,,,,,75.0,0.7386142857142858,1065577.0,20121.0,27759.715,524.17914,6384223.0,166.656,0.0,0.0,0.0,0.0,0.0,0.0,0.0,0.0,58.834255,12.045181,47086.695,1225.3109,POL,Europe,38385734.0,125.40259552001952,40.86399841308594,77.92289733886719,45153.04296875,0.2441274523735046,8.100000381469727,,6.039999961853027,,comparison_country,2020-2022,2020,4,11,49
Poland,2020-12-07,72231.0,2775.0,,,268.816385944692,10.3274974871803,10599.897959183672,411.89795918367344,276.14159883418336,10.730495844723809,10599.897857142858,276.14159714285717,411.89795714285714,10.730495642857145,19239.428571428572,482.7098571428572,,,48766.71428571428,1.272857142857143,22.795431,4.400031871428571,,,,,75.0,0.8335285714285714,1137808.0,22896.0,29641.43,596.4716,6727479.0,175.617,0.0,0.0,0.0,0.0,0.0,0.0,0.0,0.0,47.664856,12.77164,50965.996,1326.2598,POL,Europe,38385734.0,125.40259552001952,40.86399841308594,77.92289733886719,45153.04296875,0.2441274523735046,8.100000381469727,,6.039999961853027,,comparison_country,2020-2022,2020,4,12,50
Poland,2020-12-14,67012.0,2533.0,,,249.39324742736082,9.426865273883857,9943.95918367347,381.0816326530612,259.05351148615443,9.927689090250592,9943.959142857144,259.05351285714283,381.08163,9.927689285714285,18670.428571428572,468.4335714285714,,,46696.857142857145,1.2189999999999999,21.473007714285718,4.657777985714286,,,,,75.0,0.8923285714285714,1204820.0,25429.0,31387.182,662.45966,7054560.0,184.155,0.0,0.0,0.0,0.0,0.0,0.0,0.0,0.0,40.418167,13.336097,54327.695,1413.7394,POL,Europe,38385734.0,125.40259552001952,40.86399841308594,77.92289733886719,45153.04296875,0.2441274523735046,8.100000381469727,,6.039999961853027,,comparison_country,2020-2022,2020,4,12,51
Poland,2020-12-21,55103.0,1778.0,,,205.0724663193139,6.617041633227594,9190.591836734693,320.6938775510204,239.42727880974462,8.354506847544465,9190.591857142857,239.42727857142856,320.6938757142857,8.354506742857144,17401.14285714286,436.588,,,43287.857142857145,1.1300000000000001,21.252899857142857,4.7074566,,,,,75.0,0.8740714285714286,1259923.0,27207.0,32822.688,708.77893,7363803.0,192.228,0.0,0.0,0.0,0.0,0.0,0.0,0.0,0.0,41.38658,13.914564,57877.797,1506.1216,POL,Europe,38385734.0,125.40259552001952,40.86399841308594,77.92289733886719,45153.04296875,0.2441274523735046,8.100000381469727,,6.039999961853027,,comparison_country,2020-2022,2020,4,12,52
Poland,2020-12-28,61169.0,1998.0,,46042.0,227.64781758318261,7.435798190769816,8078.591836734694,266.0,210.45818315561436,6.929657773380079,8078.591971428571,210.45818285714287,266.0000014285714,6.929657671428571,16959.85714285714,425.51628571428574,,,36289.57142857143,0.9472857142857143,21.372382285714284,4.694645342857143,11035.984750000001,287.50224833333334,11035.984750000001,0.028750225,76.58857142857143,0.9887857142857143,1321092.0,29205.0,34416.223,760.8295,7604343.0,198.507,50833.0,50833.0,0.0,0.0,0.1324268,0.1324268,0.0,0.0,37.271355,14.386504,61074.895,1594.3232,POL,Europe,38385734.0,125.40259552001952,40.86399841308594,77.92289733886719,45153.04296875,0.2441274523735046,8.100000381469727,,6.039999961853027,,comparison_country,2020-2022,2020,4,12,53
Poland,2021-01-04,67009.0,2069.0,,152220.0,249.38208256521256,7.700033261612988,8975.938775510203,273.6938775510204,233.8352778537517,7.130093631947233,8975.938857142857,233.83527714285717,273.69388,7.130093671428571,17026.25,427.18174999999997,,,47951.142857142855,1.2517142857142858,22.176812,4.586340171428572,19208.234714285714,500.4003414285714,19208.234714285714,0.05004003614285714,75.0,1.0265142857142857,1388101.0,31274.0,36161.9,814.72974,7886328.0,205.868,203053.0,203053.0,0.0,0.0,0.5289804,0.5289804,0.0,0.0,28.966291,14.685884,63652.895,1661.6204,POL,Europe,38385734.0,125.40259552001952,40.86399841308594,77.92289733886719,45153.04296875,0.2441274523735046,8.100000381469727,,6.039999961853027,,comparison_country,2020-2022,2021,1,1,1
Poland,2021-01-11,49942.0,2160.0,,266413.0,185.8651818035166,8.03870074677818,8356.91836734694,306.7959183673469,217.70896363078373,7.992446317878067,8356.918328571428,217.70896428571427,306.79592,7.992446514285715,16271.57142857143,408.24742857142854,,,92078.71428571429,2.403714285714286,12.89764042857143,8.666993100000001,31168.469857142856,811.9805557142856,31154.776285714288,0.08116238085714286,75.0,0.8715,1438043.0,33434.0,37462.953,871.0007,8648082.0,225.753,469466.0,468795.0,671.0,0.0,1.2230221,1.221274,0.0017480452,0.0,23.178808,14.856937,65717.9,1715.526,POL,Europe,38385734.0,125.40259552001952,40.86399841308594,77.92289733886719,45153.04296875,0.2441274523735046,8.100000381469727,,6.039999961853027,,comparison_country,2020-2022,2021,1,1,2
Poland,2021-01-18,39822.0,2007.0,,238008.0,148.2023801565744,7.469292777214726,6304.285714285715,296.18367346938777,164.23512220153754,7.715983064681993,6304.285614285714,164.23512,296.18367,7.715983100000001,15022.0,376.896,,,48104.857142857145,1.2555714285714286,10.907117714285715,9.684940714285714,33779.877571428566,880.0112671428572,29313.979428571427,0.07636686028571428,71.3,0.8264428571428571,1477865.0,35441.0,38500.37,923.2857,8932453.0,233.176,707474.0,659753.0,47721.0,0.0,1.8430649,1.7187454,0.12431962,0.0,23.34654,15.025043,67804.09,1769.985,POL,Europe,38385734.0,125.40259552001952,40.86399841308594,77.92289733886719,45153.04296875,0.2441274523735046,8.100000381469727,,6.039999961853027,,comparison_country,2020-2022,2021,1,1,3
Poland,2021-01-25,37682.0,1817.0,,469430.0,140.23811182411822,6.762184841155533,5477.326530612244,270.83673469387753,142.6917231962334,7.055661217625214,5477.326557142857,142.69172,270.83673571428574,7.055661128571429,13979.714285714286,350.74542857142853,,,35033.57142857143,0.9144285714285714,15.312588,6.554739185714285,59113.40857142857,1539.983785714286,40690.71428571428,0.106004783,71.3,0.8935142857142857,1515547.0,37258.0,39482.04,970.62103,9167085.0,239.301,1176904.0,976367.0,200537.0,0.0,3.0659933,2.5435674,0.52242583,0.0,15.381201,15.032015,69190.09,1806.1656,POL,Europe,38385734.0,125.40259552001952,40.86399841308594,77.92289733886719,45153.04296875,0.2441274523735046,8.100000381469727,,6.039999961853027,,comparison_country,2020-2022,2021,1,1,4
Poland,2021-02-01,36873.0,1904.0,,479804.0,137.22732066479253,7.0859658434563215,5307.551020408164,267.59183673469386,138.2688428051985,6.971127261359491,5307.551042857143,138.26884571428573,267.59184,6.971127314285715,13042.42857142857,327.2294285714285,,,38690.28571428572,1.01,14.7138805,6.824265285714286,66434.98,1730.7206142857142,36730.796428571426,0.09568866399999999,71.3,0.9511428571428572,1552420.0,39162.0,40442.63,1020.2228,9438573.0,246.388,1656708.0,1206212.0,450496.0,0.0,4.315947,3.1423445,1.1736027,0.0,6.6033664,14.865651,69802.09,1822.1416,POL,Europe,38385734.0,125.40259552001952,40.86399841308594,77.92289733886719,45153.04296875,0.2441274523735046,8.100000381469727,,6.039999961853027,,comparison_country,2020-2022,2021,1,2,5
Poland,2021-02-08,38697.0,1717.0,,128506.0,144.01555685096076,6.390022769545433,5333.448979591836,256.734693877551,138.94351947501738,6.688284086935814,5333.448928571429,138.94352285714285,256.7346971428571,6.688284214285714,12325.0,309.22957142857143,,,42982.857142857145,1.122142857142857,12.814507428571428,7.816711128571429,64260.66428571429,1674.0766857142858,35806.34714285714,0.09328034928571428,71.3,1.0383285714285715,1591117.0,40879.0,41450.74,1064.9529,9741547.0,254.297,2122245.0,1476274.0,645971.0,0.0,5.5287337,3.8458924,1.6828413,0.0,7.710164,14.727906,70512.695,1840.6913,POL,Europe,38385734.0,125.40259552001952,40.86399841308594,77.92289733886719,45153.04296875,0.2441274523735046,8.100000381469727,,6.039999961853027,,comparison_country,2020-2022,2021,1,2,6
Poland,2021-02-15,49813.0,1362.0,,592914.0,185.38509273113957,5.068847415329574,6293.530612244898,213.75510204081633,163.95493732762537,5.568607911491711,6293.5306,163.95493714285712,213.75510142857144,5.568607914285714,12332.0,309.4051428571429,,,45521.28571428572,1.1881428571428572,12.922484999999998,7.765066142857143,76287.15285714285,1987.3829571428573,39753.225,0.10356249657142858,71.3,1.1885,1640930.0,42241.0,42748.434,1100.4348,10058906.0,262.582,2715159.0,1785194.0,929965.0,0.0,7.0733542,4.6506705,2.422684,0.0,9.082876,14.62063,71355.09,1862.6816,POL,Europe,38385734.0,125.40259552001952,40.86399841308594,77.92289733886719,45153.04296875,0.2441274523735046,8.100000381469727,,6.039999961853027,,comparison_country,2020-2022,2021,1,2,7
Poland,2021-02-22,68226.0,1598.0,,44277.0,253.91129497670747,5.947149904329413,8428.061224489797,213.73469387755102,219.56233074740203,5.568076251389409,8428.061228571429,219.56233285714285,213.73469428571428,5.568076185714285,13514.2,339.066,,,49110.857142857145,1.282,15.615694428571429,6.4537445,86936.09999999999,2264.8024714285716,49807.438571428575,0.12975507657142857,71.82857142857144,1.275642857142857,1709156.0,43839.0,44525.812,1142.065,10401192.0,271.517,3336354.0,2149607.0,1186747.0,0.0,8.691651,5.600015,3.0916355,0.0,7.7050333,14.4928665,72062.9,1881.1583,POL,Europe,38385734.0,125.40259552001952,40.86399841308594,77.92289733886719,45153.04296875,0.2441274523735046,8.100000381469727,,6.039999961853027,,comparison_country,2020-2022,2021,1,2,8
Poland,2021-03-01,87931.0,1472.0,,219333.0,327.24583118747785,5.4782256941006855,11136.061224489795,217.42857142857142,290.1093730418128,5.664306729905737,11136.061285714286,290.10937285714283,217.42857714285714,5.664306714285715,15988.714285714286,401.15071428571434,,,54787.42857142857,1.430142857142857,19.047926142857143,5.274806428571429,90436.29428571429,2355.9871857142857,54795.58142857143,0.14274986142857143,71.95857142857143,1.2750142857142859,1797087.0,45311.0,46816.535,1180.4125,10780572.0,281.42,3951104.0,2526389.0,1424715.0,0.0,10.293158,6.581583,3.7115743,0.0,10.563107,14.421593,73033.09,1906.4849,POL,Europe,38385734.0,125.40259552001952,40.86399841308594,77.92289733886719,45153.04296875,0.2441274523735046,8.100000381469727,,6.039999961853027,,comparison_country,2020-2022,2021,1,3,9
Poland,2021-03-08,111512.0,1891.0,,221656.0,415.0053692938558,7.037584774147009,14147.020408163266,244.67346938775512,368.54890955486917,6.374072966476429,14147.020571428571,368.54891285714285,244.67346714285713,6.374072985714286,18686.14285714286,468.82785714285717,,,64314.71428571428,1.678857142857143,21.292067,4.701721114285715,84927.59285714287,2212.477957142857,56109.76571428571,0.14617348571428573,70.37,1.2796142857142858,1908599.0,47202.0,49721.57,1229.6755,11230795.0,293.173,4530783.0,2924629.0,1606154.0,0.0,11.803299,7.619052,4.184247,0.0,20.044764,14.52006,74842.3,1953.7129,POL,Europe,38385734.0,125.40259552001952,40.86399841308594,77.92289733886719,45153.04296875,0.2441274523735046,8.100000381469727,,6.039999961853027,,comparison_country,2020-2022,2021,1,3,10
Poland,2021-03-15,151874.0,2117.0,,495399.0,565.2174246371247,7.878671055985835,19207.775510204083,289.6734693877551,500.38838674295204,7.546383492048245,19207.77542857143,500.3883857142857,289.67346428571426,7.546383485714285,22034.85714285714,552.8457142857143,,,74930.0,1.9561428571428572,23.900675714285715,4.2026205857142855,72684.66285714286,1893.5332285714285,47782.66285714286,0.1244802622857143,70.89857142857143,1.2888857142857142,2060473.0,49319.0,53678.094,1284.8263,11751694.0,306.771,5026182.0,3242462.0,1783720.0,0.0,13.09388,8.44705,4.6468306,0.0,31.360744,14.802876,77603.3,2025.7872,POL,Europe,38385734.0,125.40259552001952,40.86399841308594,77.92289733886719,45153.04296875,0.2441274523735046,8.100000381469727,,6.039999961853027,,comparison_country,2020-2022,2021,1,3,11
Poland,2021-03-22,191601.0,2578.0,,355544.0,713.0662508256694,9.594338206108402,24502.591836734693,341.81632653061223,638.3254736443151,8.904775053425114,24502.591571428573,638.3254571428571,341.8163271428571,8.90477507142857,27109.285714285714,680.1612857142857,,,86604.14285714286,2.2607142857142857,27.00868614285714,3.7093008142857142,99189.21285714286,2584.0124,71610.76428571428,0.18655567285714286,73.28,1.235357142857143,2252074.0,51897.0,58669.56,1351.9867,12372763.0,322.983,5882581.0,3889970.0,1992611.0,0.0,15.324915,10.133895,5.1910195,0.0,45.356216,15.300051,81536.5,2128.461,POL,Europe,38385734.0,125.40259552001952,40.86399841308594,77.92289733886719,45153.04296875,0.2441274523735046,8.100000381469727,,6.039999961853027,,comparison_country,2020-2022,2021,1,3,12
Poland,2021-03-29,187526.0,3055.0,,532995.0,697.9006464075579,11.369551287688582,28042.95918367347,399.8367346938776,730.5568048711395,10.416284724264425,28042.959,730.5568000000001,399.83673142857145,10.416284857142857,31465.0,789.4444285714286,,,86267.28571428571,2.252,31.22280657142857,3.217530528571429,123041.59142857142,3205.3989714285713,102097.06142857144,0.26597656857142854,75.92999999999999,1.0308142857142857,2439600.0,54952.0,63554.86,1431.5735,12972815.0,338.647,6658909.0,4585575.0,2073334.0,0.0,17.347353,11.946039,5.401314,0.0,61.940998,16.035854,86827.5,2266.5793,POL,Europe,38385734.0,125.40259552001952,40.86399841308594,77.92289733886719,45153.04296875,0.2441274523735046,8.100000381469727,,6.039999961853027,,comparison_country,2020-2022,2021,1,3,13
Poland,2021-04-05,135990.0,3478.0,,322602.0,506.1032011825763,12.943796850599309,21517.551020408162,439.9591836734694,560.56114546118,11.46152848538651,21517.551,560.5611471428572,439.95918571428575,11.461528571428572,33990.28571428572,852.8028571428571,,,86010.85714285714,2.2454285714285716,28.751966285714285,3.541193642857143,118874.33714285714,3096.836357142857,112393.72428571428,0.29280077285714284,75.92999999999999,0.8801,2575590.0,58430.0,67097.586,1522.18,13583033.0,354.577,7687617.0,5581068.0,2106549.0,0.0,20.027277,14.539433,5.4878435,0.0,65.17419,16.782387,92271.5,2408.6917,POL,Europe,38385734.0,125.40259552001952,40.86399841308594,77.92289733886719,45153.04296875,0.2441274523735046,8.100000381469727,,6.039999961853027,,comparison_country,2020-2022,2021,2,4,14
Poland,2021-04-12,113416.0,3608.0,,282547.0,422.09133513731206,13.427607543692442,19220.0,545.7755102040817,500.7068511442298,14.218186115812754,19220.000285714286,500.7068528571429,545.7754942857143,14.218186142857144,33127.42857142857,831.1541428571428,,,78140.0,2.039857142857143,24.32840157142857,4.120952414285714,166748.51714285716,4344.023242857143,149001.84857142856,0.38816985,75.92999999999999,0.8028285714285713,2689006.0,62038.0,70052.23,1616.1733,14136915.0,369.036,8484815.0,6236689.0,2248126.0,0.0,22.104084,16.247414,5.8566704,0.0,55.98019,17.358429,96862.09,2528.5266,POL,Europe,38385734.0,125.40259552001952,40.86399841308594,77.92289733886719,45153.04296875,0.2441274523735046,8.100000381469727,,6.039999961853027,,comparison_country,2020-2022,2021,2,4,15
Poland,2021-04-19,70799.0,3381.0,,1063171.0,263.48702507923537,12.582799641137512,12821.26530612245,502.51020408163265,334.0112059892472,13.09106669893645,12821.265285714286,334.0112042857143,502.5102142857143,13.091066642857143,29792.14285714286,747.473,,,64305.142857142855,1.6784285714285716,22.243239285714285,4.543844457142858,192568.84,5016.677214285714,157507.81714285715,0.41032904285714283,72.22,0.6629428571428572,2759805.0,65419.0,71896.63,1704.2529,14578103.0,380.553,10343967.0,7765723.0,2578244.0,0.0,26.947426,20.230753,6.7166724,0.0,49.89004,17.81841,100854.9,2632.756,POL,Europe,38385734.0,125.40259552001952,40.86399841308594,77.92289733886719,45153.04296875,0.2441274523735046,8.100000381469727,,6.039999961853027,,comparison_country,2020-2022,2021,2,4,16
Poland,2021-04-26,44359.0,2655.0,,730631.0,165.08737334552467,9.88090300124818,7840.551020408164,419.93877551020404,204.2568997223855,10.939969925030066,7840.551057142858,204.25690142857144,419.9387771428572,10.93997,24487.571428571428,614.3834285714286,,,57551.71428571428,1.5025714285714287,16.15282157142857,6.3492978,228205.36000000002,5945.056485714286,174797.02857142856,0.4553697785714285,70.37,0.6076571428571428,2804164.0,68074.0,73052.24,1773.4193,14979671.0,391.035,11877060.0,8917338.0,2959722.0,0.0,30.94134,23.230865,7.710474,0.0,38.190075,18.102804,103915.3,2712.646,POL,Europe,38385734.0,125.40259552001952,40.86399841308594,77.92289733886719,45153.04296875,0.2441274523735046,8.100000381469727,,6.039999961853027,,comparison_country,2020-2022,2021,2,4,17
Poland,2021-05-03,29812.0,1945.0,,1149411.0,110.94895678840328,7.238552292816463,4982.836734693878,298.16326530612247,129.8095989175009,7.767554094605107,4982.8367285714285,129.80959928571428,298.16326714285714,7.767554142857143,19032.14285714286,477.50885714285715,,,53960.42857142857,1.4087142857142858,10.955911714285715,9.370969785714285,234136.54,6099.571771428571,171789.27714285714,0.4475341671428571,67.84714285714286,0.6318142857142857,2833976.0,70019.0,73828.88,1824.0891,15352180.0,400.759,13764238.0,10260941.0,3671671.0,0.0,35.857693,26.73113,9.565197,0.0,28.928326,18.248325,106177.9,2771.71,POL,Europe,38385734.0,125.40259552001952,40.86399841308594,77.92289733886719,45153.04296875,0.2441274523735046,8.100000381469727,,6.039999961853027,,comparison_country,2020-2022,2021,2,5,18
Poland,2021-05-10,21466.0,1668.0,,1244749.0,79.88831029182427,6.207663354456483,3823.1836734693875,280.08163265306126,99.59907692449981,7.296503243967178,3823.1836428571432,99.59907771428571,280.08163,7.296503214285715,13785.42857142857,345.8708571428571,,,54536.857142857145,1.4237142857142857,7.8630629,12.872614857142858,295024.9114285714,7685.795714285714,193483.5342857143,0.50405061,64.39,0.6182,2855442.0,71687.0,74388.1,1867.5427,15738198.0,410.836,15879467.0,11556822.0,4577701.0,0.0,41.36815,30.107077,11.925527,0.0,25.989376,18.34919,108174.3,2823.8247,POL,Europe,38385734.0,125.40259552001952,40.86399841308594,77.92289733886719,45153.04296875,0.2441274523735046,8.100000381469727,,6.039999961853027,,comparison_country,2020-2022,2021,2,5,19
Poland,2021-05-17,11543.0,1263.0,,1179179.0,42.95866792595395,4.700406964435574,2261.3673469387754,208.16326530612244,58.911660955572074,5.42293304346147,2261.3673714285715,58.91166114285714,208.16326142857142,5.422933085714285,9790.714285714286,245.64514285714287,,,52717.0,1.3761428571428571,5.462329642857143,19.19260807142857,299221.62857142853,7795.125999999999,177519.96,0.46246337000000004,61.68285714285714,0.5341142857142857,2866985.0,72950.0,74688.81,1900.4457,16102948.0,420.358,17941112.0,12748812.0,5597165.0,0.0,46.73901,33.21237,14.5813675,0.0,14.749982,18.3036,109289.9,2852.9468,POL,Europe,38385734.0,125.40259552001952,40.86399841308594,77.92289733886719,45153.04296875,0.2441274523735046,8.100000381469727,,6.039999961853027,,comparison_country,2020-2022,2021,2,5,20
Poland,2021-05-24,6356.0,810.0,,1967940.0,23.654621271538016,3.014512780041817,1215.530612244898,141.12244897959184,31.666207353098887,3.6764296074054967,1215.5305857142855,31.666207285714286,141.12245142857142,3.676429628571429,6381.285714285715,160.10385714285715,,,53004.57142857143,1.3835714285714287,3.0260071,35.264548714285716,280928.1257142857,7318.555442857143,139382.00857142857,0.3631088757142857,59.21714285714285,0.4839142857142857,2873341.0,73760.0,74854.4,1921.5472,16481296.0,430.234,19909052.0,13633827.0,6868820.0,0.0,51.865757,35.517952,17.8942,0.0,7.4607787,18.166237,109861.5,2867.868,POL,Europe,38385734.0,125.40259552001952,40.86399841308594,77.92289733886719,45153.04296875,0.2441274523735046,8.100000381469727,,6.039999961853027,,comparison_country,2020-2022,2021,2,5,21
Poland,2021-05-31,3203.0,414.0,,2225310.0,11.920351153671533,1.5407509764658178,651.4897959183673,87.53061224489795,16.9721854457275,2.2802901787653185,651.4898057142857,16.97218557142857,87.53061242857143,2.280290142857143,3978.5714285714284,99.82085714285714,,,48896.857142857145,1.2764285714285715,1.7102322857142858,61.62216228571429,313434.82285714283,8165.398585714285,135737.99714285714,0.35361574285714287,55.542857142857144,0.44967142857142856,2876544.0,74174.0,74937.84,1932.3325,16813486.0,438.906,22134362.0,14613790.0,8223526.0,0.0,57.66299,38.07089,21.423391,0.0,6.8397365,18.025026,110383.695,2881.4998,POL,Europe,38385734.0,125.40259552001952,40.86399841308594,77.92289733886719,45153.04296875,0.2441274523735046,8.100000381469727,,6.039999961853027,,comparison_country,2020-2022,2021,2,5,22
Poland,2021-06-07,2211.0,421.0,,2335939.0,8.228503403299332,1.566802321478525,367.53061224489795,57.61224489795918,9.574666782323296,1.500876468793307,367.5306142857143,9.574666714285714,57.61224442857143,1.5008764714285714,2563.4285714285716,64.31528571428571,,,51332.142857142855,1.34,0.9179551271428572,115.66567714285715,322180.37142857147,8393.231885714285,132609.63285714286,0.3454659342857143,53.06428571428571,0.5143428571428571,2878755.0,74595.0,74995.44,1943.3,17181898.0,448.523,24470300.0,15503070.0,9747952.0,0.0,63.748425,40.38758,25.394726,0.0,7.0235434,17.890116,110917.695,2895.4395,POL,Europe,38385734.0,125.40259552001952,40.86399841308594,77.92289733886719,45153.04296875,0.2441274523735046,8.100000381469727,,6.039999961853027,,comparison_country,2020-2022,2021,2,6,23
Poland,2021-06-14,1305.0,255.0,,1228905.0,4.856715034511817,0.9490132826057573,238.9591836734694,44.48979591836735,6.2252081378323885,1.1590190230143143,238.95918571428572,6.2252079857142855,44.48979528571429,1.1590190285714286,1716.7142857142858,43.071714285714286,,,47527.42857142857,1.2405714285714284,0.5920043242857143,172.89541142857144,315123.71428571426,8209.396585714287,107552.42857142857,0.28018854000000004,52.96142857142858,0.5103428571428571,2880060.0,74850.0,75029.44,1949.9431,17512319.0,457.148,26494562.0,16152134.0,11190284.0,0.0,69.0219,42.07848,29.152195,0.0,9.964955,17.794262,111674.09,2915.1848,POL,Europe,38385734.0,125.40259552001952,40.86399841308594,77.92289733886719,45153.04296875,0.2441274523735046,8.100000381469727,,6.039999961853027,,comparison_country,2020-2022,2021,2,6,24
Poland,2021-06-21,877.0,151.0,,1220017.0,3.263861368020585,0.5619647281312524,152.46938775510202,27.510204081632654,3.9720326242843775,0.7166778179005943,152.46938714285716,3.972032685714286,27.51020385714286,0.71667782,1234.5714285714287,30.974857142857143,,,44398.71428571428,1.159,0.39929096,255.73196428571427,272648.73142857145,7102.8661999999995,79941.06285714285,0.2082572157142857,50.215714285714284,0.5504571428571429,2880937.0,75001.0,75052.28,1953.877,17823299.0,465.266,28447380.0,16681699.0,12682542.0,0.0,74.109245,43.45807,33.039726,0.0,10.603894,17.708702,112475.5,2936.105,POL,Europe,38385734.0,125.40259552001952,40.86399841308594,77.92289733886719,45153.04296875,0.2441274523735046,8.100000381469727,,6.039999961853027,,comparison_country,2020-2022,2021,2,6,25
Poland,2021-06-28,634.0,105.0,,1576770.0,2.35950753400804,0.390770175190606,101.77551020408164,17.918367346938776,2.651388930170819,0.46679756981952664,101.77550857142856,2.651388871428572,17.91836742857143,0.4667975642857143,808.7142857142857,20.290285714285716,,,41593.42857142857,1.0857142857142856,0.2828848542857143,360.78711571428573,253748.84,6610.498457142857,69244.06142857143,0.18039009142857143,43.50571428571429,0.6271857142857142,2881571.0,75106.0,75068.8,1956.6123,18113298.0,472.837,30024148.0,17114524.0,13902713.0,0.0,78.21695,44.585636,36.218437,0.0,1.9214166,17.526865,112617.695,2939.817,POL,Europe,38385734.0,125.40259552001952,40.86399841308594,77.92289733886719,45153.04296875,0.2441274523735046,8.100000381469727,,6.039999961853027,,comparison_country,2020-2022,2021,2,6,26
Poland,2021-07-05,558.0,72.0,,1234100.0,2.0766643595843632,0.26795669155927265,82.91836734693878,12.26530612244898,2.160134995645486,0.3195277214823866,82.91836857142857,2.160134957142857,12.265305999999999,0.31952772285714287,490.14285714285717,12.29742857142857,,,39805.28571428572,1.0391428571428571,0.21920969,457.65612142857145,212718.25142857144,5541.5966714285705,51110.520000000004,0.13314978085714285,43.42142857142857,0.7698,2882129.0,75178.0,75083.336,1958.488,18391749.0,480.105,31535478.0,17430956.0,15181701.0,0.0,82.15416,45.409985,39.550373,0.0,3.2747943,17.364288,112860.5,2946.155,POL,Europe,38385734.0,125.40259552001952,40.86399841308594,77.92289733886719,45153.04296875,0.2441274523735046,8.100000381469727,,6.039999961853027,,comparison_country,2020-2022,2021,3,7,27
Poland,2021-07-12,607.0,55.0,,877721.0,2.2590237746733126,0.20468913938555547,82.06122448979592,8.673469387755102,2.13780527134888,0.22595554347756128,82.06122428571429,2.137805257142857,8.673469571428571,0.22595554428571427,377.57142857142856,9.473142857142857,,,38412.857142857145,1.0027142857142857,0.2074501142857143,482.50453714285715,201087.02,5238.5872,46023.56071428571,0.11989756785714287,43.339999999999996,0.9703714285714286,2882736.0,75233.0,75099.15,1959.9209,18660168.0,487.112,32788404.0,17742406.0,16211976.0,0.0,85.4182,46.221355,42.23438,0.0,6.610584,17.243326,113349.3,2958.9148,POL,Europe,38385734.0,125.40259552001952,40.86399841308594,77.92289733886719,45153.04296875,0.2441274523735046,8.100000381469727,,6.039999961853027,,comparison_country,2020-2022,2021,3,7,28
Poland,2021-07-19,733.0,27.0,,718128.0,2.72794798490204,0.10048375933472724,98.08163265306122,5.5102040816326525,2.555158451654493,0.14354822762103892,98.08163428571429,2.555158414285714,5.510204142857143,0.14354823142857143,330.2857142857143,8.28657142857143,,,37481.71428571428,0.9785714285714285,0.23909577142857144,421.60204285714286,154151.73285714287,4015.8600285714283,45486.56071428571,0.11849860914285715,43.28285714285715,1.098242857142857,2883469.0,75260.0,75118.24,1960.6243,18922399.0,493.958,33770148.0,18064022.0,16986230.0,0.0,87.97578,47.059208,44.251415,0.0,-1.4688551,17.033308,113239.695,2956.054,POL,Europe,38385734.0,125.40259552001952,40.86399841308594,77.92289733886719,45153.04296875,0.2441274523735046,8.100000381469727,,6.039999961853027,,comparison_country,2020-2022,2021,3,7,29
Poland,2021-07-26,882.0,19.0,,693589.0,3.28246947160109,0.07071079360591917,114.93877551020408,3.5918367346938775,2.9943096961544122,0.09357217800482538,114.93877571428571,2.994309657142857,3.591836671428571,0.09357217714285715,296.2857142857143,7.433714285714286,,,37127.42857142857,0.969,0.2879582114285714,348.9075971428571,111177.94714285714,2896.3351285714284,41407.33714285714,0.10787168085714285,38.478571428571435,1.1802571428571427,2884351.0,75279.0,75141.23,1961.1191,19179592.0,500.672,34463736.0,18357076.0,17498174.0,0.0,89.78267,47.82265,45.5851,0.0,1.3706058,16.853535,113345.49,2958.8157,POL,Europe,38385734.0,125.40259552001952,40.86399841308594,77.92289733886719,45153.04296875,0.2441274523735046,8.100000381469727,,6.039999961853027,,comparison_country,2020-2022,2021,3,7,30
Poland,2021-08-02,1070.0,24.0,,342802.0,3.9821341662280796,0.0893188971864242,141.85714285714286,2.857142857142857,3.6955693710883017,0.07443241432202019,141.85714142857142,3.6955693,2.857142857142857,0.07443241199999999,295.57142857142856,7.415857142857143,,,38891.142857142855,1.0152857142857143,0.34212384,293.60127,85606.63285714285,2230.1679142857142,39834.52071428572,0.10377428357142858,37.652857142857144,1.1764142857142856,2885421.0,75303.0,75169.1,1961.7444,19453795.0,507.83,34986764.0,18605722.0,17863404.0,0.0,91.145226,48.47041,46.53657,0.0,-2.808458,16.633665,113131.9,2953.2397,POL,Europe,38385734.0,125.40259552001952,40.86399841308594,77.92289733886719,45153.04296875,0.2441274523735046,8.100000381469727,,6.039999961853027,,comparison_country,2020-2022,2021,3,8,31
Poland,2021-08-09,1240.0,14.0,,251942.0,4.614809687965251,0.05210269002541413,163.93877551020407,2.5306122448979593,4.270825601777058,0.06592585268521788,163.93877142857144,4.270825571428571,2.530612328571429,0.06592585342857142,310.57142857142856,7.792142857142857,,,39176.28571428572,1.022857142857143,0.39244747,255.7420557142857,67177.32642857144,1750.0596714285714,34032.60214285714,0.08865950485714287,35.955714285714286,1.171685714285714,2886661.0,75317.0,75201.4,1962.1091,19728960.0,515.013,35430976.0,18842300.0,18173552.0,0.0,92.30245,49.086727,47.344547,0.0,0.13740854,16.452114,113142.3,2953.5112,POL,Europe,38385734.0,125.40259552001952,40.86399841308594,77.92289733886719,45153.04296875,0.2441274523735046,8.100000381469727,,6.039999961853027,,comparison_country,2020-2022,2021,3,8,32
Poland,2021-08-16,1373.0,17.0,,393605.0,5.1097852432066855,0.06326755217371716,189.93877551020407,2.5510204081632653,4.948160572107442,0.06645751278751802,189.93877714285713,4.948160685714286,2.551020428571429,0.06645751385714285,343.85714285714283,8.627142857142857,,,38297.28571428572,0.9995714285714286,0.46718031428571427,215.0186314285714,58924.08214285714,1535.0515714285716,30674.918285714288,0.07991228771428571,35.90714285714286,1.1170142857142857,2888034.0,75334.0,75237.17,1962.552,19997484.0,522.022,35824580.0,19046468.0,18459140.0,0.0,93.32785,49.61861,48.08854,0.0,0.07292632,16.277637,113147.695,2953.6523,POL,Europe,38385734.0,125.40259552001952,40.86399841308594,77.92289733886719,45153.04296875,0.2441274523735046,8.100000381469727,,6.039999961853027,,comparison_country,2020-2022,2021,3,8,33
Poland,2021-08-23,1577.0,24.0,,140933.0,5.868995869291291,0.0893188971864242,207.65306122448982,2.979591836734694,5.4096415409039675,0.07762237493582104,207.65306428571427,5.409641428571429,2.9795918571428572,0.07762237414285714,383.2857142857143,9.616428571428571,,,36999.857142857145,0.966,0.5259749285714286,190.76620428571428,53272.01,1387.8074857142856,27327.611999999997,0.07119210557142856,35.86571428571428,1.160542857142857,2889611.0,75358.0,75278.25,1963.1772,20255746.0,528.764,36194404.0,19237696.0,18722804.0,0.0,94.29129,50.116783,48.77542,0.0,2.1748743,16.132135,113305.3,2957.7664,POL,Europe,38385734.0,125.40259552001952,40.86399841308594,77.92289733886719,45153.04296875,0.2441274523735046,8.100000381469727,,6.039999961853027,,comparison_country,2020-2022,2021,3,8,34
Poland,2021-08-30,2254.0,37.0,,305486.0,8.388533094091674,0.13769996649573732,274.81632653061223,4.408163265306123,7.159334937573741,0.11483858209683113,274.81633285714287,7.159335,4.408163214285714,0.11483858071428572,476.42857142857144,11.953571428571427,,,36407.142857142855,0.9504285714285714,0.6578775228571428,154.47261857142857,48236.64214285714,1256.629457142857,25040.77557142857,0.06523458857142857,35.824285714285715,1.303842857142857,2891865.0,75395.0,75336.98,1964.1411,20509764.0,535.395,36499892.0,19394324.0,18939076.0,0.0,95.08713,50.52482,49.338844,0.0,-1.6704707,15.943277,113179.49,2954.4824,POL,Europe,38385734.0,125.40259552001952,40.86399841308594,77.92289733886719,45153.04296875,0.2441274523735046,8.100000381469727,,6.039999961853027,,comparison_country,2020-2022,2021,3,8,35
Poland,2021-09-06,3166.0,46.0,,144558.0,11.782651187175796,0.17119455294064642,388.0408163265306,6.204081632653062,10.10898518513494,0.1616246710992438,388.04082,10.108985142857142,6.2040815714285715,0.16162467,606.4285714285714,15.215,,,36694.142857142855,0.9578571428571429,0.9204338128571428,110.6712042857143,38017.510714285716,990.4072571428571,20254.602000000003,0.052765962428571435,35.79571428571428,1.3457571428571427,2895031.0,75441.0,75419.45,1965.3395,20766335.0,542.093,36749444.0,19532718.0,19106620.0,0.0,95.73724,50.885357,49.77531,0.0,9.135618,15.873029,113855.695,2972.1343,POL,Europe,38385734.0,125.40259552001952,40.86399841308594,77.92289733886719,45153.04296875,0.2441274523735046,8.100000381469727,,6.039999961853027,,comparison_country,2020-2022,2021,3,9,36
Poland,2021-09-13,4284.0,62.0,,118776.0,15.943423147776723,0.23074048439826256,541.5918367346939,7.571428571428571,14.109195794841225,0.1972458979533535,541.5918342857143,14.109195928571427,7.571428571428571,0.19724590142857143,871.5714285714286,21.867428571428572,,,37277.857142857145,0.973,1.2759848857142857,79.67799014285713,32086.479,835.8959685714286,18085.663428571428,0.04711558557142857,34.62,1.3219428571428573,2899315.0,75503.0,75531.055,1966.9547,21027806.0,548.918,36956930.0,19648110.0,19244808.0,0.0,96.27777,51.18597,50.13531,0.0,6.6931953,15.780059,114346.9,2984.9565,POL,Europe,38385734.0,125.40259552001952,40.86399841308594,77.92289733886719,45153.04296875,0.2441274523735046,8.100000381469727,,6.039999961853027,,comparison_country,2020-2022,2021,3,9,37
Poland,2021-09-20,5303.0,84.0,,190082.0,19.735754657483653,0.3126161401524848,695.8979591836734,10.551020408163266,18.129077828332615,0.27486827288917454,695.8979571428572,18.129077285714285,10.551020285714285,0.2748682742857143,1216.142857142857,30.512571428571427,,,37552.28571428572,0.9802857142857143,1.6872947428571428,59.83150971428571,30388.704285714284,791.6666071428572,17263.010285714285,0.044972463428571426,33.051428571428566,1.2692714285714286,2904618.0,75587.0,75669.2,1969.1431,21289886.0,555.76,37147012.0,19756348.0,19374120.0,0.0,96.772964,51.467945,50.47219,0.0,6.410698,15.682814,114834.09,2997.6748,POL,Europe,38385734.0,125.40259552001952,40.86399841308594,77.92289733886719,45153.04296875,0.2441274523735046,8.100000381469727,,6.039999961853027,,comparison_country,2020-2022,2021,3,9,38
Poland,2021-09-27,7634.0,123.0,,114161.0,28.41085254671511,0.4577593480804242,913.3673469387755,15.326530612244898,23.794447878442952,0.3992767368274083,913.3673142857143,23.79444757142857,15.326530571428572,0.39927673571428574,1595.857142857143,40.03942857142857,,,38064.57142857143,0.9937142857142857,2.1131930857142858,47.902938857142864,25360.306428571428,660.6700828571429,15114.275857142857,0.039374720571428566,33.01571428571429,1.3503,2912252.0,75710.0,75868.08,1972.3473,21558989.0,562.784,37377610.0,19880124.0,19531280.0,0.0,97.373695,51.790398,50.881615,0.0,4.241864,15.562032,115165.5,3006.3257,POL,Europe,38385734.0,125.40259552001952,40.86399841308594,77.92289733886719,45153.04296875,0.2441274523735046,8.100000381469727,,6.039999961853027,,comparison_country,2020-2022,2021,3,9,39
Poland,2021-10-04,11535.0,173.0,,288652.0,42.92889496022514,0.6438403838854746,1391.8775510204082,22.081632653061227,36.26028229707443,0.575256230688756,1391.8775428571428,36.26028257142857,22.081632428571428,0.5752562342857143,2094.285714285714,52.54485714285715,,,36832.71428571428,0.9615714285714285,3.1320512714285718,33.101630285714286,77630.72,2022.3846142857142,12708.836857142858,0.03310822928571429,32.99,1.4104714285714286,2923787.0,75883.0,76168.586,1976.8542,21813461.0,569.427,37666260.0,19885124.0,19540516.0,0.0,98.12568,51.80342,50.90567,0.0,5.7766685,15.457188,115628.5,3018.412,POL,Europe,38385734.0,125.40259552001952,40.86399841308594,77.92289733886719,45153.04296875,0.2441274523735046,8.100000381469727,,6.039999961853027,,comparison_country,2020-2022,2021,4,10,40
Poland,2021-10-11,17191.0,243.0,,42612.0,63.97838173049245,0.9043538340125453,2037.857142857143,29.95918367346939,53.088919515180905,0.7804770301766116,2037.857157142857,53.08892014285714,29.95918342857143,0.7804770271428572,2788.8571428571427,69.97142857142856,,,38720.57142857143,1.010857142857143,4.614808942857143,22.036273857142856,49160.91857142857,1280.7081,11114.398,0.02895450142857143,32.948571428571434,1.457385714285714,2940978.0,76126.0,76616.43,1983.1847,22080714.0,576.404,38286490.0,20028338.0,19728692.0,0.0,99.741455,52.176514,51.395897,0.0,7.211006,15.370304,116202.9,3033.4065,POL,Europe,38385734.0,125.40259552001952,40.86399841308594,77.92289733886719,45153.04296875,0.2441274523735046,8.100000381469727,,6.039999961853027,,comparison_country,2020-2022,2021,4,10,41
Poland,2021-10-18,33327.0,335.0,,145062.0,124.03045360549834,1.246742939893838,3626.5714285714284,41.53061224489796,94.47706349894023,1.0819283081807936,3626.571414285714,94.47706571428571,41.53061185714286,1.0819283,4032.8571428571427,101.18271428571428,,,44529.28571428572,1.1624285714285716,6.623389785714286,15.622456285714287,49167.28928571429,1280.874042857143,12443.010142857142,0.03241571471428571,32.91285714285714,1.6007571428571428,2974305.0,76461.0,77484.65,1991.9119,22391712.0,584.522,38629516.0,20117276.0,19833946.0,0.0,100.635086,52.40821,51.670097,0.0,9.425194,15.307336,116965.695,3053.3188,POL,Europe,38385734.0,125.40259552001952,40.86399841308594,77.92289733886719,45153.04296875,0.2441274523735046,8.100000381469727,,6.039999961853027,,comparison_country,2020-2022,2021,4,10,42
Poland,2021-10-25,52284.0,553.0,,251955.0,194.58121752062516,2.0580562560038578,6180.530612244898,65.57142857142857,161.01113534118946,1.708223908690363,6180.530557142857,161.01113857142857,65.571429,1.708223914285714,5938.0,148.982,,,51743.42857142857,1.3507142857142858,10.32853242857143,9.912950857142857,60719.43928571429,1581.8230571428571,17238.918285714284,0.044909701571428574,32.87285714285714,1.4978142857142858,3026589.0,77014.0,78846.71,2006.3182,22752228.0,593.933,39064976.0,20248448.0,19965508.0,1045109.0,101.76952,52.74993,52.012833,2.7226496,18.687313,15.342339,118459.9,3092.324,POL,Europe,38385734.0,125.40259552001952,40.86399841308594,77.92289733886719,45153.04296875,0.2441274523735046,8.100000381469727,,6.039999961853027,,comparison_country,2020-2022,2021,4,10,43
Poland,2021-11-01,78939.0,758.0,,404361.0,293.78101770829755,2.820988502804565,9054.30612244898,88.08163265306122,235.87685264658427,2.294645001527422,9054.306057142856,235.8768457142857,88.08163142857143,2.2946449571428573,8537.714285714286,214.20800000000003,,,60070.142857142855,1.5679999999999998,13.521192142857144,7.4714606,52769.34642857143,1374.7124571428571,15111.163142857142,0.03936661285714286,38.41571428571428,1.4700142857142855,3105528.0,77772.0,80903.18,2026.0652,23176046.0,604.997,39469340.0,20356976.0,20059964.0,1290412.0,102.82294,53.03266,52.258904,3.3616967,24.099371,15.432078,120386.5,3142.6167,POL,Europe,38385734.0,125.40259552001952,40.86399841308594,77.92289733886719,45153.04296875,0.2441274523735046,8.100000381469727,,6.039999961853027,,comparison_country,2020-2022,2021,4,11,44
Poland,2021-11-08,100283.0,1109.0,,249878.0,373.21529027275756,4.127277374156019,13683.346938775509,145.75510204081633,356.4695920306099,3.7971164506276294,13683.347,356.4695914285714,145.75510142857144,3.7971164,11994.57142857143,300.9391428571429,,,67255.42857142857,1.7555714285714286,18.505204428571428,5.5175793142857135,65438.725,1704.7667428571428,17601.714428571428,0.04585483328571428,38.4,1.3212428571428572,3205811.0,78881.0,83515.69,2054.956,23635991.0,617.003,39905296.0,20475444.0,20147634.0,1563508.0,103.95866,53.34129,52.487297,4.0731487,36.46269,15.642733,123264.5,3217.745,POL,Europe,38385734.0,125.40259552001952,40.86399841308594,77.92289733886719,45153.04296875,0.2441274523735046,8.100000381469727,,6.039999961853027,,comparison_country,2020-2022,2021,4,11,45
Poland,2021-11-15,140762.0,1953.0,,682396.0,523.8627752398103,7.2683252585452705,17147.38775510204,222.3469387755102,446.7125144748317,5.79243681456007,17147.38757142857,446.71252000000004,222.34694,5.7924368571428575,15623.42857142857,391.9855714285714,,,82358.85714285714,2.149857142857143,20.21827842857143,4.960064157142858,81456.37785714286,2122.0481714285715,18806.204,0.048992691285714284,38.38285714285714,1.3056142857142858,3346573.0,80834.0,87182.73,2105.8345,24220613.0,632.264,40587690.0,20624864.0,20268848.0,2026592.0,105.73639,53.73054,52.803074,5.279545,51.69077,16.002209,127367.3,3324.8464,POL,Europe,38385734.0,125.40259552001952,40.86399841308594,77.92289733886719,45153.04296875,0.2441274523735046,8.100000381469727,,6.039999961853027,,comparison_country,2020-2022,2021,4,11,46
Poland,2021-11-22,162271.0,2213.0,,271633.0,603.9111152224268,8.235946644731532,21970.632653061224,303.8367346938776,572.3645313923455,7.915355603044547,21970.632714285715,572.3645257142857,303.8367357142857,7.915355571428571,18939.714285714286,475.1898571428571,,,91151.57142857143,2.3794285714285714,22.903999857142857,4.384430957142857,121150.08285714286,3156.1225999999997,24768.989857142857,0.06452655028571429,38.36142857142857,1.1902428571428572,3508844.0,83047.0,91410.11,2163.486,24863678.0,649.051,41568020.0,20814512.0,20405228.0,2750827.0,108.29028,54.2246,53.158367,7.1662745,58.468243,16.42636,132062.3,3447.4065,POL,Europe,38385734.0,125.40259552001952,40.86399841308594,77.92289733886719,45153.04296875,0.2441274523735046,8.100000381469727,,6.039999961853027,,comparison_country,2020-2022,2021,4,11,47
Poland,2021-11-29,163539.0,2633.0,,789222.0,608.6301302904429,9.799027345493958,23220.714285714286,352.81632653061223,604.9308392986386,9.191339848564894,23220.714428571428,604.9308385714286,352.8163257142857,9.191339857142859,21603.428571428572,542.0214285714286,,,94032.85714285714,2.4547142857142856,24.632413142857143,4.060502185714285,153036.5257142857,3986.807585714286,24393.132857142857,0.06354739228571428,41.93857142857143,1.0712714285714287,3672383.0,85680.0,95670.516,2232.0793,25524319.0,666.297,42714924.0,20976104.0,20526976.0,3669978.0,111.27812,54.645576,53.475533,9.560786,65.992905,16.9186,137384.1,3586.3289,POL,Europe,38385734.0,125.40259552001952,40.86399841308594,77.92289733886719,45153.04296875,0.2441274523735046,8.100000381469727,,6.039999961853027,,comparison_country,2020-2022,2021,4,11,48
Poland,2021-12-06,156823.0,2805.0,,563629.0,583.6357255611085,10.439146108663332,23118.061224489797,387.53061224489795,602.2565889840688,10.095693682577437,23118.06142857143,602.2565857142857,387.5306142857143,10.095693714285714,23481.85714285714,589.1507142857143,,,93771.85714285714,2.4478571428571425,24.709656857142857,4.047171614285714,212817.32571428572,5544.1777142857145,28912.52014285714,0.07532100500000001,42.52571428571429,0.9874857142857143,3829206.0,88485.0,99755.97,2305.1533,26182848.0,683.487,44239200.0,21177712.0,20689638.0,4889245.0,115.24906,55.17079,53.89929,12.737141,66.63845,17.420004,142896.69,3730.232,POL,Europe,38385734.0,125.40259552001952,40.86399841308594,77.92289733886719,45153.04296875,0.2441274523735046,8.100000381469727,,6.039999961853027,,comparison_country,2020-2022,2021,4,12,49
Poland,2021-12-13,130602.0,3006.0,,1313064.0,486.051108764224,11.187191872599632,20475.551020408162,417.7551020408163,533.4156439579392,10.88308229408395,20475.551,533.4156414285715,417.75509999999997,10.883082357142857,23926.571428571428,600.3081428571429,,,89557.57142857143,2.338,23.745827714285717,4.216964428571429,188874.91999999998,4920.445657142857,26307.663428571428,0.06853500285714285,46.541428571428575,0.8809142857142856,3959808.0,91491.0,103158.33,2383.4636,26821895.0,700.169,45552264.0,21387772.0,20841340.0,5880648.0,118.66977,55.71802,54.294495,15.319879,67.896774,17.921871,148489.89,3876.239,POL,Europe,38385734.0,125.40259552001952,40.86399841308594,77.92289733886719,45153.04296875,0.2441274523735046,8.100000381469727,,6.039999961853027,,comparison_country,2020-2022,2021,4,12,50
Poland,2021-12-20,91024.0,2839.0,,605750.0,338.75680406237825,10.565681213010764,16082.938775510203,431.8775510204082,418.9821868590608,11.25099108487565,16082.938857142857,418.9821885714286,431.87755000000004,11.250990999999999,22306.0,559.6487500000001,,,77180.42857142857,2.0147142857142857,22.022482,4.554617814285715,141369.40714285715,3682.8632714285714,28863.469999999998,0.07519322042857143,51.85,0.7656999999999999,4050832.0,94330.0,105529.625,2457.4233,27342289.0,713.754,46158012.0,21521616.0,20922822.0,6290367.0,120.24783,56.066704,54.506767,16.387253,63.169518,18.37688,153806.5,4015.0256,POL,Europe,38385734.0,125.40259552001952,40.86399841308594,77.92289733886719,45153.04296875,0.2441274523735046,8.100000381469727,,6.039999961853027,,comparison_country,2020-2022,2021,4,12,51
Poland,2021-12-27,77580.0,3266.0,,43234.0,288.72333515511633,12.154813258785895,11342.816326530612,430.2857142857143,295.4956215382155,11.20952159689624,11342.816285714287,295.49562285714285,430.28571,11.2095215,20303.714285714286,509.41214285714284,,,80342.14285714286,2.0974285714285714,16.707565285714285,6.1580753,108738.97,2832.796428571429,20503.07157142857,0.05341325885714286,48.675714285714285,0.8312142857142858,4128412.0,97596.0,107550.69,2542.507,27906302.0,728.477,47005556.0,21677758.0,21049452.0,6876797.0,122.455795,56.473476,54.836655,17.914982,56.05624,18.763506,158670.5,3980.98,POL,Europe,38385734.0,125.40259552001952,40.86399841308594,77.92289733886719,45153.04296875,0.2441274523735046,8.100000381469727,,6.039999961853027,,comparison_country,2020-2022,2021,4,12,52
Poland,2022-01-03,85772.0,2151.0,,1210137.0,319.2108520614157,8.005206160333271,11785.061224489797,385.73469387755097,307.0166959550597,10.048907593575025,11785.061142857143,307.0166942857143,385.7346942857143,10.048907571428572,18847.0,472.86385714285717,,,84734.0,2.2118571428571427,13.739401785714284,7.283002114285714,141343.2942857143,3682.182985714285,21591.56142857143,0.05624892185714286,48.15,0.9840142857142856,4214184.0,99747.0,109785.164,2598.5435,28500721.0,743.994,48215692.0,21846932.0,21240294.0,7744938.0,125.60836,56.914192,55.333824,20.176605,33.38001,18.917416,161674.39,4056.3467,POL,Europe,38385734.0,125.40259552001952,40.86399841308594,77.92289733886719,45153.04296875,0.2441274523735046,8.100000381469727,,6.039999961853027,,comparison_country,2020-2022,2022,1,1,1
Poland,2022-01-10,99852.0,2564.0,,1147273.0,371.61127174411797,9.542235516082988,12906.979591836734,332.48979591836735,336.2441784189078,8.661806386673948,12906.979571428572,336.24416857142853,332.48979428571425,8.661806314285714,16429.428571428572,412.2077142857143,,,91418.14285714286,2.386428571428571,14.089602857142856,7.099182742857143,181617.40857142856,4731.377742857143,25400.704285714284,0.06617225171428572,44.44,1.1654857142857142,4314036.0,102311.0,112386.44,2665.339,29115092.0,760.032,49558780.0,22034108.0,21434064.0,8720084.0,129.10728,57.401814,55.838623,22.716991,19.692282,18.925497,163448.3,4100.853,POL,Europe,38385734.0,125.40259552001952,40.86399841308594,77.92289733886719,45153.04296875,0.2441274523735046,8.100000381469727,,6.039999961853027,,comparison_country,2020-2022,2022,1,1,2
Poland,2022-01-17,205147.0,1537.0,,718512.0,763.4793250459737,5.720131040647251,21065.061224489797,284.3061224489796,548.7731776729812,7.406556885143309,21065.061285714288,548.7731785714285,284.30612285714284,7.406556728571429,13913.285714285714,349.07885714285715,,,120924.28571428571,3.1565714285714286,15.068364357142856,6.7246747000000004,171298.80285714287,4462.564342857143,22746.90814285714,0.05925875542857143,44.44,1.5533714285714286,4519183.0,103848.0,117730.8,2705.3801,29958124.0,782.039,50671744.0,22193408.0,21589636.0,9551125.0,132.0067,57.816814,56.243908,24.881966,10.681907,18.84015,164413.39,4125.0674,POL,Europe,38385734.0,125.40259552001952,40.86399841308594,77.92289733886719,45153.04296875,0.2441274523735046,8.100000381469727,,6.039999961853027,,comparison_country,2020-2022,2022,1,1,3
Poland,2022-01-24,334382.0,1317.0,,754319.0,1244.4429782912878,4.901374483105029,40443.4693877551,192.46938775510202,1053.6067745312648,5.0140864247926595,40443.46857142857,1053.60678,192.46938714285716,5.014086399999999,14344.42857142857,359.896,,,151329.14285714287,3.9502857142857146,22.52499342857143,4.582592842857143,138465.49714285714,3607.2125428571426,19899.34685714286,0.05184047528571428,44.18,1.4616285714285715,4853565.0,105165.0,126441.9,2739.6897,31057894.0,810.748,51564404.0,22309124.0,21727624.0,10202461.0,134.3322,58.11827,56.603386,26.578783,11.502623,18.764343,165461.3,4151.3584,POL,Europe,38385734.0,125.40259552001952,40.86399841308594,77.92289733886719,45153.04296875,0.2441274523735046,8.100000381469727,,6.039999961853027,,comparison_country,2020-2022,2022,1,1,4
Poland,2022-01-31,311108.0,1434.0,,645546.0,1157.825977744753,5.336804106888847,47547.97959183674,199.0,1238.6888210040931,5.184217657528706,47547.97928571428,1238.6888142857144,198.99999857142856,5.1842178428571435,16821.714285714286,422.0502857142857,,,144638.57142857142,3.775714285714286,30.989782714285717,3.252455128571429,106690.24428571427,2779.4244,13440.244714285715,0.03501364585714285,45.37,1.0898714285714284,5164673.0,106599.0,134546.67,2777.0474,32083935.0,837.532,52209948.0,22388212.0,21872680.0,10632197.0,136.01395,58.324306,56.981274,27.698303,12.670949,18.700294,166648.2,4181.137,POL,Europe,38385734.0,125.40259552001952,40.86399841308594,77.92289733886719,45153.04296875,0.2441274523735046,8.100000381469727,,6.039999961853027,,comparison_country,2020-2022,2022,1,1,5
Poland,2022-02-07,236085.0,1522.0,,481066.0,878.6188267607067,5.664306729905737,38901.40816326531,208.26530612244898,1013.4340055413635,5.425591343972971,38901.40857142857,1013.4339757142858,208.2653042857143,5.4255913,18842.85714285714,472.75985714285713,,,120547.57142857143,3.146857142857143,32.800595428571434,3.049596442857143,77324.85714285714,2014.4165428571428,9696.244857142858,0.025260022285714286,44.93285714285714,0.8486428571428571,5400758.0,108121.0,140697.02,2816.6975,32925420.0,859.498,52691016.0,22449048.0,21998598.0,10933181.0,137.26718,58.482788,57.309307,28.482407,14.744244,18.659369,168021.7,4215.598,POL,Europe,38385734.0,125.40259552001952,40.86399841308594,77.92289733886719,45153.04296875,0.2441274523735046,8.100000381469727,,6.039999961853027,,comparison_country,2020-2022,2022,1,2,6
Poland,2022-02-14,152407.0,1695.0,,216918.0,567.2010484788065,6.30814711379121,26627.693877551024,239.12244897959184,693.6872400968293,6.229461418650788,26627.694,693.6872357142857,239.12244571428573,6.2294614,17957.0,450.53414285714285,,,97302.57142857143,2.54,29.75625685714286,3.3820800142857146,56833.71428571428,1480.5946999999999,6632.122485714286,0.01727757114285714,43.83,0.7115428571428571,5553165.0,109816.0,144667.42,2860.8545,33601524.0,877.147,53049692.0,22489024.0,22105444.0,11150290.0,138.20158,58.58693,57.587658,29.048006,10.938047,18.579819,169047.0,4241.3223,POL,Europe,38385734.0,125.40259552001952,40.86399841308594,77.92289733886719,45153.04296875,0.2441274523735046,8.100000381469727,,6.039999961853027,,comparison_country,2020-2022,2022,1,2,7
Poland,2022-02-21,106705.0,1501.0,,274436.0,397.11553851155816,5.586152694867614,18215.122448979593,227.6122448979592,474.52843936707296,5.929605120953508,18215.122571428572,474.52844714285715,227.6122442857143,5.929605100000001,14997.714285714286,376.2868571428571,,,79866.14285714286,2.084857142857143,24.529724714285717,4.098898671428572,44045.510714285716,1147.4448,4880.3877571428575,0.012714066428571428,37.034285714285716,0.6771857142857142,5659870.0,111317.0,147447.22,2899.9575,34153188.0,891.548,53324130.0,22519536.0,22188816.0,11316193.0,138.91653,58.666416,57.80485,29.480206,5.758567,18.450294,169581.7,4254.738,POL,Europe,38385734.0,125.40259552001952,40.86399841308594,77.92289733886719,45153.04296875,0.2441274523735046,8.100000381469727,,6.039999961853027,,comparison_country,2020-2022,2022,1,2,8
Poland,2022-02-28,81270.0,1228.0,,121326.0,302.456115597529,4.5701502393720395,12838.510204081633,189.81632653061226,334.4604587756908,4.94497061149364,12838.510142857142,334.46046285714283,189.81632714285712,4.944970628571428,11184.42857142857,280.613,,,70604.14285714286,1.8432857142857144,19.98680428571429,5.047469371428571,31308.183714285715,815.62029,3437.3265,0.0089546981,24.59714285714286,0.7276999999999999,5741140.0,112545.0,149564.42,2931.9487,34640840.0,904.278,53504030.0,22539352.0,22245134.0,11423942.0,139.38521,58.718044,57.951565,29.760906,-0.76369184,18.25816,169510.8,4252.959,POL,Europe,38385734.0,125.40259552001952,40.86399841308594,77.92289733886719,45153.04296875,0.2441274523735046,8.100000381469727,,6.039999961853027,,comparison_country,2020-2022,2022,1,2,9
Poland,2022-03-07,76923.0,899.0,,56113.0,286.2782303446379,3.345737023774807,11286.08163265306,150.55102040816328,294.0176064538211,3.922056574668163,11286.081714285714,294.0176042857143,150.55101857142859,3.9220565285714284,8649.714285714286,217.018,,,68164.14285714286,1.7794285714285714,16.964944428571428,5.9015397428571434,21784.84685714286,567.5245571428571,2462.0918428571426,0.0064140804714285715,22.52,0.8410428571428571,5818063.0,113444.0,151568.36,2955.369,35118188.0,916.739,53651150.0,22556096.0,22284792.0,11518385.0,139.76846,58.761665,58.05488,30.006943,0.39561647,18.084305,169546.89,4253.8647,POL,Europe,38385734.0,125.40259552001952,40.86399841308594,77.92289733886719,45153.04296875,0.2441274523735046,8.100000381469727,,6.039999961853027,,comparison_country,2020-2022,2022,1,3,10
Poland,2022-03-14,72482.0,775.0,,44276.0,269.75051274443337,2.8842560549782825,10736.530612244898,115.20408163265306,279.7010632190828,3.0012212774843143,10736.530428571428,279.70106,115.20408285714286,3.001221257142857,7332.571428571428,183.9712857142857,,,65694.85714285714,1.7149999999999999,16.363950428571428,6.111611157142858,19261.745,501.7943528571428,2143.989814285714,0.0055853818,22.52,0.8755857142857143,5890545.0,114219.0,153456.62,2975.5586,35583605.0,928.888,53779124.0,22570152.0,22315652.0,11604584.0,140.10185,58.79828,58.135277,30.231503,-1.3826602,17.90118,169423.8,4250.776,POL,Europe,38385734.0,125.40259552001952,40.86399841308594,77.92289733886719,45153.04296875,0.2441274523735046,8.100000381469727,,6.039999961853027,,comparison_country,2020-2022,2022,1,3,11
Poland,2022-03-21,52113.0,608.0,,103050.0,193.9448203781719,2.2627453953894134,8793.489795918367,96.44897959183673,229.08223653918841,2.5126256434704817,8793.489857142858,229.08223857142858,96.44898,2.5126256714285717,6127.0,153.724,,,57385.42857142857,1.498,15.975489071428571,6.271183242857143,16213.244999999999,422.37683714285714,1840.8979428571427,0.004795786742857143,22.52,0.7487857142857143,5942658.0,114827.0,154814.23,2991.3977,35991737.0,939.543,53882176.0,22582308.0,22338384.0,11675717.0,140.37032,58.82995,58.194496,30.416813,1.2894869,17.74865,169536.89,4253.614,POL,Europe,38385734.0,125.40259552001952,40.86399841308594,77.92289733886719,45153.04296875,0.2441274523735046,8.100000381469727,,6.039999961853027,,comparison_country,2020-2022,2022,1,3,12
Poland,2022-03-28,26428.0,517.0,,30861.0,98.35499228511749,1.9240779102242216,5447.7959183673465,78.48979591836735,141.9224110282051,2.0447647534463544,5447.795985714286,141.92240942857143,78.48979571428572,2.0447647714285715,4845.8,121.57919999999999,,,41366.42857142857,1.0797142857142856,14.054838857142856,7.152225071428572,13291.408142857143,346.2590585714285,2015.3060857142857,0.005250143414285714,14.81,0.5280428571428571,5969086.0,115344.0,155502.72,3004.8665,36290028.0,947.329,53976010.0,22603408.0,22366876.0,11733622.0,140.61476,58.88492,58.26872,30.567663,2.9730058,17.616184,169793.8,4260.059,POL,Europe,38385734.0,125.40259552001952,40.86399841308594,77.92289733886719,45153.04296875,0.2441274523735046,8.100000381469727,,6.039999961853027,,comparison_country,2020-2022,2022,1,3,13
Poland,2022-04-04,8626.0,290.0,,61325.0,32.1027002970873,1.0792700076692927,2020.612244897959,55.0204081632653,52.639666728737275,1.4333556358011885,2020.6123,52.639666,55.02040957142857,1.4333556142857142,,,,,19411.428571428572,0.5067142857142858,11.523693571428572,8.850145,11803.724428571428,307.50289285714285,2904.3673999999996,0.0075662675,14.81,0.3766857142857143,5977712.0,115634.0,155727.44,3012.4211,36407207.0,950.388,54045572.0,22615408.0,22383804.0,11780896.0,140.79597,58.91618,58.312824,30.690819,1.4659126,17.475792,169917.7,4263.168,POL,Europe,38385734.0,125.40259552001952,40.86399841308594,77.92289733886719,45153.04296875,0.2441274523735046,8.100000381469727,,6.039999961853027,,comparison_country,2020-2022,2022,2,4,14
Poland,2022-04-11,7050.0,203.0,,22241.0,26.237426048512113,0.7554890053685048,1103.857142857143,35.0,28.756963273312497,0.9117970754447473,1103.8571857142856,28.756963142857142,34.99999985714286,0.9117970657142856,,,,,13105.142857142857,0.342,8.670322857142857,11.621525,9470.928428571428,246.73043,1959.9795857142858,0.005106010485714285,14.81,0.49634285714285714,5984762.0,115837.0,155911.1,3017.7097,36496005.0,952.706,54107184.0,22631494.0,22403096.0,11819137.0,140.9565,58.958084,58.36308,30.790442,1.6085306,17.341496,170051.2,4266.5176,POL,Europe,38385734.0,125.40259552001952,40.86399841308594,77.92289733886719,45153.04296875,0.2441274523735046,8.100000381469727,,6.039999961853027,,comparison_country,2020-2022,2022,2,4,15
Poland,2022-04-18,5956.0,110.0,,31649.0,22.165972985097614,0.409378278771111,855.7755102040817,19.163265306122447,22.294103069751944,0.4992288360598354,855.7755142857143,22.294103285714282,19.163265285714285,0.4992288485714286,,,,,12208.857142857143,0.31871428571428567,7.636812300000001,13.226043857142857,8721.72437142857,227.21265571428572,1724.2040571428572,0.0044917835,14.81,0.6969142857142857,5990718.0,115947.0,156066.27,3020.5752,36580416.0,954.91,54172710.0,22640264.0,22416228.0,11867647.0,141.1272,58.98093,58.397293,30.916817,7.7718697,17.263075,170680.89,4282.3164,POL,Europe,38385734.0,125.40259552001952,40.86399841308594,77.92289733886719,45153.04296875,0.2441274523735046,8.100000381469727,,6.039999961853027,,comparison_country,2020-2022,2022,2,4,16
Poland,2022-04-25,5555.0,111.0,,55069.0,20.673603077941106,0.41309989948721204,879.0816326530612,17.122448979591837,22.90125890657871,0.446062825829821,879.0816285714285,22.901258857142857,17.122448714285714,0.44606281857142854,1321.0,33.143,,,12109.142857142857,0.316,7.117280342857143,14.088394285714285,11962.744999999999,311.64559428571425,2474.4796142857144,0.006446352114285714,14.81,0.7717285714285714,5996273.0,116058.0,156210.98,3023.467,36669022.0,957.223,54270116.0,22672604.0,22450970.0,11925922.0,141.38095,59.06518,58.487797,31.06863,2.1731334,17.140263,170857.2,4286.7397,POL,Europe,38385734.0,125.40259552001952,40.86399841308594,77.92289733886719,45153.04296875,0.2441274523735046,8.100000381469727,,6.039999961853027,,comparison_country,2020-2022,2022,2,4,17
Poland,2022-05-02,3677.0,79.0,,57670.0,13.684399373103412,0.29400803657197977,611.4897959183673,12.081632653061224,15.930131645219221,0.31474278056168536,611.4898000000001,15.930131428571428,12.081632571428571,0.31474278285714286,1125.0,28.226,,,8604.142857142857,0.2247142857142857,7.115580957142858,14.09532842857143,10350.775571428572,269.65162714285714,3160.3367857142853,0.008233102214285715,14.81,0.7307857142857143,5999950.0,116137.0,156306.77,3025.5251,36730457.0,958.826,54327788.0,22681188.0,22460788.0,11970690.0,141.53119,59.087543,58.51337,31.185257,3.6298213,17.033758,171144.7,4293.9526,POL,Europe,38385734.0,125.40259552001952,40.86399841308594,77.92289733886719,45153.04296875,0.2441274523735046,8.100000381469727,,6.039999961853027,,comparison_country,2020-2022,2022,2,5,18
Poland,2022-05-09,3019.0,70.0,,48720.0,11.235572941908945,0.26051345012707067,490.2857142857143,10.918367346938776,12.772602297658665,0.28443815473057715,490.28571,12.77260242857143,10.918367142857141,0.28443815857142857,981.0,24.613,,,4726.142857142857,0.12342857142857143,9.374043757142857,11.334347285714285,8316.958957142857,216.66797285714284,1058.122442857143,0.0027565513428571427,14.81,0.7413571428571428,6002969.0,116207.0,156385.42,3027.3486,36754880.0,959.464,54376508.0,22686548.0,22466780.0,12010143.0,141.65811,59.10151,58.528984,31.288038,1.5461308,16.914743,171265.0,4296.971,POL,Europe,38385734.0,125.40259552001952,40.86399841308594,77.92289733886719,45153.04296875,0.2441274523735046,8.100000381469727,,6.039999961853027,,comparison_country,2020-2022,2022,2,5,19
Poland,2022-05-16,2100.0,61.0,,61905.0,7.81540350381212,0.22701886368216156,348.2448979591837,9.428571428571429,9.07224798564966,0.2456269672626666,348.2448928571429,9.072247942857143,9.428571428571429,0.2456269642857143,661.0,16.584,,,7621.0,0.199,7.360530928571428,15.990506571428572,8269.08157142857,215.42069999999998,1565.081657142857,0.004077248142857143,14.81,0.7111428571428571,6005069.0,116268.0,156440.12,3028.9377,36813022.0,960.982,54438412.0,22698956.0,22479540.0,12054404.0,141.81938,59.13383,58.562225,31.403343,-1.0244699,16.780005,171186.5,4295.0015,POL,Europe,38385734.0,125.40259552001952,40.86399841308594,77.92289733886719,45153.04296875,0.2441274523735046,8.100000381469727,,6.039999961853027,,comparison_country,2020-2022,2022,2,5,20
Poland,2022-05-23,1627.0,43.0,,50153.0,6.0550769050963416,0.1600296907923434,258.42857142857144,7.775510204081633,6.732411875426726,0.20256249897635495,258.4285757142857,6.732411857142857,7.775510142857143,0.2025625,523.0,13.122,,,7412.285714285715,0.19328571428571428,3.753113414285714,26.896764571428573,7845.387642857143,204.38290428571426,2255.724514285714,0.005876465742857143,14.81,0.7497571428571429,6006696.0,116311.0,156482.52,3030.058,36865713.0,962.357,54492040.0,22716280.0,22496180.0,12087088.0,141.95909,59.178967,58.605576,31.48849,-3.717544,16.625257,170898.0,4287.763,POL,Europe,38385734.0,125.40259552001952,40.86399841308594,77.92289733886719,45153.04296875,0.2441274523735046,8.100000381469727,,6.039999961853027,,comparison_country,2020-2022,2022,2,5,21
Poland,2022-05-30,1457.0,36.0,,35902.0,5.422401383359171,0.13397834577963633,218.28571428571428,5.061224489795919,5.686636454202342,0.13185170537043575,218.28571285714287,5.6866365142857145,5.061224428571428,0.13185170857142856,408.0,10.237,,,5875.142857142857,0.15342857142857144,3.548076271428571,28.242153285714288,6162.1429,160.53210857142858,1667.5612285714285,0.004344221214285715,14.81,0.8341857142857142,6008153.0,116347.0,156520.47,3030.9958,36906371.0,963.418,54527940.0,22724754.0,22502532.0,12111010.0,142.05263,59.201042,58.62212,31.55081,-1.9382188,16.486633,170748.1,4284.0024,POL,Europe,38385734.0,125.40259552001952,40.86399841308594,77.92289733886719,45153.04296875,0.2441274523735046,8.100000381469727,,6.039999961853027,,comparison_country,2020-2022,2022,2,5,22
Poland,2022-06-06,1436.0,22.0,,22852.0,5.344247348321049,0.08187565575422219,203.0204081632653,4.387755102040816,5.288954697681834,0.11430692199453099,203.02040714285712,5.288954757142856,4.387755,0.114306922,376.0,9.434,,,4623.428571428572,0.1207142857142857,4.051024085714285,24.827288714285714,3730.8979714285715,97.19490928571429,578.2448928571429,0.0015064057571428572,14.81,0.9293000000000001,6009589.0,116369.0,156557.88,3031.5688,36938817.0,964.265,54550790.0,22728228.0,22506188.0,12127447.0,142.11215,59.210087,58.631645,31.59363,0.4920723,16.368565,170786.0,4284.953,POL,Europe,38385734.0,125.40259552001952,40.86399841308594,77.92289733886719,45153.04296875,0.2441274523735046,8.100000381469727,,6.039999961853027,,comparison_country,2020-2022,2022,2,6,23
Poland,2022-06-13,1196.0,22.0,,10527.0,4.451058376456807,0.08187565575422219,188.77551020408166,3.2448979591836737,4.917855946276333,0.08453395626572292,188.7755085714286,4.917855914285714,3.244897857142857,0.08453395357142857,315.0,7.903,,,3638.25,0.095,5.154740042857143,19.610614285714288,2528.897957142857,65.88119371428571,404.5306085714286,0.0010538566485714285,14.81,0.9539857142857143,6010785.0,116391.0,156589.03,3032.142,36962382.0,964.881,54565416.0,22730814.0,22508772.0,12137447.0,142.15024,59.216827,58.63838,31.619682,-2.9350975,16.227337,170560.3,4279.2905,POL,Europe,38385734.0,125.40259552001952,40.86399841308594,77.92289733886719,45153.04296875,0.2441274523735046,8.100000381469727,,6.039999961853027,,comparison_country,2020-2022,2022,2,6,24
Poland,2022-06-20,1840.0,24.0,,23474.0,6.847782117625857,0.0893188971864242,215.83673469387756,2.9387755102040813,5.622837241926325,0.07655905473122074,215.83673142857145,5.622837228571428,2.9387754999999998,0.07655905257142857,287.0,7.201,,,,,5.8262719999999995,17.177137666666667,2874.183657142857,74.87635142857143,417.6938742857143,0.0010881487285714286,14.81,1.3072285714285716,6012625.0,116415.0,156636.97,3032.7673,,,54588890.0,22734068.0,22513822.0,12153436.0,142.2114,59.225304,58.651535,31.661335,1.4144449,16.12021,170668.6,4282.008,POL,Europe,38385734.0,125.40259552001952,40.86399841308594,77.92289733886719,45153.04296875,0.2441274523735046,8.100000381469727,,6.039999961853027,,comparison_country,2020-2022,2022,2,6,25
Poland,2022-06-27,3335.0,18.0,,16231.0,12.411605088196866,0.06698917288981816,384.2040816326531,2.775510204081633,10.009033085902514,0.0723057739128196,384.20408714285713,10.009033228571427,2.7755102285714286,0.07230577514285715,338.0,8.48,,,,,,,2598.591828571429,67.696813,374.4387771428572,0.0009754633842857143,14.81,1.5574714285714286,6015960.0,116433.0,156723.84,3033.2363,,,54605120.0,22736450.0,22516852.0,12164803.0,142.25368,59.23151,58.659424,31.690948,9.40146,16.07295,171373.7,4299.698,POL,Europe,38385734.0,125.40259552001952,40.86399841308594,77.92289733886719,45153.04296875,0.2441274523735046,8.100000381469727,,6.039999961853027,,comparison_country,2020-2022,2022,2,6,26
Poland,2022-07-04,5820.0,18.0,,11712.0,21.659832567707873,0.06698917288981816,662.8163265306123,2.693877551020408,17.267256802504082,0.07017913350361903,662.8163214285714,17.26725707142857,2.6938775571428573,0.07017913542857143,449.0,11.265,,,,,,,2785.724457142857,72.57187057142858,370.3469414285714,0.0009648035799999999,14.81,1.630485714285714,6021780.0,116451.0,156875.47,3033.705,,,54625624.0,22738918.0,22519168.0,12181176.0,142.3071,59.237938,58.665462,31.733603,-5.94013,15.918917,170927.39,4288.501,POL,Europe,38385734.0,125.40259552001952,40.86399841308594,77.92289733886719,45153.04296875,0.2441274523735046,8.100000381469727,,6.039999961853027,,comparison_country,2020-2022,2022,3,7,27
Poland,2022-07-11,10251.0,17.0,,23020.0,38.150333960751446,0.06326755217371714,1191.6326530612243,2.7959183673469385,31.043633373305422,0.07283743401511975,1191.6326714285715,31.043633285714286,2.7959183714285714,0.07283743285714285,694.0,17.412,,,,,,,3288.316357142857,85.66506285714286,402.1326528571429,0.0010476096628571428,14.81,1.6292428571428572,6032031.0,116468.0,157142.52,3034.148,,,54648644.0,22741904.0,22521160.0,12199957.0,142.36707,59.245716,58.67065,31.78253,-3.500458,15.784334,170665.1,4281.92,POL,Europe,38385734.0,125.40259552001952,40.86399841308594,77.92289733886719,45153.04296875,0.2441274523735046,8.100000381469727,,6.039999961853027,,comparison_country,2020-2022,2022,3,7,28
Poland,2022-07-18,16595.0,40.0,,52699.0,61.76029578369624,0.14886482864404035,1969.8775510204084,3.8367346938775513,51.31795971441911,0.0999520992324271,1969.8775714285714,51.31795971428571,3.8367347857142855,0.09995210057142857,1157.0,29.029,,,,,,,4906.857171428572,127.83022714285714,472.1428514285714,0.001229995657142857,14.81,1.5449,6048626.0,116508.0,157574.84,3035.1902,,,54701344.0,22745700.0,22524452.0,12246462.0,142.50435,59.25561,58.67923,31.90368,5.678043,15.714154,171094.39,4292.691,POL,Europe,38385734.0,125.40259552001952,40.86399841308594,77.92289733886719,45153.04296875,0.2441274523735046,8.100000381469727,,6.039999961853027,,comparison_country,2020-2022,2022,3,7,29
Poland,2022-07-25,20661.0,60.0,,279456.0,76.89240561536295,0.22329724296606054,2797.0,7.571428571428571,72.86561200054166,0.19724589795335348,2797.0,72.86561128571428,7.571428428571429,0.19724589857142855,1884.0,47.269,,,,,,,28349.42842857143,738.540757142857,558.7346857142858,0.0014555790142857141,14.81,1.3303857142857143,6069287.0,116568.0,158113.1,3036.7532,,,54980800.0,22749710.0,22527654.0,12519738.0,143.23238,59.266056,58.68757,32.6156,-2.1526394,15.586773,170926.1,4288.4683,POL,Europe,38385734.0,125.40259552001952,40.86399841308594,77.92289733886719,45153.04296875,0.2441274523735046,8.100000381469727,,6.039999961853027,,comparison_country,2020-2022,2022,3,7,30
Poland,2022-08-01,24630.0,90.0,,329721.0,91.66351823756786,0.3349458644490908,3264.061224489796,11.244897959183673,85.03318510178276,0.29294471636737945,3264.061242857143,85.03318585714285,11.244897714285713,0.29294470857142857,2389.0,59.939,,,,,,,49269.79571428571,1283.5444571428573,582.3877571428571,0.0015171984285714288,14.81,1.2209571428571429,6093917.0,116658.0,158754.73,3039.098,,,55310520.0,22753288.0,22530778.0,12843639.0,144.09134,59.27538,58.695705,33.459408,0.9903021,15.484935,171002.39,4290.383,POL,Europe,38385734.0,125.40259552001952,40.86399841308594,77.92289733886719,45153.04296875,0.2441274523735046,8.100000381469727,,6.039999961853027,,comparison_country,2020-2022,2022,3,8,31
Poland,2022-08-08,25009.0,113.0,,391794.0,93.07401248897013,0.42054314091941397,3548.4897959183677,14.979591836734695,92.44293194753986,0.3902385150883058,3548.489828571429,92.442931,14.979591714285714,0.3902385171428571,2742.0,68.796,,,,,,,52773.34642857143,1374.8166857142858,644.2041,0.0016782382571428572,14.81,1.086742857142857,6118926.0,116771.0,159406.25,3042.0415,,,55702310.0,22758304.0,22535184.0,13227147.0,145.11201,59.288445,58.707184,34.458496,0.7603297,15.383401,171060.7,4291.845,POL,Europe,38385734.0,125.40259552001952,40.86399841308594,77.92289733886719,45153.04296875,0.2441274523735046,8.100000381469727,,6.039999961853027,,comparison_country,2020-2022,2022,3,8,32
Poland,2022-08-15,24437.0,108.0,,160957.0,90.94524543936038,0.40193503733890906,3361.979591836735,14.183673469387754,87.58409027261885,0.36950377109860016,3361.9795714285715,87.58408914285714,14.18367357142857,0.3695037685714286,2782.0,69.799,,,,,,,30369.020714285714,791.1538200000001,522.79592,0.0013619536714285715,11.638571428571428,1.0914,6143363.0,116879.0,160042.88,3044.8552,,,55863270.0,22761824.0,22538380.0,13382761.0,145.53134,59.297615,58.71551,34.86389,12.704396,15.365444,172014.0,4315.763,POL,Europe,38385734.0,125.40259552001952,40.86399841308594,77.92289733886719,45153.04296875,0.2441274523735046,8.100000381469727,,6.039999961853027,,comparison_country,2020-2022,2022,3,8,33
Poland,2022-08-22,23541.0,149.0,,238321.0,87.61067327773387,0.5545214866990503,3643.1020408163267,19.755102040816325,94.90770818180333,0.5146469790265396,3643.1020142857146,94.9077072857143,19.755102285714287,0.5146469785714286,3025.0,75.896,,,,,,,33914.97928571429,883.5308257142857,825.2448999999999,0.0021498739428571427,9.26,0.993,6166904.0,117028.0,160656.14,3048.7368,,,56101590.0,22767754.0,22544176.0,13611234.0,146.15219,59.31306,58.73061,35.459095,5.2481112,15.299492,172399.5,4325.435,POL,Europe,38385734.0,125.40259552001952,40.86399841308594,77.92289733886719,45153.04296875,0.2441274523735046,8.100000381469727,,6.039999961853027,,comparison_country,2020-2022,2022,3,8,34
Poland,2022-08-29,20275.0,123.0,,128513.0,75.45586001894796,0.4577593480804242,3080.8571428571427,19.938775510204085,80.26047236343436,0.5194319199472409,3080.8571428571427,80.26047000000001,19.93877542857143,0.5194319199999999,2507.0,62.9,,,,,,,21366.08142857143,556.6151685714286,618.5102285714286,0.0016113022571428571,9.26,0.9569285714285715,6187179.0,117151.0,161184.33,3051.9412,,,56230104.0,22771940.0,22548374.0,13732546.0,146.48698,59.323967,58.741547,35.77513,-4.0878634,15.169101,172087.6,4317.61,POL,Europe,38385734.0,125.40259552001952,40.86399841308594,77.92289733886719,45153.04296875,0.2441274523735046,8.100000381469727,,6.039999961853027,,comparison_country,2020-2022,2022,3,8,35
Poland,2022-09-05,25179.0,99.0,,102448.0,93.70668801070732,0.3684404508939999,3225.8163265306125,15.10204081632653,84.0368540700723,0.3934284757021067,3225.816357142857,84.03685428571428,15.102041142857143,0.39342847857142854,2102.0,52.738,,,,,,,15784.795857142857,411.2151657142857,530.6734714285715,0.0013824757714285714,9.26,1.1422571428571429,6212358.0,117250.0,161840.28,3054.5203,,,56332550.0,22775496.0,22551992.0,13829087.0,146.75388,59.33323,58.750973,36.02663,3.1209602,15.089964,172321.7,4323.4834,POL,Europe,38385734.0,125.40259552001952,40.86399841308594,77.92289733886719,45153.04296875,0.2441274523735046,8.100000381469727,,6.039999961853027,,comparison_country,2020-2022,2022,3,9,36
Poland,2022-09-12,32071.0,99.0,,45113.0,119.35609798607547,0.3684404508939999,4249.469387755102,14.551020408163266,110.70439314134524,0.3790736529400028,4249.469428571429,110.70439271428572,14.551020857142857,0.3790736514285714,2487.0,62.398,,,,,,,11821.795857142857,307.97368714285716,607.5102071428572,0.0015826457857142857,9.26,1.1950714285714288,6244429.0,117349.0,162675.78,3057.0994,,,56411810.0,22780050.0,22555892.0,13901338.0,146.96034,59.345093,58.76113,36.214855,8.659704,15.048352,172965.8,4339.6436,POL,Europe,38385734.0,125.40259552001952,40.86399841308594,77.92289733886719,45153.04296875,0.2441274523735046,8.100000381469727,,6.039999961853027,,comparison_country,2020-2022,2022,3,9,37
Poland,2022-09-19,28692.0,106.0,,212900.0,106.78074158637016,0.394491795906707,4344.2040816326535,13.857142857142858,113.17235933622248,0.3609972094617979,4344.204014285714,113.17235985714285,13.857143142857142,0.36099720857142853,3086.0,77.427,,,,,,,21507.245,560.2926671428571,508.10205428571425,0.0013236741714285714,9.26,1.0124857142857144,6273121.0,117455.0,163423.23,3059.8608,,,56624704.0,22783358.0,22558716.0,14108894.0,147.51497,59.35371,58.768486,36.755566,7.742666,14.999743,173561.89,4354.5996,POL,Europe,38385734.0,125.40259552001952,40.86399841308594,77.92289733886719,45153.04296875,0.2441274523735046,8.100000381469727,,6.039999961853027,,comparison_country,2020-2022,2022,3,9,38
Poland,2022-09-26,24135.0,142.0,,211851.0,89.82131598309786,0.5284701416863433,3740.4897959183677,18.122448979591837,97.44479018997963,0.47211417084252805,3740.4898714285714,97.44479057142857,18.122449285714286,0.47211417714285714,,,,,,,,,32069.020571428573,835.4411142857143,577.0408142857143,0.001503268957142857,9.26,0.8866571428571428,6297256.0,117597.0,164051.98,3063.56,,,56836556.0,22787876.0,22562108.0,14313729.0,148.06688,59.365482,58.777325,37.28919,11.872288,14.978504,174501.2,4378.166,POL,Europe,38385734.0,125.40259552001952,40.86399841308594,77.92289733886719,45153.04296875,0.2441274523735046,8.100000381469727,,6.039999961853027,,comparison_country,2020-2022,2022,3,9,39
Poland,2022-10-03,17763.0,158.0,,179117.0,66.10714878010222,0.5880160731439595,2795.3673469387754,22.367346938775512,72.82307919235765,0.5826994721209581,2795.3673571428567,72.82307814285714,22.367347,0.5826994871428572,,,,,,,,,28026.20457142857,730.1203057142857,648.0,0.001688127157142857,9.26,0.7937714285714286,6315019.0,117755.0,164514.73,3067.676,,,57015670.0,22791644.0,22564852.0,14487283.0,148.5335,59.3753,58.784473,37.74132,4.7805657,14.9079685,174889.1,4387.8984,POL,Europe,38385734.0,125.40259552001952,40.86399841308594,77.92289733886719,45153.04296875,0.2441274523735046,8.100000381469727,,6.039999961853027,,comparison_country,2020-2022,2022,4,10,40
Poland,2022-10-10,11598.0,144.0,,103956.0,43.163357065339504,0.5359133831185453,2088.5714285714284,21.428571428571427,54.41009486939675,0.5582431074151514,2088.571385714286,54.410095142857145,21.428571285714288,0.5582431171428571,,,,,,,,,23822.785714285714,620.6156057142856,359.24489428571434,0.0009358812714285713,9.26,0.6964571428571428,6326617.0,117899.0,164816.88,3071.4275,,,57172704.0,22793864.0,22567258.0,14640337.0,148.94258,59.381084,58.79074,38.140045,6.203576,14.848538,175389.39,4400.4507,POL,Europe,38385734.0,125.40259552001952,40.86399841308594,77.92289733886719,45153.04296875,0.2441274523735046,8.100000381469727,,6.039999961853027,,comparison_country,2020-2022,2022,4,10,41
Poland,2022-10-17,8147.0,129.0,,98507.0,30.320043974074924,0.4800890723770302,1350.1632653061224,19.836734693877553,35.17356904797294,0.5167736194357401,1350.1632857142856,35.173568714285715,19.836734714285715,0.51677362,,,,,,,,,16782.520428571428,437.20723142857145,454.1020385714286,0.0011829969085714286,9.26,0.6624285714285715,6334764.0,118028.0,165029.12,3074.788,,,57271210.0,22798242.0,22571532.0,14733072.0,149.1992,59.392487,58.80188,38.381634,0.8752145,14.752293,175461.1,4402.2495,POL,Europe,38385734.0,125.40259552001952,40.86399841308594,77.92289733886719,45153.04296875,0.2441274523735046,8.100000381469727,,6.039999961853027,,comparison_country,2020-2022,2022,4,10,42
Poland,2022-10-24,5404.0,95.0,,110560.0,20.11163834980985,0.3535539680295959,910.8979591836735,14.979591836734695,23.730117006064635,0.3902385150883058,910.8979428571429,23.730116857142857,14.979591714285714,0.3902385128571429,,,,,,,,,15806.469142857142,411.77978285714283,829.8673571428571,0.0021619160714285717,9.26,0.6348571428571429,6340168.0,118123.0,165169.9,3077.263,,,57389360.0,22804800.0,22578756.0,14842803.0,149.507,59.40957,58.820698,38.6675,-0.43113446,14.6496525,175426.2,4401.374,POL,Europe,38385734.0,125.40259552001952,40.86399841308594,77.92289733886719,45153.04296875,0.2441274523735046,8.100000381469727,,6.039999961853027,,comparison_country,2020-2022,2022,4,10,43
Poland,2022-10-31,3491.0,46.0,,74796.0,12.992177919908624,0.17119455294064642,586.4489795918367,8.653061224489795,15.277784699696943,0.22542388337526112,586.4489714285713,15.277784714285714,8.653061142857142,0.22542388285714285,,,,,,,,,12146.428428571428,316.43080428571426,799.5204,0.0020828582,9.26,0.6534857142857142,6343659.0,118169.0,165260.84,3078.4614,,,57464160.0,22810862.0,22584904.0,14910318.0,149.70186,59.425365,58.83671,38.843384,-5.4549947,14.514682,174984.7,4390.297,POL,Europe,38385734.0,125.40259552001952,40.86399841308594,77.92289733886719,45153.04296875,0.2441274523735046,8.100000381469727,,6.039999961853027,,comparison_country,2020-2022,2022,4,10,44
Poland,2022-11-07,2539.0,40.0,,64623.0,9.449194998180461,0.14886482864404035,448.9183673469388,7.183673469387755,11.694927270296272,0.18714435600965076,448.9183642857143,11.694927285714286,7.183673714285715,0.18714436,,,,,,,,,10867.306285714285,283.1079342857143,743.4694,0.0019368377428571428,9.26,0.6860714285714286,6346198.0,118209.0,165327.0,3079.5034,,,57528780.0,22814776.0,22588874.0,14968184.0,149.87021,59.43556,58.847054,38.994133,-4.580775,14.388926,174618.6,4381.112,POL,Europe,38385734.0,125.40259552001952,40.86399841308594,77.92289733886719,45153.04296875,0.2441274523735046,8.100000381469727,,6.039999961853027,,comparison_country,2020-2022,2022,4,11,45
Poland,2022-11-14,2533.0,64.0,,64642.0,9.426865273883857,0.2381837258304646,346.61224489795916,7.5102040816326525,9.029715177465649,0.19565091764645307,346.6122442857143,9.029715285714285,7.510204571428572,0.19565091857142858,,,,,,,,,8961.6122,233.4620514285714,1016.9591571428572,0.0026493154285714285,9.26,0.8438857142857144,6348731.0,118273.0,165392.98,3081.1707,,,57593424.0,22821744.0,22594764.0,15023521.0,150.03862,59.453716,58.8624,39.138294,-2.5048816,14.27779,174417.3,4376.061,POL,Europe,38385734.0,125.40259552001952,40.86399841308594,77.92289733886719,45153.04296875,0.2441274523735046,8.100000381469727,,6.039999961853027,,comparison_country,2020-2022,2022,4,11,46
Poland,2022-11-21,2475.0,32.0,,43779.0,9.211011272349998,0.11909186291523229,350.06122448979596,6.285714285714286,9.119565734754373,0.16375131150844438,350.06122714285715,9.119565571428572,6.285714428571429,0.16375131057142855,,,,,,,,,7271.530671428571,189.43315428571427,625.1428714285714,0.0016285812428571429,9.26,0.9840142857142856,6351206.0,118305.0,165457.45,3082.0044,,,57637200.0,22825468.0,22598678.0,15062773.0,150.15266,59.463413,58.872597,39.24055,-0.6286071,14.179252,174366.2,4374.779,POL,Europe,38385734.0,125.40259552001952,40.86399841308594,77.92289733886719,45153.04296875,0.2441274523735046,8.100000381469727,,6.039999961853027,,comparison_country,2020-2022,2022,4,11,47
Poland,2022-11-28,3091.0,34.0,,21435.0,11.503529633468219,0.1265351043474343,408.02040816326536,4.571428571428571,10.629480425286783,0.1190918629152323,408.02041428571425,10.629480571428571,4.571428714285714,0.11909186057142858,,,,,,,,,5807.418485714285,151.29106000000002,589.7551142857143,0.0015363913857142856,9.26,1.1381857142857144,6354297.0,118339.0,165537.98,3082.8901,,,57677030.0,22830380.0,22603626.0,15097067.0,150.25642,59.476208,58.885487,39.32989,-0.3344212,14.083541,174338.89,4374.094,POL,Europe,38385734.0,125.40259552001952,40.86399841308594,77.92289733886719,45153.04296875,0.2441274523735046,8.100000381469727,,6.039999961853027,,comparison_country,2020-2022,2022,4,11,48
Poland,2022-12-05,3089.0,43.0,,31928.0,11.496086392036018,0.1600296907923434,457.26530612244903,5.387755102040816,11.912376252137031,0.14035826700723805,457.2653071428571,11.912376142857143,5.387755142857143,0.14035827,,,,,,,,,4779.132671428572,124.50283514285714,449.5918314285714,0.0011712472142857144,9.26,1.1102714285714286,6357386.0,118382.0,165618.45,3084.0103,,,57708960.0,22832952.0,22606368.0,15125740.0,150.3396,59.48291,58.892628,39.404587,3.1236935,14.00992,174600.39,4380.655,POL,Europe,38385734.0,125.40259552001952,40.86399841308594,77.92289733886719,45153.04296875,0.2441274523735046,8.100000381469727,,6.039999961853027,,comparison_country,2020-2022,2022,4,12,49
Poland,2022-12-12,4105.0,47.0,,32950.0,15.277253039594644,0.17491617365674741,523.1632653061225,6.530612244897959,13.629106722464197,0.1701312327360461,523.1632657142857,13.629106714285713,6.530612285714286,0.17013123714285713,,,,,,,,,4444.3877999999995,115.78227914285715,530.83675,0.0013829010714285716,9.26,1.1734857142857142,6361491.0,118429.0,165725.39,3085.2346,,,57741910.0,22840814.0,22614160.0,15150176.0,150.42545,59.50339,58.91293,39.468246,11.732173,13.994784,175578.5,4405.1953,POL,Europe,38385734.0,125.40259552001952,40.86399841308594,77.92289733886719,45153.04296875,0.2441274523735046,8.100000381469727,,6.039999961853027,,comparison_country,2020-2022,2022,4,12,50
Poland,2022-12-19,3891.0,46.0,,16641.0,14.480826206349025,0.17119455294064642,552.7346938775511,6.673469387755103,14.399482210697103,0.17385285345214713,552.7346714285715,14.399482,6.673469714285715,0.17385285571428571,,,,,,,,,3741.8978714285718,97.48147514285714,1081.0407785714285,0.0028162567285714285,9.26,1.0321,6365382.0,118475.0,165826.77,3086.433,,,57758550.0,22843776.0,22617032.0,15163503.0,150.4688,59.51111,58.92041,39.502964,19.58194,14.032451,177246.0,4447.032,POL,Europe,38385734.0,125.40259552001952,40.86399841308594,77.92289733886719,45153.04296875,0.2441274523735046,8.100000381469727,,6.039999961853027,,comparison_country,2020-2022,2022,4,12,51
Poland,2022-12-26,3160.0,58.0,,28813.0,11.760321462879189,0.21585400153385856,470.44897959183675,6.734693877551021,12.255828678222924,0.17544783375904757,470.44898142857147,12.255828857142857,6.734693857142857,0.1754478337142857,,,,,,,,,3204.673485714286,83.48605671428572,787.4285771428571,0.002051357357142857,9.26,0.9617857142857142,6368542.0,118533.0,165909.08,3087.944,,,57787364.0,22851388.0,22624488.0,15184439.0,150.54385,59.530937,58.93984,39.557507,25.29484,14.110162,179465.89,4374.4355,POL,Europe,38385734.0,125.40259552001952,40.86399841308594,77.92289733886719,45153.04296875,0.2441274523735046,8.100000381469727,,6.039999961853027,,comparison_country,2020-2022,2022,4,12,52
Poland,2023-01-02,2633.0,53.0,,26019.0,9.799027345493958,0.1972458979533535,446.57142857142856,9.122448979591836,11.633786358531754,0.23765206572816447,446.5714271428571,11.633786285714285,9.122449142857143,0.23765206285714285,,,,,,,,,4224.551028571428,110.05523628571429,998.1938714285715,0.0026004292999999997,,1.002,6371175.0,118586.0,165977.67,3089.3247,,,57813384.0,22856216.0,22629302.0,15205366.0,150.61163,59.543518,58.952374,39.612022,14.253366,14.111179,180762.7,4406.045,POL,Europe,38385734.0,125.40259552001952,40.86399841308594,77.92289733886719,45153.04296875,0.2441274523735046,8.100000381469727,,6.039999961853027,,comparison_country,2023-2026,2023,1,1,1
Poland,2023-01-09,2060.0,65.0,,26278.0,7.666538675168079,0.24190534654656556,314.5510204081633,8.53061224489796,8.194477156752123,0.22223392276146026,314.5510157142857,8.1944771,8.530612285714286,0.2222339257142857,,,,,,,,,3628.387757142857,94.52438057142857,417.9081657142857,0.0010887069914285714,,,6373235.0,118651.0,166031.34,3091.018,,,57839660.0,22858622.0,22631674.0,15228907.0,150.6801,59.549786,58.958553,39.67335,4.719341,14.044879,181192.5,4416.521,POL,Europe,38385734.0,125.40259552001952,40.86399841308594,77.92289733886719,45153.04296875,0.2441274523735046,8.100000381469727,,6.039999961853027,,comparison_country,2023-2026,2023,1,1,2
Poland,2023-01-16,2083.0,30.0,,18786.0,7.752135951638402,0.11164862148303027,290.83673469387753,6.428571428571429,7.576688117879355,0.1674729322245454,290.83673142857145,7.576688071428571,6.428571285714286,0.16747293428571428,,,,,,,,,3009.9796142857144,78.41401842857144,510.61224142857145,0.0013302135757142857,,,6375318.0,118681.0,166085.61,3091.7996,,,57858450.0,22863104.0,22636196.0,15242865.0,150.72903,59.56146,58.970333,39.709713,-5.649223,13.906424,180676.5,4403.944,POL,Europe,38385734.0,125.40259552001952,40.86399841308594,77.92289733886719,45153.04296875,0.2441274523735046,8.100000381469727,,6.039999961853027,,comparison_country,2023-2026,2023,1,1,3
Poland,2023-01-23,2888.0,34.0,,19597.0,10.748040628099714,0.1265351043474343,366.18367346938777,4.795918367346938,9.539577215571487,0.12494012404053387,366.1836771428571,9.539577,4.7959182857142855,0.12494012428571429,,,,,,,,,2550.2449285714288,66.43730928571428,564.0101942857143,0.001469322457142857,,,6378206.0,118715.0,166160.84,3092.6853,,,57878044.0,22867224.0,22638380.0,15257049.0,150.78009,59.572193,58.97603,39.746666,-10.013901,13.738065,179754.3,4381.4653,POL,Europe,38385734.0,125.40259552001952,40.86399841308594,77.92289733886719,45153.04296875,0.2441274523735046,8.100000381469727,,6.039999961853027,,comparison_country,2023-2026,2023,1,1,4
Poland,2023-01-30,4754.0,33.0,,10037.0,17.692584884344196,0.12281348363133329,554.9591836734693,4.693877551020408,14.457433161847819,0.12228182352903315,554.9592,14.457433285714286,4.693877571428572,0.12228182371428573,,,,,,,,,2047.4081857142858,53.337736428571425,273.1938728571428,0.0007117068042857142,,,6382960.0,118748.0,166284.69,3093.5452,,,57888080.0,22868052.0,22639344.0,15265552.0,150.80624,59.574352,58.97854,39.768818,-12.710487,13.548091,178551.1,4352.1377,POL,Europe,38385734.0,125.40259552001952,40.86399841308594,77.92289733886719,45153.04296875,0.2441274523735046,8.100000381469727,,6.039999961853027,,comparison_country,2023-2026,2023,1,1,5
Poland,2023-02-06,6655.0,31.0,,7943.0,24.767385865652216,0.11537024219913128,839.6326530612245,4.224489795918368,21.87355992883253,0.11005364117612983,839.6326571428572,21.873560142857144,4.2244898,0.11005364142857142,,,,,,,,,1225.367342857143,31.922467285714283,113.85714142857144,0.0002966131685714286,,,6389615.0,118779.0,166458.06,3094.3528,,,57896024.0,22868936.0,22640136.0,15272083.0,150.82693,59.576653,58.980602,39.78583,-12.274549,13.364933,177395.5,4323.97,POL,Europe,38385734.0,125.40259552001952,40.86399841308594,77.92289733886719,45153.04296875,0.2441274523735046,8.100000381469727,,6.039999961853027,,comparison_country,2023-2026,2023,1,2,6
Poland,2023-02-13,10603.0,47.0,,6158.0,39.460344452819,0.17491617365674744,1276.6938775510205,5.673469387755103,33.25959267969242,0.1478015084394401,1276.6938428571427,33.259593,5.673469285714286,0.14780151114285717,,,,,,,,,972.8775428571428,25.344768428571427,121.61224428571428,0.0003168162514285714,,,6400218.0,118826.0,166734.28,3095.5771,,,57902184.0,22869642.0,22640918.0,15276977.0,150.84297,59.578495,58.982635,39.79858,-14.439235,13.167907,176027.7,4290.6304,POL,Europe,38385734.0,125.40259552001952,40.86399841308594,77.92289733886719,45153.04296875,0.2441274523735046,8.100000381469727,,6.039999961853027,,comparison_country,2023-2026,2023,1,2,7
Poland,2023-02-20,14971.0,42.0,,7618.0,55.71638374074821,0.1563080700762424,1892.8979591836735,6.183673469387755,49.31253780854298,0.16109301099694368,1892.898,49.31253814285714,6.183673571428572,0.1610930142857143,,,,,,,,,972.8571571428572,25.344236714285717,79.08163428571429,0.00020601828857142856,,,6415189.0,118868.0,167124.3,3096.6714,,,57909800.0,22870228.0,22641752.0,15283399.0,150.86282,59.580017,58.98481,39.81531,-12.258646,12.990655,174877.3,4262.59,POL,Europe,38385734.0,125.40259552001952,40.86399841308594,77.92289733886719,45153.04296875,0.2441274523735046,8.100000381469727,,6.039999961853027,,comparison_country,2023-2026,2023,1,2,8
Poland,2023-02-27,17062.0,84.0,,8135.0,63.49829265811542,0.3126161401524848,2303.081632653061,9.673469387755103,59.99837420467357,0.2520068884902683,2303.0816285714286,59.998373571428566,9.673469142857142,0.2520068857142857,,,,,,,,,1195.4897428571428,31.144117857142856,78.65306142857142,0.0002049018057142857,,,6432251.0,118952.0,167568.8,3098.8596,,,57917936.0,22870732.0,22642380.0,15290629.0,150.88402,59.58133,58.986446,39.834145,-11.904509,12.818334,173760.3,4235.3633,POL,Europe,38385734.0,125.40259552001952,40.86399841308594,77.92289733886719,45153.04296875,0.2441274523735046,8.100000381469727,,6.039999961853027,,comparison_country,2023-2026,2023,1,2,9
Poland,2023-03-06,20385.0,78.0,,7950.0,75.86523829771907,0.2902864158558787,2740.591836734694,11.795918367346939,71.39610347778407,0.3072995391294833,2740.5918142857145,71.39610371428572,11.795918571428572,0.30729954428571427,,,,,,,,,1128.2244857142857,29.39176542857143,56.06122442857143,0.00014604703,,,6452636.0,119030.0,168099.84,3100.8916,,,57925884.0,22871092.0,22643002.0,15297766.0,150.90472,59.582268,58.988068,39.852737,-9.041631,12.670591,172926.3,4215.0347,POL,Europe,38385734.0,125.40259552001952,40.86399841308594,77.92289733886719,45153.04296875,0.2441274523735046,8.100000381469727,,6.039999961853027,,comparison_country,2023-2026,2023,1,3,10
Poland,2023-03-13,20347.0,106.0,,4321.0,75.72381671050724,0.394491795906707,2953.591836734694,12.918367346938776,76.94503996549066,0.3365408447559913,2953.5918428571426,76.94503999999999,12.918367428571429,0.33654084571428566,,,,,,,,,1099.5204,28.64398542857143,67.22449142857144,0.00017512883714285713,,,6472983.0,119136.0,168629.9,3103.653,,,57933510.0,22871586.0,22643558.0,15304551.0,150.92459,59.583557,58.989513,39.870415,-7.36709,12.539288,172263.1,4198.869,POL,Europe,38385734.0,125.40259552001952,40.86399841308594,77.92289733886719,45153.04296875,0.2441274523735046,8.100000381469727,,6.039999961853027,,comparison_country,2023-2026,2023,1,3,11
Poland,2023-03-20,15383.0,109.0,,11437.0,57.24969147578183,0.40565665805501,2498.8571428571427,16.591836734693878,65.09858956603885,0.4322396631700172,2498.8571857142856,65.09858885714286,16.59183685714286,0.4322396657142857,,,,,,,,,1548.0714,40.32934328571429,154.91836714285714,0.00040358318571428575,,,6488366.0,119245.0,169030.66,3106.4927,,,57944950.0,22873076.0,22644886.0,15314223.0,150.95439,59.58744,58.992973,39.89561,-7.5084553,12.410678,171597.1,4182.6357,POL,Europe,38385734.0,125.40259552001952,40.86399841308594,77.92289733886719,45153.04296875,0.2441274523735046,8.100000381469727,,6.039999961853027,,comparison_country,2023-2026,2023,1,3,12
Poland,2023-03-27,9358.0,116.0,,14820.0,34.82692666127325,0.43170800306771706,1680.5714285714287,15.530612244897961,43.781146104212276,0.4045933378504097,1680.5714428571428,43.78114742857143,15.530612,0.40459333857142854,,,,,,,,,1832.6530857142857,47.74307757142857,145.20407857142857,0.00037827617285714286,,,6497724.0,119361.0,169274.45,3109.5146,,,57959770.0,22873750.0,22645324.0,15328106.0,150.993,59.589195,58.994114,39.931778,-8.857923,12.277077,170822.89,4163.7646,POL,Europe,38385734.0,125.40259552001952,40.86399841308594,77.92289733886719,45153.04296875,0.2441274523735046,8.100000381469727,,6.039999961853027,,comparison_country,2023-2026,2023,1,3,13
Poland,2023-04-03,6370.0,62.0,,2186.0,23.70672396156343,0.23074048439826259,1071.9591836734694,12.183673469387756,27.925978533417375,0.3174010810731861,1071.9591714285714,27.92597842857143,12.183672999999999,0.31740107999999995,,,,,,,,,1031.1020357142856,26.861594571428572,64.71428528571428,0.0001685894142857143,,,6504094.0,119423.0,169440.39,3111.13,,,57962604.0,22874068.0,22645772.0,15330359.0,151.00038,59.590027,58.99528,39.93765,-8.93676,12.147498,170058.69,4145.1377,POL,Europe,38385734.0,125.40259552001952,40.86399841308594,77.92289733886719,45153.04296875,0.2441274523735046,8.100000381469727,,6.039999961853027,,comparison_country,2023-2026,2023,2,4,14
Poland,2023-04-10,4671.0,59.0,,3396.0,17.383690364907814,0.21957562224995958,701.6530612244898,7.326530612244897,18.279005977181257,0.19086597672575176,701.6530571428572,18.279005714285713,7.326530714285715,0.1908659785714286,,,,,,,,,414.0612228571428,10.786852,48.69387757142857,0.0001268541042857143,,,6508765.0,119482.0,169562.08,3112.6667,,,57966000.0,22874456.0,22646168.0,15333133.0,151.00923,59.591038,58.99631,39.944874,-8.377583,12.025098,169355.1,4127.9873,POL,Europe,38385734.0,125.40259552001952,40.86399841308594,77.92289733886719,45153.04296875,0.2441274523735046,8.100000381469727,,6.039999961853027,,comparison_country,2023-2026,2023,2,4,15
Poland,2023-04-17,3215.0,38.0,,5830.0,11.965010602264744,0.14142158721183834,597.3061224489795,7.530612244897959,15.560627874120621,0.1961825777487532,597.3061285714285,15.560627785714287,7.530612571428572,0.19618258142857142,,,,,,,,,742.2448999999999,19.336477857142857,52.87755128571428,0.00013775313428571428,,,6511980.0,119520.0,169645.84,3113.6567,,,57971830.0,22874792.0,22646834.0,15338168.0,151.02441,59.59191,58.998047,39.95799,-5.601487,11.923045,168895.69,4116.7896,POL,Europe,38385734.0,125.40259552001952,40.86399841308594,77.92289733886719,45153.04296875,0.2441274523735046,8.100000381469727,,6.039999961853027,,comparison_country,2023-2026,2023,2,4,16
Poland,2023-04-24,1901.0,35.0,,12587.0,7.074800981308018,0.1302567250635353,339.1632653061224,5.4897959183673475,8.835659240126095,0.14301656751873879,339.16326857142855,8.835659228571428,5.489795714285714,0.14301656714285715,,,,,,,,,1163.653042857143,30.314727428571427,59.877551,0.00015598907428571429,,,6513881.0,119555.0,169695.36,3114.5686,,,57984416.0,22875326.0,22647368.0,15349917.0,151.0572,59.5933,58.99944,39.988598,-7.2310557,11.812648,168301.89,4102.316,POL,Europe,38385734.0,125.40259552001952,40.86399841308594,77.92289733886719,45153.04296875,0.2441274523735046,8.100000381469727,,6.039999961853027,,comparison_country,2023-2026,2023,2,4,17
Poland,2023-05-01,933.0,8.0,,9403.0,3.4722721281222415,0.029772965728808075,170.12244897959184,2.265306122448979,4.431918612774002,0.059014271355316006,170.12244857142858,4.431918642857143,2.265306157142857,0.059014270714285715,,,,,,,,,2115.9183857142857,55.12251928571428,42.846939000000006,0.00011162203771428571,,,6514814.0,119563.0,169719.67,3114.7769,,,57993820.0,22875448.0,22647474.0,15359073.0,151.0817,59.59362,58.999718,40.01245,-6.7659245,11.708659,167759.3,4089.0903,POL,Europe,38385734.0,125.40259552001952,40.86399841308594,77.92289733886719,45153.04296875,0.2441274523735046,8.100000381469727,,6.039999961853027,,comparison_country,2023-2026,2023,2,5,18
Poland,2023-05-08,805.0,22.0,,2606.0,2.995904676461312,0.08187565575422219,133.08163265306123,2.4897959183673466,3.4669555270992403,0.06486253248061759,133.08163142857143,3.466955571428571,2.4897958571428567,0.06486252985714284,,,,,,,,,386.87755000000004,10.078680571428572,30.683673285714285,7.9935096e-05,,,6515619.0,119585.0,169740.64,3115.35,,,57996424.0,22875812.0,22647714.0,15361139.0,151.08849,59.594566,59.00034,40.017834,-6.495086,11.609093,167247.5,4076.6152,POL,Europe,38385734.0,125.40259552001952,40.86399841308594,77.92289733886719,45153.04296875,0.2441274523735046,8.100000381469727,,6.039999961853027,,comparison_country,2023-2026,2023,2,5,19
Poland,2023-05-15,652.0,11.0,,1909.0,2.426496706897858,0.040937827877111095,103.28571428571429,2.4489795918367347,2.69073177774103,0.06379921227601729,103.28571571428571,2.6907317714285712,2.448979571428571,0.06379921171428571,,,,,,,,,314.1836714285714,8.184907185714286,39.35714357142857,0.00010253065157142856,,,6516271.0,119596.0,169757.62,3115.6367,,,57998436.0,22875926.0,22647856.0,15362946.0,151.09372,59.594864,59.00071,40.02254,-4.130593,11.524749,166926.89,4068.8008,POL,Europe,38385734.0,125.40259552001952,40.86399841308594,77.92289733886719,45153.04296875,0.2441274523735046,8.100000381469727,,6.039999961853027,,comparison_country,2023-2026,2023,2,5,20
Poland,2023-05-22,510.0,13.0,,8037.0,1.898026565211515,0.048381069309313116,83.0204081632653,1.6326530612244898,2.1627932961569867,0.04253280818401153,83.02040857142858,2.162793342857143,1.6326530285714287,0.04253280771428571,,,,,,,,,703.7142714285716,18.33270357142857,13.112244857142857,3.4159161285714286e-05,,,6516781.0,119609.0,169770.9,3115.9753,,,58006470.0,22876022.0,22647966.0,15370820.0,151.11465,59.595116,59.001,40.043053,-4.77887,11.436758,166551.3,4059.6455,POL,Europe,38385734.0,125.40259552001952,40.86399841308594,77.92289733886719,45153.04296875,0.2441274523735046,8.100000381469727,,6.039999961853027,,comparison_country,2023-2026,2023,2,5,21
Poland,2023-05-29,386.0,8.0,,2738.0,1.4365455964149896,0.02977296572880807,59.55102040816326,1.2653061224489797,1.5513841785118208,0.03296292634260894,59.55102085714286,1.5513841857142856,1.265306142857143,0.03296292628571428,,,,,,,,,847.4285785714285,22.076653999999998,13.387755142857143,3.487690328571429e-05,,,6517167.0,119617.0,169780.97,3116.1838,,,58009210.0,22876102.0,22648066.0,15373414.0,151.1218,59.59532,59.00126,40.049812,-7.1237073,11.33746,165993.3,4046.0444,POL,Europe,38385734.0,125.40259552001952,40.86399841308594,77.92289733886719,45153.04296875,0.2441274523735046,8.100000381469727,,6.039999961853027,,comparison_country,2023-2026,2023,2,5,22
Poland,2023-06-05,260.0,5.0,,2187.0,0.9676213861862625,0.018608103580505048,44.3469387755102,0.9387755102040816,1.1552974022982134,0.024456364705806633,44.34693957142857,1.1552973757142857,0.9387755285714287,0.02445636442857143,,,,,,,,,372.2448928571429,9.697480285714287,8.367347142857144,2.1798063857142857e-05,,,6517427.0,119622.0,169787.73,3116.314,,,58011396.0,22876152.0,22648108.0,15375532.0,151.12749,59.59545,59.001366,40.05533,-2.9892862,11.261527,165760.1,4040.3604,POL,Europe,38385734.0,125.40259552001952,40.86399841308594,77.92289733886719,45153.04296875,0.2441274523735046,8.100000381469727,,6.039999961853027,,comparison_country,2023-2026,2023,2,6,23
Poland,2023-06-12,201.0,1.0,,2345.0,0.7480457639363028,0.0037216207161010094,32.26530612244898,0.3469387755102041,0.840554621736528,0.00903822173910245,32.265306,0.8405546128571428,0.3469387842857143,0.00903822182857143,,,,,,,,,325.85714285714283,8.489016785714286,7.7959181428571425,2.0309415857142858e-05,,,6517628.0,119623.0,169792.97,3116.34,,,58013744.0,22876212.0,22648184.0,15377765.0,151.1336,59.595608,59.001568,40.061146,-8.740754,11.1562395,165079.3,4023.7659,POL,Europe,38385734.0,125.40259552001952,40.86399841308594,77.92289733886719,45153.04296875,0.2441274523735046,8.100000381469727,,6.039999961853027,,comparison_country,2023-2026,2023,2,6,24
Poland,2023-06-19,179.0,1.0,,2780.0,0.6661701081820807,0.0037216207161010094,26.142857142857142,0.22448979591836735,0.6810565910464846,0.005848261125301586,26.142856857142856,0.6810565928571428,0.22448980714285713,0.005848261042857143,,,,,,,,,276.48979142857144,7.2029312857142855,11.602040857142857,3.0224876571428572e-05,,,6517807.0,119624.0,169797.64,3116.3662,,,58016520.0,22876304.0,22648240.0,15380411.0,151.14084,59.59585,59.001713,40.06804,-3.9041724,11.077713,164776.5,4016.3853,POL,Europe,38385734.0,125.40259552001952,40.86399841308594,77.92289733886719,45153.04296875,0.2441274523735046,8.100000381469727,,6.039999961853027,,comparison_country,2023-2026,2023,2,6,25
Poland,2023-06-26,103.0,3.0,,1956.0,0.3833269337584039,0.011164862148303029,19.183673469387752,0.22448979591836735,0.4997604961621355,0.005848261125301586,19.183673571428574,0.4997604942857143,0.22448980142857142,0.005848261042857143,,,,,,,,,389.34693000000004,10.143011428571429,10.673469142857142,2.7805823285714286e-05,,,6517910.0,119627.0,169800.33,3116.4443,,,58018480.0,22876366.0,22648290.0,15382279.0,151.14594,59.596012,59.001842,40.072906,-8.514278,10.978132,164129.5,4000.6147,POL,Europe,38385734.0,125.40259552001952,40.86399841308594,77.92289733886719,45153.04296875,0.2441274523735046,8.100000381469727,,6.039999961853027,,comparison_country,2023-2026,2023,2,6,26
Poland,2023-07-03,67.0,3.0,,1073.0,0.2493485879787676,0.011164862148303029,11.571428571428571,0.5102040816326531,0.3014512780041817,0.013291502557503604,11.571428857142857,0.30145127857142856,0.5102040928571429,0.013291502571428571,,,,,,,,,155.44898142857141,4.049655042857142,6.806122428571428,1.773086442857143e-05,,,6517977.0,119630.0,169802.06,3116.5225,,,58019550.0,22876402.0,22648356.0,15383281.0,151.14873,59.596104,59.00201,40.075516,-10.44874,10.869585,163334.1,3981.227,POL,Europe,38385734.0,125.40259552001952,40.86399841308594,77.92289733886719,45153.04296875,0.2441274523735046,8.100000381469727,,6.039999961853027,,comparison_country,2023-2026,2023,3,7,27
Poland,2023-07-10,81.0,2.0,,707.0,0.3014512780041817,0.007443241432202019,10.530612244897958,0.3469387755102041,0.2743366127868744,0.00903822173910245,10.530612571428572,0.27433661428571426,0.3469387842857143,0.009038221599999998,,,,,,,,,105.10204142857143,2.738049457142857,7.244897571428571,1.8873933714285716e-05,,,6518058.0,119632.0,169804.17,3116.5745,,,58020256.0,22876462.0,22648424.0,15383891.0,151.15057,59.59626,59.00219,40.077106,-4.1014686,10.794323,163022.69,3973.637,POL,Europe,38385734.0,125.40259552001952,40.86399841308594,77.92289733886719,45153.04296875,0.2441274523735046,8.100000381469727,,6.039999961853027,,comparison_country,2023-2026,2023,3,7,28
Poland,2023-07-17,71.0,0.0,,2209.0,0.26423507084317166,0.0,10.510204081632653,0.08163265306122448,0.2738049526845742,0.002126640409200577,10.510204,0.2738049542857143,0.08163265714285714,0.0021266403714285714,,,,,,,,,250.87755142857142,6.535697657142856,4.877551142857143,1.2706676285714287e-05,,,6518129.0,119632.0,169806.03,3116.5745,,,58022468.0,22876488.0,22648460.0,15386045.0,151.15633,59.596333,59.00229,40.082718,-11.042062,10.684132,162176.89,3953.0208,POL,Europe,38385734.0,125.40259552001952,40.86399841308594,77.92289733886719,45153.04296875,0.2441274523735046,8.100000381469727,,6.039999961853027,,comparison_country,2023-2026,2023,3,7,29
Poland,2023-07-24,47.0,3.0,,830.0,0.17491617365674744,0.011164862148303025,8.795918367346939,0.2857142857142857,0.22914550409136214,0.007443241432202018,8.79591842857143,0.22914550714285714,0.28571428857142855,0.007443241342857143,,,,,,,,,224.81632714285712,5.856767685714286,54.63265328571429,0.00014232541285714285,,,6518176.0,119635.0,169807.25,3116.6526,,,58023364.0,22876872.0,22648848.0,15386533.0,151.15866,59.59733,59.003292,40.08399,-9.086315,10.581545,161457.5,3935.4856,POL,Europe,38385734.0,125.40259552001952,40.86399841308594,77.92289733886719,45153.04296875,0.2441274523735046,8.100000381469727,,6.039999961853027,,comparison_country,2023-2026,2023,3,7,30
Poland,2023-07-31,94.0,0.0,,225.0,0.3498323473134949,0.0,10.346938775510205,0.14285714285714285,0.26955167186617307,0.003721620716101009,10.346939,0.2695516714285714,0.1428571471428571,0.0037216206571428568,,,,,,,,,46.30612285714285,1.2063367714285713,3.857142857142857,1.004837607142857e-05,,,6518270.0,119635.0,169809.7,3116.6526,,,58023650.0,22876896.0,22648880.0,15386763.0,151.15941,59.597393,59.003376,40.084587,-11.363692,10.469878,160570.7,3913.8699,POL,Europe,38385734.0,125.40259552001952,40.86399841308594,77.92289733886719,45153.04296875,0.2441274523735046,8.100000381469727,,6.039999961853027,,comparison_country,2023-2026,2023,3,7,31
Poland,2023-08-07,125.0,0.0,,141.0,0.4652025895126261,0.0,15.020408163265305,0.0,0.39130183529290613,0.0,15.020408428571429,0.39130183571428573,0.0,0.0,,,,,,,,,42.94898,1.1188786857142856,4.4591837142857145,1.1616773428571427e-05,,,6518395.0,119635.0,169812.95,3116.6526,,,58023976.0,22876932.0,22648908.0,15387034.0,151.16026,59.59748,59.00345,40.085293,-12.383476,10.354726,159608.89,3890.4263,POL,Europe,38385734.0,125.40259552001952,40.86399841308594,77.92289733886719,45153.04296875,0.2441274523735046,8.100000381469727,,6.039999961853027,,comparison_country,2023-2026,2023,3,8,32
Poland,2023-08-14,188.0,2.0,,223.0,0.6996646946269898,0.007443241432202019,22.755102040816325,0.16326530612244897,0.5928010140646608,0.004253280818401153,22.755102285714287,0.5928010242857144,0.16326531428571428,0.004253280771428571,,,,,,,,,41.61224514285714,1.0840549285714285,4.387755071428572,1.1430692285714286e-05,,,6518583.0,119637.0,169817.86,3116.7048,,,58024270.0,22876964.0,22648930.0,15387278.0,151.16104,59.597572,59.00351,40.08593,2.304417,10.315214,159784.1,3894.6968,POL,Europe,38385734.0,125.40259552001952,40.86399841308594,77.92289733886719,45153.04296875,0.2441274523735046,8.100000381469727,,6.039999961853027,,comparison_country,2023-2026,2023,3,8,33
Poland,2023-08-21,252.0,1.0,,407.0,0.9378484204574543,0.0037216207161010094,33.632653061224495,0.22448979591836735,0.8761758485906376,0.005848261125301586,33.632653142857144,0.8761758571428572,0.22448980714285713,0.005848261042857143,,,,,,,,,54.806123,1.4277732142857142,5.091836571428572,1.3264919714285714e-05,,,6518835.0,119638.0,169824.42,3116.7307,,,58024680.0,22877004.0,22648964.0,15387617.0,151.1621,59.59767,59.003593,40.08681,-2.2781627,10.254979,159614.5,3890.5627,POL,Europe,38385734.0,125.40259552001952,40.86399841308594,77.92289733886719,45153.04296875,0.2441274523735046,8.100000381469727,,6.039999961853027,,comparison_country,2023-2026,2023,3,8,34
Poland,2023-08-28,369.0,2.0,,470.0,1.3732780442412724,0.007443241432202019,46.163265306122454,0.22448979591836735,1.202615151402926,0.005848261125301586,46.16326528571428,1.2026151342857143,0.22448980714285713,0.005848261042857143,,,,,,,,,62.06122471428572,1.6167783571428571,8.775510428571428,2.286138442857143e-05,,,6519204.0,119640.0,169834.03,3116.783,,,58025150.0,22877084.0,22648990.0,15387978.0,151.16333,59.597885,59.003666,40.087753,-13.404062,10.138075,158578.5,3865.3105,POL,Europe,38385734.0,125.40259552001952,40.86399841308594,77.92289733886719,45153.04296875,0.2441274523735046,8.100000381469727,,6.039999961853027,,comparison_country,2023-2026,2023,3,8,35
Poland,2023-09-04,539.0,2.0,,362.0,2.005953565978444,0.007443241432202019,63.97959183673469,0.26530612244897955,1.666754420710952,0.006911581329901875,63.97959185714286,1.6667544285714284,0.2653061357142857,0.006911581214285714,,,,,,,,,56.816326714285715,1.4801416857142857,8.020408142857143,2.0894242500000004e-05,,,6519743.0,119642.0,169848.08,3116.835,,,58025510.0,22877116.0,22649016.0,15388287.0,151.16426,59.597965,59.003735,40.08856,-6.7894735,10.056226,158062.5,3852.7332,POL,Europe,38385734.0,125.40259552001952,40.86399841308594,77.92289733886719,45153.04296875,0.2441274523735046,8.100000381469727,,6.039999961853027,,comparison_country,2023-2026,2023,3,9,36
Poland,2023-09-11,933.0,3.0,,1130.0,3.472272128122242,0.011164862148303029,110.79591836734694,0.32653061224489793,2.886382695387483,0.008506561636802306,110.79591857142857,2.886382742857143,0.32653062285714285,0.008506561499999999,,,,,,,,,84.97959242857142,2.213832685714286,5.040816357142857,1.3132004642857143e-05,,,6520676.0,119645.0,169872.38,3116.913,,,58026644.0,22877160.0,22649048.0,15389348.0,151.1672,59.59808,59.003815,40.09132,-6.12976,9.978981,157600.5,3841.4722,POL,Europe,38385734.0,125.40259552001952,40.86399841308594,77.92289733886719,45153.04296875,0.2441274523735046,8.100000381469727,,6.039999961853027,,comparison_country,2023-2026,2023,3,9,37
Poland,2023-09-18,1222.0,2.0,,386.0,4.547820515075434,0.007443241432202019,160.30612244897958,0.32653061224489793,4.176190103567633,0.008506561636802306,160.30612285714284,4.176190057142857,0.32653062285714285,0.008506561499999999,,,,,,,,,132.10203957142858,3.441435814285714,6.448979571428572,1.6800459428571428e-05,,,6521898.0,119647.0,169904.22,3116.9653,,,58027028.0,22877196.0,22649096.0,15389649.0,151.16821,59.598175,59.003944,40.092106,-7.8994613,9.891139,156984.5,3826.4573,POL,Europe,38385734.0,125.40259552001952,40.86399841308594,77.92289733886719,45153.04296875,0.2441274523735046,8.100000381469727,,6.039999961853027,,comparison_country,2023-2026,2023,3,9,38
Poland,2023-09-25,1437.0,7.0,,566.0,5.34796896903715,0.026051345012707065,193.0,0.8163265306122448,5.027909587452464,0.02126640409200577,193.00000285714285,5.027909642857144,0.81632654,0.021266403042857145,,,,,,,,,71.12244857142858,1.852835442857143,5.306122571428571,1.3823162785714287e-05,,,6523335.0,119654.0,169941.66,3117.1477,,,58027596.0,22877236.0,22649138.0,15390141.0,151.1697,59.598274,59.00405,40.093388,-10.171267,9.790385,156169.7,3806.5967,POL,Europe,38385734.0,125.40259552001952,40.86399841308594,77.92289733886719,45153.04296875,0.2441274523735046,8.100000381469727,,6.039999961853027,,comparison_country,2023-2026,2023,3,9,39
Poland,2023-10-02,1431.0,1.0,,1284.0,5.325639244740544,0.0037216207161010094,204.73469387755102,0.4489795918367347,5.333614146275046,0.01169652225060317,204.73469142857144,5.3336141,0.44897959857142855,0.011696522057142857,,,,,,,,,154.24489857142856,4.018286957142857,5.775510285714286,1.5045980714285715e-05,,,6524766.0,119655.0,169978.94,3117.1736,,,58028880.0,22877276.0,22649184.0,15391342.0,151.17303,59.598377,59.00417,40.096516,-10.461211,9.6866455,155310.5,3785.654,POL,Europe,38385734.0,125.40259552001952,40.86399841308594,77.92289733886719,45153.04296875,0.2441274523735046,8.100000381469727,,6.039999961853027,,comparison_country,2023-2026,2023,4,10,40
Poland,2023-10-09,1740.0,2.0,,551.0,6.475620046015756,0.007443241432202019,226.91836734693877,0.2040816326530612,5.911528677475303,0.005316601023001439,226.9183642857143,5.911528642857143,0.20408164285714284,0.0053166009571428575,,,,,,,,,109.63265428571428,2.8560779857142857,5.591836714285714,1.4567486857142857e-05,,,6526506.0,119657.0,170024.27,3117.2258,,,58029430.0,22877312.0,22649228.0,15391813.0,151.17447,59.598476,59.004288,40.097744,-5.3014503,9.610717,154877.7,3775.1045,POL,Europe,38385734.0,125.40259552001952,40.86399841308594,77.92289733886719,45153.04296875,0.2441274523735046,8.100000381469727,,6.039999961853027,,comparison_country,2023-2026,2023,4,10,41
Poland,2023-10-16,2495.0,8.0,,533.0,9.28544368667202,0.02977296572880807,313.85714285714283,0.7959183673469388,8.176400713273917,0.02073474398970562,313.8571485714286,8.17640067142857,0.7959183914285715,0.020734743185714284,,,,,,,,,76.77551142857143,2.000105385714286,4.418367314285715,1.1510441285714286e-05,,,6529001.0,119665.0,170089.25,3117.434,,,58029964.0,22877340.0,22649260.0,15392291.0,151.17586,59.598545,59.004368,40.098988,-4.961772,9.536124,154466.3,3765.0767,POL,Europe,38385734.0,125.40259552001952,40.86399841308594,77.92289733886719,45153.04296875,0.2441274523735046,8.100000381469727,,6.039999961853027,,comparison_country,2023-2026,2023,4,10,42
Poland,2023-10-23,3938.0,21.0,,561.0,14.655742380005774,0.0781540350381212,477.73469387755097,1.7142857142857142,12.445631334744077,0.044659448593212116,477.73468999999994,12.445631571428573,1.7142857042857143,0.04465944814285715,,,,,,,,,77.38775571428572,2.0160551142857144,4.826530785714286,1.2573761428571429e-05,,,6532939.0,119686.0,170191.84,3117.9812,,,58030524.0,22877380.0,22649284.0,15392790.0,151.17732,59.598648,59.004433,40.10029,-2.623871,9.47492,154251.3,3759.8362,POL,Europe,38385734.0,125.40259552001952,40.86399841308594,77.92289733886719,45153.04296875,0.2441274523735046,8.100000381469727,,6.039999961853027,,comparison_country,2023-2026,2023,4,10,43
Poland,2023-10-30,4261.0,9.0,,521.0,15.857825871306401,0.03349458644490908,840.8367346938776,3.0612244897959187,21.90492787486824,0.07974901534502163,840.8367285714286,21.904927571428573,3.0612243857142856,0.07974901542857142,,,,,,,,,76.85714285714286,2.0022319428571427,4.520408300000001,1.1776271214285715e-05,,,6537200.0,119695.0,170302.86,3118.2158,,,58031044.0,22877412.0,22649312.0,15393251.0,151.17868,59.598732,59.004505,40.10149,-1.4598494,9.420169,154131.7,3756.921,POL,Europe,38385734.0,125.40259552001952,40.86399841308594,77.92289733886719,45153.04296875,0.2441274523735046,8.100000381469727,,6.039999961853027,,comparison_country,2023-2026,2023,4,10,44
Poland,2023-11-06,6227.0,26.0,,1358.0,23.174532199160982,0.09676213861862624,889.5714285714286,3.7142857142857144,23.174532199160982,0.09676213861862624,889.5714,23.174532,3.7142856,0.09676213600000001,,,,,,,,,1024.5154542857142,26.69000508571429,161.27693214285713,0.0004201481017142857,,,6543427.0,119721.0,170465.08,3118.893,,,58032404.0,22877472.0,22649356.0,15394535.0,151.18222,59.598892,59.004616,40.104836,-1.6462353,9.365713,153998.5,3753.6743,POL,Europe,38385734.0,125.40259552001952,40.86399841308594,77.92289733886719,45153.04296875,0.2441274523735046,8.100000381469727,,6.039999961853027,,comparison_country,2023-2026,2023,4,11,45
Poland,2023-11-13,7463.0,24.0,,,27.77445540426183,0.0893188971864242,1066.142857142857,3.4285714285714284,27.77445540426183,0.0893188971864242,1066.1428,27.774456000000004,3.4285715,0.089318894,,,,,,,,,11201.312928571428,291.80926857142856,1983.916457142857,0.0051683693000000005,,,6550890.0,119745.0,170659.5,3119.5183,,,58032404.0,22877472.0,22649356.0,15394535.0,151.18222,59.598892,59.004616,40.104836,-2.1805923,9.3088665,153821.1,3749.35,POL,Europe,38385734.0,125.40259552001952,40.86399841308594,77.92289733886719,45153.04296875,0.2441274523735046,8.100000381469727,,6.039999961853027,,comparison_country,2023-2026,2023,4,11,46
Poland,2023-11-20,9710.0,64.0,,,36.136937153340796,0.2381837258304646,1387.142857142857,9.142857142857142,36.136937153340796,0.2381837258304646,1387.1428,36.136936,9.142858,0.23818372000000002,,,,,,,,,14004.419,364.83395,2490.0232,0.0064868457,,,6560600.0,119809.0,170912.45,3121.1855,,,58032404.0,22877472.0,22649356.0,15394535.0,151.18222,59.598892,59.004616,40.104836,2.646992,9.275858,154038.89,3754.659,POL,Europe,38385734.0,125.40259552001952,40.86399841308594,77.92289733886719,45153.04296875,0.2441274523735046,8.100000381469727,,6.039999961853027,,comparison_country,2023-2026,2023,4,11,47
Poland,2023-11-27,13111.0,30.0,,,48.79416920880033,0.11164862148303027,1873.0,4.285714285714286,48.79416920880033,0.11164862148303027,1873.0,48.79417,4.285714,0.11164862,,,,,,,,,14004.419,364.83395,2490.0232,0.0064868457,,,6573711.0,119839.0,171254.02,3121.967,,,58032404.0,22877472.0,22649356.0,15394535.0,151.18222,59.598892,59.004616,40.104836,6.0708704,9.259991,154540.5,3766.8855,POL,Europe,38385734.0,125.40259552001952,40.86399841308594,77.92289733886719,45153.04296875,0.2441274523735046,8.100000381469727,,6.039999961853027,,comparison_country,2023-2026,2023,4,11,48
Poland,2023-12-04,17007.0,47.0,,,63.29360351872987,0.17491617365674744,2429.5714285714284,6.714285714285714,63.29360351872987,0.17491617365674744,2429.5715000000005,63.293602,6.714286,0.17491618,,,,,,,,,14004.419,364.83395,2490.0232,0.0064868457,,,6590718.0,119886.0,171697.06,3123.1917,,,58032404.0,22877472.0,22649356.0,15394535.0,151.18222,59.598892,59.004616,40.104836,4.538054,9.236145,154924.89,3776.2551,POL,Europe,38385734.0,125.40259552001952,40.86399841308594,77.92289733886719,45153.04296875,0.2441274523735046,8.100000381469727,,6.039999961853027,,comparison_country,2023-2026,2023,4,12,49
Poland,2023-12-11,18374.0,132.0,,,68.38105903763994,0.4912539345253332,2624.8571428571427,18.857142857142858,68.38105903763994,0.4912539345253332,2624.8572,68.38106,18.857143,0.49125394,,,,,,,,,14004.419,364.83395,2490.0232,0.0064868457,,,6609092.0,120018.0,172175.73,3126.6304,,,58032404.0,22877472.0,22649356.0,15394535.0,151.18222,59.598892,59.004616,40.104836,5.915126,9.219526,155423.89,3788.418,POL,Europe,38385734.0,125.40259552001952,40.86399841308594,77.92289733886719,45153.04296875,0.2441274523735046,8.100000381469727,,6.039999961853027,,comparison_country,2023-2026,2023,4,12,50
Poland,2023-12-18,15554.0,141.0,,,57.88608861823509,0.5247485209702424,2222.0,20.142857142857142,57.88608861823509,0.5247485209702424,2222.0,57.88609,20.142857,0.5247485,,,,,,,,,14004.419,364.83395,2490.0232,0.0064868457,,,6624646.0,120159.0,172580.94,3130.3035,,,58634590.0,22984544.0,22705868.0,15394535.0,152.751,59.877827,59.15184,40.104836,5.8319645,9.202304,155926.3,3800.6638,POL,Europe,38385734.0,125.40259552001952,40.86399841308594,77.92289733886719,45153.04296875,0.2441274523735046,8.100000381469727,,6.039999961853027,,comparison_country,2023-2026,2023,4,12,51
Poland,2023-12-25,7419.0,79.0,,,27.61070409275339,0.29400803657197977,1059.857142857143,11.285714285714286,27.61070409275339,0.29400803657197977,1059.8572,27.610704,11.285714,0.29400805,,,,,,,,,,,,,,,6632065.0,120238.0,172774.22,3132.3616,,,58634590.0,22984544.0,22705868.0,15394535.0,152.751,59.877827,59.15184,40.104836,0.33576488,9.156104,155956.1,3801.3904,POL,Europe,38385734.0,125.40259552001952,40.86399841308594,77.92289733886719,45153.04296875,0.2441274523735046,8.100000381469727,,6.039999961853027,,comparison_country,2023-2026,2023,4,12,52
Poland,2024-01-01,8613.0,191.0,,,32.05431922777799,0.7108295567752928,1230.4285714285713,27.285714285714285,32.05431922777799,0.7108295567752928,1230.4286,32.054317,27.285715,0.71082956,,,,,,,,,,,,,,,6640678.0,120429.0,172998.6,3137.3374,,,58634590.0,22984544.0,22705868.0,15394535.0,152.751,59.877827,59.15184,40.104836,,,,,POL,Europe,38385734.0,125.40259552001952,40.86399841308594,77.92289733886719,45153.04296875,0.2441274523735046,8.100000381469727,,6.039999961853027,,comparison_country,2023-2026,2024,1,1,1
Poland,2024-01-08,4974.0,68.0,,,18.511341441886422,0.2530702086948686,710.5714285714286,9.714285714285714,18.511341441886422,0.2530702086948686,710.5714,18.511340999999998,9.714286,0.2530702,,,,,,,,,,,,,,,6645652.0,120497.0,173128.17,3139.109,,,58634590.0,22984544.0,22705868.0,15394535.0,152.751,59.877827,59.15184,40.104836,,,,,POL,Europe,38385734.0,125.40259552001952,40.86399841308594,77.92289733886719,45153.04296875,0.2441274523735046,8.100000381469727,,6.039999961853027,,comparison_country,2023-2026,2024,1,1,2
Poland,2024-01-15,4265.0,53.0,,,15.872712354170805,0.1972458979533535,609.2857142857143,7.571428571428571,15.872712354170805,0.1972458979533535,609.2857,15.872711999999998,7.571429,0.1972459,,,,,,,,,,,,,,,6649917.0,120550.0,173239.28,3140.4897,,,58634590.0,22984544.0,22705868.0,15394535.0,152.751,59.877827,59.15184,40.104836,,,,,POL,Europe,38385734.0,125.40259552001952,40.86399841308594,77.92289733886719,45153.04296875,0.2441274523735046,8.100000381469727,,6.039999961853027,,comparison_country,2023-2026,2024,1,1,3
Poland,2024-01-22,3448.0,27.0,,,12.83214822911628,0.10048375933472724,492.57142857142856,3.857142857142857,12.83214822911628,0.10048375933472724,492.57144,12.832149,3.857143,0.10048376,,,,,,,,,,,,,,,6653365.0,120577.0,173329.11,3141.193,,,58634590.0,22984544.0,22705868.0,15394535.0,152.751,59.877827,59.15184,40.104836,,,,,POL,Europe,38385734.0,125.40259552001952,40.86399841308594,77.92289733886719,45153.04296875,0.2441274523735046,8.100000381469727,,6.039999961853027,,comparison_country,2023-2026,2024,1,1,4
Poland,2024-01-29,2394.0,41.0,,,8.909559994345816,0.15258644936014137,342.0,5.857142857142857,8.909559994345816,0.15258644936014137,342.0,8.90956,5.857143,0.15258645,,,,,,,,,,,,,,,6655759.0,120618.0,173391.47,3142.2612,,,58634590.0,22984544.0,22705868.0,15394535.0,152.751,59.877827,59.15184,40.104836,,,,,POL,Europe,38385734.0,125.40259552001952,40.86399841308594,77.92289733886719,45153.04296875,0.2441274523735046,8.100000381469727,,6.039999961853027,,comparison_country,2023-2026,2024,1,1,5
Poland,2024-02-05,1793.0,24.0,,,6.672865943969109,0.0893188971864242,256.14285714285717,3.4285714285714284,6.672865943969109,0.0893188971864242,256.14285,6.672866,3.4285715,0.089318894,,,,,,,,,,,,,,,6657552.0,120642.0,173438.19,3142.8865,,,58634590.0,22984544.0,22705868.0,15394535.0,152.751,59.877827,59.15184,40.104836,,,,,POL,Europe,38385734.0,125.40259552001952,40.86399841308594,77.92289733886719,45153.04296875,0.2441274523735046,8.100000381469727,,6.039999961853027,,comparison_country,2023-2026,2024,1,2,6
Poland,2024-02-12,1300.0,23.0,,,4.838106930931311,0.08559727647032321,185.71428571428572,3.2857142857142856,4.838106930931311,0.08559727647032321,185.71428,4.838107,3.2857144,0.08559728,,,,,,,,,,,,,,,6658852.0,120665.0,173472.05,3143.4856,,,58634590.0,22984544.0,22705868.0,15394535.0,152.751,59.877827,59.15184,40.104836,,,,,POL,Europe,38385734.0,125.40259552001952,40.86399841308594,77.92289733886719,45153.04296875,0.2441274523735046,8.100000381469727,,6.039999961853027,,comparison_country,2023-2026,2024,1,2,7
Poland,2024-02-19,1107.0,12.0,,,4.119834132723817,0.0446594485932121,158.14285714285714,1.7142857142857142,4.119834132723817,0.0446594485932121,158.14285,4.119834,1.7142857,0.044659447,,,,,,,,,,,,,,,6659959.0,120677.0,173500.89,3143.798,,,58634590.0,22984544.0,22705868.0,15394535.0,152.751,59.877827,59.15184,40.104836,,,,,POL,Europe,38385734.0,125.40259552001952,40.86399841308594,77.92289733886719,45153.04296875,0.2441274523735046,8.100000381469727,,6.039999961853027,,comparison_country,2023-2026,2024,1,2,8
Poland,2024-02-26,683.0,10.0,,,2.541866949096989,0.03721620716101009,97.57142857142857,1.4285714285714286,2.541866949096989,0.03721620716101009,97.57143,2.541867,1.4285715,0.037216210000000007,,,,,,,,,,,,,,,6660642.0,120687.0,173518.69,3144.0586,,,58634590.0,22984544.0,22705868.0,15394535.0,152.751,59.877827,59.15184,40.104836,,,,,POL,Europe,38385734.0,125.40259552001952,40.86399841308594,77.92289733886719,45153.04296875,0.2441274523735046,8.100000381469727,,6.039999961853027,,comparison_country,2023-2026,2024,1,2,9
Poland,2024-03-04,467.0,3.0,,,1.7379968744191712,0.011164862148303025,66.71428571428571,0.42857142857142855,1.7379968744191712,0.011164862148303025,66.71429,1.7379968,0.42857143,0.011164862,,,,,,,,,,,,,,,6661109.0,120690.0,173530.84,3144.1367,,,58634590.0,22984544.0,22705868.0,15394535.0,152.751,59.877827,59.15184,40.104836,,,,,POL,Europe,38385734.0,125.40259552001952,40.86399841308594,77.92289733886719,45153.04296875,0.2441274523735046,8.100000381469727,,6.039999961853027,,comparison_country,2023-2026,2024,1,3,10
Poland,2024-03-11,380.0,11.0,,,1.4142158721183835,0.0409378278771111,54.285714285714285,1.5714285714285714,1.4142158721183835,0.0409378278771111,54.285713,1.4142159,1.5714285,0.040937826,,,,,,,,,,,,,,,6661489.0,120701.0,173540.75,3144.4233,,,58634590.0,22984544.0,22705868.0,15394535.0,152.751,59.877827,59.15184,40.104836,,,,,POL,Europe,38385734.0,125.40259552001952,40.86399841308594,77.92289733886719,45153.04296875,0.2441274523735046,8.100000381469727,,6.039999961853027,,comparison_country,2023-2026,2024,1,3,11
Poland,2024-03-18,277.0,5.0,,,1.0308889383599795,0.018608103580505044,39.57142857142857,0.7142857142857143,1.0308889383599795,0.018608103580505044,39.57143,1.0308889,0.71428573,0.018608103999999997,,,,,,,,,,,,,,,6661766.0,120706.0,173547.97,3144.5537,,,58634590.0,22984544.0,22705868.0,15394535.0,152.751,59.877827,59.15184,40.104836,,,,,POL,Europe,38385734.0,125.40259552001952,40.86399841308594,77.92289733886719,45153.04296875,0.2441274523735046,8.100000381469727,,6.039999961853027,,comparison_country,2023-2026,2024,1,3,12
Poland,2024-03-25,253.0,0.0,,,0.9415700411735554,0.0,36.142857142857146,0.0,0.9415700411735554,0.0,36.142857,0.94157004,0.0,0.0,,,,,,,,,,,,,,,6662019.0,120706.0,173554.56,3144.5537,,,58634590.0,22984544.0,22705868.0,15394535.0,152.751,59.877827,59.15184,40.104836,,,,,POL,Europe,38385734.0,125.40259552001952,40.86399841308594,77.92289733886719,45153.04296875,0.2441274523735046,8.100000381469727,,6.039999961853027,,comparison_country,2023-2026,2024,1,3,13
Poland,2024-04-01,171.0,1.0,,,0.6363971424532726,0.0037216207161010094,24.428571428571427,0.14285714285714285,0.6363971424532726,0.0037216207161010094,24.428572,0.6363971,0.14285715,0.0037216207,,,,,,,,,,,,,,,6662190.0,120707.0,173559.02,3144.5796,,,58634590.0,22984544.0,22705868.0,15394535.0,152.751,59.877827,59.15184,40.104836,,,,,POL,Europe,38385734.0,125.40259552001952,40.86399841308594,77.92289733886719,45153.04296875,0.2441274523735046,8.100000381469727,,6.039999961853027,,comparison_country,2023-2026,2024,2,4,14
Poland,2024-04-08,136.0,2.0,,,0.5061404173897373,0.007443241432202019,19.428571428571427,0.2857142857142857,0.5061404173897373,0.007443241432202019,19.428572,0.5061404,0.2857143,0.0074432413,,,,,,,,,,,,,,,6662326.0,120709.0,173562.55,3144.6318,,,58634590.0,22984544.0,22705868.0,15394535.0,152.751,59.877827,59.15184,40.104836,,,,,POL,Europe,38385734.0,125.40259552001952,40.86399841308594,77.92289733886719,45153.04296875,0.2441274523735046,8.100000381469727,,6.039999961853027,,comparison_country,2023-2026,2024,2,4,15
Poland,2024-04-15,85.0,0.0,,,0.3163377608685858,0.0,12.142857142857142,0.0,0.3163377608685858,0.0,12.142858,0.31633776,0.0,0.0,,,,,,,,,,,,,,,6662411.0,120709.0,173564.77,3144.6318,,,58634590.0,22984544.0,22705868.0,15394535.0,152.751,59.877827,59.15184,40.104836,,,,,POL,Europe,38385734.0,125.40259552001952,40.86399841308594,77.92289733886719,45153.04296875,0.2441274523735046,8.100000381469727,,6.039999961853027,,comparison_country,2023-2026,2024,2,4,16
Poland,2024-04-22,110.0,2.0,,,0.409378278771111,0.007443241432202019,15.714285714285714,0.2857142857142857,0.409378278771111,0.007443241432202019,15.714286,0.4093782999999999,0.2857143,0.0074432413,,,,,,,,,,,,,,,6662521.0,120711.0,173567.64,3144.6838,,,58634590.0,22984544.0,22705868.0,15394535.0,152.751,59.877827,59.15184,40.104836,,,,,POL,Europe,38385734.0,125.40259552001952,40.86399841308594,77.92289733886719,45153.04296875,0.2441274523735046,8.100000381469727,,6.039999961853027,,comparison_country,2023-2026,2024,2,4,17
Poland,2024-04-29,110.0,0.0,,,0.409378278771111,0.0,15.714285714285714,0.0,0.409378278771111,0.0,15.714286,0.4093782999999999,0.0,0.0,,,,,,,,,,,,,,,6662631.0,120711.0,173570.5,3144.6838,,,58634590.0,22984544.0,22705868.0,15394535.0,152.751,59.877827,59.15184,40.104836,,,,,POL,Europe,38385734.0,125.40259552001952,40.86399841308594,77.92289733886719,45153.04296875,0.2441274523735046,8.100000381469727,,6.039999961853027,,comparison_country,2023-2026,2024,2,4,18
Poland,2024-05-06,101.0,0.0,,,0.37588369232620195,0.0,14.428571428571429,0.0,0.37588369232620195,0.0,14.428572,0.3758837,0.0,0.0,,,,,,,,,,,,,,,6662732.0,120711.0,173573.12,3144.6838,,,58634590.0,22984544.0,22705868.0,15394535.0,152.751,59.877827,59.15184,40.104836,,,,,POL,Europe,38385734.0,125.40259552001952,40.86399841308594,77.92289733886719,45153.04296875,0.2441274523735046,8.100000381469727,,6.039999961853027,,comparison_country,2023-2026,2024,2,5,19
Poland,2024-05-13,156.0,0.0,,,0.5805728317117574,0.0,22.285714285714285,0.0,0.5805728317117574,0.0,22.285715,0.58057284,0.0,0.0,,,,,,,,,,,,,,,6662888.0,120711.0,173577.19,3144.6838,,,58634590.0,22984544.0,22705868.0,15394535.0,152.751,59.877827,59.15184,40.104836,,,,,POL,Europe,38385734.0,125.40259552001952,40.86399841308594,77.92289733886719,45153.04296875,0.2441274523735046,8.100000381469727,,6.039999961853027,,comparison_country,2023-2026,2024,2,5,20
Poland,2024-05-20,141.0,0.0,,,0.5247485209702424,0.0,20.142857142857142,0.0,0.5247485209702424,0.0,20.142857,0.5247485,0.0,0.0,,,,,,,,,,,,,,,6663029.0,120711.0,173580.88,3144.6838,,,58634590.0,22984544.0,22705868.0,15394535.0,152.751,59.877827,59.15184,40.104836,,,,,POL,Europe,38385734.0,125.40259552001952,40.86399841308594,77.92289733886719,45153.04296875,0.2441274523735046,8.100000381469727,,6.039999961853027,,comparison_country,2023-2026,2024,2,5,21
Poland,2024-05-27,125.0,0.0,,,0.4652025895126261,0.0,17.857142857142858,0.0,0.4652025895126261,0.0,17.857143,0.4652026,0.0,0.0,,,,,,,,,,,,,,,6663154.0,120711.0,173584.12,3144.6838,,,58634590.0,22984544.0,22705868.0,15394535.0,152.751,59.877827,59.15184,40.104836,,,,,POL,Europe,38385734.0,125.40259552001952,40.86399841308594,77.92289733886719,45153.04296875,0.2441274523735046,8.100000381469727,,6.039999961853027,,comparison_country,2023-2026,2024,2,5,22
Poland,2024-06-03,171.0,1.0,,,0.6363971424532726,0.0037216207161010094,24.428571428571427,0.14285714285714285,0.6363971424532726,0.0037216207161010094,24.428572,0.6363971,0.14285715,0.0037216207,,,,,,,,,,,,,,,6663325.0,120712.0,173588.58,3144.71,,,58634590.0,22984544.0,22705868.0,15394535.0,152.751,59.877827,59.15184,40.104836,,,,,POL,Europe,38385734.0,125.40259552001952,40.86399841308594,77.92289733886719,45153.04296875,0.2441274523735046,8.100000381469727,,6.039999961853027,,comparison_country,2023-2026,2024,2,6,23
Poland,2024-06-10,255.0,1.0,,,0.9490132826057573,0.0037216207161010094,36.42857142857143,0.14285714285714285,0.9490132826057573,0.0037216207161010094,36.42857,0.9490133,0.14285715,0.0037216207,,,,,,,,,,,,,,,6663580.0,120713.0,173595.22,3144.736,,,58634590.0,22984544.0,22705868.0,15394535.0,152.751,59.877827,59.15184,40.104836,,,,,POL,Europe,38385734.0,125.40259552001952,40.86399841308594,77.92289733886719,45153.04296875,0.2441274523735046,8.100000381469727,,6.039999961853027,,comparison_country,2023-2026,2024,2,6,24
Poland,2024-06-17,385.0,0.0,,,1.4328239756988885,0.0,55.0,0.0,1.4328239756988885,0.0,55.0,1.432824,0.0,0.0,,,,,,,,,,,,,,,6663965.0,120713.0,173605.25,3144.736,,,58634590.0,22984544.0,22705868.0,15394535.0,152.751,59.877827,59.15184,40.104836,,,,,POL,Europe,38385734.0,125.40259552001952,40.86399841308594,77.92289733886719,45153.04296875,0.2441274523735046,8.100000381469727,,6.039999961853027,,comparison_country,2023-2026,2024,2,6,25
Poland,2024-06-24,451.0,2.0,,,1.6784509429615553,0.007443241432202019,64.42857142857143,0.2857142857142857,1.6784509429615553,0.007443241432202019,64.42857,1.6784510000000001,0.2857143,0.0074432413,,,,,,,,,,,,,,,6664416.0,120715.0,173617.0,3144.788,,,58634590.0,22984544.0,22705868.0,15394535.0,152.751,59.877827,59.15184,40.104836,,,,,POL,Europe,38385734.0,125.40259552001952,40.86399841308594,77.92289733886719,45153.04296875,0.2441274523735046,8.100000381469727,,6.039999961853027,,comparison_country,2023-2026,2024,2,6,26
Poland,2024-07-01,519.0,2.0,,,1.931521151656424,0.007443241432202019,74.14285714285714,0.2857142857142857,1.931521151656424,0.007443241432202019,74.14286,1.9315212,0.2857143,0.0074432413,,,,,,,,,,,,,,,6664935.0,120717.0,173630.52,3144.8403,,,58634590.0,22984544.0,22705868.0,15394535.0,152.751,59.877827,59.15184,40.104836,,,,,POL,Europe,38385734.0,125.40259552001952,40.86399841308594,77.92289733886719,45153.04296875,0.2441274523735046,8.100000381469727,,6.039999961853027,,comparison_country,2023-2026,2024,3,7,27
Poland,2024-07-08,788.0,1.0,,,2.9326371242875955,0.0037216207161010094,112.57142857142857,0.14285714285714285,2.9326371242875955,0.0037216207161010094,112.57143,2.9326372,0.14285715,0.0037216207,,,,,,,,,,,,,,,6665723.0,120718.0,173651.05,3144.8662,,,58634590.0,22984544.0,22705868.0,15394535.0,152.751,59.877827,59.15184,40.104836,,,,,POL,Europe,38385734.0,125.40259552001952,40.86399841308594,77.92289733886719,45153.04296875,0.2441274523735046,8.100000381469727,,6.039999961853027,,comparison_country,2023-2026,2024,3,7,28
Poland,2024-07-15,914.0,0.0,,,3.4015613345163227,0.0,130.57142857142858,0.0,3.4015613345163227,0.0,130.57143,3.4015613,0.0,0.0,,,,,,,,,,,,,,,6666637.0,120718.0,173674.86,3144.8662,,,58634590.0,22984544.0,22705868.0,15394535.0,152.751,59.877827,59.15184,40.104836,,,,,POL,Europe,38385734.0,125.40259552001952,40.86399841308594,77.92289733886719,45153.04296875,0.2441274523735046,8.100000381469727,,6.039999961853027,,comparison_country,2023-2026,2024,3,7,29
Poland,2024-07-22,1699.0,4.0,,,6.323033596655614,0.014886482864404037,242.71428571428572,0.5714285714285714,6.323033596655614,0.014886482864404037,242.71428,6.323034,0.5714286,0.014886483,,,,,,,,,,,,,,,6668336.0,120722.0,173719.12,3144.9705,,,58634590.0,22984544.0,22705868.0,15394535.0,152.751,59.877827,59.15184,40.104836,,,,,POL,Europe,38385734.0,125.40259552001952,40.86399841308594,77.92289733886719,45153.04296875,0.2441274523735046,8.100000381469727,,6.039999961853027,,comparison_country,2023-2026,2024,3,7,30
Poland,2024-07-29,2463.0,4.0,,,9.166351823756784,0.014886482864404037,351.85714285714283,0.5714285714285714,9.166351823756784,0.014886482864404037,351.85715,9.166352,0.5714286,0.014886483,,,,,,,,,,,,,,,6670799.0,120726.0,173783.28,3145.0747,,,58634590.0,22984544.0,22705868.0,15394535.0,152.751,59.877827,59.15184,40.104836,,,,,POL,Europe,38385734.0,125.40259552001952,40.86399841308594,77.92289733886719,45153.04296875,0.2441274523735046,8.100000381469727,,6.039999961853027,,comparison_country,2023-2026,2024,3,7,31
Poland,2024-08-05,3243.0,8.0,,,12.069215982315573,0.029772965728808075,463.2857142857143,1.1428571428571428,12.069215982315573,0.029772965728808075,463.2857,12.069216,1.1428572,0.029772965000000002,,,,,,,,,,,,,,,6674042.0,120734.0,173867.77,3145.2832,,,58634590.0,22984544.0,22705868.0,15394535.0,152.751,59.877827,59.15184,40.104836,,,,,POL,Europe,38385734.0,125.40259552001952,40.86399841308594,77.92289733886719,45153.04296875,0.2441274523735046,8.100000381469727,,6.039999961853027,,comparison_country,2023-2026,2024,3,8,32
Poland,2024-08-12,4194.0,8.0,,,15.608477283327632,0.029772965728808075,599.1428571428571,1.1428571428571428,15.608477283327632,0.029772965728808075,599.1429,15.608478,1.1428572,0.029772965000000002,,,,,,,,,,,,,,,6678236.0,120742.0,173977.03,3145.4915,,,58634590.0,22984544.0,22705868.0,15394535.0,152.751,59.877827,59.15184,40.104836,,,,,POL,Europe,38385734.0,125.40259552001952,40.86399841308594,77.92289733886719,45153.04296875,0.2441274523735046,8.100000381469727,,6.039999961853027,,comparison_country,2023-2026,2024,3,8,33
Poland,2024-08-19,6401.0,15.0,,,23.82209420376256,0.055824310741515136,914.4285714285714,2.142857142857143,23.82209420376256,0.055824310741515136,914.4286,23.822094,2.142857,0.05582431,,,,,,,,,,,,,,,6684637.0,120757.0,174143.78,3145.8823,,,58634590.0,22984544.0,22705868.0,15394535.0,152.751,59.877827,59.15184,40.104836,,,,,POL,Europe,38385734.0,125.40259552001952,40.86399841308594,77.92289733886719,45153.04296875,0.2441274523735046,8.100000381469727,,6.039999961853027,,comparison_country,2023-2026,2024,3,8,34
Poland,2024-08-26,8185.0,18.0,,,30.46146556128676,0.06698917288981816,1169.2857142857142,2.5714285714285716,30.46146556128676,0.06698917288981816,1169.2858,30.461466,2.5714285,0.066989176,,,,,,,,,,,,,,,6692822.0,120775.0,174357.02,3146.351,,,58634590.0,22984544.0,22705868.0,15394535.0,152.751,59.877827,59.15184,40.104836,,,,,POL,Europe,38385734.0,125.40259552001952,40.86399841308594,77.92289733886719,45153.04296875,0.2441274523735046,8.100000381469727,,6.039999961853027,,comparison_country,2023-2026,2024,3,8,35
Poland,2024-09-02,9379.0,17.0,,,34.905080696311366,0.06326755217371716,1339.857142857143,2.4285714285714284,34.905080696311366,0.06326755217371716,1339.8572,34.90508,2.4285715,0.06326755,,,,,,,,,,,,,,,6702201.0,120792.0,174601.34,3146.794,,,58634590.0,22984544.0,22705868.0,15394535.0,152.751,59.877827,59.15184,40.104836,,,,,POL,Europe,38385734.0,125.40259552001952,40.86399841308594,77.92289733886719,45153.04296875,0.2441274523735046,8.100000381469727,,6.039999961853027,,comparison_country,2023-2026,2024,3,9,36
Poland,2024-09-09,12470.0,17.0,,,46.408610329779584,0.06326755217371716,1781.4285714285713,2.4285714285714284,46.408610329779584,0.06326755217371716,1781.4286,46.40861,2.4285715,0.06326755,,,,,,,,,,,,,,,6714671.0,120809.0,174926.2,3147.237,,,58634590.0,22984544.0,22705868.0,15394535.0,152.751,59.877827,59.15184,40.104836,,,,,POL,Europe,38385734.0,125.40259552001952,40.86399841308594,77.92289733886719,45153.04296875,0.2441274523735046,8.100000381469727,,6.039999961853027,,comparison_country,2023-2026,2024,3,9,37
Poland,2024-09-16,13051.0,7.0,,,48.57087196583427,0.02605134501270706,1864.4285714285713,1.0,48.57087196583427,0.02605134501270706,1864.4286,48.570873,1.0,0.026051344,,,,,,,,,,,,,,,6727722.0,120816.0,175266.2,3147.4192,,,58634590.0,22984544.0,22705868.0,15394535.0,152.751,59.877827,59.15184,40.104836,,,,,POL,Europe,38385734.0,125.40259552001952,40.86399841308594,77.92289733886719,45153.04296875,0.2441274523735046,8.100000381469727,,6.039999961853027,,comparison_country,2023-2026,2024,3,9,38
Poland,2024-09-23,10790.0,13.0,,,40.15628752672989,0.04838106930931312,1541.4285714285713,1.8571428571428572,40.15628752672989,0.04838106930931312,1541.4286,40.15629,1.8571428,0.048381068000000006,,,,,,,,,,,,,,,6738512.0,120829.0,175547.3,3147.758,,,58634590.0,22984544.0,22705868.0,15394535.0,152.751,59.877827,59.15184,40.104836,,,,,POL,Europe,38385734.0,125.40259552001952,40.86399841308594,77.92289733886719,45153.04296875,0.2441274523735046,8.100000381469727,,6.039999961853027,,comparison_country,2023-2026,2024,3,9,39
Poland,2024-09-30,7046.0,15.0,,,26.22253956564771,0.055824310741515136,1006.5714285714286,2.142857142857143,26.22253956564771,0.055824310741515136,1006.5714,26.22254,2.142857,0.05582431,,,,,,,,,,,,,,,6745558.0,120844.0,175730.86,3148.1487,,,58634590.0,22984544.0,22705868.0,15394535.0,152.751,59.877827,59.15184,40.104836,,,,,POL,Europe,38385734.0,125.40259552001952,40.86399841308594,77.92289733886719,45153.04296875,0.2441274523735046,8.100000381469727,,6.039999961853027,,comparison_country,2023-2026,2024,3,9,40
Poland,2024-10-07,5782.0,10.0,,,21.518410980496036,0.03721620716101009,826.0,1.4285714285714286,21.518410980496036,0.03721620716101009,826.0,21.518412,1.4285715,0.037216210000000007,,,,,,,,,,,,,,,6751340.0,120854.0,175881.48,3148.4092,,,58634590.0,22984544.0,22705868.0,15394535.0,152.751,59.877827,59.15184,40.104836,,,,,POL,Europe,38385734.0,125.40259552001952,40.86399841308594,77.92289733886719,45153.04296875,0.2441274523735046,8.100000381469727,,6.039999961853027,,comparison_country,2023-2026,2024,4,10,41
Poland,2024-10-14,3845.0,21.0,,,14.30963165340838,0.07815403503812121,549.2857142857143,3.0,14.30963165340838,0.07815403503812121,549.2857,14.309631,3.0,0.078154035,,,,,,,,,,,,,,,6755185.0,120875.0,175981.66,3148.9563,,,58634590.0,22984544.0,22705868.0,15394535.0,152.751,59.877827,59.15184,40.104836,,,,,POL,Europe,38385734.0,125.40259552001952,40.86399841308594,77.92289733886719,45153.04296875,0.2441274523735046,8.100000381469727,,6.039999961853027,,comparison_country,2023-2026,2024,4,10,42
Poland,2024-10-21,3241.0,22.0,,,12.061772740883372,0.0818756557542222,463.0,3.142857142857143,12.061772740883372,0.0818756557542222,463.0,12.061772,3.142857,0.08187565,,,,,,,,,,,,,,,6758426.0,120897.0,176066.1,3149.5295,,,58634590.0,22984544.0,22705868.0,15394535.0,152.751,59.877827,59.15184,40.104836,,,,,POL,Europe,38385734.0,125.40259552001952,40.86399841308594,77.92289733886719,45153.04296875,0.2441274523735046,8.100000381469727,,6.039999961853027,,comparison_country,2023-2026,2024,4,10,43
Poland,2024-10-28,2063.0,13.0,,,7.677703537316383,0.04838106930931312,294.7142857142857,1.8571428571428572,7.677703537316383,0.04838106930931312,294.7143,7.6777034,1.8571428,0.048381068000000006,,,,,,,,,,,,,,,6760489.0,120910.0,176119.83,3149.8682,,,58634590.0,22984544.0,22705868.0,15394535.0,152.751,59.877827,59.15184,40.104836,,,,,POL,Europe,38385734.0,125.40259552001952,40.86399841308594,77.92289733886719,45153.04296875,0.2441274523735046,8.100000381469727,,6.039999961853027,,comparison_country,2023-2026,2024,4,10,44
Poland,2024-11-04,1667.0,13.0,,,6.2039417337403835,0.04838106930931312,238.14285714285714,1.8571428571428572,6.2039417337403835,0.04838106930931312,238.14285,6.203942,1.8571428,0.048381068000000006,,,,,,,,,,,,,,,6762156.0,120923.0,176163.27,3150.2068,,,58634590.0,22984544.0,22705868.0,15394535.0,152.751,59.877827,59.15184,40.104836,,,,,POL,Europe,38385734.0,125.40259552001952,40.86399841308594,77.92289733886719,45153.04296875,0.2441274523735046,8.100000381469727,,6.039999961853027,,comparison_country,2023-2026,2024,4,11,45
Poland,2024-11-11,1070.0,15.0,,,3.98213416622808,0.055824310741515136,152.85714285714286,2.142857142857143,3.98213416622808,0.055824310741515136,152.85715,3.982134,2.142857,0.05582431,,,,,,,,,,,,,,,6763226.0,120938.0,176191.14,3150.5977,,,58634590.0,22984544.0,22705868.0,15394535.0,152.751,59.877827,59.15184,40.104836,,,,,POL,Europe,38385734.0,125.40259552001952,40.86399841308594,77.92289733886719,45153.04296875,0.2441274523735046,8.100000381469727,,6.039999961853027,,comparison_country,2023-2026,2024,4,11,46
Poland,2024-11-18,1189.0,9.0,,,4.425007031444101,0.03349458644490908,169.85714285714286,1.2857142857142858,4.425007031444101,0.03349458644490908,169.85715,4.425007,1.2857143,0.033494588,,,,,,,,,,,,,,,6764415.0,120947.0,176222.11,3150.832,,,58634590.0,22984544.0,22705868.0,15394535.0,152.751,59.877827,59.15184,40.104836,,,,,POL,Europe,38385734.0,125.40259552001952,40.86399841308594,77.92289733886719,45153.04296875,0.2441274523735046,8.100000381469727,,6.039999961853027,,comparison_country,2023-2026,2024,4,11,47
Poland,2024-11-25,1067.0,8.0,,,3.970969304079777,0.029772965728808075,152.42857142857142,1.1428571428571428,3.970969304079777,0.029772965728808075,152.42857,3.9709692,1.1428572,0.029772965000000002,,,,,,,,,,,,,,,6765482.0,120955.0,176249.9,3151.0405,,,58634590.0,22984544.0,22705868.0,15394535.0,152.751,59.877827,59.15184,40.104836,,,,,POL,Europe,38385734.0,125.40259552001952,40.86399841308594,77.92289733886719,45153.04296875,0.2441274523735046,8.100000381469727,,6.039999961853027,,comparison_country,2023-2026,2024,4,11,48
Poland,2024-12-02,1014.0,7.0,,,3.773723406126423,0.02605134501270706,144.85714285714286,1.0,3.773723406126423,0.02605134501270706,144.85715,3.7737234,1.0,0.026051344,,,,,,,,,,,,,,,6766496.0,120962.0,176276.33,3151.223,,,58634590.0,22984544.0,22705868.0,15394535.0,152.751,59.877827,59.15184,40.104836,,,,,POL,Europe,38385734.0,125.40259552001952,40.86399841308594,77.92289733886719,45153.04296875,0.2441274523735046,8.100000381469727,,6.039999961853027,,comparison_country,2023-2026,2024,4,12,49
Poland,2024-12-09,973.0,5.0,,,3.621136956766282,0.018608103580505044,139.0,0.7142857142857143,3.621136956766282,0.018608103580505044,139.0,3.621137,0.71428573,0.018608103999999997,,,,,,,,,,,,,,,6767469.0,120967.0,176301.67,3151.353,,,58634590.0,22984544.0,22705868.0,15394535.0,152.751,59.877827,59.15184,40.104836,,,,,POL,Europe,38385734.0,125.40259552001952,40.86399841308594,77.92289733886719,45153.04296875,0.2441274523735046,8.100000381469727,,6.039999961853027,,comparison_country,2023-2026,2024,4,12,50
Poland,2024-12-16,1188.0,4.0,,,4.421285410727998,0.014886482864404037,169.71428571428572,0.5714285714285714,4.421285410727998,0.014886482864404037,169.71428,4.4212856,0.5714286,0.014886483,,,,,,,,,,,,,,,6768657.0,120971.0,176332.62,3151.4573,,,58634590.0,22984544.0,22705868.0,15394535.0,152.751,59.877827,59.15184,40.104836,,,,,POL,Europe,38385734.0,125.40259552001952,40.86399841308594,77.92289733886719,45153.04296875,0.2441274523735046,8.100000381469727,,6.039999961853027,,comparison_country,2023-2026,2024,4,12,51
Poland,2024-12-23,616.0,2.0,,,2.292518361118222,0.007443241432202019,88.0,0.2857142857142857,2.292518361118222,0.007443241432202019,88.0,2.2925184,0.2857143,0.0074432413,,,,,,,,,,,,,,,6769273.0,120973.0,176348.67,3151.5093,,,58634590.0,22984544.0,22705868.0,15394535.0,152.751,59.877827,59.15184,40.104836,,,,,POL,Europe,38385734.0,125.40259552001952,40.86399841308594,77.92289733886719,45153.04296875,0.2441274523735046,8.100000381469727,,6.039999961853027,,comparison_country,2023-2026,2024,4,12,52
Poland,2024-12-30,425.0,3.0,,,1.5816888043429287,0.011164862148303025,60.714285714285715,0.42857142857142855,1.5816888043429287,0.011164862148303025,60.714287,1.5816888,0.42857143,0.011164862,,,,,,,,,,,,,,,6769698.0,120976.0,176359.73,3151.5874,,,58634590.0,22984544.0,22705868.0,15394535.0,152.751,59.877827,59.15184,40.104836,,,,,POL,Europe,38385734.0,125.40259552001952,40.86399841308594,77.92289733886719,45153.04296875,0.2441274523735046,8.100000381469727,,6.039999961853027,,comparison_country,2023-2026,2024,4,12,1
Poland,2025-01-06,606.0,5.0,,,2.2553021539572113,0.018608103580505044,86.57142857142857,0.7142857142857143,2.2553021539572113,0.018608103580505044,86.57143,2.2553022,0.71428573,0.018608103999999997,,,,,,,,,,,,,,,6770304.0,120981.0,176375.53,3151.7178,,,58634590.0,22984544.0,22705868.0,15394535.0,152.751,59.877827,59.15184,40.104836,,,,,POL,Europe,38385734.0,125.40259552001952,40.86399841308594,77.92289733886719,45153.04296875,0.2441274523735046,8.100000381469727,,6.039999961853027,,comparison_country,2023-2026,2025,1,1,2
Poland,2025-01-13,878.0,0.0,,,3.267582988736686,0.0,125.42857142857143,0.0,3.267582988736686,0.0,125.42857,3.2675829999999997,0.0,0.0,,,,,,,,,,,,,,,6771182.0,120981.0,176398.39,3151.7178,,,58634590.0,22984544.0,22705868.0,15394535.0,152.751,59.877827,59.15184,40.104836,,,,,POL,Europe,38385734.0,125.40259552001952,40.86399841308594,77.92289733886719,45153.04296875,0.2441274523735046,8.100000381469727,,6.039999961853027,,comparison_country,2023-2026,2025,1,1,3
Poland,2025-01-20,1071.0,0.0,,,3.985855786944181,0.0,153.0,0.0,3.985855786944181,0.0,153.0,3.9858558,0.0,0.0,,,,,,,,,,,,,,,6772253.0,120981.0,176426.3,3151.7178,,,58634590.0,22984544.0,22705868.0,15394535.0,152.751,59.877827,59.15184,40.104836,,,,,POL,Europe,38385734.0,125.40259552001952,40.86399841308594,77.92289733886719,45153.04296875,0.2441274523735046,8.100000381469727,,6.039999961853027,,comparison_country,2023-2026,2025,1,1,4
Poland,2025-01-27,1006.0,0.0,,,3.743950440397615,0.0,143.71428571428572,0.0,3.743950440397615,0.0,143.71428,3.7439504,0.0,0.0,,,,,,,,,,,,,,,6773259.0,120981.0,176452.5,3151.7178,,,58634590.0,22984544.0,22705868.0,15394535.0,152.751,59.877827,59.15184,40.104836,,,,,POL,Europe,38385734.0,125.40259552001952,40.86399841308594,77.92289733886719,45153.04296875,0.2441274523735046,8.100000381469727,,6.039999961853027,,comparison_country,2023-2026,2025,1,1,5
Poland,2025-02-03,772.0,0.0,,,2.873091192829979,0.0,110.28571428571429,0.0,2.873091192829979,0.0,110.28571,2.8730912,0.0,0.0,,,,,,,,,,,,,,,6774031.0,120981.0,176472.62,3151.7178,,,58634590.0,22984544.0,22705868.0,15394535.0,152.751,59.877827,59.15184,40.104836,,,,,POL,Europe,38385734.0,125.40259552001952,40.86399841308594,77.92289733886719,45153.04296875,0.2441274523735046,8.100000381469727,,6.039999961853027,,comparison_country,2023-2026,2025,1,2,6
Poland,2025-02-10,792.0,0.0,,,2.9475236071519992,0.0,113.14285714285714,0.0,2.9475236071519992,0.0,113.14286,2.9475236,0.0,0.0,,,,,,,,,,,,,,,6774823.0,120981.0,176493.25,3151.7178,,,58634590.0,22984544.0,22705868.0,15394535.0,152.751,59.877827,59.15184,40.104836,,,,,POL,Europe,38385734.0,125.40259552001952,40.86399841308594,77.92289733886719,45153.04296875,0.2441274523735046,8.100000381469727,,6.039999961853027,,comparison_country,2023-2026,2025,1,2,7
Poland,2025-02-17,779.0,0.0,,,2.899142537842686,0.0,111.28571428571429,0.0,2.899142537842686,0.0,111.28571,2.8991425,0.0,0.0,,,,,,,,,,,,,,,6775602.0,120981.0,176513.55,3151.7178,,,58634590.0,22984544.0,22705868.0,15394535.0,152.751,59.877827,59.15184,40.104836,,,,,POL,Europe,38385734.0,125.40259552001952,40.86399841308594,77.92289733886719,45153.04296875,0.2441274523735046,8.100000381469727,,6.039999961853027,,comparison_country,2023-2026,2025,1,2,8
Poland,2025-02-24,681.0,0.0,,,2.534423707664787,0.0,97.28571428571429,0.0,2.534423707664787,0.0,97.28571,2.5344236,0.0,0.0,,,,,,,,,,,,,,,6776283.0,120981.0,176531.28,3151.7178,,,58634590.0,22984544.0,22705868.0,15394535.0,152.751,59.877827,59.15184,40.104836,,,,,POL,Europe,38385734.0,125.40259552001952,40.86399841308594,77.92289733886719,45153.04296875,0.2441274523735046,8.100000381469727,,6.039999961853027,,comparison_country,2023-2026,2025,1,2,9
Poland,2025-03-03,612.0,0.0,,,2.277631878253817,0.0,87.42857142857143,0.0,2.277631878253817,0.0,87.42857,2.2776318,0.0,0.0,,,,,,,,,,,,,,,6776895.0,120981.0,176547.23,3151.7178,,,58634590.0,22984544.0,22705868.0,15394535.0,152.751,59.877827,59.15184,40.104836,,,,,POL,Europe,38385734.0,125.40259552001952,40.86399841308594,77.92289733886719,45153.04296875,0.2441274523735046,8.100000381469727,,6.039999961853027,,comparison_country,2023-2026,2025,1,3,10
Poland,2025-03-10,598.0,0.0,,,2.2255291882284034,0.0,85.42857142857143,0.0,2.2255291882284034,0.0,85.42857,2.2255292,0.0,0.0,,,,,,,,,,,,,,,6777493.0,120981.0,176562.81,3151.7178,,,58634590.0,22984544.0,22705868.0,15394535.0,152.751,59.877827,59.15184,40.104836,,,,,POL,Europe,38385734.0,125.40259552001952,40.86399841308594,77.92289733886719,45153.04296875,0.2441274523735046,8.100000381469727,,6.039999961853027,,comparison_country,2023-2026,2025,1,3,11
Poland,2025-03-17,400.0,0.0,,,1.4886482864404038,0.0,57.142857142857146,0.0,1.4886482864404038,0.0,57.142857,1.4886483,0.0,0.0,,,,,,,,,,,,,,,6777893.0,120981.0,176573.23,3151.7178,,,58634590.0,22984544.0,22705868.0,15394535.0,152.751,59.877827,59.15184,40.104836,,,,,POL,Europe,38385734.0,125.40259552001952,40.86399841308594,77.92289733886719,45153.04296875,0.2441274523735046,8.100000381469727,,6.039999961853027,,comparison_country,2023-2026,2025,1,3,12
Poland,2025-03-24,373.0,0.0,,,1.3881645271056764,0.0,53.285714285714285,0.0,1.3881645271056764,0.0,53.285713,1.3881645,0.0,0.0,,,,,,,,,,,,,,,6778266.0,120981.0,176582.95,3151.7178,,,58634590.0,22984544.0,22705868.0,15394535.0,152.751,59.877827,59.15184,40.104836,,,,,POL,Europe,38385734.0,125.40259552001952,40.86399841308594,77.92289733886719,45153.04296875,0.2441274523735046,8.100000381469727,,6.039999961853027,,comparison_country,2023-2026,2025,1,3,13
Poland,2025-03-31,300.0,0.0,,,1.1164862148303025,0.0,42.857142857142854,0.0,1.1164862148303025,0.0,42.857143,1.1164862,0.0,0.0,,,,,,,,,,,,,,,6778566.0,120981.0,176590.77,3151.7178,,,58634590.0,22984544.0,22705868.0,15394535.0,152.751,59.877827,59.15184,40.104836,,,,,POL,Europe,38385734.0,125.40259552001952,40.86399841308594,77.92289733886719,45153.04296875,0.2441274523735046,8.100000381469727,,6.039999961853027,,comparison_country,2023-2026,2025,1,3,14
Poland,2025-04-07,223.0,0.0,,,0.829921419690525,0.0,31.857142857142858,0.0,0.829921419690525,0.0,31.857143,0.8299214,0.0,0.0,,,,,,,,,,,,,,,6778789.0,120981.0,176596.58,3151.7178,,,58634590.0,22984544.0,22705868.0,15394535.0,152.751,59.877827,59.15184,40.104836,,,,,POL,Europe,38385734.0,125.40259552001952,40.86399841308594,77.92289733886719,45153.04296875,0.2441274523735046,8.100000381469727,,6.039999961853027,,comparison_country,2023-2026,2025,2,4,15
Poland,2025-04-14,244.0,0.0,,,0.9080754547286463,0.0,34.857142857142854,0.0,0.9080754547286463,0.0,34.857143,0.90807545,0.0,0.0,,,,,,,,,,,,,,,6779033.0,120981.0,176602.92,3151.7178,,,58634590.0,22984544.0,22705868.0,15394535.0,152.751,59.877827,59.15184,40.104836,,,,,POL,Europe,38385734.0,125.40259552001952,40.86399841308594,77.92289733886719,45153.04296875,0.2441274523735046,8.100000381469727,,6.039999961853027,,comparison_country,2023-2026,2025,2,4,16
Poland,2025-04-21,141.0,0.0,,,0.5247485209702424,0.0,20.142857142857142,0.0,0.5247485209702424,0.0,20.142857,0.5247485,0.0,0.0,,,,,,,,,,,,,,,6779174.0,120981.0,176606.6,3151.7178,,,58634590.0,22984544.0,22705868.0,15394535.0,152.751,59.877827,59.15184,40.104836,,,,,POL,Europe,38385734.0,125.40259552001952,40.86399841308594,77.92289733886719,45153.04296875,0.2441274523735046,8.100000381469727,,6.039999961853027,,comparison_country,2023-2026,2025,2,4,17
Poland,2025-04-28,113.0,0.0,,,0.4205431409194141,0.0,16.142857142857142,0.0,0.4205431409194141,0.0,16.142857,0.42054313,0.0,0.0,,,,,,,,,,,,,,,6779287.0,120981.0,176609.55,3151.7178,,,58634590.0,22984544.0,22705868.0,15394535.0,152.751,59.877827,59.15184,40.104836,,,,,POL,Europe,38385734.0,125.40259552001952,40.86399841308594,77.92289733886719,45153.04296875,0.2441274523735046,8.100000381469727,,6.039999961853027,,comparison_country,2023-2026,2025,2,4,18
Poland,2025-05-05,132.0,0.0,,,0.4912539345253332,0.0,18.857142857142858,0.0,0.4912539345253332,0.0,18.857143,0.49125394,0.0,0.0,,,,,,,,,,,,,,,6779419.0,120981.0,176612.98,3151.7178,,,58634590.0,22984544.0,22705868.0,15394535.0,152.751,59.877827,59.15184,40.104836,,,,,POL,Europe,38385734.0,125.40259552001952,40.86399841308594,77.92289733886719,45153.04296875,0.2441274523735046,8.100000381469727,,6.039999961853027,,comparison_country,2023-2026,2025,2,5,19
Poland,2025-05-12,162.0,0.0,,,0.6029025560083635,0.0,23.142857142857142,0.0,0.6029025560083635,0.0,23.142857,0.60290253,0.0,0.0,,,,,,,,,,,,,,,6779581.0,120981.0,176617.2,3151.7178,,,58634590.0,22984544.0,22705868.0,15394535.0,152.751,59.877827,59.15184,40.104836,,,,,POL,Europe,38385734.0,125.40259552001952,40.86399841308594,77.92289733886719,45153.04296875,0.2441274523735046,8.100000381469727,,6.039999961853027,,comparison_country,2023-2026,2025,2,5,20
Poland,2025-05-19,215.0,0.0,,,0.800148453961717,0.0,30.714285714285715,0.0,0.800148453961717,0.0,30.714285,0.8001484,0.0,0.0,,,,,,,,,,,,,,,6779796.0,120981.0,176622.81,3151.7178,,,58634590.0,22984544.0,22705868.0,15394535.0,152.751,59.877827,59.15184,40.104836,,,,,POL,Europe,38385734.0,125.40259552001952,40.86399841308594,77.92289733886719,45153.04296875,0.2441274523735046,8.100000381469727,,6.039999961853027,,comparison_country,2023-2026,2025,2,5,21
Poland,2025-05-26,256.0,0.0,,,0.9527349033218584,0.0,36.57142857142857,0.0,0.9527349033218584,0.0,36.57143,0.9527349,0.0,0.0,,,,,,,,,,,,,,,6780052.0,120981.0,176629.47,3151.7178,,,58634590.0,22984544.0,22705868.0,15394535.0,152.751,59.877827,59.15184,40.104836,,,,,POL,Europe,38385734.0,125.40259552001952,40.86399841308594,77.92289733886719,45153.04296875,0.2441274523735046,8.100000381469727,,6.039999961853027,,comparison_country,2023-2026,2025,2,5,22
Poland,2025-06-02,294.0,0.0,,,1.0941564905336967,0.0,42.0,0.0,1.0941564905336967,0.0,42.0,1.0941565,0.0,0.0,,,,,,,,,,,,,,,6780346.0,120981.0,176637.14,3151.7178,,,58634590.0,22984544.0,22705868.0,15394535.0,152.751,59.877827,59.15184,40.104836,,,,,POL,Europe,38385734.0,125.40259552001952,40.86399841308594,77.92289733886719,45153.04296875,0.2441274523735046,8.100000381469727,,6.039999961853027,,comparison_country,2023-2026,2025,2,6,23
Poland,2025-06-09,205.0,0.0,,,0.7629322468007069,0.0,29.285714285714285,0.0,0.7629322468007069,0.0,29.285715,0.7629322400000002,0.0,0.0,,,,,,,,,,,,,,,6780551.0,120981.0,176642.47,3151.7178,,,58634590.0,22984544.0,22705868.0,15394535.0,152.751,59.877827,59.15184,40.104836,,,,,POL,Europe,38385734.0,125.40259552001952,40.86399841308594,77.92289733886719,45153.04296875,0.2441274523735046,8.100000381469727,,6.039999961853027,,comparison_country,2023-2026,2025,2,6,24
Poland,2025-06-16,227.0,0.0,,,0.844807902554929,0.0,32.42857142857143,0.0,0.844807902554929,0.0,32.42857,0.8448079,0.0,0.0,,,,,,,,,,,,,,,6780778.0,120981.0,176648.39,3151.7178,,,58634590.0,22984544.0,22705868.0,15394535.0,152.751,59.877827,59.15184,40.104836,,,,,POL,Europe,38385734.0,125.40259552001952,40.86399841308594,77.92289733886719,45153.04296875,0.2441274523735046,8.100000381469727,,6.039999961853027,,comparison_country,2023-2026,2025,2,6,25
Poland,2025-06-23,251.0,0.0,,,0.9341267997413533,0.0,35.857142857142854,0.0,0.9341267997413533,0.0,35.857143,0.9341268000000001,0.0,0.0,,,,,,,,,,,,,,,6781029.0,120981.0,176654.92,3151.7178,,,58634590.0,22984544.0,22705868.0,15394535.0,152.751,59.877827,59.15184,40.104836,,,,,POL,Europe,38385734.0,125.40259552001952,40.86399841308594,77.92289733886719,45153.04296875,0.2441274523735046,8.100000381469727,,6.039999961853027,,comparison_country,2023-2026,2025,2,6,26
Poland,2025-06-30,236.0,0.0,,,0.8783024889998382,0.0,33.714285714285715,0.0,0.8783024889998382,0.0,33.714287,0.8783025,0.0,0.0,,,,,,,,,,,,,,,6781265.0,120981.0,176661.08,3151.7178,,,58634590.0,22984544.0,22705868.0,15394535.0,152.751,59.877827,59.15184,40.104836,,,,,POL,Europe,38385734.0,125.40259552001952,40.86399841308594,77.92289733886719,45153.04296875,0.2441274523735046,8.100000381469727,,6.039999961853027,,comparison_country,2023-2026,2025,2,6,27
Poland,2025-07-07,263.0,0.0,,,0.9787862483345655,0.0,37.57142857142857,0.0,0.9787862483345655,0.0,37.57143,0.97878623,0.0,0.0,,,,,,,,,,,,,,,6781528.0,120981.0,176667.92,3151.7178,,,58634590.0,22984544.0,22705868.0,15394535.0,152.751,59.877827,59.15184,40.104836,,,,,POL,Europe,38385734.0,125.40259552001952,40.86399841308594,77.92289733886719,45153.04296875,0.2441274523735046,8.100000381469727,,6.039999961853027,,comparison_country,2023-2026,2025,3,7,28
Poland,2025-07-14,281.0,0.0,,,1.0457754212243837,0.0,40.142857142857146,0.0,1.0457754212243837,0.0,40.142857,1.0457754,0.0,0.0,,,,,,,,,,,,,,,6781809.0,120981.0,176675.25,3151.7178,,,58634590.0,22984544.0,22705868.0,15394535.0,152.751,59.877827,59.15184,40.104836,,,,,POL,Europe,38385734.0,125.40259552001952,40.86399841308594,77.92289733886719,45153.04296875,0.2441274523735046,8.100000381469727,,6.039999961853027,,comparison_country,2023-2026,2025,3,7,29
Poland,2025-07-21,348.0,0.0,,,1.2951240092031513,0.0,49.714285714285715,0.0,1.2951240092031513,0.0,49.714287,1.295124,0.0,0.0,,,,,,,,,,,,,,,6782157.0,120981.0,176684.31,3151.7178,,,58634590.0,22984544.0,22705868.0,15394535.0,152.751,59.877827,59.15184,40.104836,,,,,POL,Europe,38385734.0,125.40259552001952,40.86399841308594,77.92289733886719,45153.04296875,0.2441274523735046,8.100000381469727,,6.039999961853027,,comparison_country,2023-2026,2025,3,7,30
Poland,2025-07-28,359.0,1.0,,,1.3360618370802624,0.0037216207161010094,51.285714285714285,0.14285714285714285,1.3360618370802624,0.0037216207161010094,51.285713,1.3360618,0.14285715,0.0037216207,,,,,,,,,,,,,,,6782516.0,120982.0,176693.67,3151.744,,,58634590.0,22984544.0,22705868.0,15394535.0,152.751,59.877827,59.15184,40.104836,,,,,POL,Europe,38385734.0,125.40259552001952,40.86399841308594,77.92289733886719,45153.04296875,0.2441274523735046,8.100000381469727,,6.039999961853027,,comparison_country,2023-2026,2025,3,7,31
Poland,2025-08-04,538.0,0.0,,,2.0022319452623427,0.0,76.85714285714286,0.0,2.0022319452623427,0.0,76.85714,2.0022318,0.0,0.0,,,,,,,,,,,,,,,6783054.0,120982.0,176707.69,3151.744,,,58634590.0,22984544.0,22705868.0,15394535.0,152.751,59.877827,59.15184,40.104836,,,,,POL,Europe,38385734.0,125.40259552001952,40.86399841308594,77.92289733886719,45153.04296875,0.2441274523735046,8.100000381469727,,6.039999961853027,,comparison_country,2023-2026,2025,3,8,32
Poland,2025-08-11,737.0,0.0,,,2.7428344677664436,0.0,105.28571428571429,0.0,2.7428344677664436,0.0,105.28571,2.7428345999999997,0.0,0.0,,,,,,,,,,,,,,,6783791.0,120982.0,176726.88,3151.744,,,58634590.0,22984544.0,22705868.0,15394535.0,152.751,59.877827,59.15184,40.104836,,,,,POL,Europe,38385734.0,125.40259552001952,40.86399841308594,77.92289733886719,45153.04296875,0.2441274523735046,8.100000381469727,,6.039999961853027,,comparison_country,2023-2026,2025,3,8,33
Poland,2025-08-18,1175.0,2.0,,,4.372904341418686,0.007443241432202019,167.85714285714286,0.2857142857142857,4.372904341418686,0.007443241432202019,167.85715,4.3729043,0.2857143,0.0074432413,,,,,,,,,,,,,,,6784966.0,120984.0,176757.48,3151.796,,,58634590.0,22984544.0,22705868.0,15394535.0,152.751,59.877827,59.15184,40.104836,,,,,POL,Europe,38385734.0,125.40259552001952,40.86399841308594,77.92289733886719,45153.04296875,0.2441274523735046,8.100000381469727,,6.039999961853027,,comparison_country,2023-2026,2025,3,8,34
Poland,2025-08-25,1941.0,0.0,,,7.223665809952059,0.0,277.2857142857143,0.0,7.223665809952059,0.0,277.2857,7.2236657,0.0,0.0,,,,,,,,,,,,,,,6786907.0,120984.0,176808.06,3151.796,,,58634590.0,22984544.0,22705868.0,15394535.0,152.751,59.877827,59.15184,40.104836,,,,,POL,Europe,38385734.0,125.40259552001952,40.86399841308594,77.92289733886719,45153.04296875,0.2441274523735046,8.100000381469727,,6.039999961853027,,comparison_country,2023-2026,2025,3,8,35
Poland,2025-09-01,2826.0,3.0,,,10.517300143701453,0.011164862148303025,403.7142857142857,0.42857142857142855,10.517300143701453,0.011164862148303025,403.7143,10.517301,0.42857143,0.011164862,,,,,,,,,,,,,,,6789733.0,120987.0,176881.67,3151.874,,,58634590.0,22984544.0,22705868.0,15394535.0,152.751,59.877827,59.15184,40.104836,,,,,POL,Europe,38385734.0,125.40259552001952,40.86399841308594,77.92289733886719,45153.04296875,0.2441274523735046,8.100000381469727,,6.039999961853027,,comparison_country,2023-2026,2025,3,9,36
Poland,2025-09-08,4563.0,0.0,,,16.981755327568905,0.0,651.8571428571429,0.0,16.981755327568905,0.0,651.8571,16.981756,0.0,0.0,,,,,,,,,,,,,,,6794296.0,120987.0,177000.55,3151.874,,,58634590.0,22984544.0,22705868.0,15394535.0,152.751,59.877827,59.15184,40.104836,,,,,POL,Europe,38385734.0,125.40259552001952,40.86399841308594,77.92289733886719,45153.04296875,0.2441274523735046,8.100000381469727,,6.039999961853027,,comparison_country,2023-2026,2025,3,9,37
Poland,2025-09-15,5279.0,0.0,,,19.64643576029723,0.0,754.1428571428571,0.0,19.64643576029723,0.0,754.1429,19.646437,0.0,0.0,,,,,,,,,,,,,,,6799575.0,120987.0,177138.08,3151.874,,,58634590.0,22984544.0,22705868.0,15394535.0,152.751,59.877827,59.15184,40.104836,,,,,POL,Europe,38385734.0,125.40259552001952,40.86399841308594,77.92289733886719,45153.04296875,0.2441274523735046,8.100000381469727,,6.039999961853027,,comparison_country,2023-2026,2025,3,9,38
Poland,2025-09-22,5043.0,0.0,,,18.76813327129739,0.0,720.4285714285714,0.0,18.76813327129739,0.0,720.4286,18.768133,0.0,0.0,,,,,,,,,,,,,,,6804618.0,120987.0,177269.45,3151.874,,,58634590.0,22984544.0,22705868.0,15394535.0,152.751,59.877827,59.15184,40.104836,,,,,POL,Europe,38385734.0,125.40259552001952,40.86399841308594,77.92289733886719,45153.04296875,0.2441274523735046,8.100000381469727,,6.039999961853027,,comparison_country,2023-2026,2025,3,9,39
Poland,2025-09-29,4797.0,0.0,,,17.852614575136542,0.0,685.2857142857143,0.0,17.852614575136542,0.0,685.2857,17.852615,0.0,0.0,,,,,,,,,,,,,,,6809415.0,120987.0,177394.42,3151.874,,,58634590.0,22984544.0,22705868.0,15394535.0,152.751,59.877827,59.15184,40.104836,,,,,POL,Europe,38385734.0,125.40259552001952,40.86399841308594,77.92289733886719,45153.04296875,0.2441274523735046,8.100000381469727,,6.039999961853027,,comparison_country,2023-2026,2025,3,9,40
Poland,2025-10-06,4741.0,0.0,,,17.644203815034885,0.0,677.2857142857143,0.0,17.644203815034885,0.0,677.2857,17.644203,0.0,0.0,,,,,,,,,,,,,,,6814156.0,120987.0,177517.92,3151.874,,,58634590.0,22984544.0,22705868.0,15394535.0,152.751,59.877827,59.15184,40.104836,,,,,POL,Europe,38385734.0,125.40259552001952,40.86399841308594,77.92289733886719,45153.04296875,0.2441274523735046,8.100000381469727,,6.039999961853027,,comparison_country,2023-2026,2025,4,10,41
Poland,2025-10-13,3760.0,0.0,,,13.993293892539796,0.0,537.1428571428571,0.0,13.993293892539796,0.0,537.1429,13.993294,0.0,0.0,,,,,,,,,,,,,,,6817916.0,120987.0,177615.88,3151.874,,,58634590.0,22984544.0,22705868.0,15394535.0,152.751,59.877827,59.15184,40.104836,,,,,POL,Europe,38385734.0,125.40259552001952,40.86399841308594,77.92289733886719,45153.04296875,0.2441274523735046,8.100000381469727,,6.039999961853027,,comparison_country,2023-2026,2025,4,10,42
Poland,2025-10-20,3159.0,0.0,,,11.756599842163087,0.0,451.2857142857143,0.0,11.756599842163087,0.0,451.2857,11.756599,0.0,0.0,,,,,,,,,,,,,,,6821075.0,120987.0,177698.17,3151.874,,,58634590.0,22984544.0,22705868.0,15394535.0,152.751,59.877827,59.15184,40.104836,,,,,POL,Europe,38385734.0,125.40259552001952,40.86399841308594,77.92289733886719,45153.04296875,0.2441274523735046,8.100000381469727,,6.039999961853027,,comparison_country,2023-2026,2025,4,10,43
Poland,2025-10-27,2572.0,0.0,,,9.572008481811796,0.0,367.42857142857144,0.0,9.572008481811796,0.0,367.42856,9.572008,0.0,0.0,,,,,,,,,,,,,,,6823647.0,120987.0,177765.19,3151.874,,,58634590.0,22984544.0,22705868.0,15394535.0,152.751,59.877827,59.15184,40.104836,,,,,POL,Europe,38385734.0,125.40259552001952,40.86399841308594,77.92289733886719,45153.04296875,0.2441274523735046,8.100000381469727,,6.039999961853027,,comparison_country,2023-2026,2025,4,10,44
Poland,2025-11-03,1940.0,0.0,,,7.219944189235958,0.0,277.14285714285717,0.0,7.219944189235958,0.0,277.14285,7.219944,0.0,0.0,,,,,,,,,,,,,,,6825587.0,120987.0,177815.72,3151.874,,,58634590.0,22984544.0,22705868.0,15394535.0,152.751,59.877827,59.15184,40.104836,,,,,POL,Europe,38385734.0,125.40259552001952,40.86399841308594,77.92289733886719,45153.04296875,0.2441274523735046,8.100000381469727,,6.039999961853027,,comparison_country,2023-2026,2025,4,11,45
Poland,2025-11-10,1217.0,0.0,,,4.529212411494929,0.0,173.85714285714286,0.0,4.529212411494929,0.0,173.85715,4.5292125,0.0,0.0,,,,,,,,,,,,,,,6826804.0,120987.0,177847.42,3151.874,,,58634590.0,22984544.0,22705868.0,15394535.0,152.751,59.877827,59.15184,40.104836,,,,,POL,Europe,38385734.0,125.40259552001952,40.86399841308594,77.92289733886719,45153.04296875,0.2441274523735046,8.100000381469727,,6.039999961853027,,comparison_country,2023-2026,2025,4,11,46
Poland,2025-11-17,1247.0,0.0,,,4.640861032977959,0.0,178.14285714285714,0.0,4.640861032977959,0.0,178.14285,4.640861,0.0,0.0,,,,,,,,,,,,,,,6828051.0,120987.0,177879.9,3151.874,,,58634590.0,22984544.0,22705868.0,15394535.0,152.751,59.877827,59.15184,40.104836,,,,,POL,Europe,38385734.0,125.40259552001952,40.86399841308594,77.92289733886719,45153.04296875,0.2441274523735046,8.100000381469727,,6.039999961853027,,comparison_country,2023-2026,2025,4,11,47
Poland,2025-11-24,1251.0,0.0,,,4.655747515842363,0.0,178.71428571428572,0.0,4.655747515842363,0.0,178.71428,4.6557474,0.0,0.0,,,,,,,,,,,,,,,6829302.0,120987.0,177912.5,3151.874,,,58634590.0,22984544.0,22705868.0,15394535.0,152.751,59.877827,59.15184,40.104836,,,,,POL,Europe,38385734.0,125.40259552001952,40.86399841308594,77.92289733886719,45153.04296875,0.2441274523735046,8.100000381469727,,6.039999961853027,,comparison_country,2023-2026,2025,4,11,48
Poland,2025-12-01,1515.0,0.0,,,5.638255384893029,0.0,216.42857142857142,0.0,5.638255384893029,0.0,216.42857,5.6382556,0.0,0.0,,,,,,,,,,,,,,,6830817.0,120987.0,177951.97,3151.874,,,58634590.0,22984544.0,22705868.0,15394535.0,152.751,59.877827,59.15184,40.104836,,,,,POL,Europe,38385734.0,125.40259552001952,40.86399841308594,77.92289733886719,45153.04296875,0.2441274523735046,8.100000381469727,,6.039999961853027,,comparison_country,2023-2026,2025,4,12,49
Poland,2025-12-08,1461.0,0.0,,,5.437287866223575,0.0,208.71428571428572,0.0,5.437287866223575,0.0,208.71428,5.437288,0.0,0.0,,,,,,,,,,,,,,,6832278.0,120987.0,177990.03,3151.874,,,58634590.0,22984544.0,22705868.0,15394535.0,152.751,59.877827,59.15184,40.104836,,,,,POL,Europe,38385734.0,125.40259552001952,40.86399841308594,77.92289733886719,45153.04296875,0.2441274523735046,8.100000381469727,,6.039999961853027,,comparison_country,2023-2026,2025,4,12,50
Poland,2025-12-15,1298.0,0.0,,,4.830663689499111,0.0,185.42857142857142,0.0,4.830663689499111,0.0,185.42857,4.8306637,0.0,0.0,,,,,,,,,,,,,,,6833576.0,120987.0,178023.84,3151.874,,,58634590.0,22984544.0,22705868.0,15394535.0,152.751,59.877827,59.15184,40.104836,,,,,POL,Europe,38385734.0,125.40259552001952,40.86399841308594,77.92289733886719,45153.04296875,0.2441274523735046,8.100000381469727,,6.039999961853027,,comparison_country,2023-2026,2025,4,12,51
Poland,2025-12-22,672.0,0.0,,,2.5009291212198788,0.0,96.0,0.0,2.5009291212198788,0.0,96.0,2.500929,0.0,0.0,,,,,,,,,,,,,,,6834248.0,120987.0,178041.36,3151.874,,,58634590.0,22984544.0,22705868.0,15394535.0,152.751,59.877827,59.15184,40.104836,,,,,POL,Europe,38385734.0,125.40259552001952,40.86399841308594,77.92289733886719,45153.04296875,0.2441274523735046,8.100000381469727,,6.039999961853027,,comparison_country,2023-2026,2025,4,12,52
Poland,2025-12-29,851.0,0.0,,,3.1670992294019586,0.0,121.57142857142857,0.0,3.1670992294019586,0.0,121.57143,3.1670992,0.0,0.0,,,,,,,,,,,,,,,6835099.0,120987.0,178063.52,3151.874,,,58634590.0,22984544.0,22705868.0,15394535.0,152.751,59.877827,59.15184,40.104836,,,,,POL,Europe,38385734.0,125.40259552001952,40.86399841308594,77.92289733886719,45153.04296875,0.2441274523735046,8.100000381469727,,6.039999961853027,,comparison_country,2023-2026,2025,4,12,1
Poland,2026-01-05,595.0,0.0,,,2.2143643260801005,0.0,85.0,0.0,2.2143643260801005,0.0,85.0,2.2143643,0.0,0.0,,,,,,,,,,,,,,,6835694.0,120987.0,178079.02,3151.874,,,58634590.0,22984544.0,22705868.0,15394535.0,152.751,59.877827,59.15184,40.104836,,,,,POL,Europe,38385734.0,125.40259552001952,40.86399841308594,77.92289733886719,45153.04296875,0.2441274523735046,8.100000381469727,,6.039999961853027,,comparison_country,2023-2026,2026,1,1,2
Poland,2026-01-12,719.0,0.0,,,2.675845294876626,0.0,102.71428571428571,0.0,2.675845294876626,0.0,102.71429,2.6758454,0.0,0.0,,,,,,,,,,,,,,,6836413.0,120987.0,178097.75,3151.874,,,58634590.0,22984544.0,22705868.0,15394535.0,152.751,59.877827,59.15184,40.104836,,,,,POL,Europe,38385734.0,125.40259552001952,40.86399841308594,77.92289733886719,45153.04296875,0.2441274523735046,8.100000381469727,,6.039999961853027,,comparison_country,2023-2026,2026,1,1,3
Poland,2026-01-19,1031.0,0.0,,,3.8369909583001407,0.0,147.28571428571428,0.0,3.8369909583001407,0.0,147.28572,3.836991,0.0,0.0,,,,,,,,,,,,,,,6837444.0,120987.0,178124.61,3151.874,,,58634590.0,22984544.0,22705868.0,15394535.0,152.751,59.877827,59.15184,40.104836,,,,,POL,Europe,38385734.0,125.40259552001952,40.86399841308594,77.92289733886719,45153.04296875,0.2441274523735046,8.100000381469727,,6.039999961853027,,comparison_country,2023-2026,2026,1,1,4
Poland,2026-01-26,1116.0,0.0,,,4.1533287191687265,0.0,159.42857142857142,0.0,4.1533287191687265,0.0,159.42857,4.153329,0.0,0.0,,,,,,,,,,,,,,,6838560.0,120987.0,178153.69,3151.874,,,58634590.0,22984544.0,22705868.0,15394535.0,152.751,59.877827,59.15184,40.104836,,,,,POL,Europe,38385734.0,125.40259552001952,40.86399841308594,77.92289733886719,45153.04296875,0.2441274523735046,8.100000381469727,,6.039999961853027,,comparison_country,2023-2026,2026,1,1,5
Poland,2026-02-02,1147.0,0.0,,,4.268698961367858,0.0,163.85714285714286,0.0,4.268698961367858,0.0,163.85715,4.268699,0.0,0.0,,,,,,,,,,,,,,,6839707.0,120987.0,178183.56,3151.874,,,58634590.0,22984544.0,22705868.0,15394535.0,152.751,59.877827,59.15184,40.104836,,,,,POL,Europe,38385734.0,125.40259552001952,40.86399841308594,77.92289733886719,45153.04296875,0.2441274523735046,8.100000381469727,,6.039999961853027,,comparison_country,2023-2026,2026,1,2,6
Poland,2026-02-09,941.0,0.0,,,3.50204509385105,0.0,134.42857142857142,0.0,3.50204509385105,0.0,134.42857,3.5020452,0.0,0.0,,,,,,,,,,,,,,,6840648.0,120987.0,178208.08,3151.874,,,58634590.0,22984544.0,22705868.0,15394535.0,152.751,59.877827,59.15184,40.104836,,,,,POL,Europe,38385734.0,125.40259552001952,40.86399841308594,77.92289733886719,45153.04296875,0.2441274523735046,8.100000381469727,,6.039999961853027,,comparison_country,2023-2026,2026,1,2,7
Poland,2026-02-16,745.0,0.0,,,2.772607433495252,0.0,106.42857142857143,0.0,2.772607433495252,0.0,106.42857,2.7726073,0.0,0.0,,,,,,,,,,,,,,,6841393.0,120987.0,178227.48,3151.874,,,58634590.0,22984544.0,22705868.0,15394535.0,152.751,59.877827,59.15184,40.104836,,,,,POL,Europe,38385734.0,125.40259552001952,40.86399841308594,77.92289733886719,45153.04296875,0.2441274523735046,8.100000381469727,,6.039999961853027,,comparison_country,2023-2026,2026,1,2,8
Poland,2026-02-23,561.0,0.0,,,2.087829221732666,0.0,80.14285714285714,0.0,2.087829221732666,0.0,80.14286,2.087829,0.0,0.0,,,,,,,,,,,,,,,6841954.0,120987.0,178242.11,3151.874,,,58634590.0,22984544.0,22705868.0,15394535.0,152.751,59.877827,59.15184,40.104836,,,,,POL,Europe,38385734.0,125.40259552001952,40.86399841308594,77.92289733886719,45153.04296875,0.2441274523735046,8.100000381469727,,6.039999961853027,,comparison_country,2023-2026,2026,1,2,9
Poland,2026-03-02,426.0,0.0,,,1.5854104250590297,0.0,60.857142857142854,0.0,1.5854104250590297,0.0,60.857143,1.5854105,0.0,0.0,,,,,,,,,,,,,,,6842380.0,120987.0,178253.2,3151.874,,,58634590.0,22984544.0,22705868.0,15394535.0,152.751,59.877827,59.15184,40.104836,,,,,POL,Europe,38385734.0,125.40259552001952,40.86399841308594,77.92289733886719,45153.04296875,0.2441274523735046,8.100000381469727,,6.039999961853027,,comparison_country,2023-2026,2026,1,3,10
Poland,2026-03-09,309.0,0.0,,,1.149980801275212,0.0,44.142857142857146,0.0,1.149980801275212,0.0,44.142857,1.1499808,0.0,0.0,,,,,,,,,,,,,,,6842689.0,120987.0,178261.25,3151.874,,,58634590.0,22984544.0,22705868.0,15394535.0,152.751,59.877827,59.15184,40.104836,,,,,POL,Europe,38385734.0,125.40259552001952,40.86399841308594,77.92289733886719,45153.04296875,0.2441274523735046,8.100000381469727,,6.039999961853027,,comparison_country,2023-2026,2026,1,3,11
Poland,2026-03-16,236.0,0.0,,,0.8783024889998382,0.0,33.714285714285715,0.0,0.8783024889998382,0.0,33.714287,0.8783025,0.0,0.0,,,,,,,,,,,,,,,6842925.0,120987.0,178267.4,3151.874,,,58634590.0,22984544.0,22705868.0,15394535.0,152.751,59.877827,59.15184,40.104836,,,,,POL,Europe,38385734.0,125.40259552001952,40.86399841308594,77.92289733886719,45153.04296875,0.2441274523735046,8.100000381469727,,6.039999961853027,,comparison_country,2023-2026,2026,1,3,12
Poland,2026-03-23,182.0,0.0,,,0.6773349703303838,0.0,26.0,0.0,0.6773349703303838,0.0,26.0,0.6773349600000002,0.0,0.0,,,,,,,,,,,,,,,6843107.0,120987.0,178272.14,3151.874,,,58634590.0,22984544.0,22705868.0,15394535.0,152.751,59.877827,59.15184,40.104836,,,,,POL,Europe,38385734.0,125.40259552001952,40.86399841308594,77.92289733886719,45153.04296875,0.2441274523735046,8.100000381469727,,6.039999961853027,,comparison_country,2023-2026,2026,1,3,13
Poland,2026-03-30,161.0,0.0,,,0.5991809352922626,0.0,23.0,0.0,0.5991809352922626,0.0,23.0,0.59918094,0.0,0.0,,,,,,,,,,,,,,,6843268.0,120987.0,178276.33,3151.874,,,58634590.0,22984544.0,22705868.0,15394535.0,152.751,59.877827,59.15184,40.104836,,,,,POL,Europe,38385734.0,125.40259552001952,40.86399841308594,77.92289733886719,45153.04296875,0.2441274523735046,8.100000381469727,,6.039999961853027,,comparison_country,2023-2026,2026,1,3,14
Poland,2026-04-06,123.0,0.0,,,0.4577593480804242,0.0,17.571428571428573,0.0,0.4577593480804242,0.0,17.571428,0.45775935,0.0,0.0,,,,,,,,,,,,,,,6843391.0,120987.0,178279.55,3151.874,,,58634590.0,22984544.0,22705868.0,15394535.0,152.751,59.877827,59.15184,40.104836,,,,,POL,Europe,38385734.0,125.40259552001952,40.86399841308594,77.92289733886719,45153.04296875,0.2441274523735046,8.100000381469727,,6.039999961853027,,comparison_country,2023-2026,2026,2,4,15
Poland,2026-04-13,78.0,0.0,,,0.2902864158558787,0.0,11.142857142857142,0.0,0.2902864158558787,0.0,11.142858,0.29028642,0.0,0.0,,,,,,,,,,,,,,,6843469.0,120987.0,178281.58,3151.874,,,58634590.0,22984544.0,22705868.0,15394535.0,152.751,59.877827,59.15184,40.104836,,,,,POL,Europe,38385734.0,125.40259552001952,40.86399841308594,77.92289733886719,45153.04296875,0.2441274523735046,8.100000381469727,,6.039999961853027,,comparison_country,2023-2026,2026,2,4,16
Poland,2026-04-20,77.0,0.0,,,0.28656479513977773,0.0,11.0,0.0,0.28656479513977773,0.0,11.0,0.2865648,0.0,0.0,,,,,,,,,,,,,,,6843546.0,120987.0,178283.58,3151.874,,,58634590.0,22984544.0,22705868.0,15394535.0,152.751,59.877827,59.15184,40.104836,,,,,POL,Europe,38385734.0,125.40259552001952,40.86399841308594,77.92289733886719,45153.04296875,0.2441274523735046,8.100000381469727,,6.039999961853027,,comparison_country,2023-2026,2026,2,4,17
Poland,2026-04-27,42.0,1.0,,,0.15630807007624242,0.0037216207161010094,6.0,0.14285714285714285,0.15630807007624242,0.0037216207161010094,6.0,0.15630807,0.14285715,0.0037216207,,,,,,,,,,,,,,,6843588.0,120988.0,178284.67,3151.9001,,,58634590.0,22984544.0,22705868.0,15394535.0,152.751,59.877827,59.15184,40.104836,,,,,POL,Europe,38385734.0,125.40259552001952,40.86399841308594,77.92289733886719,45153.04296875,0.2441274523735046,8.100000381469727,,6.039999961853027,,comparison_country,2023-2026,2026,2,4,18
United Kingdom,2019-12-30,0.0,0.0,,,0.0,0.0,0.0,0.0,0.0,0.0,,,,,,,,,,,,,,,,,0.0,,0.0,0.0,0.0,0.0,,,0.0,0.0,0.0,0.0,0.0,0.0,0.0,0.0,0.52500814,0.52500814,71.90039,1.0721885,GBR,Europe,68179315.0,281.814208984375,39.50400161743164,81.07440185546875,52621.1796875,0.4000000059604645,7.400000095367432,,2.4200000762939453,,main_country,2020-2022,2020,1,1,1
United Kingdom,2020-01-06,0.0,0.0,,,0.0,0.0,0.0,0.0,0.0,0.0,0.0,0.0,0.0,0.0,,,,,,,,,,,,,0.0,,0.0,0.0,0.0,0.0,,,0.0,0.0,0.0,0.0,0.0,0.0,0.0,0.0,1.0809809,0.82324094,243.2002,3.6266346,GBR,Europe,68179315.0,281.814208984375,39.50400161743164,81.07440185546875,52621.1796875,0.4000000059604645,7.400000095367432,,2.4200000762939453,,main_country,2020-2022,2020,1,1,2
United Kingdom,2020-01-13,0.0,0.0,,,0.0,0.0,0.0,0.0,0.0,0.0,0.0,0.0,0.0,0.0,,,,,,,,,,,,,0.0,,0.0,0.0,0.0,0.0,,,0.0,0.0,0.0,0.0,0.0,0.0,0.0,0.0,-2.1643078,-0.18501699,-82.5,-1.2302513,GBR,Europe,68179315.0,281.814208984375,39.50400161743164,81.07440185546875,52621.1796875,0.4000000059604645,7.400000095367432,,2.4200000762939453,,main_country,2020-2022,2020,1,1,3
United Kingdom,2020-01-20,0.0,0.0,,,0.0,0.0,0.0,0.0,0.0,0.0,0.0,0.0,0.0,0.0,,,,,,,,,,,,,5.56,,0.0,0.0,0.0,0.0,,,0.0,0.0,0.0,0.0,0.0,0.0,0.0,0.0,-7.540169,-1.991833,-1177.4004,-17.557556,GBR,Europe,68179315.0,281.814208984375,39.50400161743164,81.07440185546875,52621.1796875,0.4000000059604645,7.400000095367432,,2.4200000762939453,,main_country,2020-2022,2020,1,1,4
United Kingdom,2020-01-27,1.0,1.0,,,0.002095315021236908,0.002095315021236908,0.04081632653061224,0.04081632653061224,0.0005986614346391166,0.0005986614346391166,0.04081632857142857,0.0005986614285714286,0.04081632857142857,0.0005986614285714286,,,,,,,,,,,,,7.144285714285714,,1.0,1.0,0.0146672055,0.0146672055,,,0.0,0.0,0.0,0.0,0.0,0.0,0.0,0.0,-5.6028337,-2.679376,-1956.3008,-29.172625,GBR,Europe,68179315.0,281.814208984375,39.50400161743164,81.07440185546875,52621.1796875,0.4000000059604645,7.400000095367432,,2.4200000762939453,,main_country,2020-2022,2020,1,1,5
United Kingdom,2020-02-03,20.0,1.0,,,0.041906300424738176,0.002095315021236908,2.122448979591837,0.22448979591836735,0.031130394601234065,0.0032926378905151414,2.1224490642857146,0.031130394571428573,0.22448980714285713,0.0032926378571428573,,,,,,,,,,,,,11.11,,21.0,2.0,0.3080113,0.029334411,,,0.0,0.0,0.0,0.0,0.0,0.0,0.0,0.0,-7.6553535,-3.459293,-2995.2012,-44.66485,GBR,Europe,68179315.0,281.814208984375,39.50400161743164,81.07440185546875,52621.1796875,0.4000000059604645,7.400000095367432,,2.4200000762939453,,main_country,2020-2022,2020,1,2,6
United Kingdom,2020-02-10,11.0,0.0,,,0.02304846523360599,0.0,1.9183673469387756,0.02040816326530612,0.02813708742803848,0.0002993307173195583,1.9183673814285715,0.028137087142857144,0.020408164285714285,0.0002993307142857143,,,,,,,,,,,,,11.11,,32.0,2.0,0.46935058,0.029334411,,,0.0,0.0,0.0,0.0,0.0,0.0,0.0,0.0,-6.4108844,-3.8514514,-3845.7012,-57.347622,GBR,Europe,68179315.0,281.814208984375,39.50400161743164,81.07440185546875,52621.1796875,0.4000000059604645,7.400000095367432,,2.4200000762939453,,main_country,2020-2022,2020,1,2,7
United Kingdom,2020-02-17,3.0,0.0,,,0.0062859450637107244,0.0,0.6326530612244898,0.0,0.009279252236906307,0.0,0.6326530728571428,0.009279252285714286,0.0,0.0,,,,,,,,,,,,,11.11,,35.0,2.0,0.51335216,0.029334411,,,0.0,0.0,0.0,0.0,0.0,0.0,0.0,0.0,-6.9237723,-4.2105145,-4760.6016,-70.99074,GBR,Europe,68179315.0,281.814208984375,39.50400161743164,81.07440185546875,52621.1796875,0.4000000059604645,7.400000095367432,,2.4200000762939453,,main_country,2020-2022,2020,1,2,8
United Kingdom,2020-02-24,33.0,1.0,,,0.06914539570081797,0.002095315021236908,2.1632653061224487,0.14285714285714285,0.031729056035873185,0.002095315021236908,2.163265347142857,0.03172905657142857,0.14285715,0.002095315,,,,,,,,,,,,,11.11,,68.0,3.0,0.99736995,0.044001617,,,0.0,0.0,0.0,0.0,0.0,0.0,0.0,0.0,-3.2197297,-4.110156,-5170.9014,-77.109184,GBR,Europe,68179315.0,281.814208984375,39.50400161743164,81.07440185546875,52621.1796875,0.4000000059604645,7.400000095367432,,2.4200000762939453,,main_country,2020-2022,2020,1,2,9
United Kingdom,2020-03-02,311.0,6.0,,,0.6516429716046784,0.012571890127421449,21.897959183673468,0.2857142857142857,0.3211818596838861,0.004190630042473816,21.89795857142857,0.32118186428571427,0.2857142957142857,0.00419063,,,,,,,,,,,,,11.11,2.4248499999999997,379.0,9.0,5.558871,0.13200484,,,0.0,0.0,0.0,0.0,0.0,0.0,0.0,0.0,-5.4633517,-4.2380304,-5888.201,-87.80566,GBR,Europe,68179315.0,281.814208984375,39.50400161743164,81.07440185546875,52621.1796875,0.4000000059604645,7.400000095367432,,2.4200000762939453,,main_country,2020-2022,2020,1,3,10
United Kingdom,2020-03-09,1901.0,46.0,,,3.9831938553713626,0.09638449097689779,132.73469387755102,2.857142857142857,1.9468469854464074,0.04190630042473816,132.73469428571428,1.9468470142857142,2.857142967142857,0.04190630057142857,,,,,,,,,,,,,11.902857142857142,2.4719285714285713,2280.0,55.0,33.441227,0.8066963,,,0.0,0.0,0.0,0.0,0.0,0.0,0.0,0.0,-1.6572144,-4.0210967,-6099.501,-90.95659,GBR,Europe,68179315.0,281.814208984375,39.50400161743164,81.07440185546875,52621.1796875,0.4000000059604645,7.400000095367432,,2.4200000762939453,,main_country,2020-2022,2020,1,3,11
United Kingdom,2020-03-16,5455.0,429.0,,,11.429943440847335,0.8988901441106335,522.1020408163265,30.897959183673468,7.65777774118626,0.45318670602181127,522.1020357142858,7.657777657142857,30.897958857142857,0.4531867014285714,,,,,,,,,,,,,35.45,2.2198,7735.0,484.0,113.45083,7.0989275,,,0.0,0.0,0.0,0.0,0.0,0.0,0.0,0.0,0.3604126,-3.698163,-6056.001,-90.307915,GBR,Europe,68179315.0,281.814208984375,39.50400161743164,81.07440185546875,52621.1796875,0.4000000059604645,7.400000095367432,,2.4200000762939453,,main_country,2020-2022,2020,1,3,12
United Kingdom,2020-03-23,16046.0,2005.0,,,33.62142483076743,4.201106617580001,1534.3469387755104,166.81632653061226,22.504581320236355,2.446729283370069,1534.3469142857143,22.50458114285714,166.81632428571427,2.4467292571428567,,,,,,,,,,,,,79.43142857142857,1.9350142857142856,23781.0,2489.0,348.8008,36.50667,,,0.0,0.0,0.0,0.0,0.0,0.0,0.0,0.0,7.7040997,-2.943087,-5161.301,-76.96602,GBR,Europe,68179315.0,281.814208984375,39.50400161743164,81.07440185546875,52621.1796875,0.4000000059604645,7.400000095367432,,2.4200000762939453,,main_country,2020-2022,2020,1,3,13
United Kingdom,2020-03-30,28818.0,5622.0,96395.0,,60.38278828200522,11.779861049393897,3308.4489795918366,558.6530612244898,48.52569990754288,8.193879055905589,3308.448942857143,48.525699857142854,558.6530714285715,8.193878942857143,15659.2,231.9574,2177.75,32.25875,,,,,,,,,79.63,1.5965142857142856,52599.0,8111.0,771.48035,118.9657,251569.0,3.739,0.0,0.0,0.0,0.0,0.0,0.0,0.0,0.0,58.071297,0.88662,1658.999,24.73922,GBR,Europe,68179315.0,281.814208984375,39.50400161743164,81.07440185546875,52621.1796875,0.4000000059604645,7.400000095367432,,2.4200000762939453,,main_country,2020-2022,2020,1,3,14
United Kingdom,2020-04-06,32630.0,8974.0,113512.0,,68.37012914296032,18.803357000580014,4578.673469387755,1108.612244897959,67.15634308422952,16.260243226233047,4578.673414285714,67.15634371428571,1108.612257142857,16.260243142857142,20606.0,305.23357142857145,3034.4285714285716,44.94842857142857,17217.0,0.256,25.584592333333333,3.9309092166666666,,,,,79.63,1.3047428571428572,85229.0,17085.0,1250.0712,250.5892,365081.0,5.426,0.0,0.0,0.0,0.0,0.0,0.0,0.0,0.0,74.66597,5.3268924,10605.699,158.15364,GBR,Europe,68179315.0,281.814208984375,39.50400161743164,81.07440185546875,52621.1796875,0.4000000059604645,7.400000095367432,,2.4200000762939453,,main_country,2020-2022,2020,2,4,15
United Kingdom,2020-04-13,30969.0,9082.0,132011.0,,64.8898108926858,19.0296510228736,4422.7959183673465,1320.734693877551,64.87005506534273,19.371486702052533,4422.7959,64.87005557142857,1320.7347142857143,19.371486714285712,20127.571428571428,298.14685714285713,3220.8571428571427,47.710142857142856,17350.0,0.25771428571428573,27.143143142857145,3.7069913285714287,,,,,79.63,1.1420428571428571,116198.0,26167.0,1704.2999,383.79675,497092.0,7.388,0.0,0.0,0.0,0.0,0.0,0.0,0.0,0.0,107.248795,11.081412,23383.0,348.69046,GBR,Europe,68179315.0,281.814208984375,39.50400161743164,81.07440185546875,52621.1796875,0.4000000059604645,7.400000095367432,,2.4200000762939453,,main_country,2020-2022,2020,2,4,16
United Kingdom,2020-04-20,33506.0,7693.0,197895.0,,70.20562510156385,16.119258458375533,4719.326530612244,1192.7755102040817,69.2193303879959,17.494683104458904,4719.326528571429,69.21933142857144,1192.7755142857143,17.494683142857145,17723.285714285714,262.53257142857143,2854.5714285714284,42.28414285714286,24637.714285714286,0.36614285714285716,21.83433828571429,4.638172757142857,,,,,79.63,1.0401285714285715,149704.0,33860.0,2195.7393,496.63156,694987.0,10.33,0.0,0.0,0.0,0.0,0.0,0.0,0.0,0.0,104.08455,16.04962,35777.7,533.5219,GBR,Europe,68179315.0,281.814208984375,39.50400161743164,81.07440185546875,52621.1796875,0.4000000059604645,7.400000095367432,,2.4200000762939453,,main_country,2020-2022,2020,2,4,17
United Kingdom,2020-04-27,31851.0,5860.0,433603.0,,66.73787874141676,12.278546024448284,4602.6122448979595,947.2448979591836,67.50745801564535,13.893435244387302,4602.612214285714,67.50745828571429,947.2449285714285,13.893435,15083.57142857143,223.43057142857143,2225.4285714285716,32.964999999999996,44538.71428571428,0.662,15.21234257142857,7.112873628571428,,,,,79.63,0.9510285714285713,181555.0,39720.0,2662.9045,582.58136,1128590.0,16.774,0.0,0.0,0.0,0.0,0.0,0.0,0.0,0.0,76.310814,18.97567,44459.2,662.9816,GBR,Europe,68179315.0,281.814208984375,39.50400161743164,81.07440185546875,52621.1796875,0.4000000059604645,7.400000095367432,,2.4200000762939453,,main_country,2020-2022,2020,2,4,18
United Kingdom,2020-05-04,24027.0,4508.0,514839.0,,50.3441340152592,9.445680115735982,4018.9795918367345,723.6734693877551,58.94719816174062,10.614267236151537,4018.979557142857,58.947197714285714,723.6734714285714,10.614267285714286,12641.57142857143,187.2577142857143,1723.142857142857,25.524714285714285,71360.28571428571,1.0605714285714287,7.283366585714285,14.597831857142856,,,,,79.63,0.8706857142857142,205582.0,44228.0,3015.3135,648.7012,1643429.0,24.426,0.0,0.0,0.0,0.0,0.0,0.0,0.0,0.0,31.75895,19.546448,47936.9,714.8416,GBR,Europe,68179315.0,281.814208984375,39.50400161743164,81.07440185546875,52621.1796875,0.4000000059604645,7.400000095367432,,2.4200000762939453,,main_country,2020-2022,2020,2,5,19
United Kingdom,2020-05-11,20019.0,3240.0,554179.0,,41.94611141014167,6.788820668807583,3106.0204081632655,537.6122448979592,45.55663852245018,7.885269086349124,3106.0204000000003,45.55663871428572,537.6122428571429,7.885269057142857,10871.0,161.03071428571428,1331.7142857142858,19.726428571428574,75814.42857142857,1.1268571428571428,4.6763245,21.723093,,,,,73.15142857142857,0.8277857142857143,225601.0,47468.0,3308.936,696.2229,2197608.0,32.663,0.0,0.0,0.0,0.0,0.0,0.0,0.0,0.0,41.145878,20.522919,52714.8,786.0903,GBR,Europe,68179315.0,281.814208984375,39.50400161743164,81.07440185546875,52621.1796875,0.4000000059604645,7.400000095367432,,2.4200000762939453,,main_country,2020-2022,2020,2,5,20
United Kingdom,2020-05-18,16906.0,2569.0,525068.0,,35.42339574903117,5.382864289557617,2602.8979591836733,410.0816326530612,38.17723834837111,6.014751433819206,2602.8979857142854,38.17723814285715,410.08162857142855,6.014751457142857,9321.0,138.0705714285714,1009.5714285714286,14.95442857142857,78357.14285714286,1.1647142857142858,3.6167279,27.884141,,,,,71.3,0.7917571428571428,242507.0,50037.0,3556.9,733.90295,2722676.0,40.467,0.0,0.0,0.0,0.0,0.0,0.0,0.0,0.0,22.014446,20.585995,55211.7,823.3244,GBR,Europe,68179315.0,281.814208984375,39.50400161743164,81.07440185546875,52621.1796875,0.4000000059604645,7.400000095367432,,2.4200000762939453,,main_country,2020-2022,2020,2,5,21
United Kingdom,2020-05-25,11713.0,1966.0,616475.0,,24.542424843747906,4.119389331751761,2002.612244897959,309.46938775510205,29.372724629133618,4.539050997433782,2002.6122714285716,29.372725,309.46938857142857,4.5390510285714285,7882.428571428572,116.76142857142858,763.7142857142857,11.31242857142857,84386.0,1.2542857142857142,2.8202532714285717,36.21381257142857,,,,,70.50285714285714,0.7631714285714286,254220.0,52003.0,3728.6968,762.73865,3339151.0,49.63,0.0,0.0,0.0,0.0,0.0,0.0,0.0,0.0,18.46712,20.513424,56968.2,849.5176,GBR,Europe,68179315.0,281.814208984375,39.50400161743164,81.07440185546875,52621.1796875,0.4000000059604645,7.400000095367432,,2.4200000762939453,,main_country,2020-2022,2020,2,5,22
United Kingdom,2020-06-01,8884.0,1416.0,618175.0,,18.614778648668693,2.9669660700714617,1457.1224489795918,237.0,21.371913885899144,3.4761276202320306,1457.1224285714286,21.371914285714286,237.00000285714285,3.4761276714285714,6539.142857142857,96.86328571428571,581.4285714285714,8.612571428571428,84596.85714285714,1.2574285714285713,1.9850220857142857,51.36458714285714,,,,,67.59,0.7674000000000001,263104.0,53419.0,3859.0002,783.50745,3957326.0,58.818,0.0,0.0,0.0,0.0,0.0,0.0,0.0,0.0,6.30955,19.95394,57686.7,860.23193,GBR,Europe,68179315.0,281.814208984375,39.50400161743164,81.07440185546875,52621.1796875,0.4000000059604645,7.400000095367432,,2.4200000762939453,,main_country,2020-2022,2020,2,6,23
United Kingdom,2020-06-08,7052.0,1034.0,652388.0,,14.776161529762676,2.166555731958963,1095.4081632653063,171.14285714285714,16.066576252127295,2.510187395441816,1095.4081714285714,16.06657614285714,171.14285714285714,2.510187342857143,5275.285714285715,78.14199999999998,429.2857142857143,6.3588571428571425,94459.71428571429,1.403857142857143,1.366371657142857,75.04415714285713,,,,,73.15,0.7984,270156.0,54453.0,3962.4336,798.67334,4609714.0,68.514,0.0,0.0,0.0,0.0,0.0,0.0,0.0,0.0,4.9796076,19.416325,58222.8,868.2263,GBR,Europe,68179315.0,281.814208984375,39.50400161743164,81.07440185546875,52621.1796875,0.4000000059604645,7.400000095367432,,2.4200000762939453,,main_country,2020-2022,2020,2,6,24
United Kingdom,2020-06-15,6892.0,746.0,546405.0,,14.440911126364771,1.5631050058427334,1009.4897959183673,124.36734693877551,14.806393932211952,1.8241213913453884,1009.4898142857144,14.806393714285715,124.36734571428572,1.8241213857142857,4525.285714285715,67.03228571428572,351.14285714285717,5.2012857142857145,83100.0,1.2349999999999999,1.160845157142857,86.37958414285715,,,,,71.3,0.8154,277048.0,55199.0,4063.5198,809.61505,5156119.0,76.636,0.0,0.0,0.0,0.0,0.0,0.0,0.0,0.0,-0.6309331,18.721773,58154.9,867.2138,GBR,Europe,68179315.0,281.814208984375,39.50400161743164,81.07440185546875,52621.1796875,0.4000000059604645,7.400000095367432,,2.4200000762939453,,main_country,2020-2022,2020,2,6,25
United Kingdom,2020-06-22,5270.0,635.0,604084.0,,11.042310161918506,1.3305250384854368,866.0,93.73469387755101,12.701799658738139,1.3748259846487314,865.9999857142857,12.701799857142857,93.7346942857143,1.3748259857142855,3833.0,56.77757142857143,293.0,4.34,81039.28571428571,1.2044285714285716,1.1820603,85.28603342857143,,,,,71.3,0.8020428571428572,282318.0,55834.0,4140.816,818.9287,5760203.0,85.614,0.0,0.0,0.0,0.0,0.0,0.0,0.0,0.0,-3.6119714,17.98027,57769.6,861.46814,GBR,Europe,68179315.0,281.814208984375,39.50400161743164,81.07440185546875,52621.1796875,0.4000000059604645,7.400000095367432,,2.4200000762939453,,main_country,2020-2022,2020,2,6,26
United Kingdom,2020-06-29,4275.0,456.0,672917.0,,8.957471715787783,0.9554636496840302,672.0408163265305,79.32653061224491,9.856960521333054,1.1634984982211232,672.0408,9.856960285714285,79.32653,1.1634984785714286,3107.1428571428573,46.02571428571429,244.0,3.6144285714285718,92504.42857142857,1.374857142857143,0.8600036614285714,119.29877942857142,,,,,70.90285714285714,0.8394714285714285,286593.0,56290.0,4203.5186,825.617,6433120.0,95.616,0.0,0.0,0.0,0.0,0.0,0.0,0.0,0.0,-1.2715565,17.368435,57635.5,859.46844,GBR,Europe,68179315.0,281.814208984375,39.50400161743164,81.07440185546875,52621.1796875,0.4000000059604645,7.400000095367432,,2.4200000762939453,,main_country,2020-2022,2020,2,6,27
United Kingdom,2020-07-06,4283.0,353.0,755696.0,,8.974234235957677,0.7396462024966286,594.0816326530612,54.795918367346935,8.713517181172344,0.8037029760030141,594.0816142857142,8.713517214285714,54.79591814285714,0.8037029542857143,2344.714285714286,34.731857142857145,185.28571428571428,2.7445714285714287,100972.0,1.500857142857143,0.6323259,159.12256,,,,,64.35,0.9932714285714285,290876.0,56643.0,4266.338,830.7945,7188816.0,106.848,0.0,0.0,0.0,0.0,0.0,0.0,0.0,0.0,-5.9778104,16.64748,57003.4,850.0425,GBR,Europe,68179315.0,281.814208984375,39.50400161743164,81.07440185546875,52621.1796875,0.4000000059604645,7.400000095367432,,2.4200000762939453,,main_country,2020-2022,2020,3,7,28
United Kingdom,2020-07-13,4340.0,253.0,861355.0,,9.093667192168182,0.5301147003729378,611.0612244897959,42.775510204081634,8.962560337982215,0.6273971835017943,611.0612142857143,8.962560285714286,42.77551,0.6273971700000001,1874.2857142857142,27.763714285714286,144.71428571428572,2.1434285714285712,116111.0,1.7257142857142858,0.5545430971428572,180.77865428571428,,,,,64.35,1.0529142857142857,295216.0,56896.0,4329.9937,834.5053,8050171.0,119.65,0.0,0.0,0.0,0.0,0.0,0.0,0.0,0.0,-3.1289244,16.063324,56677.3,845.1796,GBR,Europe,68179315.0,281.814208984375,39.50400161743164,81.07440185546875,52621.1796875,0.4000000059604645,7.400000095367432,,2.4200000762939453,,main_country,2020-2022,2020,3,7,29
United Kingdom,2020-07-20,4969.0,206.0,854437.0,,10.411620340526197,0.4316348943748031,662.9387755102041,31.714285714285715,9.723459021408532,0.46515993471459366,662.9387857142857,9.723458857142857,31.71428585714286,0.46515993571428566,1538.7142857142858,22.792571428571428,110.85714285714286,1.6421428571428571,123491.57142857143,1.8355714285714286,0.5201025128571428,192.50654571428572,,,,,64.35,1.0575714285714286,300185.0,57102.0,4402.875,837.52673,8904608.0,132.349,0.0,0.0,0.0,0.0,0.0,0.0,0.0,0.0,-2.0732293,15.545256,56462.203,841.97205,GBR,Europe,68179315.0,281.814208984375,39.50400161743164,81.07440185546875,52621.1796875,0.4000000059604645,7.400000095367432,,2.4200000762939453,,main_country,2020-2022,2020,3,7,30
United Kingdom,2020-07-27,5524.0,175.0,914088.0,,11.574520177312682,0.36668012871645894,756.1836734693878,26.632653061224488,11.091101068841594,0.39062658610202355,756.1836857142856,11.091101285714286,26.632653285714287,0.3906265857142857,1298.7142857142858,19.237714285714286,89.14285714285714,1.3205714285714285,126230.57142857143,1.8761428571428571,0.5774139471428572,173.54081714285715,,,,,65.93857142857142,1.0902428571428573,305709.0,57277.0,4483.8965,840.0935,9818696.0,145.936,0.0,0.0,0.0,0.0,0.0,0.0,0.0,0.0,-1.0481471,15.08462,56353.5,840.3511,GBR,Europe,68179315.0,281.814208984375,39.50400161743164,81.07440185546875,52621.1796875,0.4000000059604645,7.400000095367432,,2.4200000762939453,,main_country,2020-2022,2020,3,7,31
United Kingdom,2020-08-03,6418.0,145.0,1038428.0,,13.447731806298476,0.3038206780793517,843.9183673469388,22.428571428571427,12.377923822598374,0.32896445833419463,843.9183571428572,12.377923857142857,22.428571285714288,0.32896445857142853,1115.142857142857,16.518285714285714,69.85714285714286,1.0347142857142857,141319.57142857142,2.1004285714285715,0.5965894528571428,167.7283185714286,,,,,69.91,1.1191714285714285,312127.0,57422.0,4578.031,842.2203,10857124.0,161.37,0.0,0.0,0.0,0.0,0.0,0.0,0.0,0.0,-1.8176587,14.625737,56164.0,837.52527,GBR,Europe,68179315.0,281.814208984375,39.50400161743164,81.07440185546875,52621.1796875,0.4000000059604645,7.400000095367432,,2.4200000762939453,,main_country,2020-2022,2020,3,8,32
United Kingdom,2020-08-10,7797.0,151.0,1121174.0,,16.337171220584175,0.31639256820677314,1032.061224489796,21.510204081632654,15.137453705567383,0.3154945760548145,1032.0612428571428,15.137453571428571,21.510203999999998,0.31549457714285717,994.2857142857143,14.728142857142856,75.0,1.1108571428571428,154463.85714285713,2.2958571428571424,0.63380198,158.20871857142856,,,,,67.78999999999999,1.136642857142857,319924.0,57573.0,4692.391,844.435,11978298.0,178.034,0.0,0.0,0.0,0.0,0.0,0.0,0.0,0.0,1.8167107,14.2877,56353.1,840.34515,GBR,Europe,68179315.0,281.814208984375,39.50400161743164,81.07440185546875,52621.1796875,0.4000000059604645,7.400000095367432,,2.4200000762939453,,main_country,2020-2022,2020,3,8,33
United Kingdom,2020-08-17,7728.0,113.0,1147938.0,,16.192594484118825,0.23677059739977063,1086.5510204081634,19.285714285714285,15.936666720810605,0.2828675278669826,1086.5510285714286,15.936666857142857,19.285714285714285,0.28286752857142855,893.2857142857143,13.232142857142858,72.42857142857143,1.073,163295.85714285713,2.427,0.6766136514285714,147.94600714285713,,,,,66.2,1.1368285714285713,327652.0,57686.0,4805.7393,846.0924,13126236.0,195.096,0.0,0.0,0.0,0.0,0.0,0.0,0.0,0.0,4.6975737,14.039087,56846.2,847.6983,GBR,Europe,68179315.0,281.814208984375,39.50400161743164,81.07440185546875,52621.1796875,0.4000000059604645,7.400000095367432,,2.4200000762939453,,main_country,2020-2022,2020,3,8,34
United Kingdom,2020-08-24,8854.0,100.0,1204181.0,,18.551919198031584,0.20953150212369082,1181.8367346938776,14.224489795918368,17.334241839975622,0.20863350997173216,1181.8367714285716,17.334242,14.224489714285713,0.20863351285714285,802.4285714285714,11.886285714285714,66.42857142857143,0.984,169484.7142857143,2.519142857142857,0.6767335214285713,147.91009857142856,,,,,66.2,1.1970571428571428,336506.0,57786.0,4935.6025,847.55914,14330417.0,212.993,0.0,0.0,0.0,0.0,0.0,0.0,0.0,0.0,8.699072,13.916225,57675.7,860.06793,GBR,Europe,68179315.0,281.814208984375,39.50400161743164,81.07440185546875,52621.1796875,0.4000000059604645,7.400000095367432,,2.4200000762939453,,main_country,2020-2022,2020,3,8,35
United Kingdom,2020-08-31,15523.0,87.0,1210877.0,,32.52557507466052,0.18229240684761103,1663.6734693877552,12.877551020408163,24.401440075890395,0.1888776826286413,1663.6735,24.40144,12.877551142857143,0.18887768285714285,782.5714285714286,11.592142857142857,73.57142857142857,1.0898571428571429,172614.14285714287,2.565714285714286,0.8018712471428572,127.60442,,,,,64.61428571428571,1.2932857142857144,352029.0,57873.0,5163.2817,848.83514,15541294.0,230.991,0.0,0.0,0.0,0.0,0.0,0.0,0.0,0.0,-14.01999,13.22632,56204.4,838.1277,GBR,Europe,68179315.0,281.814208984375,39.50400161743164,81.07440185546875,52621.1796875,0.4000000059604645,7.400000095367432,,2.4200000762939453,,main_country,2020-2022,2020,3,8,36
United Kingdom,2020-09-07,22634.0,116.0,1548391.0,,47.42536019067618,0.24305654246348135,2941.591836734694,14.857142857142858,43.1449309330065,0.21791276220863848,2941.5917714285715,43.144931142857146,14.857142857142858,0.21791276285714287,822.8571428571429,12.188999999999998,90.85714285714286,1.3458571428571429,197694.7142857143,2.938428571428571,1.3066869,79.48824428571429,,,,,64.35,1.3485285714285715,374663.0,57989.0,5495.2593,850.53656,17089685.0,254.004,0.0,0.0,0.0,0.0,0.0,0.0,0.0,0.0,4.7020397,13.0174465,56706.3,845.6121,GBR,Europe,68179315.0,281.814208984375,39.50400161743164,81.07440185546875,52621.1796875,0.4000000059604645,7.400000095367432,,2.4200000762939453,,main_country,2020-2022,2020,3,9,37
United Kingdom,2020-09-14,25850.0,189.0,1618799.0,,54.16389329897408,0.39601453901377565,3315.4897959183677,21.387755102040817,48.62896900501812,0.31369859175089715,3315.489785714286,48.62896871428571,21.38775542857143,0.31369859571428577,1123.857142857143,16.647285714285715,131.14285714285714,1.9424285714285714,229015.14285714287,3.403714285714286,1.4569543142857142,68.776517,,,,,65.74,1.3493142857142857,400513.0,58178.0,5874.4062,853.30865,18708484.0,278.065,0.0,0.0,0.0,0.0,0.0,0.0,0.0,0.0,1.7463485,12.749435,56891.6,848.3753,GBR,Europe,68179315.0,281.814208984375,39.50400161743164,81.07440185546875,52621.1796875,0.4000000059604645,7.400000095367432,,2.4200000762939453,,main_country,2020-2022,2020,3,9,38
United Kingdom,2020-09-21,44393.0,266.0,1598204.0,,93.01731973777007,0.5573537956490175,5196.0,33.40816326530612,76.21079795242882,0.490004384252117,5195.999971428571,76.21079814285714,33.40816342857143,0.49000437571428573,1790.142857142857,26.517,237.42857142857142,3.517,227050.0,3.3745714285714286,1.8466008142857144,56.48620114285715,,,,,66.79714285714286,1.3805142857142856,444906.0,58444.0,6525.5273,857.21014,20306688.0,301.819,0.0,0.0,0.0,0.0,0.0,0.0,0.0,0.0,1.0944978,12.474713,57009.5,850.1335,GBR,Europe,68179315.0,281.814208984375,39.50400161743164,81.07440185546875,52621.1796875,0.4000000059604645,7.400000095367432,,2.4200000762939453,,main_country,2020-2022,2020,3,9,39
United Kingdom,2020-09-28,74110.0,412.0,1631747.0,,155.28379622386726,0.8632697887496062,8296.42857142857,48.775510204081634,121.68541985833345,0.7154004143937444,8296.42862857143,121.68541928571429,48.77551,0.7154004171428571,2561.1428571428573,37.937999999999995,341.7142857142857,5.061714285714286,232510.42857142858,3.4558571428571425,2.9515325571428574,34.95642214285714,,,,,67.59,1.4287714285714286,519016.0,58856.0,7612.514,863.25305,21938435.0,326.072,0.0,0.0,0.0,0.0,0.0,0.0,0.0,0.0,4.7062583,12.292875,57525.0,857.8207,GBR,Europe,68179315.0,281.814208984375,39.50400161743164,81.07440185546875,52621.1796875,0.4000000059604645,7.400000095367432,,2.4200000762939453,,main_country,2020-2022,2020,3,9,40
United Kingdom,2020-10-05,110514.0,588.0,1774122.0,,231.56164425697565,1.2320452324873021,13744.448979591836,71.77551020408164,201.59265283894152,1.0527461328128866,13744.449142857144,201.59265142857143,71.77551057142857,1.0527461142857144,3912.1428571428573,57.94985714285714,438.14285714285717,6.49,246062.42857142858,3.657285714285714,4.7278699571428575,21.887160571428574,,,,,67.59,1.3877000000000002,629530.0,59444.0,9233.445,871.8773,23712557.0,352.44,0.0,0.0,0.0,0.0,0.0,0.0,0.0,0.0,1.1013271,12.030135,57648.902,859.6683,GBR,Europe,68179315.0,281.814208984375,39.50400161743164,81.07440185546875,52621.1796875,0.4000000059604645,7.400000095367432,,2.4200000762939453,,main_country,2020-2022,2020,4,10,41
United Kingdom,2020-10-12,120078.0,910.0,1895575.0,,251.60123712008547,1.9067366693255863,16539.551020408162,109.73469387755101,242.5889878830282,1.6095012670272653,16539.551,242.5889885714286,109.7346942857143,1.6095012428571427,5758.428571428572,85.29857142857144,571.8571428571429,8.470714285714285,260397.7142857143,3.870285714285714,6.163197971428572,16.27242257142857,,,,,60.19,1.2749857142857142,749608.0,60354.0,10994.654,885.2245,25608132.0,380.614,0.0,0.0,0.0,0.0,0.0,0.0,0.0,0.0,5.835764,11.887589,58307.6,869.4909,GBR,Europe,68179315.0,281.814208984375,39.50400161743164,81.07440185546875,52621.1796875,0.4000000059604645,7.400000095367432,,2.4200000762939453,,main_country,2020-2022,2020,4,10,42
United Kingdom,2020-10-19,151561.0,1455.0,1995483.0,,317.56803993368703,3.0486833558997013,19525.102040816328,172.6326530612245,286.37867718114103,2.5320385378061436,19525.102000000003,286.37867857142857,172.63265857142855,2.5320384999999996,8288.142857142857,122.77114285714285,733.7142857142857,10.868571428571428,278961.4285714286,4.146285714285715,6.600197414285715,15.192499714285715,,,,,69.97285714285714,1.2013857142857145,901169.0,61809.0,13217.631,906.5653,27603615.0,410.273,0.0,0.0,0.0,0.0,0.0,0.0,0.0,0.0,10.388151,11.854238,59466.703,886.7756,GBR,Europe,68179315.0,281.814208984375,39.50400161743164,81.07440185546875,52621.1796875,0.4000000059604645,7.400000095367432,,2.4200000762939453,,main_country,2020-2022,2020,4,10,43
United Kingdom,2020-10-26,153892.0,1994.0,1897581.0,,322.45221924819026,4.178058152346395,21978.714285714286,247.32653061224488,322.3663113323196,3.6275889631957274,21978.714428571428,322.3663071428572,247.3265342857143,3.627588914285714,11221.57142857143,166.22342857142854,949.7142857142857,14.068,280106.28571428574,4.163285714285714,7.578053828571428,13.223168642857143,,,,,75.0,1.1223857142857143,1055061.0,63803.0,15474.796,935.8117,29501196.0,438.477,0.0,0.0,0.0,0.0,0.0,0.0,0.0,0.0,10.612317,11.826841,60667.6,904.68353,GBR,Europe,68179315.0,281.814208984375,39.50400161743164,81.07440185546875,52621.1796875,0.4000000059604645,7.400000095367432,,2.4200000762939453,,main_country,2020-2022,2020,4,10,44
United Kingdom,2020-11-02,162260.0,2558.0,2003492.0,,339.98581534590073,5.359815824324011,22721.83673469388,335.7755102040816,333.26584074207665,4.924888292058694,22721.83685714286,333.2658342857143,335.7755071428572,4.9248882571428565,13588.714285714286,201.28771428571432,1174.4285714285713,17.396714285714285,274519.5714285714,4.0801428571428575,8.136821871428571,12.30024542857143,,,,,73.80857142857143,1.064042857142857,1217321.0,66361.0,17854.697,973.3304,31504688.0,468.255,0.0,0.0,0.0,0.0,0.0,0.0,0.0,0.0,14.052128,11.8768425,62324.5,929.3915,GBR,Europe,68179315.0,281.814208984375,39.50400161743164,81.07440185546875,52621.1796875,0.4000000059604645,7.400000095367432,,2.4200000762939453,,main_country,2020-2022,2020,4,11,45
United Kingdom,2020-11-09,175280.0,3039.0,2191604.0,,367.26681692240527,6.367662349538965,24385.08163265306,410.3265306122449,357.66099487290336,6.01834340242704,24385.08157142857,357.66098714285715,410.3265257142857,6.018343414285715,15529.142857142857,230.031,1307.142857142857,19.36257142857143,304346.28571428574,4.523571428571429,8.125968285714286,12.311025428571428,,,,,65.07571428571428,1.0231428571428571,1392601.0,69400.0,20425.564,1017.90405,33696292.0,500.829,0.0,0.0,0.0,0.0,0.0,0.0,0.0,0.0,17.962332,12.011413,64456.0,961.1767,GBR,Europe,68179315.0,281.814208984375,39.50400161743164,81.07440185546875,52621.1796875,0.4000000059604645,7.400000095367432,,2.4200000762939453,,main_country,2020-2022,2020,4,11,46
United Kingdom,2020-11-16,141113.0,3296.0,2142382.0,,295.67618859180385,6.906158309996849,22820.367346938776,450.9183673469388,334.7110094452955,6.613712199175642,22820.367,334.7110071428571,450.91837,6.613712257142857,16981.428571428572,251.5434285714286,1427.142857142857,21.139999999999997,310740.5714285714,4.618571428571428,7.7473946571428565,12.936439714285715,,,,,66.00142857142858,0.9511142857142857,1533714.0,72696.0,22495.299,1066.2472,35838674.0,532.671,0.0,0.0,0.0,0.0,0.0,0.0,0.0,0.0,20.267277,12.190266,66864.305,997.0896,GBR,Europe,68179315.0,281.814208984375,39.50400161743164,81.07440185546875,52621.1796875,0.4000000059604645,7.400000095367432,,2.4200000762939453,,main_country,2020-2022,2020,4,11,47
United Kingdom,2020-11-23,106260.0,3432.0,1945553.0,,222.64817415663384,7.191121152885069,17003.367346938776,491.06122448979596,249.3918770955498,7.202495720143212,17003.367285714285,249.39187571428573,491.0612171428571,7.202495657142857,16474.0,244.027,1442.0,21.360142857142858,292547.71428571426,4.348142857142856,6.428632685714286,15.712879142857144,,,,,67.59,0.9230285714285714,1639974.0,76128.0,24053.836,1116.585,37784227.0,561.588,0.0,0.0,0.0,0.0,0.0,0.0,0.0,0.0,19.124084,12.337068,69133.2,1030.9237,GBR,Europe,68179315.0,281.814208984375,39.50400161743164,81.07440185546875,52621.1796875,0.4000000059604645,7.400000095367432,,2.4200000762939453,,main_country,2020-2022,2020,4,11,48
United Kingdom,2020-11-30,105190.0,3287.0,2162877.0,,220.40618708391034,6.887300474805718,14824.224489795917,473.9183673469388,217.429941761602,6.951057917594783,14824.224714285714,217.42994285714283,473.91837,6.951057871428572,15588.0,230.90285714285713,1293.4285714285713,19.15942857142857,290980.5714285714,4.324714285714285,5.346240742857143,18.744810857142856,,,,,65.47571428571429,0.9887142857142858,1745164.0,79415.0,25596.678,1164.7961,39947104.0,593.735,0.0,0.0,0.0,0.0,0.0,0.0,0.0,0.0,14.447036,12.3821,70898.7,1057.2511,GBR,Europe,68179315.0,281.814208984375,39.50400161743164,81.07440185546875,52621.1796875,0.4000000059604645,7.400000095367432,,2.4200000762939453,,main_country,2020-2022,2020,4,11,49
United Kingdom,2020-12-07,138488.0,3216.0,2244340.0,,290.175986661057,6.738533108297896,17123.95918367347,456.44897959183675,251.1606223041911,6.694830823569242,17123.95942857143,251.16062571428571,456.4489742857143,6.694830785714286,16365.0,242.41257142857143,1264.5714285714287,18.731714285714286,312411.5714285714,4.643142857142856,5.158363128571429,19.440947142857144,,,,,67.06142857142858,1.1082571428571428,1883652.0,82631.0,27627.91,1211.9658,42191444.0,627.093,0.0,0.0,0.0,0.0,0.0,0.0,0.0,0.0,12.530772,12.385248,72451.2,1080.4022,GBR,Europe,68179315.0,281.814208984375,39.50400161743164,81.07440185546875,52621.1796875,0.4000000059604645,7.400000095367432,,2.4200000762939453,,main_country,2020-2022,2020,4,12,50
United Kingdom,2020-12-14,217712.0,3617.0,2510496.0,,456.1752239035298,7.5787544318138975,25804.755102040817,490.2857142857143,378.48363689252113,7.191121152885069,25804.754857142856,378.48363857142857,490.2857142857143,7.191121157142858,18549.428571428572,274.77,1362.5714285714287,20.18357142857143,335845.14285714284,4.9918571428571425,6.5934661,15.497098142857142,,,,,74.20714285714287,1.2181,2101364.0,86248.0,30821.137,1265.0171,44701940.0,664.406,0.0,0.0,0.0,0.0,0.0,0.0,0.0,0.0,10.866558,12.351683,73887.91,1101.8265,GBR,Europe,68179315.0,281.814208984375,39.50400161743164,81.07440185546875,52621.1796875,0.4000000059604645,7.400000095367432,,2.4200000762939453,,main_country,2020-2022,2020,4,12,51
United Kingdom,2020-12-21,243069.0,4227.0,2841487.0,,509.30612689703406,8.856896594768411,35522.26530612245,565.795918367347,521.0123525899673,8.298644806967435,35522.26571428571,521.0123657142857,565.7959,8.298644828571428,21132.714285714286,313.0357142857143,1607.2857142857142,23.80842857142857,409501.5714285714,6.086428571428572,8.426082785714286,11.906975571428571,,,,,77.84285714285714,1.2412142857142856,2344433.0,90475.0,34386.28,1327.0154,47543427.0,706.639,0.0,0.0,0.0,0.0,0.0,0.0,0.0,0.0,40.232162,12.778282,77627.6,1157.5934,GBR,Europe,68179315.0,281.814208984375,39.50400161743164,81.07440185546875,52621.1796875,0.4000000059604645,7.400000095367432,,2.4200000762939453,,main_country,2020-2022,2020,4,12,52
United Kingdom,2020-12-28,377718.0,5231.0,2818221.0,,791.4381991915625,10.960592876090269,44678.40816326531,683.469387755102,655.3073782461045,10.024585723032008,44678.40857142857,655.3073657142858,683.4694,10.024585714285715,26038.0,385.697,2116.0,31.343857142857143,386791.14285714284,5.7490000000000006,9.976204714285714,10.209262857142857,,,,,79.63,1.2162142857142857,2722151.0,95706.0,39926.348,1403.7395,50361648.0,748.527,0.0,0.0,0.0,0.0,0.0,0.0,0.0,0.0,24.57909,12.956125,79912.305,1187.7388,GBR,Europe,68179315.0,281.814208984375,39.50400161743164,81.07440185546875,52621.1796875,0.4000000059604645,7.400000095367432,,2.4200000762939453,,main_country,2020-2022,2020,4,12,53
United Kingdom,2021-01-04,422675.0,6625.0,3741171.0,,885.6372766013102,13.881462015694519,59198.12244897959,847.3061224489795,868.2710063745815,12.427612721673423,59198.12214285714,868.2710114285713,847.3061428571428,12.427612571428572,32213.428571428572,477.1727142857143,2923.1428571428573,43.300000000000004,483164.28571428574,7.181285714285714,12.659059214285715,7.9475287,,,,,86.77,1.1060857142857141,3144826.0,102331.0,46125.81,1500.9098,54102819.0,804.132,2677971.0,2286572.0,391399.0,0.0,3.927835,3.3537621,0.57407296,0.0,46.087734,13.676923,86234.2,1281.7014,GBR,Europe,68179315.0,281.814208984375,39.50400161743164,81.07440185546875,52621.1796875,0.4000000059604645,7.400000095367432,,2.4200000762939453,,main_country,2020-2022,2021,1,1,1
United Kingdom,2021-01-11,317881.0,8794.0,3838582.0,1836831.0,666.0608342658096,18.426200296757372,50380.69387755102,1127.1224489795918,738.9439726337969,16.531736186841886,50380.69357142857,738.9439785714286,1127.1224285714286,16.531736285714285,37030.857142857145,548.5324285714286,3667.285714285714,54.323142857142855,556415.5714285715,8.269857142857143,10.404117928571427,9.783486142857143,234628.4757142857,3441.343957142857,220720.57142857142,0.3237353942857143,87.96,0.9551,3462707.0,111125.0,50788.234,1629.8932,57941401.0,861.185,4514802.0,4062501.0,452301.0,0.0,6.6219525,5.958554,0.66339916,0.0,26.254827,13.985713,90400.5,1343.6252,GBR,Europe,68179315.0,281.814208984375,39.50400161743164,81.07440185546875,52621.1796875,0.4000000059604645,7.400000095367432,,2.4200000762939453,,main_country,2020-2022,2021,1,1,2
United Kingdom,2021-01-18,246142.0,9723.0,3947519.0,2529246.0,515.7450299572951,20.372747951486456,39793.59183673469,1360.2448979591838,583.6607750713644,19.950990970783202,39793.59285714286,583.6607757142857,1360.2449142857145,19.950991,37836.71428571428,560.4697142857143,3999.285714285714,59.24071428571428,560743.4285714285,8.334428571428571,7.895824328571429,12.781051285714286,315739.9942857143,4631.023442857143,311950.9657142857,0.4575448814285714,87.96,0.8430857142857143,3708849.0,120848.0,54398.45,1772.5024,61888920.0,919.857,7044048.0,6573570.0,470478.0,0.0,10.33165,9.64159,0.6900597,0.0,37.412327,14.519475,96038.805,1427.4275,GBR,Europe,68179315.0,281.814208984375,39.50400161743164,81.07440185546875,52621.1796875,0.4000000059604645,7.400000095367432,,2.4200000762939453,,main_country,2020-2022,2021,1,1,3
United Kingdom,2021-01-25,171875.0,8572.0,4361771.0,2746528.0,360.1322692750936,17.961040362042777,28749.816326530614,1298.469387755102,421.67945404747195,19.044916889456896,28749.816285714285,421.67945285714285,1298.4693714285713,19.044916857142855,34527.0,511.4434285714286,3881.8571428571427,57.50142857142857,589926.1428571428,8.767999999999999,5.871305085714285,17.49267342857143,369945.8457142857,5426.0713857142855,367701.81142857147,0.5393158,87.96,0.7738857142857143,3880724.0,129420.0,56919.375,1898.2297,66250691.0,984.686,9790576.0,9296367.0,494209.0,0.0,14.360039,13.635172,0.72486645,0.0,40.886616,15.086722,101984.91,1515.8044,GBR,Europe,68179315.0,281.814208984375,39.50400161743164,81.07440185546875,52621.1796875,0.4000000059604645,7.400000095367432,,2.4200000762939453,,main_country,2020-2022,2021,1,1,4
United Kingdom,2021-02-01,130901.0,6655.0,4586235.0,3016011.0,274.2788315949325,13.944321466331624,21422.87755102041,1075.795918367347,314.21373991540406,15.778919432783198,21422.877571428573,314.21374285714285,1075.7958857142858,15.778919571428572,29207.14285714286,432.6411428571428,3534.4285714285716,52.35514285714286,648057.7142857143,9.632142857142856,3.879140757142857,26.36638357142857,429320.09714285715,6296.926085714286,425829.6971428571,0.62457315,87.96,0.7441714285714286,4011625.0,136075.0,58839.33,1995.84,70836926.0,1052.851,12806587.0,12294006.0,512581.0,0.0,18.783684,18.03187,0.75181305,0.0,37.60512,15.54119,107221.0,1593.6288,GBR,Europe,68179315.0,281.814208984375,39.50400161743164,81.07440185546875,52621.1796875,0.4000000059604645,7.400000095367432,,2.4200000762939453,,main_country,2020-2022,2021,1,2,5
United Kingdom,2021-02-08,94014.0,5060.0,4091229.0,3033194.0,196.98894640656667,10.602294007458756,15655.653061224491,817.3877551020407,229.62467518520083,11.988793890082949,15655.653,229.62467285714288,817.3877571428571,11.988794,23260.285714285714,344.5512857142857,3028.285714285714,44.857571428571426,627672.1428571428,9.329142857142857,2.8013665714285714,36.170883571428575,436856.4114285714,6407.4625428571435,433496.5085714286,0.6358182385714286,87.96,0.7390142857142857,4105639.0,141135.0,60218.25,2070.056,74928155.0,1113.659,15839781.0,15300151.0,539630.0,0.0,23.232533,22.441046,0.7914864,0.0,26.15409,15.746248,110776.1,1646.4684,GBR,Europe,68179315.0,281.814208984375,39.50400161743164,81.07440185546875,52621.1796875,0.4000000059604645,7.400000095367432,,2.4200000762939453,,main_country,2020-2022,2021,1,2,6
United Kingdom,2021-02-15,80167.0,3864.0,3544686.0,2508384.0,167.97511930749923,8.096297242059412,12168.204081632652,624.1020408163265,178.4735455560481,9.153832666349413,12168.204142857143,178.47354285714286,624.1020571428571,9.153832500000002,18504.14285714286,274.09914285714285,2545.4285714285716,37.70514285714285,510890.4285714286,7.5934285714285705,2.3754935142857145,42.16295542857143,400684.32571428566,5876.919285714285,392322.78857142857,0.57542789,87.96,0.7553142857142857,4185806.0,144999.0,61394.074,2126.73,78472841.0,1166.344,18348164.0,17723840.0,624325.0,0.0,26.91163,25.99592,0.9157103,0.0,17.26681,15.774438,113070.6,1680.5715,GBR,Europe,68179315.0,281.814208984375,39.50400161743164,81.07440185546875,52621.1796875,0.4000000059604645,7.400000095367432,,2.4200000762939453,,main_country,2020-2022,2021,1,2,7
United Kingdom,2021-02-22,61484.0,2644.0,4314287.0,2743102.0,128.82834876573006,5.540012916150386,10242.244897959185,451.34693877551024,150.22510710116674,6.619998144239352,10242.244999999999,150.22510714285713,451.34693571428573,6.619998171428572,14626.57142857143,216.6614285714286,2034.0,30.129428571428573,593197.2857142857,8.816571428571429,2.088719285714286,49.13290657142857,361701.7371428571,5305.153571428571,340946.80571428576,0.5000736957142857,86.11,0.7579714285714285,4247290.0,147643.0,62295.875,2165.5103,82787128.0,1230.467,21091268.0,20275452.0,815816.0,0.0,30.934994,29.73842,1.1965741,0.0,7.9639435,15.632829,114124.7,1696.2386,GBR,Europe,68179315.0,281.814208984375,39.50400161743164,81.07440185546875,52621.1796875,0.4000000059604645,7.400000095367432,,2.4200000762939453,,main_country,2020-2022,2021,1,2,8
United Kingdom,2021-03-01,41508.0,1801.0,5650639.0,2428631.0,86.97233590150158,3.773662353247672,6944.306122448979,305.97959183673476,101.85356251304343,4.487865444772138,6944.3061,101.85356314285715,305.97958714285716,4.487865428571429,10876.57142857143,161.113,1590.857142857143,23.565142857142856,707950.5714285715,10.522285714285715,1.3065391,81.02076242857143,363238.57714285713,5327.694628571428,323158.58285714284,0.47398334000000003,86.11,0.7724,4288798.0,149444.0,62904.68,2191.9258,88437767.0,1314.453,23519898.0,22377256.0,1142643.0,0.0,34.497116,32.82118,1.6759379,0.0,2.7394593,15.411251,114474.4,1701.4363,GBR,Europe,68179315.0,281.814208984375,39.50400161743164,81.07440185546875,52621.1796875,0.4000000059604645,7.400000095367432,,2.4200000762939453,,main_country,2020-2022,2021,1,3,9
United Kingdom,2021-03-08,40316.0,1256.0,9383120.0,2543603.0,84.4747203961872,2.6317156666735566,5770.959183673469,210.30612244897958,84.64384225147275,3.0846030419780486,5770.959199999999,84.64384199999999,210.30612142857143,3.0846030428571427,8102.857142857143,120.02671428571429,1188.857142857143,17.61042857142857,1190262.7142857143,17.690857142857144,0.67106394,161.3988757142857,348180.8685714286,5106.8403285714285,289670.77142857143,0.4248660642857143,81.88142857142857,0.8259142857142857,4329114.0,150700.0,63496.004,2210.348,97820887.0,1453.915,26063500.0,24453220.0,1610280.0,0.0,38.22787,35.86604,2.3618307,0.0,-5.172871,15.053147,113794.1,1691.325,GBR,Europe,68179315.0,281.814208984375,39.50400161743164,81.07440185546875,52621.1796875,0.4000000059604645,7.400000095367432,,2.4200000762939453,,main_country,2020-2022,2021,1,3,10
United Kingdom,2021-03-15,38162.0,857.0,9695020.0,4215859.0,79.96141184044289,1.7956849732000304,5615.979591836735,144.30612244897958,82.37072478414802,2.116567502166597,5615.979614285715,82.370725,144.30612142857143,2.1165674714285716,6144.428571428572,91.01657142857142,881.8571428571429,13.062857142857142,1322232.5714285714,19.652285714285714,0.43632123142857143,229.86020857142856,500319.52,7338.2892142857145,418690.0114285714,0.6141012357142858,78.7,0.8651285714285715,4367276.0,151557.0,64055.734,2222.9177,107515907.0,1598.012,30279360.0,27997976.0,2281384.0,0.0,44.411358,41.065205,3.3461528,0.0,-8.567759,14.6606865,112699.805,1675.0603,GBR,Europe,68179315.0,281.814208984375,39.50400161743164,81.07440185546875,52621.1796875,0.4000000059604645,7.400000095367432,,2.4200000762939453,,main_country,2020-2022,2021,1,3,11
United Kingdom,2021-03-22,37987.0,654.0,8312810.0,3845896.0,79.59473171172644,1.3703360238889382,5496.7959183673465,106.46938775510203,80.6226333950018,1.5616083522561357,5496.795899999999,80.62263342857143,106.46938857142857,1.5616083714285713,4659.285714285715,69.0172857142857,651.7142857142857,9.653714285714285,1251742.142857143,18.604857142857146,0.4288582857142857,233.63973000000001,575934.5571428571,8447.35,428433.16000000003,0.6283916985714286,76.32000000000001,0.8668857142857143,4405263.0,152211.0,64612.895,2232.51,115828717.0,1721.565,34125256.0,30445284.0,3679972.0,0.0,50.05221,44.654724,5.3974905,0.0,-5.31365,14.351368,112057.305,1665.5109,GBR,Europe,68179315.0,281.814208984375,39.50400161743164,81.07440185546875,52621.1796875,0.4000000059604645,7.400000095367432,,2.4200000762939453,,main_country,2020-2022,2021,1,3,12
United Kingdom,2021-03-29,27123.0,428.0,5955712.0,2888493.0,56.831229321008664,0.8967948290893968,4684.163265306122,71.02040816326532,68.7035835620543,1.0416708962720629,4684.1633,68.70358414285714,71.02040814285714,1.0416708985714285,3560.285714285714,52.73814285714286,521.0,7.717571428571428,1013262.2857142857,15.060142857142855,0.4590888642857143,218.05245142857143,515596.84857142856,7562.3649000000005,264969.65142857144,0.38863643000000003,70.37,0.8282285714285714,4432386.0,152639.0,65010.715,2238.7876,121784429.0,1810.085,37013748.0,31581624.0,5432126.0,0.0,54.288826,46.321415,7.9674106,0.0,-18.687098,13.866273,109883.0,1633.1942,GBR,Europe,68179315.0,281.814208984375,39.50400161743164,81.07440185546875,52621.1796875,0.4000000059604645,7.400000095367432,,2.4200000762939453,,main_country,2020-2022,2021,1,3,13
United Kingdom,2021-04-05,20330.0,330.0,6160050.0,2833032.0,42.59775438174635,0.6914539570081797,3132.2653061224487,52.69387755102041,45.94157782492313,0.7728719121190996,3132.2653,45.94157742857143,52.69387757142857,0.7728719128571429,2852.4285714285716,42.252571428571436,421.42857142857144,6.242571428571429,822766.5714285715,12.229000000000001,0.42217276,238.9767457142857,351527.22285714286,5155.921800000001,97264.12571428572,0.14265928442857143,70.37,0.8361428571428571,4452716.0,152969.0,65308.9,2243.6277,127944479.0,1901.642,39846780.0,32190576.0,7656205.0,0.0,58.44409,47.214577,11.229513,0.0,-11.606484,13.493573,108517.305,1612.8958,GBR,Europe,68179315.0,281.814208984375,39.50400161743164,81.07440185546875,52621.1796875,0.4000000059604645,7.400000095367432,,2.4200000762939453,,main_country,2020-2022,2021,2,4,14
United Kingdom,2021-04-12,17336.0,279.0,7032366.0,3237706.0,36.32438120816305,0.5845928909250974,2738.326530612245,43.73469387755102,40.1635969885037,0.6414657272158134,2738.326557142857,40.163597857142854,43.734694142857144,0.6414657285714286,2189.0,32.425285714285714,341.85714285714283,5.0638571428571435,934735.0,13.892857142857142,0.3283983214285714,307.6728428571428,444575.4114285714,6520.678771428572,96419.7957142857,0.14142089428571428,61.11,0.8866571428571428,4470052.0,153248.0,65563.17,2247.72,134976845.0,2006.165,43084490.0,32932448.0,10152039.0,0.0,63.1929,48.302696,14.890203,0.0,-12.747931,13.107635,106987.0,1590.1509,GBR,Europe,68179315.0,281.814208984375,39.50400161743164,81.07440185546875,52621.1796875,0.4000000059604645,7.400000095367432,,2.4200000762939453,,main_country,2020-2022,2021,2,4,15
United Kingdom,2021-04-19,16722.0,228.0,7436559.0,3565521.0,35.037857785123585,0.4777318248420151,2405.1428571428573,35.46938775510204,35.27672369754459,0.5202367867013924,2405.1428571428573,35.276723714285716,35.46938757142857,0.5202367785714286,1779.0,26.352,267.0,3.9550000000000005,1069345.4285714286,15.893714285714285,0.24830971999999998,408.08048285714284,496622.0457142857,7284.057357142857,115948.04000000001,0.17006336714285714,61.11,0.9161857142857143,4486774.0,153476.0,65808.44,2251.064,142413404.0,2116.694,46650010.0,33752884.0,12897123.0,0.0,68.42252,49.50605,18.916475,0.0,-4.840103,12.848965,106409.305,1581.5645,GBR,Europe,68179315.0,281.814208984375,39.50400161743164,81.07440185546875,52621.1796875,0.4000000059604645,7.400000095367432,,2.4200000762939453,,main_country,2020-2022,2021,2,4,16
United Kingdom,2021-04-26,15041.0,151.0,6657766.0,3447804.0,31.51563323442434,0.31639256820677314,2244.204081632653,26.755102040816325,32.91620166076255,0.392422570405941,2244.2041,32.91620185714286,26.755102142857144,0.3924225728571429,1420.0,21.034142857142857,202.0,2.992142857142857,1037851.2857142857,15.425571428571429,0.21957844142857144,455.6711657142857,516738.71714285715,7579.112657142857,118538.63285714286,0.17386303857142857,61.11,0.9396571428571429,4501815.0,153627.0,66029.05,2253.2788,149071170.0,2215.649,50097812.0,34595304.0,15502508.0,0.0,73.47949,50.741642,22.737846,0.0,-7.6050043,12.558492,105502.0,1568.0792,GBR,Europe,68179315.0,281.814208984375,39.50400161743164,81.07440185546875,52621.1796875,0.4000000059604645,7.400000095367432,,2.4200000762939453,,main_country,2020-2022,2021,2,4,17
United Kingdom,2021-05-03,14468.0,124.0,7239509.0,3231033.0,30.31501772725559,0.2598190626333766,2043.4897959183675,18.3265306122449,29.972284055924693,0.2687989841529634,2043.4897714285714,29.972283857142855,18.32653085714286,0.26879898571428573,1181.2857142857142,17.498285714285714,166.71428571428572,2.4694285714285718,973525.0,14.469714285714286,0.21364668714285712,468.6008857142857,451325.5314285714,6619.684214285714,121150.10142857142,0.17769334142857143,59.71999999999999,0.9924857142857143,4516283.0,153751.0,66241.25,2255.0974,156310679.0,2323.25,53328844.0,35472296.0,17856550.0,0.0,78.21851,52.027943,26.190569,0.0,-19.199894,12.133353,103313.5,1535.5515,GBR,Europe,68179315.0,281.814208984375,39.50400161743164,81.07440185546875,52621.1796875,0.4000000059604645,7.400000095367432,,2.4200000762939453,,main_country,2020-2022,2021,2,5,18
United Kingdom,2021-05-10,15509.0,104.0,3438393.0,3663230.0,32.49624066436321,0.21791276220863848,2222.836734693877,16.285714285714285,32.60280239972898,0.23886591242100755,2222.836742857143,32.602803,16.28571414285714,0.2388659085714286,1013.0,15.005285714285716,131.42857142857142,1.9468571428571428,733005.0,10.894714285714286,0.25322095142857143,416.79084714285716,509041.77714285714,7466.220071428572,151695.67428571428,0.22249515428571429,59.71999999999999,1.0581714285714285,4531792.0,153855.0,66468.73,2256.6228,160381499.0,2383.755,56992076.0,36704670.0,20287404.0,0.0,83.591446,53.835495,29.75595,0.0,5.4109,12.04783,103907.2,1544.3757,GBR,Europe,68179315.0,281.814208984375,39.50400161743164,81.07440185546875,52621.1796875,0.4000000059604645,7.400000095367432,,2.4200000762939453,,main_country,2020-2022,2021,2,5,19
United Kingdom,2021-05-17,16918.0,82.0,6821378.0,3973519.0,35.448539529286016,0.17181583174142648,2267.387755102041,13.285714285714286,33.25624135563756,0.19486429697503246,2267.3877428571427,33.25624142857143,13.285714285714286,0.19486429714285713,905.8571428571429,13.418285714285714,123.0,1.8221428571428573,849392.8571428572,12.624714285714285,0.32091900142857144,322.07197428571425,540257.58,7924.069028571428,191252.91714285713,0.2805145785714286,62.5,1.1501,4548710.0,153937.0,66716.86,2257.8254,167202877.0,2485.141,60965590.0,38070040.0,22895556.0,0.0,89.41949,55.838104,33.581383,0.0,-3.5507655,11.840213,103494.1,1538.2357,GBR,Europe,68179315.0,281.814208984375,39.50400161743164,81.07440185546875,52621.1796875,0.4000000059604645,7.400000095367432,,2.4200000762939453,,main_country,2020-2022,2021,2,5,20
United Kingdom,2021-05-24,22380.0,83.0,5956502.0,3957634.0,46.89315017528201,0.17391114676266337,2764.734693877551,11.26530612244898,40.550930936715204,0.16523055596039618,2764.7347142857143,40.55093057142857,11.265305999999999,0.16523055285714286,898.2857142857143,13.305857142857144,123.0,1.822142857142857,931734.1428571428,13.848285714285714,0.2666619571428571,378.60845857142857,585087.7171428571,8581.601571428571,193017.38857142857,0.2831025657142857,62.5,1.2486714285714287,4571090.0,154020.0,67045.12,2259.043,173159379.0,2573.673,64923228.0,39384056.0,25539172.0,0.0,95.22423,57.7654,37.458828,0.0,-3.2831428,11.646116,103121.0,1532.6904,GBR,Europe,68179315.0,281.814208984375,39.50400161743164,81.07440185546875,52621.1796875,0.4000000059604645,7.400000095367432,,2.4200000762939453,,main_country,2020-2022,2021,2,5,21
United Kingdom,2021-05-31,33779.0,84.0,5624710.0,3458642.0,70.77764610236152,0.1760064617839003,3946.448979591837,11.755102040816327,57.88337679238691,0.1724144931760656,3946.448942857143,57.883376857142856,11.755101999999999,0.17241449571428571,941.4285714285714,13.945000000000002,133.0,1.9702857142857142,751093.7142857143,11.163571428571428,0.41854318142857144,253.41258571428574,501356.5114285714,7353.498742857142,161604.91999999998,0.2370292457142857,59.325714285714284,1.3335000000000001,4604869.0,154104.0,67540.555,2260.275,178784089.0,2657.273,68381870.0,40460576.0,27921294.0,0.0,100.29709,59.344357,40.952736,0.0,-4.3897834,11.4753,102702.5,1526.4702,GBR,Europe,68179315.0,281.814208984375,39.50400161743164,81.07440185546875,52621.1796875,0.4000000059604645,7.400000095367432,,2.4200000762939453,,main_country,2020-2022,2021,2,5,22
United Kingdom,2021-06-07,49979.0,87.0,6425945.0,3290338.0,104.72174944639944,0.18229240684761103,6211.2040816326535,11.959183673469388,91.10100448549026,0.17540780034926118,6211.204071428571,91.10100642857142,11.959183428571427,0.17540779999999997,1078.0,15.968285714285715,162.42857142857142,2.405857142857143,906679.8571428572,13.475999999999999,0.6205776171428571,163.0599985714286,496731.0114285714,7285.655757142857,165540.30571428573,0.24280136714285713,51.39,1.3632571428571427,4654848.0,154191.0,68273.61,2261.551,185210034.0,2752.782,71672210.0,41698428.0,29973780.0,0.0,105.1231,61.159943,43.963158,0.0,1.8361892,11.353966,102912.0,1529.584,GBR,Europe,68179315.0,281.814208984375,39.50400161743164,81.07440185546875,52621.1796875,0.4000000059604645,7.400000095367432,,2.4200000762939453,,main_country,2020-2022,2021,2,6,23
United Kingdom,2021-06-14,67059.0,100.0,6808901.0,2905470.0,140.50973000912583,0.20953150212369082,8395.489795918367,13.959183673469386,123.13837116020258,0.2047422106465779,8395.489914285714,123.13837285714285,13.959183714285714,0.20474221,1295.7142857142858,19.193142857142856,208.57142857142858,3.089571428571429,944079.7142857143,14.031714285714287,0.79840689,126.61592571428572,440576.26857142855,6462.022528571428,193859.87714285712,0.28433825285714287,51.39,1.3681714285714286,4721907.0,154291.0,69257.18,2263.0178,192018935.0,2853.983,74577680.0,43127764.0,31449916.0,0.0,109.38461,63.256374,46.128235,0.0,0.35316983,11.224574,102950.1,1530.1503,GBR,Europe,68179315.0,281.814208984375,39.50400161743164,81.07440185546875,52621.1796875,0.4000000059604645,7.400000095367432,,2.4200000762939453,,main_country,2020-2022,2021,2,6,24
United Kingdom,2021-06-21,107478.0,133.0,7191583.0,2460579.0,225.20026785250042,0.2786768978245088,12313.591836734693,16.897959183673468,180.60597758623263,0.24784583394059428,12313.591714285712,180.6059757142857,16.897959571428572,0.24784583142857144,1526.2857142857142,22.608571428571427,251.28571428571428,3.7222857142857144,1005881.8571428572,14.950428571428573,1.0488105871428572,97.12138,369103.60571428575,5413.718371428571,197477.54857142858,0.2896443742857143,51.39,1.401557142857143,4829385.0,154424.0,70833.58,2264.9685,199210518.0,2960.872,77038260.0,44454510.0,32583746.0,0.0,112.99359,65.20235,47.79125,0.0,-6.675696,11.016556,102230.2,1519.4504,GBR,Europe,68179315.0,281.814208984375,39.50400161743164,81.07440185546875,52621.1796875,0.4000000059604645,7.400000095367432,,2.4200000762939453,,main_country,2020-2022,2021,2,6,25
United Kingdom,2021-06-28,175476.0,168.0,7580733.0,2039824.0,367.6774986665677,0.3520129235678006,20848.938775510203,21.0,305.79566215222616,0.3080113081218255,20848.938857142854,305.79566000000005,20.999999857142857,0.3080113114285714,1897.857142857143,28.112714285714283,307.2857142857143,4.551714285714286,1061288.0,15.774000000000001,1.6209509285714285,64.05214271428572,328034.5885714286,4811.350514285715,162407.32714285716,0.23820615714285714,51.39,1.3850714285714285,5004861.0,154592.0,73407.32,2267.4326,206791251.0,3073.544,79078080.0,45351720.0,33726360.0,0.0,115.98544,66.518295,49.467148,0.0,-4.811352,10.83631,101715.91,1511.8063,GBR,Europe,68179315.0,281.814208984375,39.50400161743164,81.07440185546875,52621.1796875,0.4000000059604645,7.400000095367432,,2.4200000762939453,,main_country,2020-2022,2021,2,6,26
United Kingdom,2021-07-05,225580.0,253.0,7616762.0,1717771.0,472.6611624906218,0.5301147003729378,29228.38775510204,30.122448979591837,428.6987593686155,0.44181213876366815,29228.388000000003,428.69876285714287,30.12244885714286,0.44181214,2724.714285714286,40.36071428571428,419.14285714285717,6.208714285714286,1096471.857142857,16.297,2.3825059142857143,42.585655857142854,263612.89999999997,3866.464457142857,99929.69428571429,0.14656893142857141,51.39,1.3072857142857142,5230441.0,154845.0,76715.95,2271.1433,214408013.0,3186.752,80795860.0,45923720.0,34872132.0,0.0,118.50494,67.35726,51.14767,0.0,5.3831854,10.775599,102284.805,1520.262,GBR,Europe,68179315.0,281.814208984375,39.50400161743164,81.07440185546875,52621.1796875,0.4000000059604645,7.400000095367432,,2.4200000762939453,,main_country,2020-2022,2021,3,7,27
United Kingdom,2021-07-12,323274.0,328.0,7615020.0,1617914.0,677.3608681753403,0.6872633269657059,38031.59183673469,42.775510204081634,557.8171595994282,0.6273971835017943,38031.59142857143,557.8171542857143,42.77551042857143,0.6273971885714287,3880.5714285714284,57.48242857142857,548.2857142857143,8.121714285714287,1082103.7142857143,16.083285714285715,3.0907383999999998,32.762300571428575,233966.50857142857,3431.634785714286,66823.49,0.098011383,51.39,1.2175,5553715.0,155173.0,81457.48,2275.9543,222023033.0,3299.935,82413770.0,46314040.0,36099730.0,0.0,120.87796,67.92975,52.94821,0.0,4.3308425,10.704451,102743.7,1527.0825,GBR,Europe,68179315.0,281.814208984375,39.50400161743164,81.07440185546875,52621.1796875,0.4000000059604645,7.400000095367432,,2.4200000762939453,,main_country,2020-2022,2021,3,7,28
United Kingdom,2021-07-19,257101.0,515.0,6907842.0,1462829.0,538.7075872750304,1.0790872359370078,45029.28571428572,62.122448979591844,660.4537712689797,0.9111627035207356,45029.28571428572,660.4537899999999,62.12244957142857,0.9111626928571429,5004.714285714285,74.134,689.1428571428571,10.208142857142857,1046477.5714285715,15.553714285714287,4.1330574857142865,24.485143714285716,220301.12285714288,3231.2017714285716,45197.16285714286,0.06629160614285715,43.98,1.0522857142857143,5810816.0,155688.0,85228.43,2283.5078,228930875.0,3402.606,83876590.0,46589212.0,37287384.0,0.0,123.02352,68.33335,54.69017,0.0,7.007788,10.6646595,103475.6,1537.9608,GBR,Europe,68179315.0,281.814208984375,39.50400161743164,81.07440185546875,52621.1796875,0.4000000059604645,7.400000095367432,,2.4200000762939453,,main_country,2020-2022,2021,3,7,29
United Kingdom,2021-07-26,188020.0,573.0,5826245.0,1401234.0,393.9611302929635,1.2006155071687485,29607.85714285714,76.81632653061226,434.2645147264554,1.1266808199908176,29607.85714285714,434.26451142857144,76.81632571428572,1.1266808142857143,5931.428571428572,87.86128571428571,864.1428571428571,12.80042857142857,882710.2857142857,13.119714285714284,3.735932714285714,27.13602857142857,203684.5914285714,2987.483714285714,37139.18357142857,0.05447280314285714,43.98,0.9485142857142856,5998836.0,156261.0,87986.16,2291.912,234757120.0,3489.202,85277830.0,46837616.0,38440216.0,0.0,125.07874,68.69769,56.38105,0.0,11.40607,10.67252,104661.5,1555.5869,GBR,Europe,68179315.0,281.814208984375,39.50400161743164,81.07440185546875,52621.1796875,0.4000000059604645,7.400000095367432,,2.4200000762939453,,main_country,2020-2022,2021,3,7,30
United Kingdom,2021-08-02,193901.0,651.0,5504055.0,1333348.0,406.28367793285776,1.3640500788252272,26772.61224489796,90.61224489795917,392.67939616140114,1.329028384898839,26772.612285714284,392.6793971428571,90.6122457142857,1.3290283857142857,5744.0,85.08514285714286,873.4285714285714,12.938,797317.2857142857,11.850571428571428,3.2822366857142855,30.485633428571425,191738.22285714286,2812.263942857143,32558.735142857146,0.047754563714285714,43.98,0.9655571428571428,6192737.0,156912.0,90830.14,2301.4604,240261175.0,3571.009,86611176.0,47059640.0,39551536.0,0.0,127.03439,69.02334,58.01105,0.0,11.63605,10.682624,105870.805,1573.5608,GBR,Europe,68179315.0,281.814208984375,39.50400161743164,81.07440185546875,52621.1796875,0.4000000059604645,7.400000095367432,,2.4200000762939453,,main_country,2020-2022,2021,3,8,31
United Kingdom,2021-08-09,203157.0,650.0,5450202.0,1426106.0,425.6779137694266,1.3619547638039902,28620.5306122449,92.9795918367347,419.7831939532525,1.3637507481079076,28620.530285714285,419.7831885714286,92.97959285714286,1.3637507714285715,5808.0,86.033,881.1428571428571,13.052142857142856,784631.7142857143,11.662,3.5391097,28.288390142857143,199404.69142857144,2924.7095428571433,35908.061,0.052667090571428564,43.98,1.0061714285714285,6395894.0,157562.0,93809.89,2310.9941,245711377.0,3652.015,88037280.0,47333704.0,40703580.0,0.0,129.12608,69.42531,59.70078,0.0,12.964824,10.706431,107225.305,1593.6927,GBR,Europe,68179315.0,281.814208984375,39.50400161743164,81.07440185546875,52621.1796875,0.4000000059604645,7.400000095367432,,2.4200000762939453,,main_country,2020-2022,2021,3,8,32
United Kingdom,2021-08-16,232682.0,738.0,5369578.0,1464211.0,487.5420897714463,1.5463424856728383,31278.87755102041,97.6734693877551,458.7737138605808,1.4325968130914062,31278.877428571428,458.77371,97.67346857142857,1.4325968142857144,6321.571428571428,93.64057142857143,936.1428571428571,13.866857142857143,768263.7142857143,11.418714285714286,3.8472870714285716,26.058411000000003,206043.6942857143,3022.085142857143,44461.63214285714,0.06521278928571429,43.98,1.0393000000000001,6628576.0,158300.0,97222.69,2321.8186,251080955.0,3731.823,89501496.0,47690740.0,41810750.0,0.0,131.27368,69.94899,61.324688,0.0,10.508198,10.704388,108321.41,1609.9841,GBR,Europe,68179315.0,281.814208984375,39.50400161743164,81.07440185546875,52621.1796875,0.4000000059604645,7.400000095367432,,2.4200000762939453,,main_country,2020-2022,2021,3,8,33
United Kingdom,2021-08-23,244811.0,852.0,5926255.0,1250809.0,512.9561656640287,1.7852083980938456,34501.28571428572,116.63265306122449,506.03743546390444,1.710675049481276,34501.28571428572,506.03743714285713,116.63265285714286,1.7106750285714285,6842.571428571428,101.35799999999999,966.7142857142857,14.319857142857144,809990.7142857143,12.038857142857143,4.269350428571428,23.447430285714287,200101.8742857143,2934.9352714285715,53488.14357142857,0.07845215514285715,43.98,1.0416857142857143,6873387.0,159152.0,100813.375,2334.315,257007210.0,3819.905,90752300.0,48028370.0,42723936.0,0.0,133.10826,70.44419,62.664074,0.0,11.19033,10.709387,109498.5,1627.4794,GBR,Europe,68179315.0,281.814208984375,39.50400161743164,81.07440185546875,52621.1796875,0.4000000059604645,7.400000095367432,,2.4200000762939453,,main_country,2020-2022,2021,3,8,34
United Kingdom,2021-08-30,258216.0,921.0,7208278.0,972893.0,541.0438635237094,1.9297851345591925,35214.04081632653,127.08163265306122,516.49156076629,1.8639323767488898,35214.04142857143,516.4915571428571,127.08163428571427,1.8639323714285714,7419.0,109.89657142857142,1019.5714285714286,15.102571428571428,926016.0,13.763285714285713,4.0276011857142855,24.89737242857143,149300.18571428573,2189.8164428571426,38091.20357142857,0.05586915057142857,43.98,1.0345,7131603.0,160073.0,104600.69,2347.8235,264215488.0,3927.042,91725200.0,48270110.0,43455084.0,0.0,134.53523,70.79877,63.73646,0.0,7.9466386,10.683801,110258.0,1638.7678,GBR,Europe,68179315.0,281.814208984375,39.50400161743164,81.07440185546875,52621.1796875,0.4000000059604645,7.400000095367432,,2.4200000762939453,,main_country,2020-2022,2021,3,8,35
United Kingdom,2021-09-06,246171.0,1103.0,8682097.0,762169.0,515.805794092911,2.31113246842431,37677.08163265306,146.9795918367347,552.6174857088703,2.155779826135459,37677.08142857143,552.6174885714286,146.97959142857144,2.1557798142857143,7955.714285714285,117.84685714285715,1051.142857142857,15.57042857142857,1217577.142857143,18.096857142857143,3.3960268714285715,29.650674428571428,124001.75571428573,1818.759142857143,29011.000285714286,0.04255102914285714,42.78857142857142,1.0011714285714286,7377774.0,161176.0,108211.33,2364.0015,272897585.0,4056.085,92487370.0,48439270.0,44048092.0,0.0,135.65312,71.046875,64.60624,0.0,19.26248,10.770337,112283.7,1668.8759,GBR,Europe,68179315.0,281.814208984375,39.50400161743164,81.07440185546875,52621.1796875,0.4000000059604645,7.400000095367432,,2.4200000762939453,,main_country,2020-2022,2021,3,9,36
United Kingdom,2021-09-13,203289.0,1088.0,7302748.0,568021.0,425.95449535222986,2.279702743105756,30901.38775510204,152.79591836734696,453.23699358232096,2.241089080571533,30901.38757142857,453.2369942857143,152.79591857142856,2.241089028571429,7909.428571428572,117.16114285714286,1034.0,15.316571428571427,1098245.857142857,16.323428571428572,2.8974179857142857,34.574001714285714,92981.18285714286,1363.7741142857142,21885.897999999997,0.032100495285714285,41.2,0.9832428571428571,7581063.0,162264.0,111193.01,2379.9595,280200333.0,4164.625,93055384.0,48584616.0,44470772.0,0.0,136.48624,71.26005,65.2262,0.0,18.192617,10.845715,114229.6,1697.7979,GBR,Europe,68179315.0,281.814208984375,39.50400161743164,81.07440185546875,52621.1796875,0.4000000059604645,7.400000095367432,,2.4200000762939453,,main_country,2020-2022,2021,3,9,37
United Kingdom,2021-09-20,242060.0,1018.0,7236875.0,451992.0,507.19195404060605,2.1330306916191724,32267.14285714286,153.3877551020408,473.2688038467805,2.2497696713738002,32267.143285714286,473.26881,153.38775428571427,2.2497697285714287,7054.0,104.49000000000001,910.1428571428571,13.481857142857143,1027182.5714285715,15.267142857142858,2.9479753285714283,34.04168228571429,71324.65357142857,1046.1333,21576.571428571428,0.03164679971428571,41.2,1.014,7823123.0,163282.0,114743.35,2394.8906,287437208.0,4272.187,93507380.0,48740810.0,44766572.0,0.0,137.14919,71.48914,65.66005,0.0,15.332886,10.890561,115859.91,1722.029,GBR,Europe,68179315.0,281.814208984375,39.50400161743164,81.07440185546875,52621.1796875,0.4000000059604645,7.400000095367432,,2.4200000762939453,,main_country,2020-2022,2021,3,9,38
United Kingdom,2021-09-27,235286.0,895.0,7017221.0,1747618.0,492.9982900867472,1.875306944007033,34560.65306122449,134.22448979591837,506.9081885205871,1.968698127810735,34560.65214285714,506.9081885714286,134.22448714285716,1.9686981428571428,6610.285714285715,97.91728571428573,804.5714285714286,11.917714285714284,1025171.0,15.237142857142857,3.326158742857143,30.089587714285717,153293.7342857143,2248.390642857143,27150.449428571428,0.03982212085714286,40.67285714285715,1.0288142857142857,8058409.0,164177.0,118194.336,2408.0178,294454429.0,4376.485,95254990.0,48956860.0,44992044.0,1306093.0,139.71246,71.80603,65.99075,1.9156734,12.515175,10.906879,117210.805,1742.1075,GBR,Europe,68179315.0,281.814208984375,39.50400161743164,81.07440185546875,52621.1796875,0.4000000059604645,7.400000095367432,,2.4200000762939453,,main_country,2020-2022,2021,3,9,39
United Kingdom,2021-10-04,254728.0,840.0,6805772.0,1565114.0,533.7354047296352,1.760064617839003,34373.510204081635,123.6938775510204,504.1633258427667,1.814243477673843,34373.51071428571,504.16332714285716,123.69387857142858,1.814243457142857,6670.714285714285,98.81228571428572,782.2857142857143,11.587857142857143,981177.8571428572,14.583285714285713,3.4039213714285714,29.39723257142857,250232.81714285715,3670.216042857143,33445.32571428571,0.049054946714285716,39.962857142857146,1.0505857142857142,8313137.0,165017.0,121930.484,2420.3381,301260201.0,4477.639,96820110.0,49186920.0,45189180.0,2444009.0,142.00804,72.14346,66.2799,3.5846782,13.935584,10.937499,118740.305,1764.8405,GBR,Europe,68179315.0,281.814208984375,39.50400161743164,81.07440185546875,52621.1796875,0.4000000059604645,7.400000095367432,,2.4200000762939453,,main_country,2020-2022,2021,4,10,40
United Kingdom,2021-10-11,305103.0,947.0,6868578.0,2057877.0,639.2868989244445,1.9842633251113522,40195.755102040814,127.10204081632654,589.5593861868635,1.8642317074662091,40195.75571428571,589.5593799999999,127.10204,1.8642316714285714,6987.571428571428,103.50614285714286,786.5714285714286,11.651285714285715,974842.7142857143,14.489142857142857,3.8350772,26.19551985714286,264861.65142857144,3884.780128571428,32927.28571428572,0.048295125142857144,43.65428571428571,1.0676571428571429,8618240.0,165964.0,126405.49,2434.228,308128779.0,4579.727,98877980.0,49422750.0,45377412.0,4077823.0,145.02637,72.489365,66.55598,5.9810266,14.078126,10.969773,120327.2,1788.4266,GBR,Europe,68179315.0,281.814208984375,39.50400161743164,81.07440185546875,52621.1796875,0.4000000059604645,7.400000095367432,,2.4200000762939453,,main_country,2020-2022,2021,4,10,41
United Kingdom,2021-10-18,329421.0,1040.0,6675234.0,2595694.0,690.2407696108836,2.1791276220863844,46511.59183673469,144.69387755102042,682.1950592600512,2.1222547857956684,46511.59142857143,682.1950628571428,144.69387714285716,2.1222548285714287,8016.0,118.73985714285713,869.1428571428571,12.87442857142857,978834.7142857143,14.548285714285713,4.5092805857142855,22.248978857142856,332749.8742857143,4880.5107,38366.53142857143,0.056272977999999994,43.64142857142857,1.0427571428571427,8947661.0,167004.0,131237.17,2449.482,314804013.0,4678.941,101473680.0,49715228.0,45561444.0,6197008.0,148.83353,72.91834,66.825905,9.089279,14.454477,11.005335,121961.91,1812.7233,GBR,Europe,68179315.0,281.814208984375,39.50400161743164,81.07440185546875,52621.1796875,0.4000000059604645,7.400000095367432,,2.4200000762939453,,main_country,2020-2022,2021,4,10,42
United Kingdom,2021-10-25,285143.0,1227.0,6144121.0,2341224.0,597.4644111005557,2.5709515310576867,43096.32653061224,162.40816326530611,632.1026623780577,2.3820738484290453,43096.32714285714,632.1026685714286,162.40816571428573,2.3820738285714285,8889.42857142857,131.67757142857144,952.0,14.101857142857142,890263.1428571428,13.231857142857143,4.8618572,20.574042428571428,356524.2342857143,5229.214371428571,39999.715000000004,0.05866840128571428,43.63,0.9922142857142857,9232804.0,168231.0,135419.44,2467.4785,320948134.0,4770.261,103814904.0,49987324.0,45712350.0,8115229.0,152.26746,73.31744,67.04724,11.902773,13.140543,11.026661,123431.0,1834.5585,GBR,Europe,68179315.0,281.814208984375,39.50400161743164,81.07440185546875,52621.1796875,0.4000000059604645,7.400000095367432,,2.4200000762939453,,main_country,2020-2022,2021,4,10,43
United Kingdom,2021-11-01,251477.0,1234.0,6342799.0,2603051.0,526.923535595594,2.585618736206345,38873.30612244898,179.6530612244898,570.1627557045562,2.6350083045640718,38873.305714285714,570.1627485714286,179.65306428571427,2.635008271428571,9017.142857142857,133.56985714285716,1023.2857142857143,15.157571428571428,909109.2857142857,13.512142857142857,4.549001028571428,22.04759742857143,352539.21142857143,5170.7648,39319.979999999996,0.057671421142857136,43.62,0.9717857142857144,9484281.0,169465.0,139107.89,2485.578,327290933.0,4864.534,106417950.0,50262736.0,45852676.0,10302544.0,156.0854,73.72138,67.25306,15.110952,16.589203,11.0824375,125311.91,1862.5144,GBR,Europe,68179315.0,281.814208984375,39.50400161743164,81.07440185546875,52621.1796875,0.4000000059604645,7.400000095367432,,2.4200000762939453,,main_country,2020-2022,2021,4,11,44
United Kingdom,2021-11-08,266098.0,1119.0,6479492.0,3053208.0,557.5591365210988,2.3446575087641004,35653.4693877551,167.24489795918367,522.9367497716147,2.4530152284337805,35653.469999999994,522.9367628571429,167.2449,2.4530152,8516.857142857143,126.159,999.7142857142857,14.808714285714286,914719.1428571428,13.595571428571429,3.9758439285714284,25.20613342857143,415499.48,6094.216142857143,44520.224285714285,0.06529872714285714,43.607142857142854,1.0079571428571428,9750379.0,170584.0,143010.81,2501.9905,333770425.0,4960.839,109471170.0,50582504.0,46027908.0,12860751.0,160.5636,74.1904,67.51008,18.863127,16.74328,11.140967,127289.805,1891.912,GBR,Europe,68179315.0,281.814208984375,39.50400161743164,81.07440185546875,52621.1796875,0.4000000059604645,7.400000095367432,,2.4200000762939453,,main_country,2020-2022,2021,4,11,45
United Kingdom,2021-11-15,295358.0,1023.0,6733306.0,2805921.0,618.8680540424908,2.143507266725357,40779.16326530612,152.18367346938774,598.1163534028777,2.2321091590519466,40779.16357142857,598.1163585714286,152.1836742857143,2.232109128571429,8019.285714285715,118.78828571428572,928.0,13.746285714285715,933545.7142857143,13.875285714285713,4.172612028571429,24.030518285714287,410533.8914285715,6021.3849,34154.40857142857,0.05009497142857143,43.597142857142856,1.0476714285714286,10045737.0,171607.0,147342.89,2516.995,340503731.0,5060.917,112277090.0,50777470.0,46168300.0,15331311.0,164.67911,74.476364,67.715996,22.486748,15.700047,11.187918,129156.305,1919.6538,GBR,Europe,68179315.0,281.814208984375,39.50400161743164,81.07440185546875,52621.1796875,0.4000000059604645,7.400000095367432,,2.4200000762939453,,main_country,2020-2022,2021,4,11,46
United Kingdom,2021-11-22,301042.0,940.0,6953391.0,2902163.0,630.7778246232014,1.9695961199626937,42898.73469387755,137.75510204081633,629.2045423729697,2.0204823419070186,42898.735714285714,629.2045471428572,137.75510571428572,2.0204823571428574,7512.714285714285,111.28471428571429,922.1428571428571,13.659571428571429,991688.7142857143,14.739714285714285,4.368416285714286,22.89495414285714,405401.34857142856,5946.104714285714,24330.612142857142,0.03568620785714286,43.58714285714286,1.0668285714285715,10346779.0,172547.0,151758.33,2530.7822,347457122.0,5164.265,115179250.0,50941330.0,46341056.0,17896864.0,168.93576,74.71669,67.969376,26.249697,10.594974,11.181865,130417.6,1938.4005,GBR,Europe,68179315.0,281.814208984375,39.50400161743164,81.07440185546875,52621.1796875,0.4000000059604645,7.400000095367432,,2.4200000762939453,,main_country,2020-2022,2021,4,11,47
United Kingdom,2021-11-29,335799.0,941.0,7745772.0,3077075.0,703.6046888163326,1.9716914349839307,45098.91836734694,133.87755102040816,661.475087676474,1.9636095056163028,45098.91857142857,661.4750942857144,133.87755142857142,1.9636094857142858,7259.571428571428,107.53514285714286,902.0,13.361571428571429,1047922.2857142857,15.57542857142857,4.301217685714286,23.249880714285716,431283.27428571426,6325.720114285715,24388.755285714287,0.03577148771428572,43.574285714285715,1.0973285714285714,10682578.0,173488.0,156683.56,2544.584,355202894.0,5279.391,118256320.0,51118264.0,46557412.0,20580644.0,173.44897,74.97621,68.28671,30.186052,12.484334,11.195004,131901.5,1960.4558,GBR,Europe,68179315.0,281.814208984375,39.50400161743164,81.07440185546875,52621.1796875,0.4000000059604645,7.400000095367432,,2.4200000762939453,,main_country,2020-2022,2021,4,11,48
United Kingdom,2021-12-06,364101.0,940.0,8520252.0,3359775.0,762.9062945473795,1.9695961199626937,49969.489795918365,136.85714285714286,732.9127580105251,2.007311790344958,49969.49,732.9127614285715,136.8571457142857,2.0073117714285713,7272.142857142857,107.72128571428571,892.5714285714286,13.221428571428572,1165218.5714285714,17.318714285714286,4.313675128571428,23.184090142857144,451379.0857142857,6620.469528571428,23411.509857142857,0.034338142142857145,43.55857142857143,1.1571857142857145,11046679.0,174428.0,162023.9,2558.3713,363723146.0,5406.027,121616100.0,51279170.0,46775200.0,23561729.0,178.37683,75.212204,68.60615,34.55847,11.28446,11.195925,133283.0,1980.989,GBR,Europe,68179315.0,281.814208984375,39.50400161743164,81.07440185546875,52621.1796875,0.4000000059604645,7.400000095367432,,2.4200000762939453,,main_country,2020-2022,2021,4,12,49
United Kingdom,2021-12-13,606364.0,876.0,10819879.0,5912056.0,1270.5235975372966,1.8354959586035318,67687.08163265306,126.3061224489796,992.7803122201075,1.8525578094907467,67687.08071428571,992.7803085714286,126.30612285714287,1.8525578285714286,7474.285714285715,110.71557142857144,878.7142857142857,13.016142857142857,1393854.7142857143,20.717000000000002,4.442384657142857,22.62608457142857,664132.2228571429,9740.963714285714,26945.897857142856,0.039522100857142854,41.55571428571428,1.2491285714285714,11653043.0,175304.0,170917.58,2571.2197,374543025.0,5566.844,127528150.0,51498030.0,47051876.0,28978244.0,187.04816,75.533226,69.011955,42.502983,13.781573,11.222604,134993.5,2006.4122,GBR,Europe,68179315.0,281.814208984375,39.50400161743164,81.07440185546875,52621.1796875,0.4000000059604645,7.400000095367432,,2.4200000762939453,,main_country,2020-2022,2021,4,12,50
United Kingdom,2021-12-20,921736.0,855.0,10821174.0,3899589.0,1931.3272864148228,1.7914943431575565,111500.48979591837,122.67346938775509,1635.4005580126225,1.799276941807865,111500.49142857142,1635.400557142857,122.67347,1.7992769428571427,8174.0,121.08028571428572,844.8571428571429,12.51457142857143,1585585.857142857,23.56657142857143,5.971932257142858,17.155149,833405.4657142857,12223.728857142856,32484.877142857145,0.04764623685714286,41.534285714285716,1.278914285714286,12574779.0,176159.0,184436.86,2583.7603,385364199.0,5727.679,131427740.0,51663356.0,47271068.0,32493319.0,192.76776,75.7757,69.33344,47.65862,10.976873,11.219928,136447.2,2028.0187,GBR,Europe,68179315.0,281.814208984375,39.50400161743164,81.07440185546875,52621.1796875,0.4000000059604645,7.400000095367432,,2.4200000762939453,,main_country,2020-2022,2021,4,12,51
United Kingdom,2021-12-27,1292071.0,985.0,10458633.0,2049406.0,2707.2957748045933,2.0638852959183547,154617.63265306124,129.10204081632654,2267.808537722346,1.8935661177635261,154617.63428571427,2267.8084714285715,129.10204142857143,1.8935661,12648.57142857143,187.36142857142858,866.8571428571429,12.840714285714286,1498388.142857143,22.27057142857143,8.77368067142857,11.690987071428571,320680.3257142858,4703.484142857143,18490.163285714287,0.02711990185714286,43.50285714285714,1.2439571428571428,13866850.0,177144.0,203387.94,2598.2073,395822832.0,5883.126,133477150.0,51801496.0,47453496.0,34222161.0,195.77367,75.97832,69.60101,50.194347,5.234351,11.174418,136934.9,2028.3967,GBR,Europe,68179315.0,281.814208984375,39.50400161743164,81.07440185546875,52621.1796875,0.4000000059604645,7.400000095367432,,2.4200000762939453,,main_country,2020-2022,2021,4,12,52
United Kingdom,2022-01-03,1320332.0,1360.0,13036160.0,1880350.0,2766.5114726197694,2.849628428882195,200987.4489795918,171.0612244897959,2947.9241464891784,2.5089900725725376,200987.44857142857,2947.924142857143,171.0612242857143,2.5089901142857145,17882.14285714286,264.88557142857144,856.7142857142857,12.69057142857143,1740048.857142857,25.86257142857143,11.641128857142856,8.647585285714285,246776.36857142858,3619.5195714285715,20654.40814285714,0.030294244714285712,40.49571428571429,1.1068714285714285,15187182.0,178504.0,222753.52,2618.1548,408858992.0,6076.883,135357500.0,51974604.0,47718730.0,35664164.0,198.53162,76.232216,69.99004,52.30936,1.2373536,11.064243,137104.9,2030.9149,GBR,Europe,68179315.0,281.814208984375,39.50400161743164,81.07440185546875,52621.1796875,0.4000000059604645,7.400000095367432,,2.4200000762939453,,main_country,2020-2022,2022,1,1,1
United Kingdom,2022-01-10,723565.0,1648.0,10143280.0,1196813.0,1516.0966133412835,3.4530791549984245,140566.42857142858,221.93877551020407,2061.7166448713742,3.2552215508501967,140566.42857142858,2061.7166428571427,221.93877857142857,3.2552215714285713,19318.285714285714,286.15871428571427,764.1428571428571,11.319142857142856,1626276.2857142857,24.17142857142857,9.970338428571427,10.228646,218347.54857142858,3202.5482857142856,22299.632571428574,0.03270732885714286,40.19714285714286,0.9658857142857143,15910747.0,180152.0,233366.19,2642.3264,419002272.0,6227.643,136554300.0,52117864.0,47963132.0,36473316.0,200.28702,76.44234,70.34851,53.496162,-3.8865721,10.874948,136487.31,2021.7665,GBR,Europe,68179315.0,281.814208984375,39.50400161743164,81.07440185546875,52621.1796875,0.4000000059604645,7.400000095367432,,2.4200000762939453,,main_country,2020-2022,2022,1,1,2
United Kingdom,2022-01-17,730232.0,1650.0,9557666.0,818466.0,1530.06607858787,3.4572697850408987,102351.36734693879,239.9795918367347,1501.2085021232433,3.5198299049606865,102351.36571428573,1501.2085142857143,239.97959285714288,3.519829885714286,17872.571428571428,264.74357142857144,660.4285714285714,9.782857142857143,1384462.7142857143,20.577285714285715,7.531913314285715,13.353228,136171.16142857142,1997.2503571428572,18911.244714285713,0.027737511,39.03142857142858,0.9778714285714286,16640979.0,181802.0,244076.66,2666.5273,428559938.0,6369.698,137372780.0,52236576.0,48195144.0,36941059.0,201.48747,76.616455,70.688805,54.18221,-4.323971,10.694346,135834.7,2012.0996,GBR,Europe,68179315.0,281.814208984375,39.50400161743164,81.07440185546875,52621.1796875,0.4000000059604645,7.400000095367432,,2.4200000762939453,,main_country,2020-2022,2022,1,1,3
United Kingdom,2022-01-24,713559.0,1482.0,9084830.0,691899.0,1495.130891238787,3.105256861473098,103981.97959183673,220.79591836734696,1525.125026437076,3.238459030680301,103981.98,1525.1250285714286,220.79591857142856,3.2384589999999998,15929.57142857143,235.96228571428568,552.1428571428571,8.178714285714285,1330180.142857143,19.770714285714288,7.666266757142857,13.050903428571429,106636.65285714286,1564.061642857143,16054.08142857143,0.023546850714285715,37.392857142857146,1.1207571428571428,17354538.0,183284.0,254542.56,2688.264,437644768.0,6504.727,138064670.0,52345160.0,48416496.0,37303021.0,202.50229,76.77572,71.01347,54.713108,-3.891573,10.528987,135267.9,2003.7037,GBR,Europe,68179315.0,281.814208984375,39.50400161743164,81.07440185546875,52621.1796875,0.4000000059604645,7.400000095367432,,2.4200000762939453,,main_country,2020-2022,2022,1,1,4
United Kingdom,2022-01-31,588540.0,1324.0,8359979.0,520530.0,1233.17670259877,2.7741970881176665,92656.83673469388,198.51020408163262,1359.016832813499,2.9115898873673443,92656.83714285714,1359.0168857142858,198.51020285714284,2.911589914285714,14377.42857142857,212.9707142857143,478.14285714285717,7.082571428571429,1243128.5714285714,18.476714285714284,7.701729185714286,12.996043714285715,85803.30571428571,1258.4946714285713,14432.183714285713,0.021167979857142857,36.80428571428571,1.0726,17943078.0,184608.0,263174.8,2707.6833,446004747.0,6628.981,138585200.0,52437296.0,48594496.0,37553416.0,203.26576,76.91086,71.27454,55.080364,-3.3042192,10.380438,134807.11,1996.8779,GBR,Europe,68179315.0,281.814208984375,39.50400161743164,81.07440185546875,52621.1796875,0.4000000059604645,7.400000095367432,,2.4200000762939453,,main_country,2020-2022,2022,1,1,5
United Kingdom,2022-02-07,420192.0,1037.0,7179714.0,474029.0,880.434609403579,2.172841677022674,69975.40816326531,167.28571428571428,1026.343666891715,2.453613889868419,69975.40857142858,1026.3436614285715,167.28571428571428,2.4536138857142857,12586.42857142857,186.441,419.2857142857143,6.210857142857143,1104716.857142857,16.419285714285714,6.821678085714285,14.73065557142857,69436.02,1018.4323714285714,11590.08157142857,0.016999410714285713,36.455714285714286,0.8449857142857143,18363270.0,185645.0,269337.84,2722.8933,453184461.0,6735.693,139059230.0,52514096.0,48758908.0,37786235.0,203.96103,77.0235,71.515686,55.421844,-3.2596867,10.238923,134363.31,1990.3041,GBR,Europe,68179315.0,281.814208984375,39.50400161743164,81.07440185546875,52621.1796875,0.4000000059604645,7.400000095367432,,2.4200000762939453,,main_country,2020-2022,2022,1,2,6
United Kingdom,2022-02-14,316060.0,947.0,5878371.0,423047.0,662.2452656121371,1.9842633251113522,50674.10204081633,139.20408163265307,743.2474503567001,2.0417348228367076,50674.101428571434,743.2474471428571,139.2040785714286,2.041734914285714,11355.57142857143,168.20857142857145,347.57142857142856,5.148428571428572,906516.5714285715,13.473571428571429,5.839256400000001,17.166456857142858,65611.97928571429,962.34437,9784.000142857143,0.01435039342857143,30.05142857142857,0.7900857142857143,18679330.0,186592.0,273973.56,2736.7832,459062832.0,6823.064,139482290.0,52573588.0,48885892.0,38022801.0,204.58153,77.11076,71.70194,55.76882,-4.2252703,10.093686,133800.9,1981.9733,GBR,Europe,68179315.0,281.814208984375,39.50400161743164,81.07440185546875,52621.1796875,0.4000000059604645,7.400000095367432,,2.4200000762939453,,main_country,2020-2022,2022,1,2,7
United Kingdom,2022-02-21,251631.0,845.0,4796316.0,358510.0,527.2462141088645,1.7705411929451873,40568.42857142857,125.28571428571429,595.0254644158359,1.8375912736247686,40568.42857142857,595.0254557142858,125.28571142857143,1.8375912857142858,10537.714285714286,156.09357142857144,289.42857142857144,4.287142857142857,754316.7142857143,11.211571428571428,5.448185085714286,18.36227442857143,53721.38785714285,787.9426142857143,8069.795842857143,0.011836135142857142,29.052857142857142,0.8699428571428571,18930961.0,187437.0,277664.28,2749.177,463859148.0,6894.352,139840800.0,52628660.0,49000224.0,38211911.0,205.10736,77.191536,71.86963,56.046192,-4.456243,9.949607,133210.11,1973.2218,GBR,Europe,68179315.0,281.814208984375,39.50400161743164,81.07440185546875,52621.1796875,0.4000000059604645,7.400000095367432,,2.4200000762939453,,main_country,2020-2022,2022,1,2,8
United Kingdom,2022-02-28,277241.0,796.0,4571432.0,316157.0,580.9072318027416,1.667870756904579,35618.44897959184,115.95918367346938,522.4230982606944,1.7007971358097305,35618.44857142858,522.4230942857142,115.95918428571429,1.700797142857143,10416.714285714286,154.3012857142857,269.57142857142856,3.9932857142857143,653018.4285714285,9.705714285714285,5.305728757142857,18.870811285714286,46910.83714285714,688.0508628571428,6886.734728571429,0.010100915142857143,23.15,1.0489857142857144,19208202.0,188233.0,281730.62,2760.852,468430580.0,6962.297,140156940.0,52672970.0,49106830.0,38377152.0,205.57108,77.25652,72.02599,56.288555,-0.25181583,9.853096,133177.9,1972.7449,GBR,Europe,68179315.0,281.814208984375,39.50400161743164,81.07440185546875,52621.1796875,0.4000000059604645,7.400000095367432,,2.4200000762939453,,main_country,2020-2022,2022,1,2,9
United Kingdom,2022-03-07,437488.0,778.0,4895133.0,511605.0,916.6751780108925,1.6301550865223147,51513.71428571428,111.46938775510203,755.5622153979441,1.6349443779994275,51513.71428571428,755.56222,111.46938857142857,1.6349444,11726.714285714286,173.70614285714285,260.85714285714283,3.864142857142857,676368.1428571428,10.053,6.507036142857143,15.689444142857143,65438.75428571429,959.8036428571429,5500.979628571428,0.008068399571428572,23.15,1.177414285714286,19645690.0,189011.0,288147.38,2772.2632,473325713.0,7035.053,140668560.0,52708424.0,49209240.0,38513136.0,206.32146,77.308525,72.1762,56.488007,-2.9317112,9.729696,132791.7,1967.0242,GBR,Europe,68179315.0,281.814208984375,39.50400161743164,81.07440185546875,52621.1796875,0.4000000059604645,7.400000095367432,,2.4200000762939453,,main_country,2020-2022,2022,1,3,10
United Kingdom,2022-03-14,581248.0,951.0,5272752.0,288242.0,1217.8976654639105,1.9926445851963,76009.83673469388,122.83673469387756,1114.851868703783,1.8016715875464215,76009.83571428571,1114.8518857142858,122.83673571428572,1.8016715714285714,14287.714285714286,211.64185714285713,282.57142857142856,4.1855714285714285,736737.7142857143,10.950285714285714,9.233333357142858,10.994754571428572,50761.36714285715,744.5273900000001,5032.959185714286,0.007381944471428571,21.958571428571428,1.1945857142857144,20226938.0,189962.0,296672.66,2786.2117,478598465.0,7113.423,140956800.0,52747250.0,49312976.0,38648211.0,206.74423,77.36547,72.328354,56.686123,-2.338561,9.617615,132492.5,1962.5922,GBR,Europe,68179315.0,281.814208984375,39.50400161743164,81.07440185546875,52621.1796875,0.4000000059604645,7.400000095367432,,2.4200000762939453,,main_country,2020-2022,2022,1,3,11
United Kingdom,2022-03-21,606372.0,1176.0,5186052.0,578250.0,1270.5403600574666,2.464090464974604,85946.08163265305,157.67346938775512,1260.5888110294604,2.3126291220109074,85946.08142857142,1260.588842857143,157.67346999999998,2.3126290857142857,16986.0,251.61100000000002,324.14285714285717,4.801428571428572,750229.0,11.150571428571428,11.064107857142858,9.052860285714285,92970.81571428571,1363.6220514285712,5176.602042857143,0.007592628357142857,20.37,1.0967142857142858,20833310.0,191138.0,305566.44,2803.4602,483784517.0,7190.503,141763440.0,52783240.0,49393056.0,38761519.0,207.92735,77.41827,72.44581,56.852314,2.019248,9.551384,132737.11,1966.2153,GBR,Europe,68179315.0,281.814208984375,39.50400161743164,81.07440185546875,52621.1796875,0.4000000059604645,7.400000095367432,,2.4200000762939453,,main_country,2020-2022,2022,1,3,12
United Kingdom,2022-03-28,478671.0,1272.0,4464876.0,806294.0,1002.966536530492,2.6652407070133473,78076.04081632652,172.44897959183672,1145.1573078480847,2.5293445613502676,78076.04000000001,1145.1573071428572,172.44897999999998,2.529344571428571,19257.285714285714,285.2552857142857,355.2857142857143,5.262714285714286,688399.8571428572,10.231571428571428,11.548465142857143,8.662827428571429,105343.98,1545.1017714285715,5891.969428571429,0.008641872471428572,20.37,0.9531857142857143,21311981.0,192410.0,312587.2,2822.117,488249393.0,7256.865,142569740.0,52826860.0,49478290.0,38866665.0,209.10995,77.48224,72.570816,57.006535,-1.7774439,9.457147,132529.9,1963.1461,GBR,Europe,68179315.0,281.814208984375,39.50400161743164,81.07440185546875,52621.1796875,0.4000000059604645,7.400000095367432,,2.4200000762939453,,main_country,2020-2022,2022,1,3,13
United Kingdom,2022-04-04,299046.0,1426.0,3367608.0,959956.0,626.5955758408124,2.9879192202838314,52523.26530612245,193.32653061224488,770.3695073223081,2.8355598851681765,52523.265,770.3695085714286,193.32653142857143,2.835559842857143,19812.714285714286,293.4827142857143,361.0,5.3472857142857135,540950.8571428572,8.040142857142857,10.45486742857143,9.615576285714285,126096.08428571429,1849.4771285714285,10327.551000000001,0.015147631285714286,20.37,0.8247142857142856,21611027.0,193836.0,316973.38,2843.0325,491617001.0,7306.917,143529700.0,52925736.0,49556710.0,38974239.0,210.51794,77.62726,72.685844,57.164314,4.1514716,9.412887,133019.31,1970.3955,GBR,Europe,68179315.0,281.814208984375,39.50400161743164,81.07440185546875,52621.1796875,0.4000000059604645,7.400000095367432,,2.4200000762939453,,main_country,2020-2022,2022,2,4,14
United Kingdom,2022-04-11,209920.0,1340.0,2533029.0,791265.0,439.84852925805177,2.807722128457457,35514.38775510204,201.12244897959184,520.896810933082,2.9499042191842473,35514.38814285714,520.8968114285715,201.12244857142858,2.949904228571429,18382.714285714286,272.30057142857146,349.7142857142857,5.180428571428571,408899.28571428574,6.077285714285714,8.966769571428571,11.171531857142856,135828.63,1992.2264,16673.04042857143,0.024454690857142858,20.37,0.7684571428571428,21820947.0,195176.0,320052.3,2862.6865,494150030.0,7344.566,144320960.0,53035856.0,49625700.0,39069045.0,211.67851,77.78878,72.78703,57.30337,-5.996908,9.282853,132298.11,1959.7125,GBR,Europe,68179315.0,281.814208984375,39.50400161743164,81.07440185546875,52621.1796875,0.4000000059604645,7.400000095367432,,2.4200000762939453,,main_country,2020-2022,2022,2,4,15
United Kingdom,2022-04-18,146688.0,1137.0,2333365.0,1024333.0,307.3575698351996,2.3823731791463643,24554.85714285714,176.16326530612244,360.1511271102848,2.5838227519024275,24554.856714285714,360.15112714285715,176.1632642857143,2.583822714285714,16239.285714285714,240.55014285714287,331.85714285714283,4.9157142857142855,336295.4285714286,4.998142857142858,8.039574671428571,12.533662428571429,113367.16285714286,1662.7794285714285,14110.122428571429,0.020695605714285716,11.374285714285715,0.7893285714285714,21967635.0,196313.0,322203.8,2879.363,496483395.0,7379.247,145345300.0,53152044.0,49697444.0,39173584.0,213.18092,77.95919,72.89226,57.4567,1.9937145,9.222205,132536.5,1963.2439,GBR,Europe,68179315.0,281.814208984375,39.50400161743164,81.07440185546875,52621.1796875,0.4000000059604645,7.400000095367432,,2.4200000762939453,,main_country,2020-2022,2022,2,4,16
United Kingdom,2022-04-25,94269.0,904.0,2056657.0,883937.0,197.5232517369821,1.894164779198165,16677.755102040817,144.83673469387756,244.61605550071627,2.1243501008169057,16677.755285714284,244.61606,144.8367342857143,2.1243501142857144,12913.285714285714,191.2827142857143,308.57142857142856,4.570714285714286,314049.71428571426,4.667857142857143,6.080046085714286,16.724390714285715,146184.49142857143,2144.117957142857,14816.755000000001,0.021732038571428573,11.11,0.7415571428571429,22061904.0,197217.0,323586.47,2892.6223,498540052.0,7409.815,146229230.0,53242210.0,49762476.0,39300955.0,214.4774,78.09144,72.98765,57.643517,17.752378,9.2925625,134658.31,1994.6738,GBR,Europe,68179315.0,281.814208984375,39.50400161743164,81.07440185546875,52621.1796875,0.4000000059604645,7.400000095367432,,2.4200000762939453,,main_country,2020-2022,2022,2,4,17
United Kingdom,2022-05-02,73460.0,712.0,1778170.0,654456.0,153.92184146006326,1.4918642951206789,11282.57142857143,113.24489795918366,165.48378974724852,1.660986150406229,11282.57142857143,165.48379,113.24489857142858,1.6609861857142858,10551.42857142857,156.29671428571427,254.85714285714286,3.7752857142857144,262325.71428571426,3.899,4.6257111857142865,21.777908857142855,100719.7957142857,1477.2779285714284,11613.938857142857,0.017034401857142858,11.11,0.7891285714285715,22135364.0,197929.0,324663.94,2903.0652,500318222.0,7436.244,146883680.0,53317460.0,49821052.0,39415043.0,215.43732,78.20181,73.073555,57.810852,-0.92291325,9.212684,134552.9,1993.1125,GBR,Europe,68179315.0,281.814208984375,39.50400161743164,81.07440185546875,52621.1796875,0.4000000059604645,7.400000095367432,,2.4200000762939453,,main_country,2020-2022,2022,2,5,18
United Kingdom,2022-05-09,60338.0,592.0,1738961.0,626283.0,126.42711775139256,1.2404264925722497,9637.0,92.53061224489797,141.3478560176206,1.3571654723268776,9636.999714285714,141.34785428571428,92.53061142857143,1.3571654857142856,8421.42857142857,124.74528571428571,199.14285714285714,2.949857142857143,255386.14285714287,3.7958571428571433,4.002522314285715,25.053005285714285,97398.10285714285,1428.5579142857143,10149.163428571428,0.014885986,11.11,0.8467857142857144,22195702.0,198521.0,325548.9,2911.7483,502057183.0,7462.09,147509970.0,53382948.0,49877776.0,39535712.0,216.3559,78.29787,73.15675,57.98784,23.828926,9.321886,137172.7,2031.9192,GBR,Europe,68179315.0,281.814208984375,39.50400161743164,81.07440185546875,52621.1796875,0.4000000059604645,7.400000095367432,,2.4200000762939453,,main_country,2020-2022,2022,2,5,19
United Kingdom,2022-05-16,52075.0,441.0,1213164.0,504505.0,109.11352973091199,0.9240339243654765,7913.34693877551,70.75510204081633,116.06668296352801,1.0377795969469088,7913.3469,116.06668285714285,70.75510142857142,1.037779617142857,6674.142857142857,98.86300000000001,188.85714285714286,2.797571428571428,258092.5,3.8360000000000003,3.3908980428571427,29.695843142857143,78116.93714285715,1145.7571571428573,8635.204042857144,0.012665430857142859,11.11,0.9226571428571428,22247777.0,198962.0,326312.72,2918.2166,503270347.0,7480.121,148014460.0,53436650.0,49925516.0,39642789.0,217.09586,78.376625,73.22678,58.144894,11.925189,9.342345,138562.7,2052.509,GBR,Europe,68179315.0,281.814208984375,39.50400161743164,81.07440185546875,52621.1796875,0.4000000059604645,7.400000095367432,,2.4200000762939453,,main_country,2020-2022,2022,2,5,20
United Kingdom,2022-05-23,42463.0,346.0,,420876.0,88.97336174678284,0.7249789973479702,6559.857142857143,55.51020408163265,96.2147704601776,0.8141795511091986,6559.8571999999995,96.2147707142857,55.510203857142855,0.8141795557142857,5454.285714285715,80.79357142857143,,,,,3.0568754666666664,32.71595666666666,65064.102857142854,954.3085271428572,6199.775585714286,0.009093338071428573,11.11,1.0079714285714287,22290240.0,199308.0,326935.53,2923.2913,,,148435340.0,53472490.0,49986830.0,39724316.0,217.71317,78.42919,73.31671,58.26447,7.9307923,9.331592,139465.7,2065.885,GBR,Europe,68179315.0,281.814208984375,39.50400161743164,81.07440185546875,52621.1796875,0.4000000059604645,7.400000095367432,,2.4200000762939453,,main_country,2020-2022,2022,2,5,21
United Kingdom,2022-05-30,44731.0,266.0,,251890.0,93.72553621494815,0.5573537956490175,6124.081632653061,41.693877551020414,89.82316165325305,0.6115326554838577,6124.081671428571,89.82316200000001,41.693876714285715,0.6115326457142858,4876.428571428572,72.23371428571429,,,,,,,48248.30642857143,707.6678057142857,5922.938742857143,0.008687295857142856,11.11,1.1846857142857143,22334971.0,199574.0,327591.6,2927.1929,,,148687230.0,53505424.0,50025630.0,39782009.0,218.08263,78.4775,73.37362,58.34909,-17.397495,9.161785,137803.31,2041.2603,GBR,Europe,68179315.0,281.814208984375,39.50400161743164,81.07440185546875,52621.1796875,0.4000000059604645,7.400000095367432,,2.4200000762939453,,main_country,2020-2022,2022,2,5,22
United Kingdom,2022-06-06,74352.0,258.0,,294061.0,155.7908624590066,0.5405912754791223,8664.795918367347,36.89795918367347,127.0883393059515,0.5411899369137615,8664.795842857142,127.08833928571428,36.897959428571426,0.5411899471428571,5222.0,77.3527142857143,,,,,,,36100.877857142856,529.4989814285715,3945.285728571428,0.005786631485714286,11.11,1.386442857142857,22409323.0,199832.0,328682.12,2930.977,,,148981300.0,53539970.0,50069860.0,39850810.0,218.51393,78.528175,73.43849,58.45,16.26747,9.215383,139662.9,2068.8062,GBR,Europe,68179315.0,281.814208984375,39.50400161743164,81.07440185546875,52621.1796875,0.4000000059604645,7.400000095367432,,2.4200000762939453,,main_country,2020-2022,2022,2,6,23
United Kingdom,2022-06-13,96164.0,299.0,,241991.0,201.49387370222604,0.6264991913498356,12377.102040816328,39.0,181.53749477853108,0.572021000797676,12377.101857142858,181.53749,39.000000428571425,0.5720209885714286,6221.285714285715,92.155,,,,,,,37515.24428571429,550.2437871428572,4425.265285714286,0.006490627428571428,11.11,1.3482714285714283,22505487.0,200131.0,330092.6,2935.3625,,,149223300.0,53568336.0,50111304.0,39907229.0,218.86887,78.56978,73.499275,58.532753,14.044665,9.249584,141181.11,2091.2952,GBR,Europe,68179315.0,281.814208984375,39.50400161743164,81.07440185546875,52621.1796875,0.4000000059604645,7.400000095367432,,2.4200000762939453,,main_country,2020-2022,2022,2,6,24
United Kingdom,2022-06-20,130271.0,380.0,,330775.0,272.9587831315533,0.7962197080700252,16396.591836734693,49.40816326530613,240.49217620820468,0.7246796666306506,16396.592142857142,240.49217285714286,49.40816285714286,0.7246796628571428,8132.714285714285,120.46900000000001,,,,,,,45572.775714285715,668.4252485714286,4335.408128571428,0.006358831942857143,11.11,1.2711857142857144,22635758.0,200511.0,332003.3,2940.936,,,149554060.0,53601172.0,50160210.0,39965236.0,219.35402,78.617935,73.57101,58.617832,13.772236,9.281377,142669.31,2113.3396,GBR,Europe,68179315.0,281.814208984375,39.50400161743164,81.07440185546875,52621.1796875,0.4000000059604645,7.400000095367432,,2.4200000762939453,,main_country,2020-2022,2022,2,6,25
United Kingdom,2022-06-27,160214.0,513.0,,314651.0,335.69880081245003,1.074896605894534,20918.285714285714,65.38775510204081,306.812787929678,0.9590556182918648,20918.286,306.81279,65.3877542857143,0.9590556100000001,11081.285714285714,164.14542857142857,,,,,,,42463.42928571429,622.8198157142857,4614.551085714285,0.006768256542857142,11.11,1.1081285714285714,22795972.0,201024.0,334353.2,2948.4602,,,149868720.0,53629720.0,50227780.0,40023211.0,219.81552,78.659805,73.67011,58.702866,10.547835,9.290141,143799.11,2130.0752,GBR,Europe,68179315.0,281.814208984375,39.50400161743164,81.07440185546875,52621.1796875,0.4000000059604645,7.400000095367432,,2.4200000762939453,,main_country,2020-2022,2022,2,6,26
United Kingdom,2022-07-04,195623.0,679.0,,242972.0,409.8918103994277,1.4227188994198607,26302.306122448976,84.93877551020408,385.7813197807719,1.2458144454840017,26302.306,385.7813171428571,84.93877571428571,1.2458144571428573,14408.0,213.42357142857142,,,,,,,38858.489285714284,569.9454357142857,3997.714257142857,0.0058635296285714286,11.11,0.9495714285714286,22991595.0,201703.0,337222.44,2958.4192,,,150111680.0,53656588.0,50307270.0,40078099.0,220.17189,78.69922,73.78671,58.78337,10.0,9.294964,144858.11,2145.762,GBR,Europe,68179315.0,281.814208984375,39.50400161743164,81.07440185546875,52621.1796875,0.4000000059604645,7.400000095367432,,2.4200000762939453,,main_country,2020-2022,2022,3,7,27
United Kingdom,2022-07-11,166429.0,873.0,,216126.0,348.7211836694374,1.829210013539821,26051.020408163262,115.55102040816327,382.0956606584162,1.694810521463339,26051.02085714286,382.0956614285714,115.55102142857143,1.6948105000000002,16539.14285714286,244.99185714285713,,,,,,,31994.244857142858,469.2661585714286,3484.0612,0.005110144085714286,11.11,0.9802285714285714,23158024.0,202576.0,339663.5,2971.2236,,,150327800.0,53679210.0,50383624.0,40130299.0,220.48889,78.73239,73.8987,58.859932,12.5259,9.316828,146188.11,2165.4631,GBR,Europe,68179315.0,281.814208984375,39.50400161743164,81.07440185546875,52621.1796875,0.4000000059604645,7.400000095367432,,2.4200000762939453,,main_country,2020-2022,2022,3,7,28
United Kingdom,2022-07-18,110346.0,1067.0,,183056.0,231.20963133340788,2.235701127659781,19074.897959183672,141.20408163265307,279.7754415570716,2.071069233134024,19074.897999999997,279.77544142857147,141.2040785714286,2.0710692571428573,15916.57142857143,235.76985714285712,,,,,,,27737.816571428575,406.83623857142857,3013.734685714286,0.0044203065285714285,11.11,1.0700142857142858,23268370.0,203643.0,341281.97,2986.8738,,,150510860.0,53700196.0,50454744.0,40174494.0,220.75739,78.763176,74.003006,58.924755,19.01395,9.381081,148178.11,2194.9407,GBR,Europe,68179315.0,281.814208984375,39.50400161743164,81.07440185546875,52621.1796875,0.4000000059604645,7.400000095367432,,2.4200000762939453,,main_country,2020-2022,2022,3,7,29
United Kingdom,2022-07-25,74614.0,852.0,,182945.0,156.33983499457068,1.785208398093846,12730.551020408164,135.30612244897958,186.7216034717885,1.9845626558286718,12730.551000000001,186.72160285714287,135.30612285714287,1.9845626857142857,13727.285714285714,203.34028571428573,,,,,,,27621.469142857142,405.12975857142857,3505.326557142857,0.005141334385714285,11.11,1.0369142857142857,23342984.0,204495.0,342376.34,2999.37,,,150693810.0,53723890.0,50526812.0,40219929.0,221.02571,78.79793,74.10871,58.991394,20.424225,9.453446,150306.11,2226.4624,GBR,Europe,68179315.0,281.814208984375,39.50400161743164,81.07440185546875,52621.1796875,0.4000000059604645,7.400000095367432,,2.4200000762939453,,main_country,2020-2022,2022,3,7,30
United Kingdom,2022-08-01,56953.0,649.0,,151734.0,119.33447640450564,1.3598594487827533,9118.408163265307,104.0,133.7415631598133,1.5253893354604693,9118.408142857143,133.74156,104.00000285714286,1.525389357142857,11423.0,169.20700000000002,,,,,,,23274.693857142855,341.37471,2958.4490285714282,0.0043392177714285714,11.11,1.0220571428571428,23399937.0,205144.0,343211.7,3008.8892,,,150845550.0,53742610.0,50582532.0,40256647.0,221.24826,78.825386,74.19044,59.04525,16.749567,9.500927,152050.5,2252.302,GBR,Europe,68179315.0,281.814208984375,39.50400161743164,81.07440185546875,52621.1796875,0.4000000059604645,7.400000095367432,,2.4200000762939453,,main_country,2020-2022,2022,3,8,31
United Kingdom,2022-08-08,45624.0,636.0,,111421.0,95.5966525289127,1.3326203535066736,7133.734693877551,90.0204081632653,104.63195023120356,1.3203477940965718,7133.734714285713,104.63195057142856,90.02040714285714,1.3203478142857143,9992.714285714286,148.02057142857143,,,,,,,18423.163285714287,270.2163128571429,2372.1837142857144,0.0034793304285714284,11.11,1.0426,23445561.0,205780.0,343880.84,3018.2175,,,150956980.0,53757748.0,50627204.0,40288940.0,221.41168,78.847595,74.25596,59.092613,12.652105,9.521407,153375.11,2271.923,GBR,Europe,68179315.0,281.814208984375,39.50400161743164,81.07440185546875,52621.1796875,0.4000000059604645,7.400000095367432,,2.4200000762939453,,main_country,2020-2022,2022,3,8,32
United Kingdom,2022-08-15,35449.0,530.0,,113176.0,74.27682218782716,1.1105169612555614,5731.34693877551,87.38775510204081,84.06284132915549,1.2817341315623487,5731.346957142857,84.06283985714286,87.38775714285714,1.2817341285714288,8848.57142857143,131.07257142857142,,,,,,,16600.448714285714,243.48219142857144,2912.734642857143,0.004272167728571428,7.938571428571428,1.0493428571428571,23481010.0,206310.0,344400.78,3025.9912,,,151070140.0,53778336.0,50671640.0,40321218.0,221.57768,78.87779,74.32113,59.139957,19.365149,9.584871,155399.31,2301.9072,GBR,Europe,68179315.0,281.814208984375,39.50400161743164,81.07440185546875,52621.1796875,0.4000000059604645,7.400000095367432,,2.4200000762939453,,main_country,2020-2022,2022,3,8,33
United Kingdom,2022-08-22,29390.0,425.0,,102341.0,61.58130847415273,0.890508884025686,4507.530612244898,66.6734693877551,66.11287620365353,0.9779134534829971,4507.530628571429,66.11287642857143,66.67346671428571,0.9779134614285715,7409.428571428572,109.75471428571429,,,,,,,14895.67342857143,218.47789714285713,2323.1428571428573,0.0034074012857142856,5.56,1.0874428571428572,23510400.0,206735.0,344831.88,3032.2246,,,151172480.0,53794736.0,50714264.0,40351159.0,221.72778,78.90185,74.38365,59.183872,17.097376,9.633398,157201.5,2328.603,GBR,Europe,68179315.0,281.814208984375,39.50400161743164,81.07440185546875,52621.1796875,0.4000000059604645,7.400000095367432,,2.4200000762939453,,main_country,2020-2022,2022,3,8,34
United Kingdom,2022-08-29,29213.0,383.0,,76333.0,61.2104377153938,0.8025056531337358,4076.673469387755,55.44897959183674,59.79340609960302,0.8132815589572399,4076.673385714286,59.79340571428571,55.44898014285714,0.81328156,6657.0,98.60914285714286,,,,,,,12063.877428571428,176.94336285714286,2002.9388142857144,0.002937751357142857,5.56,0.9774571428571429,23539613.0,207118.0,345260.34,3037.8423,,,151248820.0,53806964.0,50745900.0,40373987.0,221.83975,78.91978,74.43005,59.217354,6.4993587,9.6151085,157824.11,2337.8254,GBR,Europe,68179315.0,281.814208984375,39.50400161743164,81.07440185546875,52621.1796875,0.4000000059604645,7.400000095367432,,2.4200000762939453,,main_country,2020-2022,2022,3,8,35
United Kingdom,2022-09-05,28943.0,324.0,,,60.64470265965984,0.6788820668807583,4262.020408163265,49.46938775510204,62.51192767429924,0.7255776587826094,4262.020428571429,62.51192842857143,49.46938757142857,0.7255776657142857,6024.428571428572,89.23914285714285,,,,,,,,,,,5.56,0.7816571428571429,23568556.0,207442.0,345684.84,3042.5945,,,151248820.0,53806964.0,50745900.0,40373987.0,221.83975,78.91978,74.43005,59.217354,15.731338,9.654125,159481.9,2362.382,GBR,Europe,68179315.0,281.814208984375,39.50400161743164,81.07440185546875,52621.1796875,0.4000000059604645,7.400000095367432,,2.4200000762939453,,main_country,2020-2022,2022,3,9,36
United Kingdom,2022-09-12,31812.0,305.0,,,66.65616145558852,0.6390710814772571,4279.102040816327,44.06122448979592,62.76246748469571,0.6462550186929265,4279.102,62.76246642857143,44.061223857142856,0.6462550257142857,5612.285714285715,83.13414285714286,,,,,,,,,,,5.56,0.7481857142857142,23600368.0,207747.0,346151.44,3047.0679,,,151248820.0,53806964.0,50745900.0,40373987.0,221.83975,78.91978,74.43005,59.217354,13.276731,9.677477,160904.9,2383.461,GBR,Europe,68179315.0,281.814208984375,39.50400161743164,81.07440185546875,52621.1796875,0.4000000059604645,7.400000095367432,,2.4200000762939453,,main_country,2020-2022,2022,3,9,37
United Kingdom,2022-09-19,42707.0,320.0,,,89.48461861196463,0.6705008067958106,5181.020408163265,44.0,75.99108920591627,0.6453570265409677,5181.020428571428,75.99108857142858,44.00000057142857,0.64535702,6463.285714285715,95.73971428571429,,,,,,,,,,,5.56,0.7842714285714285,23643075.0,208067.0,346777.84,3051.7615,,,151248820.0,53806964.0,50745900.0,40373987.0,221.83975,78.91978,74.43005,59.217354,-5.8810244,9.578411,160278.31,2374.1792,GBR,Europe,68179315.0,281.814208984375,39.50400161743164,81.07440185546875,52621.1796875,0.4000000059604645,7.400000095367432,,2.4200000762939453,,main_country,2020-2022,2022,3,9,38
United Kingdom,2022-09-26,53755.0,417.0,,,112.63365896659,0.8737463638557907,7175.061224489796,52.755102040816325,105.23809493377567,0.7737699042710583,7175.061185714286,105.23809342857143,52.755102571428566,0.7737699028571428,8669.714285714286,128.4232857142857,,,,,,,,,,,5.56,0.8352714285714286,23696830.0,208484.0,347566.28,3057.8777,,,151248820.0,53806964.0,50745900.0,40373987.0,221.83975,78.91978,74.43005,59.217354,15.652737,9.617422,161971.31,2399.2573,GBR,Europe,68179315.0,281.814208984375,39.50400161743164,81.07440185546875,52621.1796875,0.4000000059604645,7.400000095367432,,2.4200000762939453,,main_country,2020-2022,2022,3,9,39
United Kingdom,2022-10-03,67496.0,617.0,,,141.42538267340638,1.2928093681031725,8846.510204081633,74.89795918367348,129.75358001296482,1.098543732562779,8846.510185714285,129.7535814285714,74.89795857142857,1.0985437471428572,11245.42857142857,166.5767142857143,,,,,,,,,,,5.56,0.8962000000000001,23764326.0,209101.0,348556.25,3066.9272,,,151248820.0,53806964.0,50745900.0,40373987.0,221.83975,78.91978,74.43005,59.217354,16.518446,9.662193,163787.9,2426.1663,GBR,Europe,68179315.0,281.814208984375,39.50400161743164,81.07440185546875,52621.1796875,0.4000000059604645,7.400000095367432,,2.4200000762939453,,main_country,2020-2022,2022,4,10,40
United Kingdom,2022-10-10,60442.0,751.0,,,126.64503051360121,1.573581580948918,9156.020408163266,99.36734693877551,134.29322967183325,1.4574412626289295,9156.020142857144,134.29322857142856,99.36734714285714,1.4574412714285714,12193.857142857143,180.6257142857143,,,,,,,,,,,5.56,0.9593571428571428,23824768.0,209852.0,349442.75,3077.9424,,,151248820.0,53806964.0,50745900.0,40373987.0,221.83975,78.91978,74.43005,59.217354,17.50487,9.7141,165764.9,2455.4514,GBR,Europe,68179315.0,281.814208984375,39.50400161743164,81.07440185546875,52621.1796875,0.4000000059604645,7.400000095367432,,2.4200000762939453,,main_country,2020-2022,2022,4,10,41
United Kingdom,2022-10-17,52930.0,778.0,,,110.90502407406954,1.6301550865223147,8132.0,111.59183673469387,119.27371226888977,1.6367403623033447,8132.000142857143,119.27371114285714,111.59183857142857,1.6367403571428571,11843.57142857143,175.43714285714285,,,,,,,,,,,5.56,1.0295571428571428,23877698.0,210630.0,350219.1,3089.3535,,,151248820.0,53806964.0,50745900.0,40373987.0,221.83975,78.91978,74.43005,59.217354,19.245974,9.776977,167945.7,2487.7551,GBR,Europe,68179315.0,281.814208984375,39.50400161743164,81.07440185546875,52621.1796875,0.4000000059604645,7.400000095367432,,2.4200000762939453,,main_country,2020-2022,2022,4,10,42
United Kingdom,2022-10-24,37668.0,725.0,,,78.92632621995186,1.5191033903967583,6298.163265306122,108.91836734693878,92.37645267198889,1.5975280383344828,6298.163242857142,92.37645085714287,108.91836714285715,1.5975280142857142,10470.42857142857,155.09685714285715,,,,,,,,,,,5.56,1.0986285714285713,23915366.0,211355.0,350771.6,3099.987,,,151248820.0,53806964.0,50745900.0,40373987.0,221.83975,78.91978,74.43005,59.217354,14.92796,9.810349,169617.9,2512.5251,GBR,Europe,68179315.0,281.814208984375,39.50400161743164,81.07440185546875,52621.1796875,0.4000000059604645,7.400000095367432,,2.4200000762939453,,main_country,2020-2022,2022,4,10,43
United Kingdom,2022-10-31,28331.0,625.0,,,59.362369866662846,1.3095718882730676,4605.34693877551,94.38775510204083,67.54756833176617,1.384404567602957,4605.346928571429,67.54756814285714,94.3877542857143,1.3844045428571428,8343.285714285714,123.58785714285715,,,,,,,,,,,5.56,1.1090428571428572,23943697.0,211980.0,351187.12,3109.154,,,151248820.0,53806964.0,50745900.0,40373987.0,221.83975,78.91978,74.43005,59.217354,18.362677,9.866175,171703.9,2543.4248,GBR,Europe,68179315.0,281.814208984375,39.50400161743164,81.07440185546875,52621.1796875,0.4000000059604645,7.400000095367432,,2.4200000762939453,,main_country,2020-2022,2022,4,10,44
United Kingdom,2022-11-07,23756.0,471.0,,,49.77630364450399,0.9868933750025838,3601.4897959183677,76.89795918367348,52.82378967753442,1.1278781428600957,3601.489785714286,52.82378942857143,76.89795857142857,1.1278781371428572,6754.857142857143,100.05885714285715,,,,,,,,,,,5.56,1.1333,23967453.0,212451.0,351535.56,3116.0625,,,151248820.0,53806964.0,50745900.0,40373987.0,221.83975,78.91978,74.43005,59.217354,11.035066,9.87407,173009.9,2562.7705,GBR,Europe,68179315.0,281.814208984375,39.50400161743164,81.07440185546875,52621.1796875,0.4000000059604645,7.400000095367432,,2.4200000762939453,,main_country,2020-2022,2022,4,11,45
United Kingdom,2022-11-14,21872.0,398.0,,,45.828730144493655,0.8339353784522895,3223.7551020408164,60.04081632653061,47.283477430666714,0.8806309703541405,3223.7551714285714,47.28347742857142,60.04081614285714,0.8806309800000001,6018.571428571428,89.152,,,,,,,,,,,5.56,1.1849857142857143,23989325.0,212849.0,351856.34,3121.9,,,151248820.0,53806964.0,50745900.0,40373987.0,221.83975,78.91978,74.43005,59.217354,11.297686,9.883681,174355.5,2582.7026,GBR,Europe,68179315.0,281.814208984375,39.50400161743164,81.07440185546875,52621.1796875,0.4000000059604645,7.400000095367432,,2.4200000762939453,,main_country,2020-2022,2022,4,11,46
United Kingdom,2022-11-21,22911.0,387.0,,,48.0057624515588,0.8108869132186836,3181.5918367346935,57.795918367346935,46.6650601686845,0.8477045914489892,3181.5918142857145,46.66505942857143,57.79591857142857,0.84770459,5677.0,84.09285714285714,,,,,,,,,,,5.56,1.1415714285714285,24012236.0,213236.0,352192.4,3127.5762,,,151248820.0,53806964.0,50745900.0,40373987.0,221.83975,78.91978,74.43005,59.217354,9.9559,9.884167,175542.9,2600.2913,GBR,Europe,68179315.0,281.814208984375,39.50400161743164,81.07440185546875,52621.1796875,0.4000000059604645,7.400000095367432,,2.4200000762939453,,main_country,2020-2022,2022,4,11,47
United Kingdom,2022-11-28,26105.0,374.0,,,54.69819862938949,0.7836478179426036,3521.061224489796,53.06122448979592,51.644127320578036,0.7782598650308516,3521.0612,51.64412828571428,53.06122428571428,0.7782598657142856,6025.857142857143,89.26014285714287,,,,,,,,,,,5.56,0.9836285714285714,24038341.0,213610.0,352575.28,3133.0618,,,151248820.0,53806964.0,50745900.0,40373987.0,221.83975,78.91978,74.43005,59.217354,8.196171,9.872924,176518.9,2614.7488,GBR,Europe,68179315.0,281.814208984375,39.50400161743164,81.07440185546875,52621.1796875,0.4000000059604645,7.400000095367432,,2.4200000762939453,,main_country,2020-2022,2022,4,11,48
United Kingdom,2022-12-05,31048.0,450.0,,,65.05534077936353,0.9428917595566088,4067.775510204082,57.693877551020414,59.66289790685168,0.8462079378623913,4067.775557142857,59.66289742857143,57.69387699999999,0.8462079385714285,6850.285714285715,101.47228571428572,,,,,,,,,,,5.56,0.8168142857142857,24069389.0,214060.0,353030.66,3139.6619,,,151248820.0,53806964.0,50745900.0,40373987.0,221.83975,78.91978,74.43005,59.217354,8.892401,9.866243,177609.5,2630.9036,GBR,Europe,68179315.0,281.814208984375,39.50400161743164,81.07440185546875,52621.1796875,0.4000000059604645,7.400000095367432,,2.4200000762939453,,main_country,2020-2022,2022,4,12,49
United Kingdom,2022-12-12,41009.0,522.0,,,85.92677370590437,1.093754441085666,5162.061224489796,70.79591836734694,75.7130109695264,1.0383782583815477,5162.061185714286,75.71301014285714,70.79591857142857,1.0383782514285715,8411.0,124.59100000000001,,,,,,,,,,,5.56,0.6502142857142857,24110398.0,214582.0,353632.16,3147.318,,,151248820.0,53806964.0,50745900.0,40373987.0,221.83975,78.91978,74.43005,59.217354,13.162929,9.888857,179246.11,2655.1462,GBR,Europe,68179315.0,281.814208984375,39.50400161743164,81.07440185546875,52621.1796875,0.4000000059604645,7.400000095367432,,2.4200000762939453,,main_country,2020-2022,2022,4,12,50
United Kingdom,2022-12-19,48639.0,763.0,,,101.91402731794199,1.5987253612037609,6605.408163265306,93.28571428571429,96.88287662123484,1.3682407088677009,6605.408185714286,96.88287614285714,93.28571428571429,1.3682406857142857,10592.142857142857,156.9,,,,,,,,,,,5.56,0.4764857142857143,24159037.0,215345.0,354345.56,3158.5093,,,151248820.0,53806964.0,50745900.0,40373987.0,221.83975,78.91978,74.43005,59.217354,24.777613,9.9970255,182532.9,2703.8333,GBR,Europe,68179315.0,281.814208984375,39.50400161743164,81.07440185546875,52621.1796875,0.4000000059604645,7.400000095367432,,2.4200000762939453,,main_country,2020-2022,2022,4,12,51
United Kingdom,2022-12-26,41644.0,971.0,,,87.2572987443898,2.034550885621038,6100.551020408164,127.18367346938774,89.4780333361836,1.8654290303354875,6100.551028571428,89.47803285714285,127.18367428571428,1.8654290714285715,11526.142857142857,170.73499999999999,,,,,,,,,,,5.56,0.30628571428571433,24200681.0,216316.0,354956.34,3172.7512,,,151248820.0,53806964.0,50745900.0,40373987.0,221.83975,78.91978,74.43005,59.217354,17.27985,10.034087,184146.7,2718.5623,GBR,Europe,68179315.0,281.814208984375,39.50400161743164,81.07440185546875,52621.1796875,0.4000000059604645,7.400000095367432,,2.4200000762939453,,main_country,2020-2022,2022,4,12,52
United Kingdom,2023-01-02,33390.0,951.0,,,69.96256855910038,1.9926445851963,5606.714285714285,139.24489795918367,82.23482863848494,2.0423334842713463,5606.714285714285,82.23483,139.24489857142856,2.0423335000000002,11190.714285714286,165.76657142857144,,,,,,,,,,,,0.298,24234071.0,217267.0,355446.1,3186.6997,,,151248820.0,53806964.0,50745900.0,40373987.0,221.83975,78.91978,74.43005,59.217354,23.487558,10.134214,187378.8,2766.2778,GBR,Europe,68179315.0,281.814208984375,39.50400161743164,81.07440185546875,52621.1796875,0.4000000059604645,7.400000095367432,,2.4200000762939453,,main_country,2023-2026,2023,1,1,1
United Kingdom,2023-01-09,19533.0,817.0,,,40.92778830982053,1.711872372350554,3734.8979591836733,125.57142857142857,54.78051457665237,1.8417819036672423,3734.8979,54.78051428571429,125.57142857142857,1.8417818714285714,9394.857142857143,139.16457142857143,,,,,,,,,,,,,24253604.0,218084.0,355732.6,3198.6829,,,151248820.0,53806964.0,50745900.0,40373987.0,221.83975,78.91978,74.43005,59.217354,25.360565,10.264136,191414.3,2825.854,GBR,Europe,68179315.0,281.814208984375,39.50400161743164,81.07440185546875,52621.1796875,0.4000000059604645,7.400000095367432,,2.4200000762939453,,main_country,2023-2026,2023,1,1,2
United Kingdom,2023-01-16,14136.0,679.0,,,29.619373140204935,1.4227188994198607,2258.673469387755,106.40816326530613,33.128427139342115,1.5607103601041772,2258.6734714285712,33.12842757142857,106.40816285714286,1.5607103714285715,7626.285714285715,112.967,,,,,,,,,,,,,24267740.0,218763.0,355939.9,3208.6418,,,151248820.0,53806964.0,50745900.0,40373987.0,221.83975,78.91978,74.43005,59.217354,18.733665,10.332228,194245.8,2867.6555,GBR,Europe,68179315.0,281.814208984375,39.50400161743164,81.07440185546875,52621.1796875,0.4000000059604645,7.400000095367432,,2.4200000762939453,,main_country,2023-2026,2023,1,1,3
United Kingdom,2023-01-23,16501.0,529.0,,,34.57479316543022,1.1084216462343244,2150.4489795918366,82.0408163265306,31.5410763453965,1.2033094836246243,2150.4489285714285,31.541076,82.04081714285714,1.2033094857142856,6944.428571428572,102.86685714285714,,,,,,,,,,,,,24284241.0,219292.0,356181.94,3216.4006,,,151248820.0,53806964.0,50745900.0,40373987.0,221.83975,78.91978,74.43005,59.217354,9.4832945,10.325692,195629.11,2888.0771,GBR,Europe,68179315.0,281.814208984375,39.50400161743164,81.07440185546875,52621.1796875,0.4000000059604645,7.400000095367432,,2.4200000762939453,,main_country,2023-2026,2023,1,1,4
United Kingdom,2023-01-30,21190.0,493.0,,,44.39972530001008,1.0329903054697958,2731.448979591837,72.42857142857143,40.062722536767005,1.0623247157671125,2731.448928571429,40.06272228571429,72.42857,1.0623247,7305.571428571428,108.21628571428572,,,,,,,,,,,,,24305431.0,219785.0,356492.75,3223.6316,,,151248820.0,53806964.0,50745900.0,40373987.0,221.83975,78.91978,74.43005,59.217354,8.328499,10.311075,196792.4,2905.251,GBR,Europe,68179315.0,281.814208984375,39.50400161743164,81.07440185546875,52621.1796875,0.4000000059604645,7.400000095367432,,2.4200000762939453,,main_country,2023-2026,2023,1,1,5
United Kingdom,2023-02-06,23225.0,475.0,,,48.6636913682272,0.9952746350875314,3214.1224489795923,68.46938775510205,47.142193332091885,1.0042545566071182,3214.122414285714,47.14219357142857,68.46938571428572,1.0042545514285715,7533.571428571428,111.59371428571428,,,,,,,,,,,,,24328656.0,220260.0,356833.38,3230.5986,,,151248820.0,53806964.0,50745900.0,40373987.0,221.83975,78.91978,74.43005,59.217354,5.1500716,10.274462,197494.7,2915.619,GBR,Europe,68179315.0,281.814208984375,39.50400161743164,81.07440185546875,52621.1796875,0.4000000059604645,7.400000095367432,,2.4200000762939453,,main_country,2023-2026,2023,1,2,6
United Kingdom,2023-02-13,27956.0,495.0,,,58.57662673369901,1.0371809355122696,3650.938775510204,68.04081632653062,53.549068005599715,0.9979686115434073,3650.9388,53.54906728571428,68.04081714285715,0.9979686071428571,8137.285714285715,120.53628571428571,,,,,,,,,,,,,24356612.0,220755.0,357243.44,3237.859,,,151248820.0,53806964.0,50745900.0,40373987.0,221.83975,78.91978,74.43005,59.217354,2.922978,10.223823,197884.4,2921.372,GBR,Europe,68179315.0,281.814208984375,39.50400161743164,81.07440185546875,52621.1796875,0.4000000059604645,7.400000095367432,,2.4200000762939453,,main_country,2023-2026,2023,1,2,7
United Kingdom,2023-02-20,27843.0,519.0,,,58.33985613629924,1.0874684960219554,4103.673469387755,73.79591836734694,60.18942063861679,1.082379873827523,4103.673485714286,60.189420285714284,73.79592000000001,1.0823798714285715,8641.42857142857,128.00414285714285,,,,,,,,,,,,,24384455.0,221274.0,357651.8,3245.4712,,,151248820.0,53806964.0,50745900.0,40373987.0,221.83975,78.91978,74.43005,59.217354,2.472193,10.171001,198212.7,2926.2188,GBR,Europe,68179315.0,281.814208984375,39.50400161743164,81.07440185546875,52621.1796875,0.4000000059604645,7.400000095367432,,2.4200000762939453,,main_country,2023-2026,2023,1,2,8
United Kingdom,2023-02-27,27238.0,582.0,,,57.07219054845091,1.2194733423598805,3848.081632653061,79.10204081632652,56.44060273490664,1.160205860330608,3848.0815714285714,56.440602285714284,79.10204142857143,1.1602059,8433.42857142857,124.92328571428571,,,,,,,,,,,,,24411693.0,221856.0,358051.3,3254.0076,,,151248820.0,53806964.0,50745900.0,40373987.0,221.83975,78.91978,74.43005,59.217354,6.27601,10.145567,199016.61,2938.087,GBR,Europe,68179315.0,281.814208984375,39.50400161743164,81.07440185546875,52621.1796875,0.4000000059604645,7.400000095367432,,2.4200000762939453,,main_country,2023-2026,2023,1,2,9
United Kingdom,2023-03-06,29418.0,665.0,,,61.63997729474737,1.393384489122544,4052.8163265306125,91.40816326530613,59.44348849105644,1.3407022828743018,4052.8162999999995,59.443488714285714,91.40816285714286,1.3407022857142858,8798.714285714286,130.33414285714287,,,,,,,,,,,,,24441111.0,222521.0,358482.78,3263.7612,,,151248820.0,53806964.0,50745900.0,40373987.0,221.83975,78.91978,74.43005,59.217354,-1.1148049,10.070329,198869.5,2935.9153,GBR,Europe,68179315.0,281.814208984375,39.50400161743164,81.07440185546875,52621.1796875,0.4000000059604645,7.400000095367432,,2.4200000762939453,,main_country,2023-2026,2023,1,3,10
United Kingdom,2023-03-13,33341.0,713.0,,,69.85989812305976,1.4939596101419157,4579.081632653061,97.53061224489797,67.1623296985759,1.4305014980701691,4579.081614285714,67.16232971428572,97.53061142857143,1.4305015142857143,9637.285714285714,142.75557142857141,,,,,,,,,,,,,24474452.0,223234.0,358971.8,3274.219,,,151248820.0,53806964.0,50745900.0,40373987.0,221.83975,78.91978,74.43005,59.217354,6.7641516,10.04901,199736.4,2948.7134,GBR,Europe,68179315.0,281.814208984375,39.50400161743164,81.07440185546875,52621.1796875,0.4000000059604645,7.400000095367432,,2.4200000762939453,,main_country,2023-2026,2023,1,3,11
United Kingdom,2023-03-20,31649.0,739.0,,,66.3146251071269,1.548437800694075,4621.122448979592,103.18367346938774,67.7789509762542,1.513416106767687,4621.1224142857145,67.77895057142857,103.18367571428573,1.5134161000000002,9885.285714285714,146.4292857142857,,,,,,,,,,,,,24506101.0,223973.0,359436.0,3285.0579,,,151248820.0,53806964.0,50745900.0,40373987.0,221.83975,78.91978,74.43005,59.217354,13.66839,10.070974,201395.11,2973.2007,GBR,Europe,68179315.0,281.814208984375,39.50400161743164,81.07440185546875,52621.1796875,0.4000000059604645,7.400000095367432,,2.4200000762939453,,main_country,2023-2026,2023,1,3,12
United Kingdom,2023-03-27,25172.0,691.0,,,52.743269714575455,1.4478626796747036,4066.5714285714284,105.0,59.64523739452983,1.5400565406091276,4066.5715142857143,59.64523771428571,104.99999857142858,1.5400565285714285,9341.57142857143,138.37542857142859,,,,,,,,,,,,,24531273.0,224664.0,359805.22,3295.1929,,,151248820.0,53806964.0,50745900.0,40373987.0,221.83975,78.91978,74.43005,59.217354,12.619983,10.085774,202869.0,2994.96,GBR,Europe,68179315.0,281.814208984375,39.50400161743164,81.07440185546875,52621.1796875,0.4000000059604645,7.400000095367432,,2.4200000762939453,,main_country,2023-2026,2023,1,3,13
United Kingdom,2023-04-03,16894.0,605.0,,,35.39825196877633,1.2676655878483294,2938.8979591836733,88.34693877551021,43.10541927832031,1.295802675276368,2938.897942857143,43.10541971428571,88.34693857142858,1.2958026857142857,8283.857142857143,122.70742857142857,,,,,,,,,,,,,24548167.0,225269.0,360053.0,3304.0667,,,151248820.0,53806964.0,50745900.0,40373987.0,221.83975,78.91978,74.43005,59.217354,-2.1717963,10.014222,202612.5,2991.1733,GBR,Europe,68179315.0,281.814208984375,39.50400161743164,81.07440185546875,52621.1796875,0.4000000059604645,7.400000095367432,,2.4200000762939453,,main_country,2023-2026,2023,2,4,14
United Kingdom,2023-04-10,14917.0,550.0,,,31.255814171790963,1.1524232616802996,2196.0,83.0408163265306,32.20918250645376,1.2179766887732828,2196.0,32.20918314285714,83.04081714285714,1.2179767,7574.428571428572,112.19885714285715,,,,,,,,,,,,,24563084.0,225819.0,360271.78,3312.1335,,,151248820.0,53806964.0,50745900.0,40373987.0,221.83975,78.91978,74.43005,59.217354,-4.6322627,9.927522,202054.4,2982.934,GBR,Europe,68179315.0,281.814208984375,39.50400161743164,81.07440185546875,52621.1796875,0.4000000059604645,7.400000095367432,,2.4200000762939453,,main_country,2023-2026,2023,2,4,15
United Kingdom,2023-04-17,12823.0,520.0,,,26.868224517320872,1.0895638110431922,1990.4285714285713,75.75510204081634,29.194024190893845,1.1111156226902004,1990.4285857142856,29.194024000000002,75.75510142857142,1.1111156,6490.428571428572,96.14171428571429,,,,,,,,,,,,,24575907.0,226339.0,360459.88,3319.7605,,,151248820.0,53806964.0,50745900.0,40373987.0,221.83975,78.91978,74.43005,59.217354,17.100046,9.969491,204102.9,3013.176,GBR,Europe,68179315.0,281.814208984375,39.50400161743164,81.07440185546875,52621.1796875,0.4000000059604645,7.400000095367432,,2.4200000762939453,,main_country,2023-2026,2023,2,4,16
United Kingdom,2023-04-24,11492.0,406.0,,,24.079360224054547,0.8506978986221848,1694.2244897959185,66.65306122448979,24.849538159717774,0.9776141227656775,1694.2244857142857,24.849538285714285,66.65306142857142,0.9776141285714285,5622.857142857143,83.29042857142858,,,,,,,,,,,,,24587399.0,226745.0,360628.44,3325.7153,,,151248820.0,53806964.0,50745900.0,40373987.0,221.83975,78.91978,74.43005,59.217354,14.380208,9.995138,205824.81,3038.5964,GBR,Europe,68179315.0,281.814208984375,39.50400161743164,81.07440185546875,52621.1796875,0.4000000059604645,7.400000095367432,,2.4200000762939453,,main_country,2023-2026,2023,2,4,17
United Kingdom,2023-05-01,11103.0,354.0,,,23.264282680793393,0.7417415175178654,1615.5714285714287,53.08163265306122,23.6959175751682,0.7785591957481712,1615.5714,23.695917428571427,53.08163285714286,0.7785591885714286,5178.285714285715,76.70514285714286,,,,,,,,,,,,,24598502.0,227099.0,360791.28,3330.9077,,,151248820.0,53806964.0,50745900.0,40373987.0,221.83975,78.91978,74.43005,59.217354,1.4393977,9.947861,205989.5,3041.028,GBR,Europe,68179315.0,281.814208984375,39.50400161743164,81.07440185546875,52621.1796875,0.4000000059604645,7.400000095367432,,2.4200000762939453,,main_country,2023-2026,2023,2,5,18
United Kingdom,2023-05-08,8978.0,320.0,,,18.81173826066496,0.6705008067958106,1413.2448979591838,47.59183673469388,20.728352843662094,0.69803923278921,1413.2448857142858,20.728352857142855,47.59183671428571,0.6980392257142858,4432.428571428572,65.657,,,,,,,,,,,,,24607480.0,227419.0,360922.97,3335.601,,,151248820.0,53806964.0,50745900.0,40373987.0,221.83975,78.91978,74.43005,59.217354,7.170418,9.933163,206779.4,3052.6892,GBR,Europe,68179315.0,281.814208984375,39.50400161743164,81.07440185546875,52621.1796875,0.4000000059604645,7.400000095367432,,2.4200000762939453,,main_country,2023-2026,2023,2,5,19
United Kingdom,2023-05-15,7493.0,277.0,,,15.700195454128151,0.5804022608826236,1166.2448979591836,40.877551020408156,17.10555317194348,0.5995594267910753,1166.2448857142858,17.105553,40.87755085714286,0.5995594285714285,3726.5714285714284,55.201,,,,,,,,,,,,,24614973.0,227696.0,361032.84,3339.664,,,151248820.0,53806964.0,50745900.0,40373987.0,221.83975,78.91978,74.43005,59.217354,12.948386,9.949984,208291.5,3075.0125,GBR,Europe,68179315.0,281.814208984375,39.50400161743164,81.07440185546875,52621.1796875,0.4000000059604645,7.400000095367432,,2.4200000762939453,,main_country,2023-2026,2023,2,5,20
United Kingdom,2023-05-22,6759.0,236.0,,,14.162234228540262,0.4944943450119104,1016.7142857142857,37.3469387755102,14.912357006143074,0.5477752126947918,1016.7142714285714,14.912357071428572,37.346939142857146,0.5477752257142857,3223.4285714285716,47.74814285714286,,,,,,,,,,,,,24621732.0,227932.0,361132.0,3343.1255,,,151248820.0,53806964.0,50745900.0,40373987.0,221.83975,78.91978,74.43005,59.217354,9.853694,9.949461,209415.61,3091.6077,GBR,Europe,68179315.0,281.814208984375,39.50400161743164,81.07440185546875,52621.1796875,0.4000000059604645,7.400000095367432,,2.4200000762939453,,main_country,2023-2026,2023,2,5,21
United Kingdom,2023-05-29,5261.0,199.0,,,11.023452326727375,0.41696768922614474,830.3877551020407,31.612244897959183,12.179467557015508,0.4636632811279959,830.3877714285715,12.1794675,31.61224542857143,0.46366328142857144,2843.8571428571427,42.12571428571429,,,,,,,,,,,,,24626993.0,228131.0,361209.16,3346.0442,,,151248820.0,53806964.0,50745900.0,40373987.0,221.83975,78.91978,74.43005,59.217354,6.0841804,9.931953,209998.31,3100.21,GBR,Europe,68179315.0,281.814208984375,39.50400161743164,81.07440185546875,52621.1796875,0.4000000059604645,7.400000095367432,,2.4200000762939453,,main_country,2023-2026,2023,2,5,22
United Kingdom,2023-06-05,4895.0,171.0,,,10.256567028954665,0.3582988686315113,730.1224489795919,26.489795918367346,10.70885574282452,0.38853127108078667,730.1224428571429,10.708855714285715,26.489796000000002,0.38853126857142856,2508.1428571428573,37.152857142857144,,,,,,,,,,,,,24631888.0,228302.0,361280.97,3348.5522,,,151248820.0,53806964.0,50745900.0,40373987.0,221.83975,78.91978,74.43005,59.217354,8.126044,9.922223,210929.0,3113.95,GBR,Europe,68179315.0,281.814208984375,39.50400161743164,81.07440185546875,52621.1796875,0.4000000059604645,7.400000095367432,,2.4200000762939453,,main_country,2023-2026,2023,2,6,23
United Kingdom,2023-06-12,3620.0,187.0,,,7.5850403768776085,0.3918239089713018,602.9183673469388,25.102040816326532,8.843127381771712,0.3681767823030567,602.9183857142858,8.843127471428572,25.102040714285714,0.36817678000000004,2257.0,33.432857142857145,,,,,,,,,,,,,24635508.0,228489.0,361334.06,3351.295,,,151248820.0,53806964.0,50745900.0,40373987.0,221.83975,78.91978,74.43005,59.217354,12.660061,9.936103,212300.31,3134.1946,GBR,Europe,68179315.0,281.814208984375,39.50400161743164,81.07440185546875,52621.1796875,0.4000000059604645,7.400000095367432,,2.4200000762939453,,main_country,2023-2026,2023,2,6,24
United Kingdom,2023-06-19,2804.0,115.0,,,5.87526331954829,0.24096122744224444,444.55102040816325,21.122448979591837,6.520321015371939,0.30980729242574284,444.55102428571433,6.520320985714286,21.122448571428574,0.3098072985714286,1750.0,25.922428571428572,,,,,,,,,,,,,24638312.0,228604.0,361375.2,3352.9817,,,151248820.0,53806964.0,50745900.0,40373987.0,221.83975,78.91978,74.43005,59.217354,9.88483,9.935844,213370.61,3149.9954,GBR,Europe,68179315.0,281.814208984375,39.50400161743164,81.07440185546875,52621.1796875,0.4000000059604645,7.400000095367432,,2.4200000762939453,,main_country,2023-2026,2023,2,6,25
United Kingdom,2023-06-26,2194.0,103.0,,,4.597121156593777,0.21581744718740153,349.53061224489795,14.918367346938776,5.1266371955320755,0.21881075436059713,349.53060999999997,5.126637242857143,14.918367571428572,0.21881075428571428,1366.857142857143,20.247000000000003,,,,,,,,,,,,,24640506.0,228707.0,361407.34,3354.4924,,,151248820.0,53806964.0,50745900.0,40373987.0,221.83975,78.91978,74.43005,59.217354,9.614188,9.934244,214402.5,3165.2292,GBR,Europe,68179315.0,281.814208984375,39.50400161743164,81.07440185546875,52621.1796875,0.4000000059604645,7.400000095367432,,2.4200000762939453,,main_country,2023-2026,2023,2,6,26
United Kingdom,2023-07-03,2455.0,75.0,,,5.14399837713661,0.15714862659276813,318.6938775510204,12.816326530612244,4.674348481662222,0.18797969047668264,318.69387857142857,4.674348414285714,12.816326857142856,0.18797969142857143,1188.142857142857,17.59971428571429,,,,,,,,,,,,,24642961.0,228782.0,361443.38,3355.5925,,,151248820.0,53806964.0,50745900.0,40373987.0,221.83975,78.91978,74.43005,59.217354,5.0424485,9.91031,214937.61,3173.129,GBR,Europe,68179315.0,281.814208984375,39.50400161743164,81.07440185546875,52621.1796875,0.4000000059604645,7.400000095367432,,2.4200000762939453,,main_country,2023-2026,2023,3,7,27
United Kingdom,2023-07-10,3114.0,65.0,,,6.524810976131732,0.13619547638039903,413.3673469387755,9.571428571428571,6.062943679307653,0.14038610642287286,413.3673485714286,6.062943771428571,9.571428571428571,0.14038610571428572,1206.3333333333333,17.869333333333334,,,,,,,,,,,,,24646075.0,228847.0,361489.03,3356.546,,,151248820.0,53806964.0,50745900.0,40373987.0,221.83975,78.91978,74.43005,59.217354,6.608141,9.894189,215640.7,3183.5088,GBR,Europe,68179315.0,281.814208984375,39.50400161743164,81.07440185546875,52621.1796875,0.4000000059604645,7.400000095367432,,2.4200000762939453,,main_country,2023-2026,2023,3,7,28
United Kingdom,2023-07-17,3618.0,65.0,,,7.580849746835134,0.13619547638039903,477.2244897959184,9.244897959183675,6.999549493800552,0.1355968149457599,477.2244842857143,6.999549471428572,9.244898000000001,0.13559681857142855,,,,,,,,,,,,,,,24649693.0,228912.0,361542.1,3357.4993,,,151248820.0,53806964.0,50745900.0,40373987.0,221.83975,78.91978,74.43005,59.217354,5.111601,9.8712845,216176.8,3191.4233,GBR,Europe,68179315.0,281.814208984375,39.50400161743164,81.07440185546875,52621.1796875,0.4000000059604645,7.400000095367432,,2.4200000762939453,,main_country,2023-2026,2023,3,7,29
United Kingdom,2023-07-24,4677.0,84.0,,,9.79978835432502,0.1760064617839003,592.734693877551,10.142857142857142,8.693761353829252,0.14876736650782046,592.7346857142857,8.693761214285713,10.142857142857142,0.14876736714285713,,,,,,,,,,,,,,,24654370.0,228996.0,361610.7,3358.7312,,,151248820.0,53806964.0,50745900.0,40373987.0,221.83975,78.91978,74.43005,59.217354,6.4754915,9.855171,216852.9,3201.4045,GBR,Europe,68179315.0,281.814208984375,39.50400161743164,81.07440185546875,52621.1796875,0.4000000059604645,7.400000095367432,,2.4200000762939453,,main_country,2023-2026,2023,3,7,30
United Kingdom,2023-07-31,6313.0,103.0,,,13.227723729068602,0.21581744718740153,811.8775510204081,14.122448979591837,11.90797459640667,0.20713685638513435,811.8775428571428,11.907974571428571,14.122449142857144,0.20713685857142858,,,,,,,,,,,,,,,24660683.0,229099.0,361703.28,3360.242,,,151248820.0,53806964.0,50745900.0,40373987.0,221.83975,78.91978,74.43005,59.217354,9.605711,9.853993,217855.4,3216.2046,GBR,Europe,68179315.0,281.814208984375,39.50400161743164,81.07440185546875,52621.1796875,0.4000000059604645,7.400000095367432,,2.4200000762939453,,main_country,2023-2026,2023,3,7,31
United Kingdom,2023-08-07,7777.0,141.0,,,16.295264920159436,0.29543941799440404,1005.4081632653061,17.24489795918367,14.74652778874804,0.25293445613502674,1005.4081714285714,14.746527642857144,17.244898142857142,0.25293446,,,,,,,,,,,,,,,24668460.0,229240.0,361817.38,3362.31,,,151248820.0,53806964.0,50745900.0,40373987.0,221.83975,78.91978,74.43005,59.217354,8.623338,9.848182,218760.11,3229.5605,GBR,Europe,68179315.0,281.814208984375,39.50400161743164,81.07440185546875,52621.1796875,0.4000000059604645,7.400000095367432,,2.4200000762939453,,main_country,2023-2026,2023,3,8,32
United Kingdom,2023-08-14,8546.0,206.0,,,17.906562171490616,0.4316348943748031,1189.3265306122448,26.061224489795922,17.444096213231898,0.382245326017076,1189.3265428571428,17.444096428571427,26.06122442857143,0.3822453214285714,,,,,,,,,,,,,,,24677006.0,229446.0,361942.72,3365.3315,,,151248820.0,53806964.0,50745900.0,40373987.0,221.83975,78.91978,74.43005,59.217354,9.4923935,9.846512,219754.4,3244.2395,GBR,Europe,68179315.0,281.814208984375,39.50400161743164,81.07440185546875,52621.1796875,0.4000000059604645,7.400000095367432,,2.4200000762939453,,main_country,2023-2026,2023,3,8,33
United Kingdom,2023-08-21,8988.0,228.0,,,18.832691410877334,0.47773182484201504,1255.265306122449,32.48979591836735,18.411233760891395,0.47653450197273683,1255.2652857142857,18.411233714285714,32.489796,0.47653450428571426,,,,,,,,,,,,,,,24685994.0,229674.0,362074.53,3368.6758,,,151248820.0,53806964.0,50745900.0,40373987.0,221.83975,78.91978,74.43005,59.217354,9.119825,9.843088,220717.7,3258.4607,GBR,Europe,68179315.0,281.814208984375,39.50400161743164,81.07440185546875,52621.1796875,0.4000000059604645,7.400000095367432,,2.4200000762939453,,main_country,2023-2026,2023,3,8,34
United Kingdom,2023-08-28,10471.0,197.0,,,21.940043587371665,0.4127770591836709,1339.734693877551,28.836734693877553,19.650163599877043,0.4229543035725359,1339.7346857142857,19.65016357142857,28.836734714285715,0.4229543057142857,,,,,,,,,,,,,,,24696465.0,229871.0,362228.12,3371.5652,,,151248820.0,53806964.0,50745900.0,40373987.0,221.83975,78.91978,74.43005,59.217354,1.3300303,9.806793,220845.4,3260.346,GBR,Europe,68179315.0,281.814208984375,39.50400161743164,81.07440185546875,52621.1796875,0.4000000059604645,7.400000095367432,,2.4200000762939453,,main_country,2023-2026,2023,3,8,35
United Kingdom,2023-09-04,13933.0,287.0,,,29.194024190893845,0.6013554110949926,1847.1020408163265,34.142857142857146,27.091824563158585,0.5007802900756211,1847.1020571428573,27.091824714285714,34.14285685714286,0.5007802985714286,,,,,,,,,,,,,,,24710398.0,230158.0,362432.47,3375.7747,,,151248820.0,53806964.0,50745900.0,40373987.0,221.83975,78.91978,74.43005,59.217354,9.752752,9.8065405,221875.3,3275.5505,GBR,Europe,68179315.0,281.814208984375,39.50400161743164,81.07440185546875,52621.1796875,0.4000000059604645,7.400000095367432,,2.4200000762939453,,main_country,2023-2026,2023,3,9,36
United Kingdom,2023-09-11,12273.0,303.0,,,25.715801255640574,0.6348804514347831,1876.081632653061,43.673469387755105,27.51687418175236,0.6405677350638548,1876.0816285714286,27.516874285714287,43.673469000000004,0.6405677285714286,,,,,,,,,,,,,,,24722671.0,230461.0,362612.5,3380.2188,,,151248820.0,53806964.0,50745900.0,40373987.0,221.83975,78.91978,74.43005,59.217354,8.855759,9.802049,222826.4,3289.5916,GBR,Europe,68179315.0,281.814208984375,39.50400161743164,81.07440185546875,52621.1796875,0.4000000059604645,7.400000095367432,,2.4200000762939453,,main_country,2023-2026,2023,3,9,37
United Kingdom,2023-09-18,13562.0,266.0,,,28.416662318014946,0.5573537956490177,1812.5510204081634,39.53061224489796,26.58505765873657,0.5798035994479845,1812.551,26.585057428571428,39.53061228571429,0.5798036,,,,,,,,,,,,,,,24736233.0,230727.0,362811.4,3384.1204,,,151248820.0,53806964.0,50745900.0,40373987.0,221.83975,78.91978,74.43005,59.217354,10.916499,9.807259,223991.9,3306.7979,GBR,Europe,68179315.0,281.814208984375,39.50400161743164,81.07440185546875,52621.1796875,0.4000000059604645,7.400000095367432,,2.4200000762939453,,main_country,2023-2026,2023,3,9,38
United Kingdom,2023-09-25,17422.0,289.0,,,36.50457829998941,0.6055460411374665,2235.3673469387754,39.93877551020408,32.78659146016318,0.5857902137943756,2235.367357142857,32.78659114285714,39.938774714285714,0.5857902285714286,,,,,,,,,,,,,,,24753655.0,231016.0,363066.94,3388.3591,,,151248820.0,53806964.0,50745900.0,40373987.0,221.83975,78.91978,74.43005,59.217354,5.195652,9.785479,224555.0,3315.1108,GBR,Europe,68179315.0,281.814208984375,39.50400161743164,81.07440185546875,52621.1796875,0.4000000059604645,7.400000095367432,,2.4200000762939453,,main_country,2023-2026,2023,3,9,39
United Kingdom,2023-10-02,17083.0,344.0,,,35.794266507790105,0.7207883673054963,2525.469387755102,45.73469387755102,37.041577606860706,0.6708001375131303,2525.4693714285713,37.041577857142855,45.73469371428571,0.6708001257142857,,,,,,,,,,,,,,,24770738.0,231360.0,363317.5,3393.4045,,,151248820.0,53806964.0,50745900.0,40373987.0,221.83975,78.91978,74.43005,59.217354,4.7707224,9.761513,225080.7,3322.8718,GBR,Europe,68179315.0,281.814208984375,39.50400161743164,81.07440185546875,52621.1796875,0.4000000059604645,7.400000095367432,,2.4200000762939453,,main_country,2023-2026,2023,4,10,40
United Kingdom,2023-10-09,13260.0,364.0,,,27.783877181601405,0.7626946677302346,2157.6938775510203,53.163265306122454,31.64733875004494,0.7797565186174494,2157.6938571428573,31.647338285714284,53.16326528571428,0.7797565157142857,,,,,,,,,,,,,,,24783998.0,231724.0,363511.97,3398.7434,,,151248820.0,53806964.0,50745900.0,40373987.0,221.83975,78.91978,74.43005,59.217354,6.018961,9.743236,225761.8,3332.927,GBR,Europe,68179315.0,281.814208984375,39.50400161743164,81.07440185546875,52621.1796875,0.4000000059604645,7.400000095367432,,2.4200000762939453,,main_country,2023-2026,2023,4,10,41
United Kingdom,2023-10-16,9271.0,388.0,,,19.425665561887374,0.8129822282399204,1523.3673469387757,50.93877551020408,22.343541394318432,0.7471294704296175,1523.3673428571426,22.34354157142857,50.938774714285714,0.7471294657142857,,,,,,,,,,,,,,,24793269.0,232112.0,363647.97,3404.4343,,,151248820.0,53806964.0,50745900.0,40373987.0,221.83975,78.91978,74.43005,59.217354,4.711492,9.718702,226296.7,3340.8237,GBR,Europe,68179315.0,281.814208984375,39.50400161743164,81.07440185546875,52621.1796875,0.4000000059604645,7.400000095367432,,2.4200000762939453,,main_country,2023-2026,2023,4,10,42
United Kingdom,2023-10-23,7325.0,0.0,,,15.348182530560353,0.0,1168.3061224489795,25.122448979591837,17.135785574392752,0.3684761130203763,1168.3061142857143,17.135785285714284,25.12244857142857,0.3684761142857143,,,,,,,,,,,,,,,24800594.0,232112.0,363755.4,3404.4343,,,151248820.0,53806964.0,50745900.0,40373987.0,221.83975,78.91978,74.43005,59.217354,6.194925,9.701798,226992.0,3351.0884,GBR,Europe,68179315.0,281.814208984375,39.50400161743164,81.07440185546875,52621.1796875,0.4000000059604645,7.400000095367432,,2.4200000762939453,,main_country,2023-2026,2023,4,10,43
United Kingdom,2023-10-30,6622.0,0.0,,,13.875176070630806,0.0,1397.612244897959,0.0,20.499065514195312,0.0,1397.612257142857,20.499065285714288,0.0,0.0,,,,,,,,,,,,,,,24807216.0,232112.0,363852.53,3404.4343,,,151248820.0,53806964.0,50745900.0,40373987.0,221.83975,78.91978,74.43005,59.217354,9.937704,9.70294,228123.11,3367.7869,GBR,Europe,68179315.0,281.814208984375,39.50400161743164,81.07440185546875,52621.1796875,0.4000000059604645,7.400000095367432,,2.4200000762939453,,main_country,2023-2026,2023,4,10,44
United Kingdom,2023-11-06,4892.0,0.0,,,10.250281083890956,0.0,698.8571428571429,0.0,10.250281083890956,0.0,698.8571,10.250281,0.0,0.0,,,,,,,,,,,,,,,24812108.0,232112.0,363924.28,3404.4343,,,151248820.0,53806964.0,50745900.0,40373987.0,221.83975,78.91978,74.43005,59.217354,10.635998,9.707623,229384.2,3386.4045,GBR,Europe,68179315.0,281.814208984375,39.50400161743164,81.07440185546875,52621.1796875,0.4000000059604645,7.400000095367432,,2.4200000762939453,,main_country,2023-2026,2023,4,11,45
United Kingdom,2023-11-13,5245.0,0.0,,,10.989927286387584,0.0,749.2857142857143,0.0,10.989927286387584,0.0,749.2857,10.989927,0.0,0.0,,,,,,,,,,,,,,,24817353.0,232112.0,364001.22,3404.4343,,,151248820.0,53806964.0,50745900.0,40373987.0,221.83975,78.91978,74.43005,59.217354,7.799839,9.698037,230314.9,3400.1445,GBR,Europe,68179315.0,281.814208984375,39.50400161743164,81.07440185546875,52621.1796875,0.4000000059604645,7.400000095367432,,2.4200000762939453,,main_country,2023-2026,2023,4,11,46
United Kingdom,2023-11-20,4752.0,0.0,,,9.956936980917789,0.0,678.8571428571429,0.0,9.956936980917789,0.0,678.8571,9.956937,0.0,0.0,,,,,,,,,,,,,,,24822105.0,232112.0,364070.9,3404.4343,,,151248820.0,53806964.0,50745900.0,40373987.0,221.83975,78.91978,74.43005,59.217354,9.0262375,9.694674,231393.4,3416.0664,GBR,Europe,68179315.0,281.814208984375,39.50400161743164,81.07440185546875,52621.1796875,0.4000000059604645,7.400000095367432,,2.4200000762939453,,main_country,2023-2026,2023,4,11,47
United Kingdom,2023-11-27,5419.0,0.0,,,11.354512100082806,0.0,774.1428571428571,0.0,11.354512100082806,0.0,774.1429,11.354512,0.0,0.0,,,,,,,,,,,,,,,24827524.0,232112.0,364150.38,3404.4343,,,151248820.0,53806964.0,50745900.0,40373987.0,221.83975,78.91978,74.43005,59.217354,8.349606,9.687984,232389.5,3430.7717,GBR,Europe,68179315.0,281.814208984375,39.50400161743164,81.07440185546875,52621.1796875,0.4000000059604645,7.400000095367432,,2.4200000762939453,,main_country,2023-2026,2023,4,11,48
United Kingdom,2023-12-04,7588.0,0.0,,,15.899250381145661,0.0,1084.0,0.0,15.899250381145661,0.0,1084.0,15.89925,0.0,0.0,,,,,,,,,,,,,,,24835112.0,232112.0,364261.7,3404.4343,,,151248820.0,53806964.0,50745900.0,40373987.0,221.83975,78.91978,74.43005,59.217354,5.060109,9.664401,233011.2,3439.95,GBR,Europe,68179315.0,281.814208984375,39.50400161743164,81.07440185546875,52621.1796875,0.4000000059604645,7.400000095367432,,2.4200000762939453,,main_country,2023-2026,2023,4,12,49
United Kingdom,2023-12-11,9527.0,0.0,,,19.962066207324025,0.0,1361.0,0.0,19.962066207324025,0.0,1361.0,19.962067,0.0,0.0,,,,,,,,,,,,,,,24844639.0,232112.0,364401.4,3404.4343,,,151248820.0,53806964.0,50745900.0,40373987.0,221.83975,78.91978,74.43005,59.217354,9.399213,9.663038,234181.9,3457.233,GBR,Europe,68179315.0,281.814208984375,39.50400161743164,81.07440185546875,52621.1796875,0.4000000059604645,7.400000095367432,,2.4200000762939453,,main_country,2023-2026,2023,4,12,50
United Kingdom,2023-12-18,10780.0,0.0,,,22.58749592893387,0.0,1540.0,0.0,22.58749592893387,0.0,1540.0,22.587496000000005,0.0,0.0,,,,,,,,,,,,,,,24855419.0,232112.0,364559.53,3404.4343,,,151248820.0,53806964.0,50745900.0,40373987.0,221.83975,78.91978,74.43005,59.217354,12.981768,9.681134,235906.8,3482.6978,GBR,Europe,68179315.0,281.814208984375,39.50400161743164,81.07440185546875,52621.1796875,0.4000000059604645,7.400000095367432,,2.4200000762939453,,main_country,2023-2026,2023,4,12,51
United Kingdom,2023-12-25,10203.0,0.0,,,21.37849916168017,0.0,1457.5714285714287,0.0,21.37849916168017,0.0,1457.5714,21.3785,0.0,0.0,,,,,,,,,,,,,,,24865622.0,232112.0,364709.2,3404.4343,,,151248820.0,53806964.0,50745900.0,40373987.0,221.83975,78.91978,74.43005,59.217354,-7.0408354,9.617141,235247.7,3472.9675,GBR,Europe,68179315.0,281.814208984375,39.50400161743164,81.07440185546875,52621.1796875,0.4000000059604645,7.400000095367432,,2.4200000762939453,,main_country,2023-2026,2023,4,12,52
United Kingdom,2024-01-01,8899.0,0.0,,,18.646208373987246,0.0,1271.2857142857142,0.0,18.646208373987246,0.0,1271.2858,18.646208,0.0,0.0,,,,,,,,,,,,,,,24874521.0,232112.0,364839.7,3404.4343,,,151248820.0,53806964.0,50745900.0,40373987.0,221.83975,78.91978,74.43005,59.217354,,,,,GBR,Europe,68179315.0,281.814208984375,39.50400161743164,81.07440185546875,52621.1796875,0.4000000059604645,7.400000095367432,,2.4200000762939453,,main_country,2023-2026,2024,1,1,1
United Kingdom,2024-01-08,6793.0,0.0,,,14.233474939262319,0.0,970.4285714285714,0.0,14.233474939262319,0.0,970.4286,14.233475,0.0,0.0,,,,,,,,,,,,,,,24881314.0,232112.0,364939.34,3404.4343,,,151248820.0,53806964.0,50745900.0,40373987.0,221.83975,78.91978,74.43005,59.217354,,,,,GBR,Europe,68179315.0,281.814208984375,39.50400161743164,81.07440185546875,52621.1796875,0.4000000059604645,7.400000095367432,,2.4200000762939453,,main_country,2023-2026,2024,1,1,2
United Kingdom,2024-01-15,6589.0,0.0,,,13.806030674929987,0.0,941.2857142857143,0.0,13.806030674929987,0.0,941.2857,13.806030000000002,0.0,0.0,,,,,,,,,,,,,,,24887903.0,232112.0,365035.97,3404.4343,,,151248820.0,53806964.0,50745900.0,40373987.0,221.83975,78.91978,74.43005,59.217354,,,,,GBR,Europe,68179315.0,281.814208984375,39.50400161743164,81.07440185546875,52621.1796875,0.4000000059604645,7.400000095367432,,2.4200000762939453,,main_country,2023-2026,2024,1,1,3
United Kingdom,2024-01-22,6643.0,0.0,,,13.919177686076782,0.0,949.0,0.0,13.919177686076782,0.0,949.0,13.919178,0.0,0.0,,,,,,,,,,,,,,,24894546.0,232112.0,365133.4,3404.4343,,,151248820.0,53806964.0,50745900.0,40373987.0,221.83975,78.91978,74.43005,59.217354,,,,,GBR,Europe,68179315.0,281.814208984375,39.50400161743164,81.07440185546875,52621.1796875,0.4000000059604645,7.400000095367432,,2.4200000762939453,,main_country,2023-2026,2024,1,1,4
United Kingdom,2024-01-29,5190.0,0.0,,,10.874684960219554,0.0,741.4285714285714,0.0,10.874684960219554,0.0,741.4286,10.874685,0.0,0.0,,,,,,,,,,,,,,,24899736.0,232112.0,365209.53,3404.4343,,,151248820.0,53806964.0,50745900.0,40373987.0,221.83975,78.91978,74.43005,59.217354,,,,,GBR,Europe,68179315.0,281.814208984375,39.50400161743164,81.07440185546875,52621.1796875,0.4000000059604645,7.400000095367432,,2.4200000762939453,,main_country,2023-2026,2024,1,1,5
United Kingdom,2024-02-05,4091.0,0.0,,,8.571933751880191,0.0,584.4285714285714,0.0,8.571933751880191,0.0,584.4286,8.571934,0.0,0.0,,,,,,,,,,,,,,,24903827.0,232112.0,365269.53,3404.4343,,,151248820.0,53806964.0,50745900.0,40373987.0,221.83975,78.91978,74.43005,59.217354,,,,,GBR,Europe,68179315.0,281.814208984375,39.50400161743164,81.07440185546875,52621.1796875,0.4000000059604645,7.400000095367432,,2.4200000762939453,,main_country,2023-2026,2024,1,2,6
United Kingdom,2024-02-12,2885.0,0.0,,,6.0449838362684805,0.0,412.14285714285717,0.0,6.0449838362684805,0.0,412.14285,6.044984,0.0,0.0,,,,,,,,,,,,,,,24906712.0,232112.0,365311.84,3404.4343,,,151248820.0,53806964.0,50745900.0,40373987.0,221.83975,78.91978,74.43005,59.217354,,,,,GBR,Europe,68179315.0,281.814208984375,39.50400161743164,81.07440185546875,52621.1796875,0.4000000059604645,7.400000095367432,,2.4200000762939453,,main_country,2023-2026,2024,1,2,7
United Kingdom,2024-02-19,1991.0,0.0,,,4.171772207282684,0.0,284.42857142857144,0.0,4.171772207282684,0.0,284.42856,4.171772,0.0,0.0,,,,,,,,,,,,,,,24908703.0,232112.0,365341.06,3404.4343,,,151248820.0,53806964.0,50745900.0,40373987.0,221.83975,78.91978,74.43005,59.217354,,,,,GBR,Europe,68179315.0,281.814208984375,39.50400161743164,81.07440185546875,52621.1796875,0.4000000059604645,7.400000095367432,,2.4200000762939453,,main_country,2023-2026,2024,1,2,8
United Kingdom,2024-02-26,1577.0,0.0,,,3.304311788490604,0.0,225.28571428571428,0.0,3.304311788490604,0.0,225.28572,3.3043118,0.0,0.0,,,,,,,,,,,,,,,24910280.0,232112.0,365364.2,3404.4343,,,151248820.0,53806964.0,50745900.0,40373987.0,221.83975,78.91978,74.43005,59.217354,,,,,GBR,Europe,68179315.0,281.814208984375,39.50400161743164,81.07440185546875,52621.1796875,0.4000000059604645,7.400000095367432,,2.4200000762939453,,main_country,2023-2026,2024,1,2,9
United Kingdom,2024-03-04,1620.0,0.0,,,3.3944103344037915,0.0,231.42857142857142,0.0,3.3944103344037915,0.0,231.42857,3.3944104000000004,0.0,0.0,,,,,,,,,,,,,,,24911900.0,232112.0,365387.94,3404.4343,,,151248820.0,53806964.0,50745900.0,40373987.0,221.83975,78.91978,74.43005,59.217354,,,,,GBR,Europe,68179315.0,281.814208984375,39.50400161743164,81.07440185546875,52621.1796875,0.4000000059604645,7.400000095367432,,2.4200000762939453,,main_country,2023-2026,2024,1,3,10
United Kingdom,2024-03-11,1737.0,0.0,,,3.6395621918885097,0.0,248.14285714285714,0.0,3.6395621918885097,0.0,248.14285,3.6395621,0.0,0.0,,,,,,,,,,,,,,,24913637.0,232112.0,365413.44,3404.4343,,,151248820.0,53806964.0,50745900.0,40373987.0,221.83975,78.91978,74.43005,59.217354,,,,,GBR,Europe,68179315.0,281.814208984375,39.50400161743164,81.07440185546875,52621.1796875,0.4000000059604645,7.400000095367432,,2.4200000762939453,,main_country,2023-2026,2024,1,3,11
United Kingdom,2024-03-18,1512.0,0.0,,,3.168116312110205,0.0,216.0,0.0,3.168116312110205,0.0,216.0,3.1681163,0.0,0.0,,,,,,,,,,,,,,,24915149.0,232112.0,365435.6,3404.4343,,,151248820.0,53806964.0,50745900.0,40373987.0,221.83975,78.91978,74.43005,59.217354,,,,,GBR,Europe,68179315.0,281.814208984375,39.50400161743164,81.07440185546875,52621.1796875,0.4000000059604645,7.400000095367432,,2.4200000762939453,,main_country,2023-2026,2024,1,3,12
United Kingdom,2024-03-25,1463.0,0.0,,,3.065445876069597,0.0,209.0,0.0,3.065445876069597,0.0,209.0,3.065446,0.0,0.0,,,,,,,,,,,,,,,24916612.0,232112.0,365457.06,3404.4343,,,151248820.0,53806964.0,50745900.0,40373987.0,221.83975,78.91978,74.43005,59.217354,,,,,GBR,Europe,68179315.0,281.814208984375,39.50400161743164,81.07440185546875,52621.1796875,0.4000000059604645,7.400000095367432,,2.4200000762939453,,main_country,2023-2026,2024,1,3,13
United Kingdom,2024-04-01,1582.0,0.0,,,3.314788363596789,0.0,226.0,0.0,3.314788363596789,0.0,226.0,3.3147883,0.0,0.0,,,,,,,,,,,,,,,24918194.0,232112.0,365480.25,3404.4343,,,151248820.0,53806964.0,50745900.0,40373987.0,221.83975,78.91978,74.43005,59.217354,,,,,GBR,Europe,68179315.0,281.814208984375,39.50400161743164,81.07440185546875,52621.1796875,0.4000000059604645,7.400000095367432,,2.4200000762939453,,main_country,2023-2026,2024,2,4,14
United Kingdom,2024-04-08,1492.0,0.0,,,3.1262100116854667,0.0,213.14285714285714,0.0,3.1262100116854667,0.0,213.14285,3.12621,0.0,0.0,,,,,,,,,,,,,,,24919686.0,232112.0,365502.16,3404.4343,,,151248820.0,53806964.0,50745900.0,40373987.0,221.83975,78.91978,74.43005,59.217354,,,,,GBR,Europe,68179315.0,281.814208984375,39.50400161743164,81.07440185546875,52621.1796875,0.4000000059604645,7.400000095367432,,2.4200000762939453,,main_country,2023-2026,2024,2,4,15
United Kingdom,2024-04-15,1641.0,0.0,,,3.4384119498497663,0.0,234.42857142857142,0.0,3.4384119498497663,0.0,234.42857,3.438412,0.0,0.0,,,,,,,,,,,,,,,24921327.0,232112.0,365526.22,3404.4343,,,151248820.0,53806964.0,50745900.0,40373987.0,221.83975,78.91978,74.43005,59.217354,,,,,GBR,Europe,68179315.0,281.814208984375,39.50400161743164,81.07440185546875,52621.1796875,0.4000000059604645,7.400000095367432,,2.4200000762939453,,main_country,2023-2026,2024,2,4,16
United Kingdom,2024-04-22,2063.0,0.0,,,4.322634888811742,0.0,294.7142857142857,0.0,4.322634888811742,0.0,294.7143,4.3226347,0.0,0.0,,,,,,,,,,,,,,,24923390.0,232112.0,365556.47,3404.4343,,,151248820.0,53806964.0,50745900.0,40373987.0,221.83975,78.91978,74.43005,59.217354,,,,,GBR,Europe,68179315.0,281.814208984375,39.50400161743164,81.07440185546875,52621.1796875,0.4000000059604645,7.400000095367432,,2.4200000762939453,,main_country,2023-2026,2024,2,4,17
United Kingdom,2024-04-29,2869.0,0.0,,,6.011458795928689,0.0,409.85714285714283,0.0,6.011458795928689,0.0,409.85715,6.011459,0.0,0.0,,,,,,,,,,,,,,,24926259.0,232112.0,365598.56,3404.4343,,,151248820.0,53806964.0,50745900.0,40373987.0,221.83975,78.91978,74.43005,59.217354,,,,,GBR,Europe,68179315.0,281.814208984375,39.50400161743164,81.07440185546875,52621.1796875,0.4000000059604645,7.400000095367432,,2.4200000762939453,,main_country,2023-2026,2024,2,4,18
United Kingdom,2024-05-06,2964.0,0.0,,,6.210513722946196,0.0,423.42857142857144,0.0,6.210513722946196,0.0,423.42856,6.2105136,0.0,0.0,,,,,,,,,,,,,,,24929223.0,232112.0,365642.03,3404.4343,,,151248820.0,53806964.0,50745900.0,40373987.0,221.83975,78.91978,74.43005,59.217354,,,,,GBR,Europe,68179315.0,281.814208984375,39.50400161743164,81.07440185546875,52621.1796875,0.4000000059604645,7.400000095367432,,2.4200000762939453,,main_country,2023-2026,2024,2,5,19
United Kingdom,2024-05-13,2613.0,0.0,,,5.475058150492041,0.0,373.2857142857143,0.0,5.475058150492041,0.0,373.2857,5.475058,0.0,0.0,,,,,,,,,,,,,,,24931836.0,232112.0,365680.34,3404.4343,,,151248820.0,53806964.0,50745900.0,40373987.0,221.83975,78.91978,74.43005,59.217354,,,,,GBR,Europe,68179315.0,281.814208984375,39.50400161743164,81.07440185546875,52621.1796875,0.4000000059604645,7.400000095367432,,2.4200000762939453,,main_country,2023-2026,2024,2,5,20
United Kingdom,2024-05-20,2308.0,0.0,,,4.835987069014784,0.0,329.7142857142857,0.0,4.835987069014784,0.0,329.7143,4.835987,0.0,0.0,,,,,,,,,,,,,,,24934144.0,232112.0,365714.22,3404.4343,,,151248820.0,53806964.0,50745900.0,40373987.0,221.83975,78.91978,74.43005,59.217354,,,,,GBR,Europe,68179315.0,281.814208984375,39.50400161743164,81.07440185546875,52621.1796875,0.4000000059604645,7.400000095367432,,2.4200000762939453,,main_country,2023-2026,2024,2,5,21
United Kingdom,2024-05-27,2432.0,0.0,,,5.09580613164816,0.0,347.42857142857144,0.0,5.09580613164816,0.0,347.42856,5.0958060000000005,0.0,0.0,,,,,,,,,,,,,,,24936576.0,232112.0,365749.88,3404.4343,,,151248820.0,53806964.0,50745900.0,40373987.0,221.83975,78.91978,74.43005,59.217354,,,,,GBR,Europe,68179315.0,281.814208984375,39.50400161743164,81.07440185546875,52621.1796875,0.4000000059604645,7.400000095367432,,2.4200000762939453,,main_country,2023-2026,2024,2,5,22
United Kingdom,2024-06-03,2906.0,0.0,,,6.088985451714455,0.0,415.14285714285717,0.0,6.088985451714455,0.0,415.14285,6.0889854,0.0,0.0,,,,,,,,,,,,,,,24939482.0,232112.0,365792.5,3404.4343,,,151248820.0,53806964.0,50745900.0,40373987.0,221.83975,78.91978,74.43005,59.217354,,,,,GBR,Europe,68179315.0,281.814208984375,39.50400161743164,81.07440185546875,52621.1796875,0.4000000059604645,7.400000095367432,,2.4200000762939453,,main_country,2023-2026,2024,2,6,23
United Kingdom,2024-06-10,3882.0,0.0,,,8.134012912441678,0.0,554.5714285714286,0.0,8.134012912441678,0.0,554.5714,8.134013,0.0,0.0,,,,,,,,,,,,,,,24943364.0,232112.0,365849.44,3404.4343,,,151248820.0,53806964.0,50745900.0,40373987.0,221.83975,78.91978,74.43005,59.217354,,,,,GBR,Europe,68179315.0,281.814208984375,39.50400161743164,81.07440185546875,52621.1796875,0.4000000059604645,7.400000095367432,,2.4200000762939453,,main_country,2023-2026,2024,2,6,24
United Kingdom,2024-06-17,4894.0,0.0,,,10.254471713933428,0.0,699.1428571428571,0.0,10.254471713933428,0.0,699.1429,10.254472000000002,0.0,0.0,,,,,,,,,,,,,,,24948258.0,232112.0,365921.22,3404.4343,,,151248820.0,53806964.0,50745900.0,40373987.0,221.83975,78.91978,74.43005,59.217354,,,,,GBR,Europe,68179315.0,281.814208984375,39.50400161743164,81.07440185546875,52621.1796875,0.4000000059604645,7.400000095367432,,2.4200000762939453,,main_country,2023-2026,2024,2,6,25
United Kingdom,2024-06-24,4912.0,0.0,,,10.292187384315692,0.0,701.7142857142857,0.0,10.292187384315692,0.0,701.7143,10.292188,0.0,0.0,,,,,,,,,,,,,,,24953170.0,232112.0,365993.25,3404.4343,,,151248820.0,53806964.0,50745900.0,40373987.0,221.83975,78.91978,74.43005,59.217354,,,,,GBR,Europe,68179315.0,281.814208984375,39.50400161743164,81.07440185546875,52621.1796875,0.4000000059604645,7.400000095367432,,2.4200000762939453,,main_country,2023-2026,2024,2,6,26
United Kingdom,2024-07-01,4847.0,0.0,,,10.155991907935293,0.0,692.4285714285714,0.0,10.155991907935293,0.0,692.4286,10.155992,0.0,0.0,,,,,,,,,,,,,,,24958017.0,232112.0,366064.34,3404.4343,,,151248820.0,53806964.0,50745900.0,40373987.0,221.83975,78.91978,74.43005,59.217354,,,,,GBR,Europe,68179315.0,281.814208984375,39.50400161743164,81.07440185546875,52621.1796875,0.4000000059604645,7.400000095367432,,2.4200000762939453,,main_country,2023-2026,2024,3,7,27
United Kingdom,2024-07-08,5366.0,0.0,,,11.243460403957249,0.0,766.5714285714286,0.0,11.243460403957249,0.0,766.5714,11.243461,0.0,0.0,,,,,,,,,,,,,,,24963383.0,232112.0,366143.06,3404.4343,,,151248820.0,53806964.0,50745900.0,40373987.0,221.83975,78.91978,74.43005,59.217354,,,,,GBR,Europe,68179315.0,281.814208984375,39.50400161743164,81.07440185546875,52621.1796875,0.4000000059604645,7.400000095367432,,2.4200000762939453,,main_country,2023-2026,2024,3,7,28
United Kingdom,2024-07-15,5206.0,0.0,,,10.908210000559345,0.0,743.7142857142857,0.0,10.908210000559345,0.0,743.7143,10.90821,0.0,0.0,,,,,,,,,,,,,,,24968589.0,232112.0,366219.4,3404.4343,,,151248820.0,53806964.0,50745900.0,40373987.0,221.83975,78.91978,74.43005,59.217354,,,,,GBR,Europe,68179315.0,281.814208984375,39.50400161743164,81.07440185546875,52621.1796875,0.4000000059604645,7.400000095367432,,2.4200000762939453,,main_country,2023-2026,2024,3,7,29
United Kingdom,2024-07-22,4265.0,0.0,,,8.936518565575414,0.0,609.2857142857143,0.0,8.936518565575414,0.0,609.2857,8.936519,0.0,0.0,,,,,,,,,,,,,,,24972854.0,232112.0,366281.97,3404.4343,,,151248820.0,53806964.0,50745900.0,40373987.0,221.83975,78.91978,74.43005,59.217354,,,,,GBR,Europe,68179315.0,281.814208984375,39.50400161743164,81.07440185546875,52621.1796875,0.4000000059604645,7.400000095367432,,2.4200000762939453,,main_country,2023-2026,2024,3,7,30
United Kingdom,2024-07-29,3558.0,0.0,,,7.45513084556092,0.0,508.2857142857143,0.0,7.45513084556092,0.0,508.2857,7.455131,0.0,0.0,,,,,,,,,,,,,,,24976412.0,232112.0,366334.16,3404.4343,,,151248820.0,53806964.0,50745900.0,40373987.0,221.83975,78.91978,74.43005,59.217354,,,,,GBR,Europe,68179315.0,281.814208984375,39.50400161743164,81.07440185546875,52621.1796875,0.4000000059604645,7.400000095367432,,2.4200000762939453,,main_country,2023-2026,2024,3,7,31
United Kingdom,2024-08-05,2651.0,0.0,,,5.554680121299044,0.0,378.7142857142857,0.0,5.554680121299044,0.0,378.7143,5.5546803,0.0,0.0,,,,,,,,,,,,,,,24979063.0,232112.0,366373.03,3404.4343,,,151248820.0,53806964.0,50745900.0,40373987.0,221.83975,78.91978,74.43005,59.217354,,,,,GBR,Europe,68179315.0,281.814208984375,39.50400161743164,81.07440185546875,52621.1796875,0.4000000059604645,7.400000095367432,,2.4200000762939453,,main_country,2023-2026,2024,3,8,32
United Kingdom,2024-08-12,2269.0,0.0,,,4.754269783186545,0.0,324.14285714285717,0.0,4.754269783186545,0.0,324.14285,4.7542696,0.0,0.0,,,,,,,,,,,,,,,24981332.0,232112.0,366406.3,3404.4343,,,151248820.0,53806964.0,50745900.0,40373987.0,221.83975,78.91978,74.43005,59.217354,,,,,GBR,Europe,68179315.0,281.814208984375,39.50400161743164,81.07440185546875,52621.1796875,0.4000000059604645,7.400000095367432,,2.4200000762939453,,main_country,2023-2026,2024,3,8,33
United Kingdom,2024-08-19,2068.0,0.0,,,4.333111463917926,0.0,295.42857142857144,0.0,4.333111463917926,0.0,295.42856,4.3331113,0.0,0.0,,,,,,,,,,,,,,,24983400.0,232112.0,366436.66,3404.4343,,,151248820.0,53806964.0,50745900.0,40373987.0,221.83975,78.91978,74.43005,59.217354,,,,,GBR,Europe,68179315.0,281.814208984375,39.50400161743164,81.07440185546875,52621.1796875,0.4000000059604645,7.400000095367432,,2.4200000762939453,,main_country,2023-2026,2024,3,8,34
United Kingdom,2024-08-26,2280.0,0.0,,,4.77731824842015,0.0,325.7142857142857,0.0,4.77731824842015,0.0,325.7143,4.7773185,0.0,0.0,,,,,,,,,,,,,,,24985680.0,232112.0,366470.1,3404.4343,,,151248820.0,53806964.0,50745900.0,40373987.0,221.83975,78.91978,74.43005,59.217354,,,,,GBR,Europe,68179315.0,281.814208984375,39.50400161743164,81.07440185546875,52621.1796875,0.4000000059604645,7.400000095367432,,2.4200000762939453,,main_country,2023-2026,2024,3,8,35
United Kingdom,2024-09-02,2365.0,0.0,,,4.955420025225288,0.0,337.85714285714283,0.0,4.955420025225288,0.0,337.85715,4.955419999999999,0.0,0.0,,,,,,,,,,,,,,,24988045.0,232112.0,366504.78,3404.4343,,,151248820.0,53806964.0,50745900.0,40373987.0,221.83975,78.91978,74.43005,59.217354,,,,,GBR,Europe,68179315.0,281.814208984375,39.50400161743164,81.07440185546875,52621.1796875,0.4000000059604645,7.400000095367432,,2.4200000762939453,,main_country,2023-2026,2024,3,9,36
United Kingdom,2024-09-09,2495.0,0.0,,,5.227810977986087,0.0,356.42857142857144,0.0,5.227810977986087,0.0,356.42856,5.227811,0.0,0.0,,,,,,,,,,,,,,,24990540.0,232112.0,366541.38,3404.4343,,,151248820.0,53806964.0,50745900.0,40373987.0,221.83975,78.91978,74.43005,59.217354,,,,,GBR,Europe,68179315.0,281.814208984375,39.50400161743164,81.07440185546875,52621.1796875,0.4000000059604645,7.400000095367432,,2.4200000762939453,,main_country,2023-2026,2024,3,9,37
United Kingdom,2024-09-16,3505.0,0.0,,,7.344079149435364,0.0,500.7142857142857,0.0,7.344079149435364,0.0,500.7143,7.344079,0.0,0.0,,,,,,,,,,,,,,,24994045.0,232112.0,366592.78,3404.4343,,,151248820.0,53806964.0,50745900.0,40373987.0,221.83975,78.91978,74.43005,59.217354,,,,,GBR,Europe,68179315.0,281.814208984375,39.50400161743164,81.07440185546875,52621.1796875,0.4000000059604645,7.400000095367432,,2.4200000762939453,,main_country,2023-2026,2024,3,9,38
United Kingdom,2024-09-23,3586.0,0.0,,,7.5137996661555535,0.0,512.2857142857143,0.0,7.5137996661555535,0.0,512.2857,7.5137997,0.0,0.0,,,,,,,,,,,,,,,24997631.0,232112.0,366645.38,3404.4343,,,151248820.0,53806964.0,50745900.0,40373987.0,221.83975,78.91978,74.43005,59.217354,,,,,GBR,Europe,68179315.0,281.814208984375,39.50400161743164,81.07440185546875,52621.1796875,0.4000000059604645,7.400000095367432,,2.4200000762939453,,main_country,2023-2026,2024,3,9,39
United Kingdom,2024-09-30,3926.0,0.0,,,8.226206773376102,0.0,560.8571428571429,0.0,8.226206773376102,0.0,560.8571,8.226207,0.0,0.0,,,,,,,,,,,,,,,25001557.0,232112.0,366702.97,3404.4343,,,151248820.0,53806964.0,50745900.0,40373987.0,221.83975,78.91978,74.43005,59.217354,,,,,GBR,Europe,68179315.0,281.814208984375,39.50400161743164,81.07440185546875,52621.1796875,0.4000000059604645,7.400000095367432,,2.4200000762939453,,main_country,2023-2026,2024,3,9,40
United Kingdom,2024-10-07,4057.0,0.0,,,8.500693041158138,0.0,579.5714285714286,0.0,8.500693041158138,0.0,579.5714,8.500693,0.0,0.0,,,,,,,,,,,,,,,25005614.0,232112.0,366762.47,3404.4343,,,151248820.0,53806964.0,50745900.0,40373987.0,221.83975,78.91978,74.43005,59.217354,,,,,GBR,Europe,68179315.0,281.814208984375,39.50400161743164,81.07440185546875,52621.1796875,0.4000000059604645,7.400000095367432,,2.4200000762939453,,main_country,2023-2026,2024,4,10,41
United Kingdom,2024-10-14,3909.0,0.0,,,8.190586418015075,0.0,558.4285714285714,0.0,8.190586418015075,0.0,558.4286,8.190586,0.0,0.0,,,,,,,,,,,,,,,25009523.0,232112.0,366819.8,3404.4343,,,151248820.0,53806964.0,50745900.0,40373987.0,221.83975,78.91978,74.43005,59.217354,,,,,GBR,Europe,68179315.0,281.814208984375,39.50400161743164,81.07440185546875,52621.1796875,0.4000000059604645,7.400000095367432,,2.4200000762939453,,main_country,2023-2026,2024,4,10,42
United Kingdom,2024-10-21,3004.0,0.0,,,6.294326323795672,0.0,429.14285714285717,0.0,6.294326323795672,0.0,429.14285,6.2943263,0.0,0.0,,,,,,,,,,,,,,,25012527.0,232112.0,366863.88,3404.4343,,,151248820.0,53806964.0,50745900.0,40373987.0,221.83975,78.91978,74.43005,59.217354,,,,,GBR,Europe,68179315.0,281.814208984375,39.50400161743164,81.07440185546875,52621.1796875,0.4000000059604645,7.400000095367432,,2.4200000762939453,,main_country,2023-2026,2024,4,10,43
United Kingdom,2024-10-28,2149.0,0.0,,,4.502831980638115,0.0,307.0,0.0,4.502831980638115,0.0,307.0,4.502832,0.0,0.0,,,,,,,,,,,,,,,25014676.0,232112.0,366895.38,3404.4343,,,151248820.0,53806964.0,50745900.0,40373987.0,221.83975,78.91978,74.43005,59.217354,,,,,GBR,Europe,68179315.0,281.814208984375,39.50400161743164,81.07440185546875,52621.1796875,0.4000000059604645,7.400000095367432,,2.4200000762939453,,main_country,2023-2026,2024,4,10,44
United Kingdom,2024-11-04,1748.0,0.0,,,3.6626106571221153,0.0,249.71428571428572,0.0,3.6626106571221153,0.0,249.71428,3.6626108,0.0,0.0,,,,,,,,,,,,,,,25016424.0,232112.0,366921.03,3404.4343,,,151248820.0,53806964.0,50745900.0,40373987.0,221.83975,78.91978,74.43005,59.217354,,,,,GBR,Europe,68179315.0,281.814208984375,39.50400161743164,81.07440185546875,52621.1796875,0.4000000059604645,7.400000095367432,,2.4200000762939453,,main_country,2023-2026,2024,4,11,45
United Kingdom,2024-11-11,1390.0,0.0,,,2.9124878795193028,0.0,198.57142857142858,0.0,2.9124878795193028,0.0,198.57143,2.912488,0.0,0.0,,,,,,,,,,,,,,,25017814.0,232112.0,366941.4,3404.4343,,,151248820.0,53806964.0,50745900.0,40373987.0,221.83975,78.91978,74.43005,59.217354,,,,,GBR,Europe,68179315.0,281.814208984375,39.50400161743164,81.07440185546875,52621.1796875,0.4000000059604645,7.400000095367432,,2.4200000762939453,,main_country,2023-2026,2024,4,11,46
United Kingdom,2024-11-18,1419.0,0.0,,,2.973252015135173,0.0,202.71428571428572,0.0,2.973252015135173,0.0,202.71428,2.973252,0.0,0.0,,,,,,,,,,,,,,,25019233.0,232112.0,366962.22,3404.4343,,,151248820.0,53806964.0,50745900.0,40373987.0,221.83975,78.91978,74.43005,59.217354,,,,,GBR,Europe,68179315.0,281.814208984375,39.50400161743164,81.07440185546875,52621.1796875,0.4000000059604645,7.400000095367432,,2.4200000762939453,,main_country,2023-2026,2024,4,11,47
United Kingdom,2024-11-25,1407.0,0.0,,,2.94810823488033,0.0,201.0,0.0,2.94810823488033,0.0,201.0,2.9481082,0.0,0.0,,,,,,,,,,,,,,,25020640.0,232112.0,366982.88,3404.4343,,,151248820.0,53806964.0,50745900.0,40373987.0,221.83975,78.91978,74.43005,59.217354,,,,,GBR,Europe,68179315.0,281.814208984375,39.50400161743164,81.07440185546875,52621.1796875,0.4000000059604645,7.400000095367432,,2.4200000762939453,,main_country,2023-2026,2024,4,11,48
United Kingdom,2024-12-02,1421.0,0.0,,,2.977442645177647,0.0,203.0,0.0,2.977442645177647,0.0,203.0,2.9774427,0.0,0.0,,,,,,,,,,,,,,,25022061.0,232112.0,367003.7,3404.4343,,,151248820.0,53806964.0,50745900.0,40373987.0,221.83975,78.91978,74.43005,59.217354,,,,,GBR,Europe,68179315.0,281.814208984375,39.50400161743164,81.07440185546875,52621.1796875,0.4000000059604645,7.400000095367432,,2.4200000762939453,,main_country,2023-2026,2024,4,12,49
United Kingdom,2024-12-09,1397.0,0.0,,,2.927155084667961,0.0,199.57142857142858,0.0,2.927155084667961,0.0,199.57143,2.927155,0.0,0.0,,,,,,,,,,,,,,,25023458.0,232112.0,367024.2,3404.4343,,,151248820.0,53806964.0,50745900.0,40373987.0,221.83975,78.91978,74.43005,59.217354,,,,,GBR,Europe,68179315.0,281.814208984375,39.50400161743164,81.07440185546875,52621.1796875,0.4000000059604645,7.400000095367432,,2.4200000762939453,,main_country,2023-2026,2024,4,12,50
United Kingdom,2024-12-16,1507.0,0.0,,,3.157639737004021,0.0,215.28571428571428,0.0,3.157639737004021,0.0,215.28572,3.1576397,0.0,0.0,,,,,,,,,,,,,,,25024965.0,232112.0,367046.28,3404.4343,,,151248820.0,53806964.0,50745900.0,40373987.0,221.83975,78.91978,74.43005,59.217354,,,,,GBR,Europe,68179315.0,281.814208984375,39.50400161743164,81.07440185546875,52621.1796875,0.4000000059604645,7.400000095367432,,2.4200000762939453,,main_country,2023-2026,2024,4,12,51
United Kingdom,2024-12-23,1198.0,0.0,,,2.510187395441816,0.0,171.14285714285714,0.0,2.510187395441816,0.0,171.14285,2.5101874,0.0,0.0,,,,,,,,,,,,,,,25026163.0,232112.0,367063.88,3404.4343,,,151248820.0,53806964.0,50745900.0,40373987.0,221.83975,78.91978,74.43005,59.217354,,,,,GBR,Europe,68179315.0,281.814208984375,39.50400161743164,81.07440185546875,52621.1796875,0.4000000059604645,7.400000095367432,,2.4200000762939453,,main_country,2023-2026,2024,4,12,52
United Kingdom,2024-12-30,1215.0,0.0,,,2.5458077508028434,0.0,173.57142857142858,0.0,2.5458077508028434,0.0,173.57143,2.5458078,0.0,0.0,,,,,,,,,,,,,,,25027378.0,232112.0,367081.7,3404.4343,,,151248820.0,53806964.0,50745900.0,40373987.0,221.83975,78.91978,74.43005,59.217354,,,,,GBR,Europe,68179315.0,281.814208984375,39.50400161743164,81.07440185546875,52621.1796875,0.4000000059604645,7.400000095367432,,2.4200000762939453,,main_country,2023-2026,2024,4,12,1
United Kingdom,2025-01-06,1046.0,0.0,,,2.1916995122138063,0.0,149.42857142857142,0.0,2.1916995122138063,0.0,149.42857,2.1916995,0.0,0.0,,,,,,,,,,,,,,,25028424.0,232112.0,367097.03,3404.4343,,,151248820.0,53806964.0,50745900.0,40373987.0,221.83975,78.91978,74.43005,59.217354,,,,,GBR,Europe,68179315.0,281.814208984375,39.50400161743164,81.07440185546875,52621.1796875,0.4000000059604645,7.400000095367432,,2.4200000762939453,,main_country,2023-2026,2025,1,1,2
United Kingdom,2025-01-13,993.0,0.0,,,2.08064781608825,0.0,141.85714285714286,0.0,2.08064781608825,0.0,141.85715,2.0806477,0.0,0.0,,,,,,,,,,,,,,,25029417.0,232112.0,367111.6,3404.4343,,,151248820.0,53806964.0,50745900.0,40373987.0,221.83975,78.91978,74.43005,59.217354,,,,,GBR,Europe,68179315.0,281.814208984375,39.50400161743164,81.07440185546875,52621.1796875,0.4000000059604645,7.400000095367432,,2.4200000762939453,,main_country,2023-2026,2025,1,1,3
United Kingdom,2025-01-20,960.0,0.0,,,2.011502420387432,0.0,137.14285714285714,0.0,2.011502420387432,0.0,137.14285,2.0115025,0.0,0.0,,,,,,,,,,,,,,,25030377.0,232112.0,367125.7,3404.4343,,,151248820.0,53806964.0,50745900.0,40373987.0,221.83975,78.91978,74.43005,59.217354,,,,,GBR,Europe,68179315.0,281.814208984375,39.50400161743164,81.07440185546875,52621.1796875,0.4000000059604645,7.400000095367432,,2.4200000762939453,,main_country,2023-2026,2025,1,1,4
United Kingdom,2025-01-27,975.0,0.0,,,2.0429321457059855,0.0,139.28571428571428,0.0,2.0429321457059855,0.0,139.28572,2.042932,0.0,0.0,,,,,,,,,,,,,,,25031352.0,232112.0,367139.97,3404.4343,,,151248820.0,53806964.0,50745900.0,40373987.0,221.83975,78.91978,74.43005,59.217354,,,,,GBR,Europe,68179315.0,281.814208984375,39.50400161743164,81.07440185546875,52621.1796875,0.4000000059604645,7.400000095367432,,2.4200000762939453,,main_country,2023-2026,2025,1,1,5
United Kingdom,2025-02-03,943.0,0.0,,,1.9758820650264044,0.0,134.71428571428572,0.0,1.9758820650264044,0.0,134.71428,1.975882,0.0,0.0,,,,,,,,,,,,,,,25032295.0,232112.0,367153.8,3404.4343,,,151248820.0,53806964.0,50745900.0,40373987.0,221.83975,78.91978,74.43005,59.217354,,,,,GBR,Europe,68179315.0,281.814208984375,39.50400161743164,81.07440185546875,52621.1796875,0.4000000059604645,7.400000095367432,,2.4200000762939453,,main_country,2023-2026,2025,1,2,6
United Kingdom,2025-02-10,988.0,0.0,,,2.070171240982065,0.0,141.14285714285714,0.0,2.070171240982065,0.0,141.14285,2.0701714,0.0,0.0,,,,,,,,,,,,,,,25033283.0,232112.0,367168.3,3404.4343,,,151248820.0,53806964.0,50745900.0,40373987.0,221.83975,78.91978,74.43005,59.217354,,,,,GBR,Europe,68179315.0,281.814208984375,39.50400161743164,81.07440185546875,52621.1796875,0.4000000059604645,7.400000095367432,,2.4200000762939453,,main_country,2023-2026,2025,1,2,7
United Kingdom,2025-02-17,1126.0,0.0,,,2.3593247139127587,0.0,160.85714285714286,0.0,2.3593247139127587,0.0,160.85715,2.3593246999999997,0.0,0.0,,,,,,,,,,,,,,,25034409.0,232112.0,367184.8,3404.4343,,,151248820.0,53806964.0,50745900.0,40373987.0,221.83975,78.91978,74.43005,59.217354,,,,,GBR,Europe,68179315.0,281.814208984375,39.50400161743164,81.07440185546875,52621.1796875,0.4000000059604645,7.400000095367432,,2.4200000762939453,,main_country,2023-2026,2025,1,2,8
United Kingdom,2025-02-24,1006.0,0.0,,,2.1078869113643295,0.0,143.71428571428572,0.0,2.1078869113643295,0.0,143.71428,2.107887,0.0,0.0,,,,,,,,,,,,,,,25035415.0,232112.0,367199.56,3404.4343,,,151248820.0,53806964.0,50745900.0,40373987.0,221.83975,78.91978,74.43005,59.217354,,,,,GBR,Europe,68179315.0,281.814208984375,39.50400161743164,81.07440185546875,52621.1796875,0.4000000059604645,7.400000095367432,,2.4200000762939453,,main_country,2023-2026,2025,1,2,9
United Kingdom,2025-03-03,1049.0,0.0,,,2.197985457277517,0.0,149.85714285714286,0.0,2.197985457277517,0.0,149.85715,2.1979854,0.0,0.0,,,,,,,,,,,,,,,25036464.0,232112.0,367214.97,3404.4343,,,151248820.0,53806964.0,50745900.0,40373987.0,221.83975,78.91978,74.43005,59.217354,,,,,GBR,Europe,68179315.0,281.814208984375,39.50400161743164,81.07440185546875,52621.1796875,0.4000000059604645,7.400000095367432,,2.4200000762939453,,main_country,2023-2026,2025,1,3,10
United Kingdom,2025-03-10,1050.0,0.0,,,2.2000807722987537,0.0,150.0,0.0,2.2000807722987537,0.0,150.0,2.2000809,0.0,0.0,,,,,,,,,,,,,,,25037514.0,232112.0,367230.34,3404.4343,,,151248820.0,53806964.0,50745900.0,40373987.0,221.83975,78.91978,74.43005,59.217354,,,,,GBR,Europe,68179315.0,281.814208984375,39.50400161743164,81.07440185546875,52621.1796875,0.4000000059604645,7.400000095367432,,2.4200000762939453,,main_country,2023-2026,2025,1,3,11
United Kingdom,2025-03-17,1251.0,0.0,,,2.621239091567372,0.0,178.71428571428572,0.0,2.621239091567372,0.0,178.71428,2.6212392,0.0,0.0,,,,,,,,,,,,,,,25038765.0,232112.0,367248.7,3404.4343,,,151248820.0,53806964.0,50745900.0,40373987.0,221.83975,78.91978,74.43005,59.217354,,,,,GBR,Europe,68179315.0,281.814208984375,39.50400161743164,81.07440185546875,52621.1796875,0.4000000059604645,7.400000095367432,,2.4200000762939453,,main_country,2023-2026,2025,1,3,12
United Kingdom,2025-03-24,1215.0,0.0,,,2.5458077508028434,0.0,173.57142857142858,0.0,2.5458077508028434,0.0,173.57143,2.5458078,0.0,0.0,,,,,,,,,,,,,,,25039980.0,232112.0,367266.53,3404.4343,,,151248820.0,53806964.0,50745900.0,40373987.0,221.83975,78.91978,74.43005,59.217354,,,,,GBR,Europe,68179315.0,281.814208984375,39.50400161743164,81.07440185546875,52621.1796875,0.4000000059604645,7.400000095367432,,2.4200000762939453,,main_country,2023-2026,2025,1,3,13
United Kingdom,2025-03-31,1311.0,0.0,,,2.746957992841587,0.0,187.28571428571428,0.0,2.746957992841587,0.0,187.28572,2.746958,0.0,0.0,,,,,,,,,,,,,,,25041291.0,232112.0,367285.75,3404.4343,,,151248820.0,53806964.0,50745900.0,40373987.0,221.83975,78.91978,74.43005,59.217354,,,,,GBR,Europe,68179315.0,281.814208984375,39.50400161743164,81.07440185546875,52621.1796875,0.4000000059604645,7.400000095367432,,2.4200000762939453,,main_country,2023-2026,2025,1,3,14
United Kingdom,2025-04-07,1337.0,0.0,,,2.8014361833937467,0.0,191.0,0.0,2.8014361833937467,0.0,191.0,2.8014362,0.0,0.0,,,,,,,,,,,,,,,25042628.0,232112.0,367305.38,3404.4343,,,151248820.0,53806964.0,50745900.0,40373987.0,221.83975,78.91978,74.43005,59.217354,,,,,GBR,Europe,68179315.0,281.814208984375,39.50400161743164,81.07440185546875,52621.1796875,0.4000000059604645,7.400000095367432,,2.4200000762939453,,main_country,2023-2026,2025,2,4,15
United Kingdom,2025-04-14,1256.0,0.0,,,2.631715666673557,0.0,179.42857142857142,0.0,2.631715666673557,0.0,179.42857,2.6317158,0.0,0.0,,,,,,,,,,,,,,,25043884.0,232112.0,367323.78,3404.4343,,,151248820.0,53806964.0,50745900.0,40373987.0,221.83975,78.91978,74.43005,59.217354,,,,,GBR,Europe,68179315.0,281.814208984375,39.50400161743164,81.07440185546875,52621.1796875,0.4000000059604645,7.400000095367432,,2.4200000762939453,,main_country,2023-2026,2025,2,4,16
United Kingdom,2025-04-21,1366.0,0.0,,,2.8622003190096166,0.0,195.14285714285714,0.0,2.8622003190096166,0.0,195.14285,2.8622003,0.0,0.0,,,,,,,,,,,,,,,25045250.0,232112.0,367343.8,3404.4343,,,151248820.0,53806964.0,50745900.0,40373987.0,221.83975,78.91978,74.43005,59.217354,,,,,GBR,Europe,68179315.0,281.814208984375,39.50400161743164,81.07440185546875,52621.1796875,0.4000000059604645,7.400000095367432,,2.4200000762939453,,main_country,2023-2026,2025,2,4,17
United Kingdom,2025-04-28,1396.0,0.0,,,2.9250597696467238,0.0,199.42857142857142,0.0,2.9250597696467238,0.0,199.42857,2.9250598,0.0,0.0,,,,,,,,,,,,,,,25046646.0,232112.0,367364.28,3404.4343,,,151248820.0,53806964.0,50745900.0,40373987.0,221.83975,78.91978,74.43005,59.217354,,,,,GBR,Europe,68179315.0,281.814208984375,39.50400161743164,81.07440185546875,52621.1796875,0.4000000059604645,7.400000095367432,,2.4200000762939453,,main_country,2023-2026,2025,2,4,18
United Kingdom,2025-05-05,1171.0,0.0,,,2.453613889868419,0.0,167.28571428571428,0.0,2.453613889868419,0.0,167.28572,2.4536139999999995,0.0,0.0,,,,,,,,,,,,,,,25047817.0,232112.0,367381.47,3404.4343,,,151248820.0,53806964.0,50745900.0,40373987.0,221.83975,78.91978,74.43005,59.217354,,,,,GBR,Europe,68179315.0,281.814208984375,39.50400161743164,81.07440185546875,52621.1796875,0.4000000059604645,7.400000095367432,,2.4200000762939453,,main_country,2023-2026,2025,2,5,19
United Kingdom,2025-05-12,1229.0,0.0,,,2.5751421611001604,0.0,175.57142857142858,0.0,2.5751421611001604,0.0,175.57143,2.5751421,0.0,0.0,,,,,,,,,,,,,,,25049046.0,232112.0,367399.5,3404.4343,,,151248820.0,53806964.0,50745900.0,40373987.0,221.83975,78.91978,74.43005,59.217354,,,,,GBR,Europe,68179315.0,281.814208984375,39.50400161743164,81.07440185546875,52621.1796875,0.4000000059604645,7.400000095367432,,2.4200000762939453,,main_country,2023-2026,2025,2,5,20
United Kingdom,2025-05-19,1290.0,0.0,,,2.7029563773956116,0.0,184.28571428571428,0.0,2.7029563773956116,0.0,184.28572,2.7029564,0.0,0.0,,,,,,,,,,,,,,,25050336.0,232112.0,367418.4,3404.4343,,,151248820.0,53806964.0,50745900.0,40373987.0,221.83975,78.91978,74.43005,59.217354,,,,,GBR,Europe,68179315.0,281.814208984375,39.50400161743164,81.07440185546875,52621.1796875,0.4000000059604645,7.400000095367432,,2.4200000762939453,,main_country,2023-2026,2025,2,5,21
United Kingdom,2025-05-26,1391.0,0.0,,,2.9145831945405396,0.0,198.71428571428572,0.0,2.9145831945405396,0.0,198.71428,2.9145832,0.0,0.0,,,,,,,,,,,,,,,25051727.0,232112.0,367438.8,3404.4343,,,151248820.0,53806964.0,50745900.0,40373987.0,221.83975,78.91978,74.43005,59.217354,,,,,GBR,Europe,68179315.0,281.814208984375,39.50400161743164,81.07440185546875,52621.1796875,0.4000000059604645,7.400000095367432,,2.4200000762939453,,main_country,2023-2026,2025,2,5,22
United Kingdom,2025-06-02,1449.0,0.0,,,3.03611146577228,0.0,207.0,0.0,3.03611146577228,0.0,207.0,3.0361114,0.0,0.0,,,,,,,,,,,,,,,25053176.0,232112.0,367460.06,3404.4343,,,151248820.0,53806964.0,50745900.0,40373987.0,221.83975,78.91978,74.43005,59.217354,,,,,GBR,Europe,68179315.0,281.814208984375,39.50400161743164,81.07440185546875,52621.1796875,0.4000000059604645,7.400000095367432,,2.4200000762939453,,main_country,2023-2026,2025,2,6,23
United Kingdom,2025-06-09,1698.0,0.0,,,3.5578449060602706,0.0,242.57142857142858,0.0,3.5578449060602706,0.0,242.57143,3.5578449,0.0,0.0,,,,,,,,,,,,,,,25054874.0,232112.0,367484.97,3404.4343,,,151248820.0,53806964.0,50745900.0,40373987.0,221.83975,78.91978,74.43005,59.217354,,,,,GBR,Europe,68179315.0,281.814208984375,39.50400161743164,81.07440185546875,52621.1796875,0.4000000059604645,7.400000095367432,,2.4200000762939453,,main_country,2023-2026,2025,2,6,24
United Kingdom,2025-06-16,1657.0,0.0,,,3.471936990189557,0.0,236.71428571428572,0.0,3.471936990189557,0.0,236.71428,3.471937,0.0,0.0,,,,,,,,,,,,,,,25056531.0,232112.0,367509.28,3404.4343,,,151248820.0,53806964.0,50745900.0,40373987.0,221.83975,78.91978,74.43005,59.217354,,,,,GBR,Europe,68179315.0,281.814208984375,39.50400161743164,81.07440185546875,52621.1796875,0.4000000059604645,7.400000095367432,,2.4200000762939453,,main_country,2023-2026,2025,2,6,25
United Kingdom,2025-06-23,1304.0,0.0,,,2.7322907876929285,0.0,186.28571428571428,0.0,2.7322907876929285,0.0,186.28572,2.7322907,0.0,0.0,,,,,,,,,,,,,,,25057835.0,232112.0,367528.4,3404.4343,,,151248820.0,53806964.0,50745900.0,40373987.0,221.83975,78.91978,74.43005,59.217354,,,,,GBR,Europe,68179315.0,281.814208984375,39.50400161743164,81.07440185546875,52621.1796875,0.4000000059604645,7.400000095367432,,2.4200000762939453,,main_country,2023-2026,2025,2,6,26
United Kingdom,2025-06-30,1184.0,0.0,,,2.4808529851444994,0.0,169.14285714285714,0.0,2.4808529851444994,0.0,169.14285,2.480853,0.0,0.0,,,,,,,,,,,,,,,25059019.0,232112.0,367545.78,3404.4343,,,151248820.0,53806964.0,50745900.0,40373987.0,221.83975,78.91978,74.43005,59.217354,,,,,GBR,Europe,68179315.0,281.814208984375,39.50400161743164,81.07440185546875,52621.1796875,0.4000000059604645,7.400000095367432,,2.4200000762939453,,main_country,2023-2026,2025,2,6,27
United Kingdom,2025-07-07,1321.0,0.0,,,2.7679111430539556,0.0,188.71428571428572,0.0,2.7679111430539556,0.0,188.71428,2.7679112,0.0,0.0,,,,,,,,,,,,,,,25060340.0,232112.0,367565.16,3404.4343,,,151248820.0,53806964.0,50745900.0,40373987.0,221.83975,78.91978,74.43005,59.217354,,,,,GBR,Europe,68179315.0,281.814208984375,39.50400161743164,81.07440185546875,52621.1796875,0.4000000059604645,7.400000095367432,,2.4200000762939453,,main_country,2023-2026,2025,3,7,28
United Kingdom,2025-07-14,1466.0,0.0,,,3.071731821133308,0.0,209.42857142857142,0.0,3.071731821133308,0.0,209.42857,3.0717318,0.0,0.0,,,,,,,,,,,,,,,25061806.0,232112.0,367586.66,3404.4343,,,151248820.0,53806964.0,50745900.0,40373987.0,221.83975,78.91978,74.43005,59.217354,,,,,GBR,Europe,68179315.0,281.814208984375,39.50400161743164,81.07440185546875,52621.1796875,0.4000000059604645,7.400000095367432,,2.4200000762939453,,main_country,2023-2026,2025,3,7,29
United Kingdom,2025-07-21,1283.0,0.0,,,2.6882891722469533,0.0,183.28571428571428,0.0,2.6882891722469533,0.0,183.28572,2.6882892,0.0,0.0,,,,,,,,,,,,,,,25063089.0,232112.0,367605.47,3404.4343,,,151248820.0,53806964.0,50745900.0,40373987.0,221.83975,78.91978,74.43005,59.217354,,,,,GBR,Europe,68179315.0,281.814208984375,39.50400161743164,81.07440185546875,52621.1796875,0.4000000059604645,7.400000095367432,,2.4200000762939453,,main_country,2023-2026,2025,3,7,30
United Kingdom,2025-07-28,1567.0,0.0,,,3.283358638278235,0.0,223.85714285714286,0.0,3.283358638278235,0.0,223.85715,3.2833586,0.0,0.0,,,,,,,,,,,,,,,25064656.0,232112.0,367628.44,3404.4343,,,151248820.0,53806964.0,50745900.0,40373987.0,221.83975,78.91978,74.43005,59.217354,,,,,GBR,Europe,68179315.0,281.814208984375,39.50400161743164,81.07440185546875,52621.1796875,0.4000000059604645,7.400000095367432,,2.4200000762939453,,main_country,2023-2026,2025,3,7,31
United Kingdom,2025-08-04,1821.0,0.0,,,3.8155686536724103,0.0,260.14285714285717,0.0,3.8155686536724103,0.0,260.14285,3.8155687,0.0,0.0,,,,,,,,,,,,,,,25066477.0,232112.0,367655.16,3404.4343,,,151248820.0,53806964.0,50745900.0,40373987.0,221.83975,78.91978,74.43005,59.217354,,,,,GBR,Europe,68179315.0,281.814208984375,39.50400161743164,81.07440185546875,52621.1796875,0.4000000059604645,7.400000095367432,,2.4200000762939453,,main_country,2023-2026,2025,3,8,32
United Kingdom,2025-08-11,2044.0,0.0,,,4.28282390340824,0.0,292.0,0.0,4.28282390340824,0.0,292.0,4.282824,0.0,0.0,,,,,,,,,,,,,,,25068521.0,232112.0,367685.12,3404.4343,,,151248820.0,53806964.0,50745900.0,40373987.0,221.83975,78.91978,74.43005,59.217354,,,,,GBR,Europe,68179315.0,281.814208984375,39.50400161743164,81.07440185546875,52621.1796875,0.4000000059604645,7.400000095367432,,2.4200000762939453,,main_country,2023-2026,2025,3,8,33
United Kingdom,2025-08-18,1829.0,0.0,,,3.8323311738423054,0.0,261.2857142857143,0.0,3.8323311738423054,0.0,261.2857,3.8323312,0.0,0.0,,,,,,,,,,,,,,,25070350.0,232112.0,367711.97,3404.4343,,,151248820.0,53806964.0,50745900.0,40373987.0,221.83975,78.91978,74.43005,59.217354,,,,,GBR,Europe,68179315.0,281.814208984375,39.50400161743164,81.07440185546875,52621.1796875,0.4000000059604645,7.400000095367432,,2.4200000762939453,,main_country,2023-2026,2025,3,8,34
United Kingdom,2025-08-25,2059.0,0.0,,,4.314253628726794,0.0,294.14285714285717,0.0,4.314253628726794,0.0,294.14285,4.314254,0.0,0.0,,,,,,,,,,,,,,,25072409.0,232112.0,367742.16,3404.4343,,,151248820.0,53806964.0,50745900.0,40373987.0,221.83975,78.91978,74.43005,59.217354,,,,,GBR,Europe,68179315.0,281.814208984375,39.50400161743164,81.07440185546875,52621.1796875,0.4000000059604645,7.400000095367432,,2.4200000762939453,,main_country,2023-2026,2025,3,8,35
United Kingdom,2025-09-01,2246.0,0.0,,,4.7060775376980954,0.0,320.85714285714283,0.0,4.7060775376980954,0.0,320.85715,4.7060776,0.0,0.0,,,,,,,,,,,,,,,25074655.0,232112.0,367775.1,3404.4343,,,151248820.0,53806964.0,50745900.0,40373987.0,221.83975,78.91978,74.43005,59.217354,,,,,GBR,Europe,68179315.0,281.814208984375,39.50400161743164,81.07440185546875,52621.1796875,0.4000000059604645,7.400000095367432,,2.4200000762939453,,main_country,2023-2026,2025,3,9,36
United Kingdom,2025-09-08,2410.0,0.0,,,5.049709201180948,0.0,344.2857142857143,0.0,5.049709201180948,0.0,344.2857,5.049709299999999,0.0,0.0,,,,,,,,,,,,,,,25077065.0,232112.0,367810.47,3404.4343,,,151248820.0,53806964.0,50745900.0,40373987.0,221.83975,78.91978,74.43005,59.217354,,,,,GBR,Europe,68179315.0,281.814208984375,39.50400161743164,81.07440185546875,52621.1796875,0.4000000059604645,7.400000095367432,,2.4200000762939453,,main_country,2023-2026,2025,3,9,37
United Kingdom,2025-09-15,3061.0,0.0,,,6.413759280006176,0.0,437.2857142857143,0.0,6.413759280006176,0.0,437.2857,6.413759,0.0,0.0,,,,,,,,,,,,,,,25080126.0,232112.0,367855.34,3404.4343,,,151248820.0,53806964.0,50745900.0,40373987.0,221.83975,78.91978,74.43005,59.217354,,,,,GBR,Europe,68179315.0,281.814208984375,39.50400161743164,81.07440185546875,52621.1796875,0.4000000059604645,7.400000095367432,,2.4200000762939453,,main_country,2023-2026,2025,3,9,38
United Kingdom,2025-09-22,3427.0,0.0,,,7.180644577778885,0.0,489.57142857142856,0.0,7.180644577778885,0.0,489.57144,7.1806445,0.0,0.0,,,,,,,,,,,,,,,25083553.0,232112.0,367905.62,3404.4343,,,151248820.0,53806964.0,50745900.0,40373987.0,221.83975,78.91978,74.43005,59.217354,,,,,GBR,Europe,68179315.0,281.814208984375,39.50400161743164,81.07440185546875,52621.1796875,0.4000000059604645,7.400000095367432,,2.4200000762939453,,main_country,2023-2026,2025,3,9,39
United Kingdom,2025-09-29,4105.0,0.0,,,8.601268162177508,0.0,586.4285714285714,0.0,8.601268162177508,0.0,586.4286,8.601268,0.0,0.0,,,,,,,,,,,,,,,25087658.0,232112.0,367965.8,3404.4343,,,151248820.0,53806964.0,50745900.0,40373987.0,221.83975,78.91978,74.43005,59.217354,,,,,GBR,Europe,68179315.0,281.814208984375,39.50400161743164,81.07440185546875,52621.1796875,0.4000000059604645,7.400000095367432,,2.4200000762939453,,main_country,2023-2026,2025,3,9,40
United Kingdom,2025-10-06,3437.0,0.0,,,7.2015977279912535,0.0,491.0,0.0,7.2015977279912535,0.0,491.0,7.2015977,0.0,0.0,,,,,,,,,,,,,,,25091095.0,232112.0,368016.25,3404.4343,,,151248820.0,53806964.0,50745900.0,40373987.0,221.83975,78.91978,74.43005,59.217354,,,,,GBR,Europe,68179315.0,281.814208984375,39.50400161743164,81.07440185546875,52621.1796875,0.4000000059604645,7.400000095367432,,2.4200000762939453,,main_country,2023-2026,2025,4,10,41
United Kingdom,2025-10-13,2792.0,0.0,,,5.8501195392934475,0.0,398.85714285714283,0.0,5.8501195392934475,0.0,398.85715,5.8501196,0.0,0.0,,,,,,,,,,,,,,,25093887.0,232112.0,368057.2,3404.4343,,,151248820.0,53806964.0,50745900.0,40373987.0,221.83975,78.91978,74.43005,59.217354,,,,,GBR,Europe,68179315.0,281.814208984375,39.50400161743164,81.07440185546875,52621.1796875,0.4000000059604645,7.400000095367432,,2.4200000762939453,,main_country,2023-2026,2025,4,10,42
United Kingdom,2025-10-20,2210.0,0.0,,,4.630646196933567,0.0,315.7142857142857,0.0,4.630646196933567,0.0,315.7143,4.630646,0.0,0.0,,,,,,,,,,,,,,,25096097.0,232112.0,368089.6,3404.4343,,,151248820.0,53806964.0,50745900.0,40373987.0,221.83975,78.91978,74.43005,59.217354,,,,,GBR,Europe,68179315.0,281.814208984375,39.50400161743164,81.07440185546875,52621.1796875,0.4000000059604645,7.400000095367432,,2.4200000762939453,,main_country,2023-2026,2025,4,10,43
United Kingdom,2025-10-27,1828.0,0.0,,,3.8302358588210685,0.0,261.14285714285717,0.0,3.8302358588210685,0.0,261.14285,3.830236,0.0,0.0,,,,,,,,,,,,,,,25097925.0,232112.0,368116.4,3404.4343,,,151248820.0,53806964.0,50745900.0,40373987.0,221.83975,78.91978,74.43005,59.217354,,,,,GBR,Europe,68179315.0,281.814208984375,39.50400161743164,81.07440185546875,52621.1796875,0.4000000059604645,7.400000095367432,,2.4200000762939453,,main_country,2023-2026,2025,4,10,44
United Kingdom,2025-11-03,1384.0,0.0,,,2.899915989391881,0.0,197.71428571428572,0.0,2.899915989391881,0.0,197.71428,2.899916,0.0,0.0,,,,,,,,,,,,,,,25099309.0,232112.0,368136.72,3404.4343,,,151248820.0,53806964.0,50745900.0,40373987.0,221.83975,78.91978,74.43005,59.217354,,,,,GBR,Europe,68179315.0,281.814208984375,39.50400161743164,81.07440185546875,52621.1796875,0.4000000059604645,7.400000095367432,,2.4200000762939453,,main_country,2023-2026,2025,4,11,45
United Kingdom,2025-11-10,949.0,0.0,,,1.9884539551538258,0.0,135.57142857142858,0.0,1.9884539551538258,0.0,135.57143,1.9884539999999997,0.0,0.0,,,,,,,,,,,,,,,25100258.0,232112.0,368150.62,3404.4343,,,151248820.0,53806964.0,50745900.0,40373987.0,221.83975,78.91978,74.43005,59.217354,,,,,GBR,Europe,68179315.0,281.814208984375,39.50400161743164,81.07440185546875,52621.1796875,0.4000000059604645,7.400000095367432,,2.4200000762939453,,main_country,2023-2026,2025,4,11,46
United Kingdom,2025-11-17,762.0,0.0,,,1.596630046182524,0.0,108.85714285714286,0.0,1.596630046182524,0.0,108.85714,1.5966301,0.0,0.0,,,,,,,,,,,,,,,25101020.0,232112.0,368161.8,3404.4343,,,151248820.0,53806964.0,50745900.0,40373987.0,221.83975,78.91978,74.43005,59.217354,,,,,GBR,Europe,68179315.0,281.814208984375,39.50400161743164,81.07440185546875,52621.1796875,0.4000000059604645,7.400000095367432,,2.4200000762939453,,main_country,2023-2026,2025,4,11,47
United Kingdom,2025-11-24,903.0,0.0,,,1.8920694641769285,0.0,129.0,0.0,1.8920694641769285,0.0,129.0,1.8920695,0.0,0.0,,,,,,,,,,,,,,,25101923.0,232112.0,368175.06,3404.4343,,,151248820.0,53806964.0,50745900.0,40373987.0,221.83975,78.91978,74.43005,59.217354,,,,,GBR,Europe,68179315.0,281.814208984375,39.50400161743164,81.07440185546875,52621.1796875,0.4000000059604645,7.400000095367432,,2.4200000762939453,,main_country,2023-2026,2025,4,11,48
United Kingdom,2025-12-01,1039.0,0.0,,,2.1770323070651476,0.0,148.42857142857142,0.0,2.1770323070651476,0.0,148.42857,2.1770322,0.0,0.0,,,,,,,,,,,,,,,25102962.0,232112.0,368190.28,3404.4343,,,151248820.0,53806964.0,50745900.0,40373987.0,221.83975,78.91978,74.43005,59.217354,,,,,GBR,Europe,68179315.0,281.814208984375,39.50400161743164,81.07440185546875,52621.1796875,0.4000000059604645,7.400000095367432,,2.4200000762939453,,main_country,2023-2026,2025,4,12,49
United Kingdom,2025-12-08,1006.0,0.0,,,2.1078869113643295,0.0,143.71428571428572,0.0,2.1078869113643295,0.0,143.71428,2.107887,0.0,0.0,,,,,,,,,,,,,,,25103968.0,232112.0,368205.06,3404.4343,,,151248820.0,53806964.0,50745900.0,40373987.0,221.83975,78.91978,74.43005,59.217354,,,,,GBR,Europe,68179315.0,281.814208984375,39.50400161743164,81.07440185546875,52621.1796875,0.4000000059604645,7.400000095367432,,2.4200000762939453,,main_country,2023-2026,2025,4,12,50
United Kingdom,2025-12-15,802.0,0.0,,,1.6804426470320004,0.0,114.57142857142857,0.0,1.6804426470320004,0.0,114.57143,1.6804427,0.0,0.0,,,,,,,,,,,,,,,25104770.0,232112.0,368216.8,3404.4343,,,151248820.0,53806964.0,50745900.0,40373987.0,221.83975,78.91978,74.43005,59.217354,,,,,GBR,Europe,68179315.0,281.814208984375,39.50400161743164,81.07440185546875,52621.1796875,0.4000000059604645,7.400000095367432,,2.4200000762939453,,main_country,2023-2026,2025,4,12,51
United Kingdom,2025-12-22,732.0,0.0,,,1.5337705955454168,0.0,104.57142857142857,0.0,1.5337705955454168,0.0,104.57143,1.5337706,0.0,0.0,,,,,,,,,,,,,,,25105502.0,232112.0,368227.56,3404.4343,,,151248820.0,53806964.0,50745900.0,40373987.0,221.83975,78.91978,74.43005,59.217354,,,,,GBR,Europe,68179315.0,281.814208984375,39.50400161743164,81.07440185546875,52621.1796875,0.4000000059604645,7.400000095367432,,2.4200000762939453,,main_country,2023-2026,2025,4,12,52
United Kingdom,2025-12-29,816.0,0.0,,,1.7097770573293172,0.0,116.57142857142857,0.0,1.7097770573293172,0.0,116.57143,1.7097771,0.0,0.0,,,,,,,,,,,,,,,25106318.0,232112.0,368239.53,3404.4343,,,151248820.0,53806964.0,50745900.0,40373987.0,221.83975,78.91978,74.43005,59.217354,,,,,GBR,Europe,68179315.0,281.814208984375,39.50400161743164,81.07440185546875,52621.1796875,0.4000000059604645,7.400000095367432,,2.4200000762939453,,main_country,2023-2026,2025,4,12,1
United Kingdom,2026-01-05,805.0,0.0,,,1.6867285920957111,0.0,115.0,0.0,1.6867285920957111,0.0,115.0,1.6867286,0.0,0.0,,,,,,,,,,,,,,,25107123.0,232112.0,368251.3,3404.4343,,,151248820.0,53806964.0,50745900.0,40373987.0,221.83975,78.91978,74.43005,59.217354,,,,,GBR,Europe,68179315.0,281.814208984375,39.50400161743164,81.07440185546875,52621.1796875,0.4000000059604645,7.400000095367432,,2.4200000762939453,,main_country,2023-2026,2026,1,1,2
United Kingdom,2026-01-12,873.0,0.0,,,1.829210013539821,0.0,124.71428571428571,0.0,1.829210013539821,0.0,124.71429,1.82921,0.0,0.0,,,,,,,,,,,,,,,25107996.0,232112.0,368264.12,3404.4343,,,151248820.0,53806964.0,50745900.0,40373987.0,221.83975,78.91978,74.43005,59.217354,,,,,GBR,Europe,68179315.0,281.814208984375,39.50400161743164,81.07440185546875,52621.1796875,0.4000000059604645,7.400000095367432,,2.4200000762939453,,main_country,2023-2026,2026,1,1,3
United Kingdom,2026-01-19,957.0,0.0,,,2.005216475323721,0.0,136.71428571428572,0.0,2.005216475323721,0.0,136.71428,2.0052164,0.0,0.0,,,,,,,,,,,,,,,25108953.0,232112.0,368278.16,3404.4343,,,151248820.0,53806964.0,50745900.0,40373987.0,221.83975,78.91978,74.43005,59.217354,,,,,GBR,Europe,68179315.0,281.814208984375,39.50400161743164,81.07440185546875,52621.1796875,0.4000000059604645,7.400000095367432,,2.4200000762939453,,main_country,2023-2026,2026,1,1,4
United Kingdom,2026-01-26,884.0,0.0,,,1.8522584787734269,0.0,126.28571428571429,0.0,1.8522584787734269,0.0,126.28571,1.8522584,0.0,0.0,,,,,,,,,,,,,,,25109837.0,232112.0,368291.12,3404.4343,,,151248820.0,53806964.0,50745900.0,40373987.0,221.83975,78.91978,74.43005,59.217354,,,,,GBR,Europe,68179315.0,281.814208984375,39.50400161743164,81.07440185546875,52621.1796875,0.4000000059604645,7.400000095367432,,2.4200000762939453,,main_country,2023-2026,2026,1,1,5
United Kingdom,2026-02-02,1086.0,0.0,,,2.2755121130632823,0.0,155.14285714285714,0.0,2.2755121130632823,0.0,155.14285,2.2755122,0.0,0.0,,,,,,,,,,,,,,,25110923.0,232112.0,368307.06,3404.4343,,,151248820.0,53806964.0,50745900.0,40373987.0,221.83975,78.91978,74.43005,59.217354,,,,,GBR,Europe,68179315.0,281.814208984375,39.50400161743164,81.07440185546875,52621.1796875,0.4000000059604645,7.400000095367432,,2.4200000762939453,,main_country,2023-2026,2026,1,2,6
United Kingdom,2026-02-09,1012.0,0.0,,,2.1204588014917514,0.0,144.57142857142858,0.0,2.1204588014917514,0.0,144.57143,2.1204588,0.0,0.0,,,,,,,,,,,,,,,25111935.0,232112.0,368321.9,3404.4343,,,151248820.0,53806964.0,50745900.0,40373987.0,221.83975,78.91978,74.43005,59.217354,,,,,GBR,Europe,68179315.0,281.814208984375,39.50400161743164,81.07440185546875,52621.1796875,0.4000000059604645,7.400000095367432,,2.4200000762939453,,main_country,2023-2026,2026,1,2,7
United Kingdom,2026-02-16,899.0,0.0,,,1.8836882040919805,0.0,128.42857142857142,0.0,1.8836882040919805,0.0,128.42857,1.8836882,0.0,0.0,,,,,,,,,,,,,,,25112834.0,232112.0,368335.1,3404.4343,,,151248820.0,53806964.0,50745900.0,40373987.0,221.83975,78.91978,74.43005,59.217354,,,,,GBR,Europe,68179315.0,281.814208984375,39.50400161743164,81.07440185546875,52621.1796875,0.4000000059604645,7.400000095367432,,2.4200000762939453,,main_country,2023-2026,2026,1,2,8
United Kingdom,2026-02-23,763.0,0.0,,,1.5987253612037609,0.0,109.0,0.0,1.5987253612037609,0.0,109.0,1.5987253,0.0,0.0,,,,,,,,,,,,,,,25113597.0,232112.0,368346.28,3404.4343,,,151248820.0,53806964.0,50745900.0,40373987.0,221.83975,78.91978,74.43005,59.217354,,,,,GBR,Europe,68179315.0,281.814208984375,39.50400161743164,81.07440185546875,52621.1796875,0.4000000059604645,7.400000095367432,,2.4200000762939453,,main_country,2023-2026,2026,1,2,9
United Kingdom,2026-03-02,598.0,0.0,,,1.2529983826996711,0.0,85.42857142857143,0.0,1.2529983826996711,0.0,85.42857,1.2529984000000003,0.0,0.0,,,,,,,,,,,,,,,25114195.0,232112.0,368355.06,3404.4343,,,151248820.0,53806964.0,50745900.0,40373987.0,221.83975,78.91978,74.43005,59.217354,,,,,GBR,Europe,68179315.0,281.814208984375,39.50400161743164,81.07440185546875,52621.1796875,0.4000000059604645,7.400000095367432,,2.4200000762939453,,main_country,2023-2026,2026,1,3,10
United Kingdom,2026-03-09,556.0,0.0,,,1.164995151807721,0.0,79.42857142857143,0.0,1.164995151807721,0.0,79.42857,1.1649952,0.0,0.0,,,,,,,,,,,,,,,25114751.0,232112.0,368363.22,3404.4343,,,151248820.0,53806964.0,50745900.0,40373987.0,221.83975,78.91978,74.43005,59.217354,,,,,GBR,Europe,68179315.0,281.814208984375,39.50400161743164,81.07440185546875,52621.1796875,0.4000000059604645,7.400000095367432,,2.4200000762939453,,main_country,2023-2026,2026,1,3,11
United Kingdom,2026-03-16,550.0,0.0,,,1.1524232616802996,0.0,78.57142857142857,0.0,1.1524232616802996,0.0,78.57143,1.1524233,0.0,0.0,,,,,,,,,,,,,,,25115301.0,232112.0,368371.28,3404.4343,,,151248820.0,53806964.0,50745900.0,40373987.0,221.83975,78.91978,74.43005,59.217354,,,,,GBR,Europe,68179315.0,281.814208984375,39.50400161743164,81.07440185546875,52621.1796875,0.4000000059604645,7.400000095367432,,2.4200000762939453,,main_country,2023-2026,2026,1,3,12
United Kingdom,2026-03-23,479.0,0.0,,,1.003655895172479,0.0,68.42857142857143,0.0,1.003655895172479,0.0,68.42857,1.0036559,0.0,0.0,,,,,,,,,,,,,,,25115780.0,232112.0,368378.3,3404.4343,,,151248820.0,53806964.0,50745900.0,40373987.0,221.83975,78.91978,74.43005,59.217354,,,,,GBR,Europe,68179315.0,281.814208984375,39.50400161743164,81.07440185546875,52621.1796875,0.4000000059604645,7.400000095367432,,2.4200000762939453,,main_country,2023-2026,2026,1,3,13
United Kingdom,2026-03-30,444.0,0.0,,,0.9303198694291873,0.0,63.42857142857143,0.0,0.9303198694291873,0.0,63.42857,0.93031985,0.0,0.0,,,,,,,,,,,,,,,25116224.0,232112.0,368384.8,3404.4343,,,151248820.0,53806964.0,50745900.0,40373987.0,221.83975,78.91978,74.43005,59.217354,,,,,GBR,Europe,68179315.0,281.814208984375,39.50400161743164,81.07440185546875,52621.1796875,0.4000000059604645,7.400000095367432,,2.4200000762939453,,main_country,2023-2026,2026,1,3,14
United Kingdom,2026-04-06,335.0,0.0,,,0.7019305321143643,0.0,47.857142857142854,0.0,0.7019305321143643,0.0,47.857143,0.7019305000000001,0.0,0.0,,,,,,,,,,,,,,,25116559.0,232112.0,368389.72,3404.4343,,,151248820.0,53806964.0,50745900.0,40373987.0,221.83975,78.91978,74.43005,59.217354,,,,,GBR,Europe,68179315.0,281.814208984375,39.50400161743164,81.07440185546875,52621.1796875,0.4000000059604645,7.400000095367432,,2.4200000762939453,,main_country,2023-2026,2026,2,4,15
United Kingdom,2026-04-13,243.0,0.0,,,0.5091615501605686,0.0,34.714285714285715,0.0,0.5091615501605686,0.0,34.714287,0.50916153,0.0,0.0,,,,,,,,,,,,,,,25116802.0,232112.0,368393.28,3404.4343,,,151248820.0,53806964.0,50745900.0,40373987.0,221.83975,78.91978,74.43005,59.217354,,,,,GBR,Europe,68179315.0,281.814208984375,39.50400161743164,81.07440185546875,52621.1796875,0.4000000059604645,7.400000095367432,,2.4200000762939453,,main_country,2023-2026,2026,2,4,16
United Kingdom,2026-04-20,175.0,0.0,,,0.36668012871645894,0.0,25.0,0.0,0.36668012871645894,0.0,25.0,0.36668012,0.0,0.0,,,,,,,,,,,,,,,25116977.0,232112.0,368395.84,3404.4343,,,151248820.0,53806964.0,50745900.0,40373987.0,221.83975,78.91978,74.43005,59.217354,,,,,GBR,Europe,68179315.0,281.814208984375,39.50400161743164,81.07440185546875,52621.1796875,0.4000000059604645,7.400000095367432,,2.4200000762939453,,main_country,2023-2026,2026,2,4,17
United Kingdom,2026-04-27,12.0,0.0,,,0.0251437802548429,0.0,1.7142857142857142,0.0,0.0251437802548429,0.0,1.7142857,0.02514378,0.0,0.0,,,,,,,,,,,,,,,25116989.0,232112.0,368396.03,3404.4343,,,151248820.0,53806964.0,50745900.0,40373987.0,221.83975,78.91978,74.43005,59.217354,,,,,GBR,Europe,68179315.0,281.814208984375,39.50400161743164,81.07440185546875,52621.1796875,0.4000000059604645,7.400000095367432,,2.4200000762939453,,main_country,2023-2026,2026,2,4,18
World,2019-12-30,3.0,3.0,,,0.00018699960784287307,0.00018699960784287307,2.25,0.75,0.00028049941176430963,9.349980392143654e-05,,,,,,,,,,,,,,,,,,,2.0,3.0,0.00025133704,0.00037700558,,,0.0,0.0,0.0,0.0,0.0,0.0,0.0,0.0,,,,,OWID_WRL,,8021407196.0,61.63385772705078,30.093000411987305,72.63980102539062,21405.1171875,9.975934982299805,10.797287940979004,79.72893524169922,3.2938599586486816,,global_reference,2020-2022,2020,1,1,1
World,2020-01-06,45.0,1.0,,,0.0008014268907551702,1.7809486461226006e-05,2.0095238095238095,0.55,0.0002505201095545792,6.856652287572013e-05,2.29166655,0.00028799037,0.3750000025,4.712569475e-05,,,,,,,,,,,,,,,47.0,4.0,0.0059064203,0.0005026741,,,0.0,0.0,0.0,0.0,0.0,0.0,0.0,0.0,,,,,OWID_WRL,,8021407196.0,61.63385772705078,30.093000411987305,72.63980102539062,21405.1171875,9.975934982299805,10.797287940979004,79.72893524169922,3.2938599586486816,,global_reference,2020-2022,2020,1,1,2
World,2020-01-13,86.0,2.0,,,0.0015316158356654364,3.561897292245201e-05,7.244897959183674,0.2040816326530612,0.0009031953848193187,2.544212351603715e-05,7.244897857142858,0.0009104556328571429,0.20408164285714284,2.564663571428572e-05,,,,,,,,,,,,,,,133.0,6.0,0.016713914,0.00075401115,,,0.0,0.0,0.0,0.0,0.0,0.0,0.0,0.0,,,,,OWID_WRL,,8021407196.0,61.63385772705078,30.093000411987305,72.63980102539062,21405.1171875,9.975934982299805,10.797287940979004,79.72893524169922,3.2938599586486816,,global_reference,2020-2022,2020,1,1,3
World,2020-01-20,1895.0,56.0,,,0.03374897684402328,0.0009973312418286562,108.46938775510203,3.2857142857142856,0.013522488648773746,0.0004096181886081981,108.46938928571429,0.013631187457142856,3.2857143657142855,0.0004129108552857142,,,,,,,,,,,,,,3.377075,2028.0,62.0,0.25485575,0.0077914484,,,0.0,0.0,0.0,0.0,0.0,0.0,0.0,0.0,,,,,OWID_WRL,,8021407196.0,61.63385772705078,30.093000411987305,72.63980102539062,21405.1171875,9.975934982299805,10.797287940979004,79.72893524169922,3.2938599586486816,,global_reference,2020-2022,2020,1,1,4
World,2020-01-27,12530.0,310.0,,,0.22315286535916184,0.005520940802980061,1058.1632653061224,24.591836734693878,0.13191741043065264,0.0030657758836824768,1058.1632857142856,0.13297781528571428,24.59183657142857,0.0030904197,,,,,,,,,,,,,,3.0785714285714287,14558.0,372.0,1.8294823,0.04674869,,,0.0,0.0,0.0,0.0,0.0,0.0,0.0,0.0,,,,,OWID_WRL,,8021407196.0,61.63385772705078,30.093000411987305,72.63980102539062,21405.1171875,9.975934982299805,10.797287940979004,79.72893524169922,3.2938599586486816,,global_reference,2020-2022,2020,1,1,5
World,2020-02-03,22992.0,545.0,,,0.40947571271650834,0.009706170121368174,2799.0,65.81632653061224,0.3489412682348011,0.008205084833921981,2799.0,0.35174619142857144,65.81632614285715,0.008271040485714285,,,,,,,,,,,,,,1.8321857142857143,37546.0,917.0,4.7183504,0.11523803,,,0.0,0.0,0.0,0.0,0.0,0.0,0.0,0.0,,,,,OWID_WRL,,8021407196.0,61.63385772705078,30.093000411987305,72.63980102539062,21405.1171875,9.975934982299805,10.797287940979004,79.72893524169922,3.2938599586486816,,global_reference,2020-2022,2020,1,2,6
World,2020-02-10,31442.0,864.0,,,0.559965873313868,0.01538739630249927,3965.6530612244896,102.59183673469387,0.4943837115265791,0.012789755491511876,3965.6530857142857,0.49835775857142856,102.59183714285714,0.012892564428571429,,,,,,,,,,,,,,1.4088714285714286,68988.0,1781.0,8.66962,0.22381563,,,0.0,0.0,0.0,0.0,0.0,0.0,0.0,0.0,,,,,OWID_WRL,,8021407196.0,61.63385772705078,30.093000411987305,72.63980102539062,21405.1171875,9.975934982299805,10.797287940979004,79.72893524169922,3.2938599586486816,,global_reference,2020-2022,2020,1,2,7
World,2020-02-17,9242.0,690.0,,,0.16459527387465075,0.012288545658245944,2786.5102040816323,118.89795918367346,0.3473842102756196,0.014822581160443245,2786.510242857143,0.35017662,118.89796,0.014941730714285714,,,,,,,,,,,,,,0.6352285714285715,78230.0,2471.0,9.831048,0.3105269,,,0.0,0.0,0.0,0.0,0.0,0.0,0.0,0.0,,,,,OWID_WRL,,8021407196.0,61.63385772705078,30.093000411987305,72.63980102539062,21405.1171875,9.975934982299805,10.797287940979004,79.72893524169922,3.2938599586486816,,global_reference,2020-2022,2020,1,2,8
World,2020-02-24,8268.0,514.0,,,0.14724883406141662,0.009154076041070167,984.7142857142857,86.20408163265306,0.12276079017723086,0.010746752973174092,984.7142857142857,0.12374758928571429,86.20408142857143,0.010833139500000002,,,,,,,,,,,,,,0.8806285714285714,86498.0,2985.0,10.870076,0.37512052,,,0.0,0.0,0.0,0.0,0.0,0.0,0.0,0.0,,,,,OWID_WRL,,8021407196.0,61.63385772705078,30.093000411987305,72.63980102539062,21405.1171875,9.975934982299805,10.797287940979004,79.72893524169922,3.2938599586486816,,global_reference,2020-2022,2020,1,2,9
World,2020-03-02,20201.0,650.0,,,0.35976943600322653,0.011576166199796904,1960.3469387755104,71.55102040816327,0.24438940585799807,0.008920008504722627,1960.3469714285714,0.24635390142857144,71.55102042857143,0.008991710871428572,,,,,,,,,,,,,,1.4949285714285716,106699.0,3635.0,13.408706,0.45680508,,,0.0,0.0,0.0,0.0,0.0,0.0,0.0,0.0,,,,,OWID_WRL,,8021407196.0,61.63385772705078,30.093000411987305,72.63980102539062,21405.1171875,9.975934982299805,10.797287940979004,79.72893524169922,3.2938599586486816,,global_reference,2020-2022,2020,1,3,10
World,2020-03-09,60437.0,2654.0,,,1.076351933257116,0.04726637706809382,4712.34693877551,206.67346938775512,0.5874713530470558,0.02576523848469083,4712.347000000001,0.5921936728571427,206.67346714285713,0.025972349142857145,,,,,,,,,,,,,,1.9622142857142857,167136.0,6289.0,21.003735,0.79032934,,,0.0,0.0,0.0,0.0,0.0,0.0,0.0,0.0,,,,,OWID_WRL,,8021407196.0,61.63385772705078,30.093000411987305,72.63980102539062,21405.1171875,9.975934982299805,10.797287940979004,79.72893524169922,3.2938599586486816,,global_reference,2020-2022,2020,1,3,11
World,2020-03-16,171268.0,9696.0,,,3.0501951272412557,0.17268078072804732,14015.714285714286,700.8979591836734,1.7472887167108837,0.08737842900347799,14015.714285714286,1.7613340714285715,700.8979428571429,0.08808080985714285,,,,,,,,,,,,,,2.0794,338404.0,15985.0,42.52673,2.0088112,,,0.0,0.0,0.0,0.0,0.0,0.0,0.0,0.0,,,,,OWID_WRL,,8021407196.0,61.63385772705078,30.093000411987305,72.63980102539062,21405.1171875,9.975934982299805,10.797287940979004,79.72893524169922,3.2938599586486816,,global_reference,2020-2022,2020,1,3,12
World,2020-03-23,351370.0,22285.0,,,6.257719257880981,0.39688440578842155,35396.816326530614,1970.2857142857142,4.412793847964954,0.24562843727322908,35396.81585714286,4.4482655428571425,1970.2857,0.2476028957142857,,,,,,,,,,,,,,1.8387285714285715,689774.0,38270.0,86.68288,4.8093343,,,0.0,0.0,0.0,0.0,0.0,0.0,0.0,0.0,,,,,OWID_WRL,,8021407196.0,61.63385772705078,30.093000411987305,72.63980102539062,21405.1171875,9.975934982299805,10.797287940979004,79.72893524169922,3.2938599586486816,,global_reference,2020-2022,2020,1,3,13
World,2020-03-30,466235.0,36842.0,,,8.303405920249707,0.6561371002044886,60963.97959183674,4155.367346938775,7.600160184142924,0.5180347095470872,60963.98071428571,7.661253028571429,4155.3673714285715,0.5221988757142857,,,,,,,,,,,,,,1.4207,1155876.0,75112.0,145.25723,9.439214,,,0.0,0.0,0.0,0.0,0.0,0.0,0.0,0.0,,,,,OWID_WRL,,8021407196.0,61.63385772705078,30.093000411987305,72.63980102539062,21405.1171875,9.975934982299805,10.797287940979004,79.72893524169922,3.2938599586486816,,global_reference,2020-2022,2020,1,3,14
World,2020-04-06,524069.0,47679.0,,,9.333399760248252,0.8491385049847947,73119.63265306123,6290.102040816326,9.11556175449159,0.7841644099495391,73119.63142857143,9.188836,6290.1019857142865,0.7904678285714286,,,,,,,,,,,,,,1.1935857142857142,1679945.0,122785.0,211.11621,15.430209,,,0.0,0.0,0.0,0.0,0.0,0.0,0.0,0.0,,,,,OWID_WRL,,8021407196.0,61.63385772705078,30.093000411987305,72.63980102539062,21405.1171875,9.975934982299805,10.797287940979004,79.72893524169922,3.2938599586486816,,global_reference,2020-2022,2020,2,4,15
World,2020-04-13,506795.0,49953.0,,,9.025758691117034,0.8896372771976226,74965.85714285714,7170.34693877551,9.34572392487942,0.8939013770989105,74965.85714285714,9.420848285714285,7170.3469,0.9010868942857143,,,,,,,,,,,,,,1.0648428571428572,2186711.0,172738.0,274.80075,21.70773,,,0.0,0.0,0.0,0.0,0.0,0.0,0.0,0.0,,,,,OWID_WRL,,8021407196.0,61.63385772705078,30.093000411987305,72.63980102539062,21405.1171875,9.975934982299805,10.797287940979004,79.72893524169922,3.2938599586486816,,global_reference,2020-2022,2020,2,4,16
World,2020-04-20,539986.0,44404.0,,,9.616873356251586,0.7908124368242796,75498.91836734695,6915.95918367347,9.412178751503308,0.8621877701361702,75498.91857142858,9.487837428571428,6915.959185714286,0.8691183542857143,,,,,,,,,,,,,,0.9951428571428572,2726697.0,217141.0,342.65997,27.287788,,,0.0,0.0,0.0,0.0,0.0,0.0,0.0,0.0,,,,,OWID_WRL,,8021407196.0,61.63385772705078,30.093000411987305,72.63980102539062,21405.1171875,9.975934982299805,10.797287940979004,79.72893524169922,3.2938599586486816,,global_reference,2020-2022,2020,2,4,17
World,2020-04-27,545426.0,41132.0,,,9.713756962600655,0.7325397971231481,78752.20408163265,6141.775510204082,9.817754186684809,0.7656730745780832,78752.20428571428,9.896673142857143,6141.775542857143,0.7718278385714286,,,,,,,,,,,,,,1.002357142857143,3272123.0,258270.0,411.20285,32.45641,,,0.0,0.0,0.0,0.0,0.0,0.0,0.0,0.0,,,,,OWID_WRL,,8021407196.0,61.63385772705078,30.093000411987305,72.63980102539062,21405.1171875,9.975934982299805,10.797287940979004,79.72893524169922,3.2938599586486816,,global_reference,2020-2022,2020,2,4,18
World,2020-05-04,585169.0,38918.0,,,10.42155938302916,0.6931095940979937,81556.20408163265,5788.163265306122,10.167318786945753,0.7215895071618457,81556.20428571428,10.24904764285714,5788.163285714285,0.7273899214285714,,,,,,,,,,,,,,1.0323428571428572,3853351.0,297187.0,484.24493,37.34705,,,0.0,0.0,0.0,0.0,0.0,0.0,0.0,0.0,,,,,OWID_WRL,,8021407196.0,61.63385772705078,30.093000411987305,72.63980102539062,21405.1171875,9.975934982299805,10.797287940979004,79.72893524169922,3.2938599586486816,,global_reference,2020-2022,2020,2,5,19
World,2020-05-11,610266.0,36161.0,,,10.86852406474655,0.6440088399243936,85250.42857142857,5404.857142857143,10.627864474196002,0.6738041107740248,85250.43000000001,10.713295071428572,5404.857214285715,0.6792203971428571,,,,,,,,,,,,,,1.0559142857142858,4463547.0,333348.0,560.92737,41.89135,,,0.0,0.0,0.0,0.0,0.0,0.0,0.0,0.0,,,,,OWID_WRL,,8021407196.0,61.63385772705078,30.093000411987305,72.63980102539062,21405.1171875,9.975934982299805,10.797287940979004,79.72893524169922,3.2938599586486816,,global_reference,2020-2022,2020,2,5,20
World,2020-05-18,696382.0,34743.0,,,12.402205800841488,0.6187549881223751,93891.38775510204,5057.061224489796,11.705101793351476,0.6304456438779942,93891.38714285714,11.799192142857143,5057.061157142857,0.6355134128571428,,,,,,,,,,,,,,1.0877571428571429,5159929.0,368091.0,648.4407,46.25745,,,0.0,0.0,0.0,0.0,0.0,0.0,0.0,0.0,,,,,OWID_WRL,,8021407196.0,61.63385772705078,30.093000411987305,72.63980102539062,21405.1171875,9.975934982299805,10.797287940979004,79.72893524169922,3.2938599586486816,,global_reference,2020-2022,2020,2,5,21
World,2020-05-25,728570.0,33365.0,,,12.975457551055431,0.5942135157788057,101514.91836734694,4858.367346938775,12.6554999499301,0.6056751924227805,101514.92,12.75722957142857,4858.367357142857,0.6105438371428571,,,,,,,,,,,,,,1.1029142857142857,5888499.0,401456.0,739.99896,50.450382,,,0.0,0.0,0.0,0.0,0.0,0.0,0.0,0.0,,,,,OWID_WRL,,8021407196.0,61.63385772705078,30.093000411987305,72.63980102539062,21405.1171875,9.975934982299805,10.797287940979004,79.72893524169922,3.2938599586486816,,global_reference,2020-2022,2020,2,5,22
World,2020-06-01,843905.0,34879.0,,,15.029514672060932,0.6211770782811018,114916.63265306121,4921.510204081633,14.326243493830633,0.6135469854386423,114916.63428571427,14.441403285714285,4921.510214285714,0.6184789114285715,,,,,,,,,,,,,,1.0979571428571429,6732403.0,436335.0,846.05115,54.833572,,,0.0,0.0,0.0,0.0,0.0,0.0,0.0,0.0,,,,,OWID_WRL,,8021407196.0,61.63385772705078,30.093000411987305,72.63980102539062,21405.1171875,9.975934982299805,10.797287940979004,79.72893524169922,3.2938599586486816,,global_reference,2020-2022,2020,2,6,23
World,2020-06-08,901359.0,35267.0,,,16.052740907204214,0.6280871590280576,123688.83673469388,5053.693877551021,15.419842642619273,0.6300258488399796,123688.83857142857,15.54379307142857,5053.6939142857145,0.6350902385714285,,,,,,,,,,,,,,1.0856714285714286,7633762.0,471602.0,959.3236,59.265526,,,0.0,0.0,0.0,0.0,0.0,0.0,0.0,0.0,,,,,OWID_WRL,,8021407196.0,61.63385772705078,30.093000411987305,72.63980102539062,21405.1171875,9.975934982299805,10.797287940979004,79.72893524169922,3.2938599586486816,,global_reference,2020-2022,2020,2,6,24
World,2020-06-15,1028984.0,37442.0,,,18.325676616818182,0.6668227920812242,137645.02040816325,5223.918367346939,17.159709891900526,0.6512471240647061,137645.02,17.297646,5223.918271428572,0.6564820971428571,,,,,,,,,,,,,,1.1155142857142857,8662746.0,509044.0,1088.6345,63.970806,,,0.0,0.0,0.0,0.0,0.0,0.0,0.0,0.0,,,,,OWID_WRL,,8021407196.0,61.63385772705078,30.093000411987305,72.63980102539062,21405.1171875,9.975934982299805,10.797287940979004,79.72893524169922,3.2938599586486816,,global_reference,2020-2022,2020,2,6,25
World,2020-06-22,1156450.0,36715.0,,,20.595780618084813,0.6538752954239129,156510.8775510204,5220.775510204082,19.511648483456494,0.6508553153625591,156510.87714285715,19.668490714285717,5220.775500000001,0.6560871285714286,,,,,,,,,,,,,,1.1336,9819195.0,545759.0,1233.9637,68.584724,,,0.0,0.0,0.0,0.0,0.0,0.0,0.0,0.0,,,,,OWID_WRL,,8021407196.0,61.63385772705078,30.093000411987305,72.63980102539062,21405.1171875,9.975934982299805,10.797287940979004,79.72893524169922,3.2938599586486816,,global_reference,2020-2022,2020,2,6,26
World,2020-06-29,1327347.0,36362.0,,,23.639368425848954,0.6475885467031001,179226.20408163266,5258.367346938775,22.343486585621356,0.6555417545142133,179226.20857142858,22.52309214285714,5258.3673,0.6608112442857142,,,,,,,,,,,,,,1.122742857142857,11146542.0,582121.0,1400.7694,73.15428,,,0.0,0.0,0.0,0.0,0.0,0.0,0.0,0.0,,,,,OWID_WRL,,8021407196.0,61.63385772705078,30.093000411987305,72.63980102539062,21405.1171875,9.975934982299805,10.797287940979004,79.72893524169922,3.2938599586486816,,global_reference,2020-2022,2020,2,6,27
World,2020-07-06,1426851.0,38785.0,,,25.41148356668679,0.6907409323986506,197097.81632653062,5390.265306122449,24.5714762398319,0.6719849989426281,197097.81714285715,24.768991142857143,5390.265357142857,0.6773866685714286,,,,,,,,,,,,,,1.1010571428571427,12573393.0,620906.0,1580.0797,78.028336,,,0.0,0.0,0.0,0.0,0.0,0.0,0.0,0.0,,,,,OWID_WRL,,8021407196.0,61.63385772705078,30.093000411987305,72.63980102539062,21405.1171875,9.975934982299805,10.797287940979004,79.72893524169922,3.2938599586486816,,global_reference,2020-2022,2020,3,7,28
World,2020-07-13,1572686.0,42550.0,,,28.00873002475968,0.7577936489251665,216352.02040816328,5828.163265306122,26.971828648226534,0.726576163370989,216352.02000000002,27.18863842857143,5828.1633142857145,0.73241668,,,,,,,,,,,,,,1.0893857142857144,14146079.0,663456.0,1777.7168,83.375534,,,0.0,0.0,0.0,0.0,0.0,0.0,0.0,0.0,,,,,OWID_WRL,,8021407196.0,61.63385772705078,30.093000411987305,72.63980102539062,21405.1171875,9.975934982299805,10.797287940979004,79.72893524169922,3.2938599586486816,,global_reference,2020-2022,2020,3,7,29
World,2020-07-20,1741289.0,44781.0,,,31.01146287058177,0.7975266132201618,235353.2448979592,6280.714285714285,29.340643000310685,0.7829940722678013,235353.2457142857,29.57649442857143,6280.7142,0.7892880771428572,,,,,,,,,,,,,,1.0901,15887368.0,708237.0,1996.542,89.0031,,,0.0,0.0,0.0,0.0,0.0,0.0,0.0,0.0,,,,,OWID_WRL,,8021407196.0,61.63385772705078,30.093000411987305,72.63980102539062,21405.1171875,9.975934982299805,10.797287940979004,79.72893524169922,3.2938599586486816,,global_reference,2020-2022,2020,3,7,30
World,2020-07-27,1838621.0,44817.0,,,32.74489580682582,0.7981677547327658,257096.87755102038,6415.836734693878,32.05134351977865,0.7998393022477696,257096.87999999998,32.30898414285714,6415.8367285714285,0.8062687071428571,,,,,,,,,,,,,,1.0475999999999999,17725989.0,753054.0,2227.5989,94.635185,,,0.0,0.0,0.0,0.0,0.0,0.0,0.0,0.0,,,,,OWID_WRL,,8021407196.0,61.63385772705078,30.093000411987305,72.63980102539062,21405.1171875,9.975934982299805,10.797287940979004,79.72893524169922,3.2938599586486816,,global_reference,2020-2022,2020,3,7,31
World,2020-08-03,1838037.0,45687.0,,,32.734495066732464,0.8136620079540325,262464.8775510204,6499.102040816326,32.720552783045676,0.8102196886423128,262464.88,32.983572714285714,6499.102114285714,0.8167325442857143,,,,,,,,,,,,,,1.0260571428571428,19564026.0,798741.0,2458.5823,100.3766,,,0.0,0.0,0.0,0.0,0.0,0.0,0.0,0.0,,,,,OWID_WRL,,8021407196.0,61.63385772705078,30.093000411987305,72.63980102539062,21405.1171875,9.975934982299805,10.797287940979004,79.72893524169922,3.2938599586486816,,global_reference,2020-2022,2020,3,8,32
World,2020-08-10,1884898.0,44684.0,,,33.569065411791975,0.7957990930334228,265356.6530612245,6434.061224489796,33.08106004063087,0.8021112838777517,265356.65714285715,33.34697785714285,6434.061185714286,0.8085589542857142,,,,,,,,,,,,,,1.0073285714285716,21448924.0,843425.0,2695.4546,105.991974,,,0.0,0.0,0.0,0.0,0.0,0.0,0.0,0.0,,,,,OWID_WRL,,8021407196.0,61.63385772705078,30.093000411987305,72.63980102539062,21405.1171875,9.975934982299805,10.797287940979004,79.72893524169922,3.2938599586486816,,global_reference,2020-2022,2020,3,8,33
World,2020-08-17,1823146.0,42706.0,,,32.46929400383835,0.7605719288131177,264628.71428571426,6220.897959183674,32.99031053026151,0.7755369858652508,264628.70857142855,33.25549857142857,6220.897900000001,0.7817710385714286,,,,,,,,,,,,,,0.9878,23272070.0,886131.0,2924.5667,111.35877,,,0.0,0.0,0.0,0.0,0.0,0.0,0.0,0.0,,,,,OWID_WRL,,8021407196.0,61.63385772705078,30.093000411987305,72.63980102539062,21405.1171875,9.975934982299805,10.797287940979004,79.72893524169922,3.2938599586486816,,global_reference,2020-2022,2020,3,8,34
World,2020-08-24,1874709.0,41475.0,,,33.38760455423854,0.7386484509793486,262017.26530612246,6007.285714285715,32.66475057353795,0.7489067151810147,262017.26285714284,32.927322,6007.285714285715,0.7549267085714285,,,,,,,,,,,,,,1.0150571428571429,25146779.0,927592.0,3160.1584,116.569115,,,0.0,0.0,0.0,0.0,0.0,0.0,0.0,0.0,,,,,OWID_WRL,,8021407196.0,61.63385772705078,30.093000411987305,72.63980102539062,21405.1171875,9.975934982299805,10.797287940979004,79.72893524169922,3.2938599586486816,,global_reference,2020-2022,2020,3,8,35
World,2020-08-31,1984467.0,39996.0,,,35.34233816924979,0.7123082205031953,274728.306122449,5786.714285714285,34.24939033882316,0.7214088680848818,274728.3028571429,34.524699285714284,5786.7143,0.7272078214285714,,,,,,,,,,,,,,1.022457142857143,27131246.0,967588.0,3409.5435,121.59535,,,0.0,0.0,0.0,0.0,0.0,0.0,0.0,0.0,,,,,OWID_WRL,,8021407196.0,61.63385772705078,30.093000411987305,72.63980102539062,21405.1171875,9.975934982299805,10.797287940979004,79.72893524169922,3.2938599586486816,,global_reference,2020-2022,2020,3,8,36
World,2020-09-07,1964254.0,43241.0,,,34.98235501940903,0.7701000040698737,279580.7551020408,6253.2448979591845,34.85432770966397,0.7795695624425427,279580.7542857143,35.134499285714284,6253.244828571428,0.7858360314285714,,,,,,,,,,,,,,1.0327285714285714,29087239.0,1010829.0,3655.3503,127.02939,,,0.0,0.0,0.0,0.0,0.0,0.0,0.0,0.0,,,,,OWID_WRL,,8021407196.0,61.63385772705078,30.093000411987305,72.63980102539062,21405.1171875,9.975934982299805,10.797287940979004,79.72893524169922,3.2938599586486816,,global_reference,2020-2022,2020,3,9,37
World,2020-09-14,2095741.0,39042.0,,,37.324070965736254,0.6953179704191857,290400.30612244894,5509.469387755103,36.2031622415655,0.6868457432883454,290400.3028571429,36.494176714285715,5509.469371428572,0.6923668657142857,,,,,,,,,,,,,,1.0408000000000002,31182980.0,1049871.0,3918.719,131.93573,,,0.0,0.0,0.0,0.0,0.0,0.0,0.0,0.0,,,,,OWID_WRL,,8021407196.0,61.63385772705078,30.093000411987305,72.63980102539062,21405.1171875,9.975934982299805,10.797287940979004,79.72893524169922,3.2938599586486816,,global_reference,2020-2022,2020,3,9,38
World,2020-09-21,2103699.0,37718.0,,,37.46579885899469,0.6717382103445225,300481.8775510204,5433.897959183674,37.45999551062068,0.6774245249503569,300481.88,37.76111328571428,5433.897942857143,0.6828699142857142,,,,,,,,,,,,,,1.0224714285714287,33286679.0,1087589.0,4183.088,136.6757,,,0.0,0.0,0.0,0.0,0.0,0.0,0.0,0.0,,,,,OWID_WRL,,8021407196.0,61.63385772705078,30.093000411987305,72.63980102539062,21405.1171875,9.975934982299805,10.797287940979004,79.72893524169922,3.2938599586486816,,global_reference,2020-2022,2020,3,9,39
World,2020-09-28,2132875.0,37571.0,,,37.98540843598742,0.6691202158347223,301480.612244898,5385.142857142857,37.58450417468346,0.6713464016423755,301480.61142857146,37.88662285714286,5385.1428428571435,0.6767429457142857,,,,,,,,,,,,,,1.0334142857142858,35419554.0,1125160.0,4451.123,141.39719,,,0.0,0.0,0.0,0.0,0.0,0.0,0.0,0.0,,,,,OWID_WRL,,8021407196.0,61.63385772705078,30.093000411987305,72.63980102539062,21405.1171875,9.975934982299805,10.797287940979004,79.72893524169922,3.2938599586486816,,global_reference,2020-2022,2020,3,9,40
World,2020-10-05,2364889.0,38126.0,,,42.11745862780231,0.6790044808207026,315758.81632653065,5368.367346938775,39.36451655066067,0.6692550590893572,315758.8171428572,39.68094357142858,5368.367314285714,0.6746347785714286,,,,,,,,,,,,,,1.0712428571428572,37784437.0,1163286.0,4748.3145,146.18843,,,0.0,0.0,0.0,0.0,0.0,0.0,0.0,0.0,,,,,OWID_WRL,,8021407196.0,61.63385772705078,30.093000411987305,72.63980102539062,21405.1171875,9.975934982299805,10.797287940979004,79.72893524169922,3.2938599586486816,,global_reference,2020-2022,2020,4,10,41
World,2020-10-12,2598104.0,38086.0,,,46.27089801285713,0.6782921013622536,349129.14285714284,5343.65306122449,43.52467520053608,0.6661740179315652,349129.14285714284,43.874542857142856,5343.653028571428,0.6715289785714286,,,,,,,,,,,,,,1.0993142857142857,40382540.0,1201372.0,5074.814,150.97464,,,0.0,0.0,0.0,0.0,0.0,0.0,0.0,0.0,,,,,OWID_WRL,,8021407196.0,61.63385772705078,30.093000411987305,72.63980102539062,21405.1171875,9.975934982299805,10.797287940979004,79.72893524169922,3.2938599586486816,,global_reference,2020-2022,2020,4,10,42
World,2020-10-19,3090770.0,43015.0,,,55.045026469763506,0.7660750601296366,396098.3265306122,5734.877551020408,49.380154485628516,0.7149465687118084,396098.33142857143,49.777091285714285,5734.877514285714,0.7206936014285714,,,,,,,,,,,,,,1.1438428571428572,43473310.0,1244387.0,5463.2266,156.38028,,,0.0,0.0,0.0,0.0,0.0,0.0,0.0,0.0,,,,,OWID_WRL,,8021407196.0,61.63385772705078,30.093000411987305,72.63980102539062,21405.1171875,9.975934982299805,10.797287940979004,79.72893524169922,3.2938599586486816,,global_reference,2020-2022,2020,4,10,43
World,2020-10-26,3526354.0,49494.0,,,62.80255382049017,0.8814627229119198,468465.18367346935,6456.122448979592,58.40187042331885,0.8048615774298352,468465.17714285717,58.87132585714286,6456.122485714286,0.8113313571428572,,,,,,,,,,,,,,1.1421571428571429,46999664.0,1293880.0,5906.3784,162.59999,,,0.0,0.0,0.0,0.0,0.0,0.0,0.0,0.0,,,,,OWID_WRL,,8021407196.0,61.63385772705078,30.093000411987305,72.63980102539062,21405.1171875,9.975934982299805,10.797287940979004,79.72893524169922,3.2938599586486816,,global_reference,2020-2022,2020,4,10,44
World,2020-11-02,3857447.0,59051.0,,,68.69915012139687,1.0516679850218567,531847.2448979592,7594.306122448979,66.30348415215389,0.946754844491126,531847.2428571429,66.83645628571428,7594.306071428572,0.9543652199999999,,,,,,,,,,,,,,1.1132857142857142,50857111.0,1352931.0,6391.1377,170.02084,,,0.0,0.0,0.0,0.0,0.0,0.0,0.0,0.0,,,,,OWID_WRL,,8021407196.0,61.63385772705078,30.093000411987305,72.63980102539062,21405.1171875,9.975934982299805,10.797287940979004,79.72893524169922,3.2938599586486816,,global_reference,2020-2022,2020,4,11,45
World,2020-11-09,4049115.0,65420.0,,,72.11265877244713,1.1650966042934052,573069.1836734693,8865.285714285714,71.44247507584944,1.1052033013243021,573069.1714285715,72.01675685714285,8865.28557142857,1.1140873142857142,,,,,,,,,,,,,,1.0703142857142856,54906226.0,1418351.0,6899.9844,178.24207,,,0.0,0.0,0.0,0.0,0.0,0.0,0.0,0.0,,,,,OWID_WRL,,8021407196.0,61.63385772705078,30.093000411987305,72.63980102539062,21405.1171875,9.975934982299805,10.797287940979004,79.72893524169922,3.2938599586486816,,global_reference,2020-2022,2020,4,11,46
World,2020-11-16,4110632.0,73534.0,,,73.20824495108238,1.309602777439793,589203.8979591837,9888.714285714286,73.45393190523968,1.2327904623325254,589203.9028571428,74.04438228571428,9888.714142857143,1.2427001,,,,,,,,,,,,,,1.0347714285714287,59016858.0,1491825.0,7416.561,187.47545,,,0.0,0.0,0.0,0.0,0.0,0.0,0.0,0.0,,,,,OWID_WRL,,8021407196.0,61.63385772705078,30.093000411987305,72.63980102539062,21405.1171875,9.975934982299805,10.797287940979004,79.72893524169922,3.2938599586486816,,global_reference,2020-2022,2020,4,11,47
World,2020-11-23,4022012.0,76175.0,,,71.62996826088853,1.3566376311838908,587815.6122448979,10863.08163265306,73.2808593158095,1.3542613368474932,587815.6,73.86991785714285,10863.081714285714,1.3651473857142857,,,,,,,,,,,,,,1.0166428571428572,63038870.0,1568000.0,7922.0015,197.04825,,,0.0,0.0,0.0,0.0,0.0,0.0,0.0,0.0,,,,,OWID_WRL,,8021407196.0,61.63385772705078,30.093000411987305,72.63980102539062,21405.1171875,9.975934982299805,10.797287940979004,79.72893524169922,3.2938599586486816,,global_reference,2020-2022,2020,4,11,48
World,2020-11-30,4200659.0,79444.0,,3.9999998000000003,74.81157958872716,1.414856842425639,582327.4489795918,11008.612244897959,72.59666973021622,1.3724041151267792,582327.4428571429,73.18022842857144,11008.612428571429,1.3834359999999999,,,,,,,,,0.7999999600000001,0.00010019954799999999,0.7999999600000001,1.00199556e-08,,1.0518571428571428,67239529.0,1647444.0,8449.893,207.03185,,,11496282.0,651385500.0,809798000.0,162193529.0,0.1439903,8.158566,10.142675,2.0314648,,,,,OWID_WRL,,8021407196.0,61.63385772705078,30.093000411987305,72.63980102539062,21405.1171875,9.975934982299805,10.797287940979004,79.72893524169922,3.2938599586486816,,global_reference,2020-2022,2020,4,11,49
World,2020-12-07,4394324.0,82461.0,,11.333333,78.2606537842405,1.4685880630791577,617043.9387755103,11532.26530612245,76.92464971522813,1.437686059856579,617043.9371428572,77.54299885714285,11532.265285714286,1.4492427285714287,,,,,,,,,1.4037981714285714,0.00017582493571428572,1.4037981714285714,1.7582493428571427e-08,,1.1033857142857142,71633853.0,1729905.0,9002.12,217.3946,,,11496293.0,651385500.0,809798000.0,162193529.0,0.14399043,8.158566,10.142675,2.0314648,,,,,OWID_WRL,,8021407196.0,61.63385772705078,30.093000411987305,72.63980102539062,21405.1171875,9.975934982299805,10.797287940979004,79.72893524169922,3.2938599586486816,,global_reference,2020-2022,2020,4,12,50
World,2020-12-14,4542299.0,85690.0,,2175550.9655,80.89601254334043,1.5260948948624566,635619.1836734693,12041.897959183672,79.24035872289724,1.5012201307008268,635619.1885714286,79.87732285714286,12041.897857142858,1.5132875142857143,,,,,,,,,247665.07304285714,31.0199103,110914.91018571428,0.0013892030402857143,,0.9780285714285714,76176152.0,1815595.0,9572.944,228.16313,,,13671844.0,652594050.0,809803200.0,162193529.0,0.17123908,8.173704,10.142739,2.0314648,,,,,OWID_WRL,,8021407196.0,61.63385772705078,30.093000411987305,72.63980102539062,21405.1171875,9.975934982299805,10.797287940979004,79.72893524169922,3.2938599586486816,,global_reference,2020-2022,2020,4,12,51
World,2020-12-21,4117812.0,81791.0,,3985946.5300000003,73.33611706387398,1.456655707150136,636006.8979591837,12251.469387755102,79.28869366915303,1.5273466473394455,636006.8971428571,79.926047,12251.469428571427,1.5396240428571428,,,,,,,,,544101.4157142857,68.14839514285714,349355.4514285714,0.004375657414285714,,0.9371857142857143,80293964.0,1897386.0,10090.424,238.4417,,,17657790.0,655219650.0,809814460.0,162193529.0,0.22116284,8.20659,10.142881,2.0314648,,,,,OWID_WRL,,8021407196.0,61.63385772705078,30.093000411987305,72.63980102539062,21405.1171875,9.975934982299805,10.797287940979004,79.72893524169922,3.2938599586486816,,global_reference,2020-2022,2020,4,12,52
World,2020-12-28,4246472.0,86295.0,,7487105.64,75.62748559197532,1.5368696341714982,580480.8571428572,11831.244897959185,72.36646176400608,1.4749587708075733,580480.8657142858,72.94816985714286,11831.244857142858,1.486815042857143,,,,,,,,,889761.2285714286,111.44209142857143,645436.7314285714,0.008084059085714286,,1.0220142857142858,84540436.0,1983681.0,10624.071,249.28625,,,25144896.0,660304700.0,809851500.0,162193550.0,0.31493843,8.270279,10.143344,2.031465,,,,,OWID_WRL,,8021407196.0,61.63385772705078,30.093000411987305,72.63980102539062,21405.1171875,9.975934982299805,10.797287940979004,79.72893524169922,3.2938599586486816,,global_reference,2020-2022,2020,4,12,53
World,2021-01-04,5006386.0,92349.0,,12643186.0,89.16116368667142,1.6446882652077603,654115.224489796,12645.346938775512,81.5461936424298,1.5764499457253969,654115.2228571429,82.20169314285714,12645.346857142857,1.589122057142857,,,,,,,,,1569988.3285714288,196.64015857142857,962619.7071428571,0.012056757714285715,,1.0774000000000001,89546822.0,2076030.0,11253.217,260.89163,,,37788084.0,668014600.0,811024700.0,162193632.0,0.4732936,8.366845,10.158038,2.031466,,,,,OWID_WRL,,8021407196.0,61.63385772705078,30.093000411987305,72.63980102539062,21405.1171875,9.975934982299805,10.797287940979004,79.72893524169922,3.2938599586486816,,global_reference,2020-2022,2021,1,1,1
World,2021-01-11,4851773.0,100970.0,,19666096.2,86.40758555644187,1.7982238479899897,716171.1632653062,14065.408163265307,89.28248445265764,1.7534838737870384,716171.1742857144,90.00017128571429,14065.408285714288,1.7675790571428571,,,,,,,,,2552271.8714285716,319.67062285714286,1626785.3857142855,0.020375395571428572,,0.9900428571428571,94398595.0,2176998.0,11862.932,273.5801,,,57454180.0,680804100.0,813091300.0,162193852.0,0.71961033,8.527034,10.183923,2.0314689,,,,,OWID_WRL,,8021407196.0,61.63385772705078,30.093000411987305,72.63980102539062,21405.1171875,9.975934982299805,10.797287940979004,79.72893524169922,3.2938599586486816,,global_reference,2020-2022,2021,1,1,2
World,2021-01-18,4225540.0,103715.0,,28075233.0,75.25469742136895,1.8471108883260552,644541.1632653062,14612.42857142857,80.3526298461343,1.8216789416594243,644541.1457142858,80.99853857142857,14612.428714285716,1.8363222571428572,,,,,,,,,3573069.1428571427,447.5249028571429,2160037.157142857,0.027054343714285715,,0.9227,98624135.0,2280713.0,12393.949,286.61383,,,85529410.0,696959100.0,816768500.0,162194430.0,1.071251,8.729374,10.2299795,2.031476,,,,,OWID_WRL,,8021407196.0,61.63385772705078,30.093000411987305,72.63980102539062,21405.1171875,9.975934982299805,10.797287940979004,79.72893524169922,3.2938599586486816,,global_reference,2020-2022,2021,1,1,3
World,2021-01-25,3734365.0,100654.0,,29760323.7,66.50712290877625,1.7925960502682425,564788.3673469388,14690.346938775512,70.41013547206272,1.8313927444178475,564788.3657142858,70.97611628571428,14690.346857142857,1.8461141857142855,,,,,,,,,4391666.428571428,550.0537371428571,2506580.6428571427,0.03139478271428571,,0.8971857142857144,102358500.0,2381367.0,12863.241,299.26288,,,115289736.0,715024600.0,823012300.0,162196567.0,1.4439975,8.955643,10.308183,2.031503,,,,,OWID_WRL,,8021407196.0,61.63385772705078,30.093000411987305,72.63980102539062,21405.1171875,9.975934982299805,10.797287940979004,79.72893524169922,3.2938599586486816,,global_reference,2020-2022,2021,1,1,4
World,2021-02-01,3164090.0,89282.0,,41960048.0,56.35081801710059,1.5900665702311803,497294.6734693878,13620.755102040815,61.99593928075007,1.698050575070297,497294.66000000003,62.494285285714284,13620.755142857142,1.7117001714285713,,,,,,,,,5290314.928571428,662.6089857142857,2611072.6,0.03270353757142857,,0.8684857142857142,105522590.0,2470649.0,13260.868,310.48282,,,157249780.0,733371840.0,831317500.0,162204602.0,1.9695446,9.185441,10.412205,2.0316036,,,,,OWID_WRL,,8021407196.0,61.63385772705078,30.093000411987305,72.63980102539062,21405.1171875,9.975934982299805,10.797287940979004,79.72893524169922,3.2938599586486816,,global_reference,2020-2022,2021,1,2,5
World,2021-02-08,2719497.0,81485.0,,40085224.7,48.432845002844736,1.451206004293001,421076.1632653061,12078.244897959185,52.49405160172922,1.505751372899033,421076.16000000003,52.91601828571429,12078.244857142858,1.5178551714285715,,,,,,,,,5827381.642857143,729.8762728571429,2889376.4,0.03618927757142857,,0.8645714285714287,108242087.0,2552134.0,13602.623,320.7229,,,197335000.0,754664700.0,841351800.0,162217113.0,2.4716098,9.452133,10.537885,2.0317602,,,,,OWID_WRL,,8021407196.0,61.63385772705078,30.093000411987305,72.63980102539062,21405.1171875,9.975934982299805,10.797287940979004,79.72893524169922,3.2938599586486816,,global_reference,2020-2022,2021,1,2,6
World,2021-02-15,2473234.0,68425.0,,39160094.7,44.047027438443834,1.2186141111093893,367615.30612244894,10887.938775510203,45.829278721290464,1.3573601874917465,367615.31428571424,46.197671,10887.938857142857,1.3682711714285714,,,,,,,,,5610767.642857143,702.7455057142857,3074026.742857143,0.03850201071428572,,0.9184857142857143,110715321.0,2620559.0,13913.431,329.32178,,,236495100.0,776073150.0,853360100.0,162222281.0,2.9620879,9.720272,10.688287,2.031825,,,,,OWID_WRL,,8021407196.0,61.63385772705078,30.093000411987305,72.63980102539062,21405.1171875,9.975934982299805,10.797287940979004,79.72893524169922,3.2938599586486816,,global_reference,2020-2022,2021,1,2,7
World,2021-02-22,2660759.0,64000.0,,44775656.7,47.38675138708525,1.1398071335184643,364927.7755102041,9402.632653061224,45.494233940920125,1.172192412542028,364927.77714285714,45.85993428571429,9402.632714285715,1.1816149285714288,,,,,,,,,6009076.357142857,752.63343,3389248.6285714284,0.042450149285714285,,0.9930285714285715,113376080.0,2684558.0,14247.805,337.36444,,,281270750.0,802087900.0,866754700.0,162226151.0,3.5229003,10.046105,10.856053,2.0318735,,,,,OWID_WRL,,8021407196.0,61.63385772705078,30.093000411987305,72.63980102539062,21405.1171875,9.975934982299805,10.797287940979004,79.72893524169922,3.2938599586486816,,global_reference,2020-2022,2021,1,2,8
World,2021-03-01,2735267.0,60475.0,,57179699.5,48.71370060433828,1.0770286937426425,384775.38775510207,8889.795918367347,47.96856441186234,1.1082589003585783,384775.39428571425,48.35415414285715,8889.796142857143,1.1171675142857143,,,,,,,,,7486296.285714285,937.6543942857143,4593769.0,0.057536699428571425,,1.0227714285714284,116111347.0,2745033.0,14591.541,344.96423,,,338450460.0,838176800.0,881144260.0,162229616.0,4.239073,10.4981165,11.036283,2.0319169,,,,,OWID_WRL,,8021407196.0,61.63385772705078,30.093000411987305,72.63980102539062,21405.1171875,9.975934982299805,10.797287940979004,79.72893524169922,3.2938599586486816,,global_reference,2020-2022,2021,1,3,9
World,2021-03-08,2960874.0,60676.0,,64892191.5,52.73164541639609,1.0806084005213492,404927.8775510204,8598.285714285714,50.48090287112516,1.0719173711282708,404927.8742857143,50.88668785714286,8598.285857142857,1.0805338857142857,,,,,,,,,8936382.714285715,1119.2768857142858,5697791.714285715,0.07136452057142857,,1.0672428571428572,119072221.0,2805709.0,14963.63,352.5893,,,403342660.0,878729700.0,899216260.0,162232530.0,5.051844,11.006041,11.262633,2.0319533,,,,,OWID_WRL,,8021407196.0,61.63385772705078,30.093000411987305,72.63980102539062,21405.1171875,9.975934982299805,10.797287940979004,79.72893524169922,3.2938599586486816,,global_reference,2020-2022,2021,1,3,10
World,2021-03-15,3325712.0,63177.0,,80134732.0,59.22922283793686,1.1251499261608753,442947.7551020408,8819.0,55.22070433264174,1.099433027710865,442947.75999999995,55.66458971428572,8819.0,1.1082706714285713,,,,,,,,,10515341.57142857,1317.040657142857,6296752.785714285,0.0788664727142857,,1.1067857142857143,122397933.0,2868886.0,15381.567,360.52866,,,483477380.0,925856300.0,918723140.0,162234745.0,6.055527,11.596299,11.506956,2.031981,,,,,OWID_WRL,,8021407196.0,61.63385772705078,30.093000411987305,72.63980102539062,21405.1171875,9.975934982299805,10.797287940979004,79.72893524169922,3.2938599586486816,,global_reference,2020-2022,2021,1,3,11
World,2021-03-22,3829955.0,69074.0,,104711103.0,68.20953171960484,1.2301724678227248,509747.1224489796,9593.755102040815,63.54834133132812,1.1960189612147967,509747.12,64.05916757142857,9593.755142857142,1.2056330142857143,,,,,,,,,13279672.0,1663.2714428571428,7299334.357142857,0.09142375342857144,,1.1198,126227888.0,2937960.0,15862.872,369.20908,,,588188500.0,978804500.0,940441700.0,162237118.0,7.3670278,12.259471,11.778979,2.0320108,,,,,OWID_WRL,,8021407196.0,61.63385772705078,30.093000411987305,72.63980102539062,21405.1171875,9.975934982299805,10.797287940979004,79.72893524169922,3.2938599586486816,,global_reference,2020-2022,2021,1,3,12
World,2021-03-29,4112017.0,75417.0,,114149273.0,73.23291108983118,1.3431380404462818,571937.7142857143,10229.387755102041,71.30141885465183,1.275260999117846,571937.7142857143,71.87456614285715,10229.387714285715,1.2855120285714285,,,,,,,,,15996762.42857143,2003.5855285714285,7751416.571428572,0.09708605671428572,,1.0911,130339905.0,3013377.0,16379.623,378.68665,,,702337700.0,1035888830.0,963729900.0,162239814.0,8.796741,12.97445,12.070663,2.0320446,,,,,OWID_WRL,,8021407196.0,61.63385772705078,30.093000411987305,72.63980102539062,21405.1171875,9.975934982299805,10.797287940979004,79.72893524169922,3.2938599586486816,,global_reference,2020-2022,2021,1,3,13
World,2021-04-05,4558255.0,80365.0,,126720170.0,81.18018070931575,1.431259379456428,613463.6530612244,10866.551020408164,76.47830836553688,1.3546938529472656,613463.6542857143,77.09306785714286,10866.551000000001,1.3655834142857142,,,,,,,,,17256658.57142857,2161.3867,9338730.0,0.11696706842857142,,1.1176714285714284,134898160.0,3093742.0,16952.453,388.78598,,,829057900.0,1105952500.0,994809150.0,162243787.0,10.3839035,13.851993,12.4599285,2.0320942,,,,,OWID_WRL,,8021407196.0,61.63385772705078,30.093000411987305,72.63980102539062,21405.1171875,9.975934982299805,10.797287940979004,79.72893524169922,3.2938599586486816,,global_reference,2020-2022,2021,2,4,14
World,2021-04-12,5232461.0,85897.0,,116478489.0,93.1874433383931,1.52978145855993,713166.5102040815,12168.081632653062,88.90790515655574,1.5169509956707927,713166.5057142858,89.62258085714286,12168.08157142857,1.5291448428571428,,,,,,,,,17801362.85714286,2229.610642857143,9428335.285714285,0.11808936914285714,,1.1177714285714286,140130621.0,3179639.0,17610.008,399.58054,,,945536450.0,1165766700.0,1025924100.0,162248854.0,11.842791,14.601161,12.849642,2.032158,,,,,OWID_WRL,,8021407196.0,61.63385772705078,30.093000411987305,72.63980102539062,21405.1171875,9.975934982299805,10.797287940979004,79.72893524169922,3.2938599586486816,,global_reference,2020-2022,2021,2,4,15
World,2021-04-19,5695688.0,91424.0,,120239962.0,101.43727832336742,1.6282144902311262,793513.0612244897,12813.551020408164,98.92442084478488,1.597419343927315,793513.0685714285,99.71961485714287,12813.550857142856,1.61026,,,,,,,,,16418176.285714285,2056.367342857143,7594938.428571428,0.09512617685714286,,1.0773714285714286,145826309.0,3271063.0,18325.777,411.06964,,,1065776400.0,1217197300.0,1060798000.0,162256152.0,13.348789,15.245328,13.286435,2.0322492,,,,,OWID_WRL,,8021407196.0,61.63385772705078,30.093000411987305,72.63980102539062,21405.1171875,9.975934982299805,10.797287940979004,79.72893524169922,3.2938599586486816,,global_reference,2020-2022,2021,2,4,16
World,2021-04-26,5693755.0,95998.0,,141824104.0,101.40285258603788,1.709675081304774,820488.8775510204,13533.836734693878,102.28739889431995,1.6872147746648165,820488.8685714286,103.1096227142857,13533.836714285715,1.7007772285714287,,,,,,,,,19380688.57142857,2427.4203857142857,7467307.285714285,0.09352760228571429,,1.0187000000000002,151520056.0,3367061.0,19041.3,423.13358,,,1207600500.0,1267389200.0,1100396900.0,162267041.0,15.125128,15.873979,13.78241,2.0323856,,,,,OWID_WRL,,8021407196.0,61.63385772705078,30.093000411987305,72.63980102539062,21405.1171875,9.975934982299805,10.797287940979004,79.72893524169922,3.2938599586486816,,global_reference,2020-2022,2021,2,4,17
World,2021-05-03,5464304.0,92228.0,,140350390.0,97.31644810802311,1.6425333173459522,801026.1632653062,13479.0,99.86105226832898,1.6803784760760574,801026.1571428571,100.6637742857143,13479.000142857143,1.6938859857142856,,,,,,,,,19438237.14285714,2434.6282285714287,6900993.571428572,0.08643455700000001,,0.9683857142857143,156984360.0,3459289.0,19727.992,434.72372,,,1347950800.0,1317030300.0,1141294300.0,162279199.0,16.883009,16.49573,14.294648,2.032538,,,,,OWID_WRL,,8021407196.0,61.63385772705078,30.093000411987305,72.63980102539062,21405.1171875,9.975934982299805,10.797287940979004,79.72893524169922,3.2938599586486816,,global_reference,2020-2022,2021,2,5,18
World,2021-05-10,4811805.0,87594.0,,171700918.0,85.6957760015596,1.5600041570846308,742052.8979591837,12977.673469387755,92.50906727802324,1.6178798996589119,742052.9,93.25268928571428,12977.67342857143,1.6308850428571429,,,,,,,,,22685950.85714286,2841.4025714285713,7323819.5,0.09173042714285715,,0.8997142857142857,161796165.0,3546883.0,20332.686,445.73154,,,1519651800.0,1368896000.0,1178822000.0,162290088.0,19.033554,17.145346,14.76468,2.0326743,,,,,OWID_WRL,,8021407196.0,61.63385772705078,30.093000411987305,72.63980102539062,21405.1171875,9.975934982299805,10.797287940979004,79.72893524169922,3.2938599586486816,,global_reference,2020-2022,2021,2,5,19
World,2021-05-17,4216358.0,86188.0,,199146106.0,75.09117071668196,1.534964019120147,639930.2448979592,12496.081632653062,79.77780322847472,1.5578415765857676,639930.2685714286,80.41908657142858,12496.08157142857,1.5703640857142855,,,,,,,,,27103766.0,3394.7314571428574,8009735.857142857,0.10032148942857143,,0.8489428571428571,166011648.0,3633071.0,20862.438,456.56265,,,1718798000.0,1428107900.0,1215132900.0,162304869.0,21.527847,17.88697,15.219472,2.0328593,,,,,OWID_WRL,,8021407196.0,61.63385772705078,30.093000411987305,72.63980102539062,21405.1171875,9.975934982299805,10.797287940979004,79.72893524169922,3.2938599586486816,,global_reference,2020-2022,2021,2,5,20
World,2021-05-24,3547251.0,78601.0,,228591446.0,63.174718659070415,1.3998434453388253,554332.918367347,11672.26530612245,69.10669223272616,1.4551393565885804,554332.9371428571,69.66219714285714,11672.265285714286,1.466836342857143,,,,,,,,,30722221.14285714,3847.9409142857144,8946587.285714285,0.11205550485714286,,0.8714285714285713,169558899.0,3711672.0,21308.217,466.44034,,,1947389300.0,1494125400.0,1249726600.0,162318183.0,24.390942,18.713837,15.652756,2.0330262,,,,,OWID_WRL,,8021407196.0,61.63385772705078,30.093000411987305,72.63980102539062,21405.1171875,9.975934982299805,10.797287940979004,79.72893524169922,3.2938599586486816,,global_reference,2020-2022,2021,2,5,21
World,2021-05-31,3005738.0,68445.0,,248132056.0,53.53065021699253,1.218970300838614,464929.85714285716,10529.387755102041,57.96113397343819,1.3126609206864208,464929.86285714287,58.42704742857143,10529.387857142856,1.3232125857142858,,,,,,,,,34838842.85714286,4363.5455,9967112.285714285,0.1248375192857143,,0.8614571428571428,172564637.0,3780117.0,21685.943,475.04172,,,2195521300.0,1566815900.0,1287384700.0,162332575.0,27.498781,19.62428,16.124422,2.0332065,,,,,OWID_WRL,,8021407196.0,61.63385772705078,30.093000411987305,72.63980102539062,21405.1171875,9.975934982299805,10.797287940979004,79.72893524169922,3.2938599586486816,,global_reference,2020-2022,2021,2,5,22
World,2021-06-07,2647709.0,71179.0,,237337272.0,47.154337588766246,1.2676614368236059,395990.7346938775,9796.489795918369,49.366741398110854,1.2212931667156284,395990.73714285716,49.76357085714286,9796.489714285713,1.2311104000000002,,,,,,,,,34289133.14285714,4294.694685714286,11940460.57142857,0.14955359428571427,,0.8887857142857143,175212346.0,3851296.0,22018.676,483.98666,,,2432858600.0,1664912800.0,1330895900.0,162346089.0,30.471418,20.85294,16.669395,2.0333757,,,,,OWID_WRL,,8021407196.0,61.63385772705078,30.093000411987305,72.63980102539062,21405.1171875,9.975934982299805,10.797287940979004,79.72893524169922,3.2938599586486816,,global_reference,2020-2022,2021,2,6,23
World,2021-06-14,2536773.0,62915.0,,270671580.0,45.178624398703676,1.1204838407080342,370705.63265306124,9844.857142857143,46.2145386208444,1.227322949988929,370705.64,46.586029142857136,9844.857142857143,1.237188642857143,,,,,,,,,35937878.0,4501.198985714285,17107016.57142857,0.21426441999999998,,0.9337571428571428,177749119.0,3914211.0,22337.469,491.8931,,,2703530200.0,1793877500.0,1377953800.0,162359486.0,33.861565,22.468216,17.258793,2.0335433,,,,,OWID_WRL,,8021407196.0,61.63385772705078,30.093000411987305,72.63980102539062,21405.1171875,9.975934982299805,10.797287940979004,79.72893524169922,3.2938599586486816,,global_reference,2020-2022,2021,2,6,24
World,2021-06-21,2631734.0,56070.0,,305842566.0,46.869831042548164,0.9985779058809421,366929.6530612245,8257.816326530612,45.743800818913634,1.029472276466466,366929.65142857144,46.11150757142857,8257.816385714284,1.0377475571428572,,,,,,,,,42293954.85714286,5297.294042857144,19691886.85714286,0.24663977857142858,,0.9919285714285715,180380853.0,3970281.0,22668.195,498.93933,,,3009373000.0,1934442000.0,1428875400.0,162370453.0,37.692226,24.228777,17.896584,2.033681,,,,,OWID_WRL,,8021407196.0,61.63385772705078,30.093000411987305,72.63980102539062,21405.1171875,9.975934982299805,10.797287940979004,79.72893524169922,3.2938599586486816,,global_reference,2020-2022,2021,2,6,25
World,2021-06-28,2759991.0,53662.0,,258126086.0,49.154022347605625,0.95569266248231,384120.5918367347,7805.326530612246,47.88693335856113,0.9730620002067084,384120.5942857143,48.271867285714286,7805.326528571429,0.9808838528571429,,,,,,,,,40579876.85714286,5082.606685714286,18570509.714285713,0.23259459142857145,,1.0368285714285714,183140844.0,4023943.0,23015.04,505.68295,,,3267499000.0,2059418400.0,1482949900.0,163452786.0,40.92524,25.7941,18.573864,2.047237,,,,,OWID_WRL,,8021407196.0,61.63385772705078,30.093000411987305,72.63980102539062,21405.1171875,9.975934982299805,10.797287940979004,79.72893524169922,3.2938599586486816,,global_reference,2020-2022,2021,2,6,26
World,2021-07-05,3285913.0,54601.0,,219527820.0,58.520423086266526,0.9724157702694011,420454.8775510204,7747.877551020408,52.41659814510935,0.965900042436944,420454.8742857143,52.83794257142857,7747.8775000000005,0.9736642985714286,,,,,,,,,33383531.714285713,4181.268514285714,17835191.714285713,0.22338477571428572,,1.0949285714285715,186426757.0,4078544.0,23427.975,512.5446,,,3487026700.0,2182771200.0,1543290400.0,165179143.0,43.674812,27.339088,19.329624,2.0688596,,,,,OWID_WRL,,8021407196.0,61.63385772705078,30.093000411987305,72.63980102539062,21405.1171875,9.975934982299805,10.797287940979004,79.72893524169922,3.2938599586486816,,global_reference,2020-2022,2021,3,7,27
World,2021-07-12,3606793.0,56308.0,,223479486.0,64.23513110194473,1.0028165636587139,494200.38775510207,8002.163265306122,61.610185803999926,0.9976009283379265,494200.3828571429,62.105432,8002.163242857142,1.0056200357142857,,,,,,,,,31294654.0,3919.637728571429,17960677.714285713,0.2249564785714286,,1.117357142857143,190033550.0,4134852.0,23881.234,519.6207,,,3710506200.0,2310401500.0,1608074900.0,166048288.0,46.47388,28.93765,20.141047,2.0797455,,,,,OWID_WRL,,8021407196.0,61.63385772705078,30.093000411987305,72.63980102539062,21405.1171875,9.975934982299805,10.797287940979004,79.72893524169922,3.2938599586486816,,global_reference,2020-2022,2021,3,7,28
World,2021-07-19,3756675.0,69629.0,,231744808.0,66.90445255172621,1.2400567328087055,522100.1632653061,9284.387755102041,65.0883505235415,1.157451246176836,522100.16857142857,65.61155357142857,9284.38767142857,1.166755252857143,,,,,,,,,31971563.42857143,4004.4202571428573,17311089.714285713,0.2168204214285714,,1.0896142857142856,193790225.0,4204481.0,24353.33,528.3709,,,3942251000.0,2429254000.0,1670265600.0,166510786.0,49.376472,30.42627,20.919983,2.0855381,,,,,OWID_WRL,,8021407196.0,61.63385772705078,30.093000411987305,72.63980102539062,21405.1171875,9.975934982299805,10.797287940979004,79.72893524169922,3.2938599586486816,,global_reference,2020-2022,2021,3,7,29
World,2021-07-26,4143467.0,65088.0,,290862076.0,73.79301943903673,1.1591838547882782,569730.7142857143,9384.244897959185,71.02628009831236,1.169900077213233,569730.7285714286,71.59721428571429,9384.244999999999,1.1793042,,,,,,,,,38339870.85714286,4802.047257142856,18819051.714285713,0.23570756285714284,,1.0874714285714284,197933692.0,4269569.0,24874.035,536.5504,,,4233113000.0,2571345200.0,1743241600.0,167688269.0,53.019505,32.20595,21.834003,2.1002862,,,,,OWID_WRL,,8021407196.0,61.63385772705078,30.093000411987305,72.63980102539062,21405.1171875,9.975934982299805,10.797287940979004,79.72893524169922,3.2938599586486816,,global_reference,2020-2022,2021,3,7,30
World,2021-08-02,4420846.0,68900.0,,281651136.0,78.73299698416515,1.227073617178472,615963.0,9552.795918367348,76.78989296381307,1.1909127270251283,615963.0028571428,77.40715714285714,9552.795857142857,1.2004857142857142,,,,,,,,,41699720.571428575,5222.866614285714,20697198.57142857,0.2592312485714286,,1.0703,202354538.0,4338469.0,25429.596,545.209,,,4514764300.0,2715446500.0,1811692500.0,168861013.0,56.54717,34.010815,22.691347,2.1149747,,,,,OWID_WRL,,8021407196.0,61.63385772705078,30.093000411987305,72.63980102539062,21405.1171875,9.975934982299805,10.797287940979004,79.72893524169922,3.2938599586486816,,global_reference,2020-2022,2021,3,8,31
World,2021-08-09,4518939.0,69679.0,,254094110.0,80.47998293960619,1.2409472071317669,642821.5510204082,9933.448979591836,80.13825196917583,1.2383673758072409,642821.5485714285,80.78243271428572,9933.448999999999,1.2483218285714286,,,,,,,,,37551904.28571428,4703.3550428571425,20645706.285714287,0.25858630857142856,,1.0433571428571429,206873477.0,4408148.0,25997.484,553.96545,,,4768858000.0,2860815600.0,1908026900.0,171307234.0,59.729683,35.831554,23.89793,2.1456134,,,,,OWID_WRL,,8021407196.0,61.63385772705078,30.093000411987305,72.63980102539062,21405.1171875,9.975934982299805,10.797287940979004,79.72893524169922,3.2938599586486816,,global_reference,2020-2022,2021,3,8,32
World,2021-08-16,4597829.0,71400.0,,249389636.0,81.8849733265323,1.2715973333315367,653040.2653061225,10006.102040816328,81.41218234523379,1.24742477177895,653040.2714285714,82.06660571428571,10006.102142857142,1.2574520428571427,,,,,,,,,35794195.71428572,4483.202871428572,19766813.714285713,0.24757823428571427,,1.0216,211471306.0,4479548.0,26575.287,562.9382,,,5018248000.0,2991883800.0,2035253200.0,174870092.0,62.853275,37.473175,25.491432,2.190238,,,,,OWID_WRL,,8021407196.0,61.63385772705078,30.093000411987305,72.63980102539062,21405.1171875,9.975934982299805,10.797287940979004,79.72893524169922,3.2938599586486816,,global_reference,2020-2022,2021,3,8,33
World,2021-08-23,4567453.0,70806.0,,286358016.0,81.34399236578611,1.2610184983735684,653543.5918367347,10195.204081632652,81.47493025446138,1.2709994434289098,653543.5942857143,82.129855,10195.204285714284,1.2812161857142856,,,,,,,,,37960450.85714286,4754.5251285714285,18605596.85714286,0.23303405571428573,,1.0001142857142857,216038759.0,4550353.0,27149.271,571.8361,,,5304606000.0,3122964700.0,2172254700.0,177885364.0,66.439896,39.114956,27.207367,2.2280042,,,,,OWID_WRL,,8021407196.0,61.63385772705078,30.093000411987305,72.63980102539062,21405.1171875,9.975934982299805,10.797287940979004,79.72893524169922,3.2938599586486816,,global_reference,2020-2022,2021,3,8,34
World,2021-08-30,4358007.0,67833.0,,240774100.0,77.61386666442817,1.2080708951243437,639790.0204081632,9859.448979591836,79.76032194540686,1.2291420618203257,639790.0114285714,80.40146642857142,9859.448999999999,1.2390223428571427,,,,,,,,,38543528.571428575,4827.555157142858,17286423.285714287,0.21651148,,0.9602714285714286,220396766.0,4618186.0,27696.936,580.3606,,,5545380400.0,3233184800.0,2304346600.0,181141903.0,69.455574,40.49546,28.861813,2.2687922,,,,,OWID_WRL,,8021407196.0,61.63385772705078,30.093000411987305,72.63980102539062,21405.1171875,9.975934982299805,10.797287940979004,79.72893524169922,3.2938599586486816,,global_reference,2020-2022,2021,3,8,35
World,2021-09-06,3929753.0,62566.0,,236477584.0,69.98688284946228,1.1142683299330662,593214.1224489796,9303.367346938776,73.95387217654218,1.1598173636638276,593214.1142857142,74.54833971428572,9303.367428571428,1.1691404142857142,,,,,,,,,32940527.42857143,4125.7826,15302732.42857143,0.19166586428571428,,0.9395,224326519.0,4680752.0,28190.781,588.2232,,,5781858000.0,3341728300.0,2426798600.0,184190048.0,72.41744,41.854958,30.395517,2.3069701,,,,,OWID_WRL,,8021407196.0,61.63385772705078,30.093000411987305,72.63980102539062,21405.1171875,9.975934982299805,10.797287940979004,79.72893524169922,3.2938599586486816,,global_reference,2020-2022,2021,3,9,36
World,2021-09-13,3684670.0,60825.0,,220187990.0,65.62208047908562,1.0832620140040718,543103.8775510204,8767.408163265307,67.70680807998971,1.0930012588860107,543103.8657142858,68.25106214285714,8767.408285714286,1.1017872142857144,,,,,,,,,32118752.0,4022.8556142857146,14936989.57142857,0.18708496,,0.9398,228011189.0,4741577.0,28653.828,595.86694,,,6002045400.0,3449060400.0,2540385800.0,187088540.0,75.175285,43.199287,31.81819,2.3432734,,,,,OWID_WRL,,8021407196.0,61.63385772705078,30.093000411987305,72.63980102539062,21405.1171875,9.975934982299805,10.797287940979004,79.72893524169922,3.2938599586486816,,global_reference,2020-2022,2021,3,9,37
World,2021-09-20,3507558.0,55388.0,,194676170.0,62.467806712964965,0.986431836114386,521206.14285714284,8224.102040816326,64.97689621305479,1.0252692376616168,521206.14,65.499206,8224.102014285714,1.0335107371428571,,,,,,,,,29694497.14285714,3719.2191,15450064.57142857,0.1935111942857143,,0.9185428571428572,231518174.0,4796965.0,29094.547,602.8275,,,6196721700.0,3552888800.0,2637763300.0,191114023.0,77.613594,44.499733,33.037834,2.3936925,,,,,OWID_WRL,,8021407196.0,61.63385772705078,30.093000411987305,72.63980102539062,21405.1171875,9.975934982299805,10.797287940979004,79.72893524169922,3.2938599586486816,,global_reference,2020-2022,2021,3,9,38
World,2021-09-27,3110225.0,52356.0,,198195596.0,55.391510028866655,0.9324334731639488,459268.97959183675,7629.102040816326,57.255412718713295,0.9510927265506105,459268.9771428571,57.71565400000001,7629.102071428571,0.9587379699999999,,,,,,,,,28991852.0,3631.2131285714286,15604591.285714285,0.19544662714285715,,0.9193571428571429,234628399.0,4849321.0,29485.404,609.407,,,6394917400.0,3662054400.0,2727832600.0,199122217.0,80.09598,45.867023,34.16595,2.4939945,,,,,OWID_WRL,,8021407196.0,61.63385772705078,30.093000411987305,72.63980102539062,21405.1171875,9.975934982299805,10.797287940979004,79.72893524169922,3.2938599586486816,,global_reference,2020-2022,2021,3,9,39
World,2021-10-04,2956883.0,48339.0,,177704532.0,52.660567755929335,0.860892766049204,428656.6734693878,7021.326530612246,53.43908655867067,0.8753235385075001,428656.67428571434,53.868650714285714,7021.326457142857,0.8823597285714285,,,,,,,,,25428740.285714287,3184.9353857142855,13412016.285714285,0.16798474857142856,,0.9405714285714285,237585282.0,4897654.0,29856.99,615.48096,,,6572622000.0,3751546600.0,2818286300.0,208475544.0,82.321724,46.98791,35.298878,2.6111445,,,,,OWID_WRL,,8021407196.0,61.63385772705078,30.093000411987305,72.63980102539062,21405.1171875,9.975934982299805,10.797287940979004,79.72893524169922,3.2938599586486816,,global_reference,2020-2022,2021,4,10,40
World,2021-10-11,2883463.0,46074.0,,160428332.0,51.35299525994612,0.820554279214527,413906.5306122449,6728.734693877551,51.600239272062616,0.8388471660225577,413906.53142857144,52.015022,6728.734714285713,0.8455901385714285,,,,,,,,,24195459.14285714,3030.467628571428,12275936.857142856,0.15375542285714286,,0.9686142857142858,240468692.0,4943727.0,30219.346,621.2709,,,6733050400.0,3833232600.0,2896048000.0,218359848.0,84.33108,48.011024,36.272842,2.7349448,,,,,OWID_WRL,,8021407196.0,61.63385772705078,30.093000411987305,72.63980102539062,21405.1171875,9.975934982299805,10.797287940979004,79.72893524169922,3.2938599586486816,,global_reference,2020-2022,2021,4,10,41
World,2021-10-18,3006331.0,49337.0,,188447960.0,53.541211242464044,0.8786666335375075,414589.5102040816,6689.714285714285,51.685383882621394,0.8339826320062914,414589.5028571429,52.10085028571429,6689.7143428571435,0.8406865057142857,,,,,,,,,25373014.57142857,3177.9557285714286,12624789.57142857,0.15812478142857142,,1.009342857142857,243475023.0,4993064.0,30597.146,627.47095,,,6921498000.0,3924943600.0,2985684000.0,230829051.0,86.691376,49.1597,37.395523,2.891121,,,,,OWID_WRL,,8021407196.0,61.63385772705078,30.093000411987305,72.63980102539062,21405.1171875,9.975934982299805,10.797287940979004,79.72893524169922,3.2938599586486816,,global_reference,2020-2022,2021,4,10,42
World,2021-10-25,3127736.0,50883.0,,210266658.0,55.70337194628918,0.9062000996065629,429906.3469387755,7108.877551020408,53.59487885780877,0.8862382094958801,429906.3542857143,54.02569571428571,7108.877628571428,0.8933621228571429,,,,,,,,,27857762.85714286,3489.1691285714287,12158490.714285715,0.15228441571428572,,1.0272285714285714,246602759.0,5043947.0,30990.203,633.86536,,,7131764700.0,4009692400.0,3087170000.0,248325703.0,89.32495,50.221172,38.66663,3.1102655,,,,,OWID_WRL,,8021407196.0,61.63385772705078,30.093000411987305,72.63980102539062,21405.1171875,9.975934982299805,10.797287940979004,79.72893524169922,3.2938599586486816,,global_reference,2020-2022,2021,4,10,43
World,2021-11-01,3180193.0,49213.0,,198939486.0,56.637604177585715,0.8764582572163154,447475.71428571426,7052.2448979591845,55.785188727092056,0.8791780202201798,447475.71428571426,56.233611571428575,7052.244842857143,0.8862451814285714,,,,,,,,,29338236.85714286,3674.5976142857144,11174500.42857143,0.13995999,,1.0444285714285715,249782952.0,5093160.0,31389.854,640.04987,,,7330704400.0,4081043500.0,3158039000.0,269191078.0,91.81666,51.114838,39.55426,3.371603,,,,,OWID_WRL,,8021407196.0,61.63385772705078,30.093000411987305,72.63980102539062,21405.1171875,9.975934982299805,10.797287940979004,79.72893524169922,3.2938599586486816,,global_reference,2020-2022,2021,4,11,44
World,2021-11-08,3477899.0,50524.0,,230384942.0,61.939595154011464,0.8998064939669828,469268.9183673469,7079.285714285715,58.50206913836206,0.8825491015860548,469268.9257142857,58.972331714285716,7079.285671428572,0.8896433671428571,,,,,,,,,31724367.14285714,3973.4591714285716,11119286.142857144,0.13926843428571428,,1.0671428571428572,253260851.0,5143684.0,31826.916,646.3992,,,7561089500.0,4161311200.0,3244966000.0,303563194.0,94.70222,52.12019,40.643017,3.8021119,,,,,OWID_WRL,,8021407196.0,61.63385772705078,30.093000411987305,72.63980102539062,21405.1171875,9.975934982299805,10.797287940979004,79.72893524169922,3.2938599586486816,,global_reference,2020-2022,2021,4,11,45
World,2021-11-15,3863312.0,54704.0,,213207600.0,68.80360275949195,0.9742501473749073,518435.44897959183,7474.163265306122,64.63148376735167,0.9317770663772349,518435.4571428572,65.15101628571429,7474.163242857142,0.9392670528571428,,,,,,,,,31051889.42857143,3889.231714285714,10603301.42857143,0.13280575142857143,,1.0830142857142857,257124163.0,5198388.0,32312.414,653.27374,,,7774297000.0,4232874200.0,3334231800.0,344735493.0,97.372635,53.01651,41.761066,4.317793,,,,,OWID_WRL,,8021407196.0,61.63385772705078,30.093000411987305,72.63980102539062,21405.1171875,9.975934982299805,10.797287940979004,79.72893524169922,3.2938599586486816,,global_reference,2020-2022,2021,4,11,46
World,2021-11-22,4047229.0,50181.0,,232540008.0,72.07907008098127,0.8936978401107821,565240.8163265305,7620.551020408164,70.46654065989777,0.9500267015752885,565240.8200000001,71.03297857142857,7620.551,0.9576633757142857,,,,,,,,,32051396.285714287,4014.419428571429,10268911.0,0.12861753571428572,,1.0654,261171392.0,5248569.0,32821.023,659.5799,,,8006836700.0,4304811500.0,3441961500.0,388317896.0,100.28518,53.917522,43.110374,4.86366,,,,,OWID_WRL,,8021407196.0,61.63385772705078,30.093000411987305,72.63980102539062,21405.1171875,9.975934982299805,10.797287940979004,79.72893524169922,3.2938599586486816,,global_reference,2020-2022,2021,4,11,47
World,2021-11-29,4273280.0,53891.0,,257436530.0,76.10492230502787,0.9597710348819307,581929.0408163265,7287.34693877551,72.54700161668822,0.9084873465106545,581929.0371428571,73.13016157142857,7287.346971428572,0.9157901085714286,,,,,,,,,35749547.71428572,4477.610671428572,10408978.714285715,0.13037187,,1.0686428571428572,265444672.0,5302460.0,33358.04,666.3523,,,8264273400.0,4376365000.0,3558435300.0,444757719.0,103.50956,54.81373,44.569202,5.570565,,,,,OWID_WRL,,8021407196.0,61.63385772705078,30.093000411987305,72.63980102539062,21405.1171875,9.975934982299805,10.797287940979004,79.72893524169922,3.2938599586486816,,global_reference,2020-2022,2021,4,11,48
World,2021-12-06,4313928.0,49784.0,,245941818.0,76.82884231070378,0.8866274739856755,619692.6530612244,7554.591836734694,77.25485540370572,0.9418038072549052,619692.6628571429,77.87585985714286,7554.591871428572,0.9493743842857142,,,,,,,,,35025207.428571425,4386.8875,9167733.714285715,0.11482535014285714,,1.0390285714285714,269758600.0,5352244.0,33900.164,672.6086,,,8510215000.0,4438105600.0,3677088300.0,523572526.0,106.589966,55.58702,46.05532,6.5577164,,,,,OWID_WRL,,8021407196.0,61.63385772705078,30.093000411987305,72.63980102539062,21405.1171875,9.975934982299805,10.797287940979004,79.72893524169922,3.2938599586486816,,global_reference,2020-2022,2021,4,12,49
World,2021-12-13,4702646.0,47352.0,,266774134.0,83.75171026893862,0.8433148029119738,638067.8775510204,6993.918367346939,79.54562858611678,0.8719066613192964,638067.88,80.1850462857143,6993.918342857142,0.8789153728571428,,,,,,,,,37307569.71428572,4672.752114285714,8773196.0,0.10988378542857143,,1.0839,274461246.0,5399596.0,34491.14,678.55927,,,8776990000.0,4498266600.0,3779732500.0,634308387.0,109.9313,56.340538,47.34094,7.944677,,,,,OWID_WRL,,8021407196.0,61.63385772705078,30.093000411987305,72.63980102539062,21405.1171875,9.975934982299805,10.797287940979004,79.72893524169922,3.2938599586486816,,global_reference,2020-2022,2021,4,12,50
World,2021-12-20,6088557.0,46575.0,,257023410.0,108.43407345990283,0.8294768319316013,745664.0,6764.877551020408,92.95925038836539,0.8433529660972479,745664.0085714286,93.70649214285716,6764.877528571428,0.8501321585714285,,,,,,,,,38762492.0,4854.980185714286,8167353.0,0.10229563785714287,,1.2359000000000002,280549803.0,5446171.0,35256.277,684.41223,,,9034013000.0,4551173600.0,3868020200.0,738397736.0,113.150505,57.003197,48.44674,9.24839,,,,,OWID_WRL,,8021407196.0,61.63385772705078,30.093000411987305,72.63980102539062,21405.1171875,9.975934982299805,10.797287940979004,79.72893524169922,3.2938599586486816,,global_reference,2020-2022,2021,4,12,51
World,2021-12-27,10460860.0,42680.0,,234278404.0,186.30254454278065,0.7601088821651258,1090056.2653061224,6421.897959183673,135.8933960926078,0.8005949333161959,1090056.28,136.98575914285715,6421.898028571429,0.8070304214285714,,,,,,,,,35137170.571428575,4400.9108,7085414.071428572,0.08874441300000001,,1.471142857142857,291010663.0,5488851.0,36570.88,689.7758,,,9268292000.0,4600328700.0,3941942000.0,836476804.0,116.08482,57.61886,49.372604,10.476825,,,,,OWID_WRL,,8021407196.0,61.63385772705078,30.093000411987305,72.63980102539062,21405.1171875,9.975934982299805,10.797287940979004,79.72893524169922,3.2938599586486816,,global_reference,2020-2022,2021,4,12,52
World,2022-01-03,16592571.0,45627.0,,238980502.0,295.5051685814312,0.812593438766359,1885707.93877551,6167.408163265306,235.08443003814196,0.7688686052916976,1885707.9285714286,236.97412857142857,6167.408171428571,0.7750490642857143,,,,,,,,,32344544.0,4051.1360142857143,8659687.142857144,0.10846209357142857,,1.4676428571428572,307603234.0,5534478.0,38656.043,695.50964,,,9507272000.0,4669489000.0,4004944400.0,934736269.0,119.07804,58.48509,50.161705,11.70752,,,,,OWID_WRL,,8021407196.0,61.63385772705078,30.093000411987305,72.63980102539062,21405.1171875,9.975934982299805,10.797287940979004,79.72893524169922,3.2938599586486816,,global_reference,2020-2022,2022,1,1,1
World,2022-01-10,20659349.0,52323.0,,233852484.0,367.932396313243,0.9318457601107283,2705205.5918367347,7046.959183673469,337.24825653854447,0.8785190692211143,2705205.6142857145,339.95919,7046.959199999999,0.8855809357142856,,,,,,,,,34100693.14285714,4271.092685714286,9360540.857142856,0.11724024357142857,,1.2710857142857144,328262583.0,5586801.0,41252.273,702.085,,,9741125000.0,4732422000.0,4068931800.0,1023185011.0,122.007034,59.273323,50.963142,12.815334,,,,,OWID_WRL,,8021407196.0,61.63385772705078,30.093000411987305,72.63980102539062,21405.1171875,9.975934982299805,10.797287940979004,79.72893524169922,3.2938599586486816,,global_reference,2020-2022,2022,1,1,2
World,2022-01-17,23540588.0,59709.0,,208368350.0,419.2457832752994,1.0633866271133436,3120287.081632653,7943.7551020408155,388.994973748326,0.9903193925876365,3120287.1,392.12185714285715,7943.755028571429,0.9982799714285715,,,,,,,,,31394726.85714286,3932.1718142857144,8344597.5,0.10451561499999999,,1.1546571428571428,351803171.0,5646510.0,44210.586,709.58856,,,9949492000.0,4785623600.0,4132415500.0,1107602987.0,124.61684,59.939667,51.75827,13.872665,,,,,OWID_WRL,,8021407196.0,61.63385772705078,30.093000411987305,72.63980102539062,21405.1171875,9.975934982299805,10.797287940979004,79.72893524169922,3.2938599586486816,,global_reference,2020-2022,2022,1,1,3
World,2022-01-24,23424015.0,67830.0,,177075772.0,417.16967801005495,1.2080174666649601,3387469.0,9106.938775510203,422.3035830532596,1.135329319779642,3387468.9857142856,425.6982242857143,9106.938714285714,1.1444555285714286,,,,,,,,,26847239.14285714,3362.601642857143,6088041.071428572,0.07625237285714286,,1.0374428571428571,375227186.0,5714340.0,47154.246,718.1127,,,10126568000.0,4823252000.0,4185431600.0,1184616322.0,126.8347,60.41096,52.422295,14.837253,,,,,OWID_WRL,,8021407196.0,61.63385772705078,30.093000411987305,72.63980102539062,21405.1171875,9.975934982299805,10.797287940979004,79.72893524169922,3.2938599586486816,,global_reference,2020-2022,2022,1,1,4
World,2022-01-31,19927986.0,75872.0,,150344788.0,354.90719686650135,1.3512413567861397,3131751.2040816327,10400.0,390.4241646831406,1.2965306143772533,3131751.228571429,393.56254,10400.0,1.3069526285714286,,,,,,,,,22790482.57142857,2854.4951285714283,5608529.0,0.07024650928571428,,0.9171857142857143,395155110.0,5790212.0,49658.56,727.6474,,,10276913000.0,4862919000.0,4244374800.0,1253565201.0,128.71776,60.90779,53.160553,15.700833,,,,,OWID_WRL,,8021407196.0,61.63385772705078,30.093000411987305,72.63980102539062,21405.1171875,9.975934982299805,10.797287940979004,79.72893524169922,3.2938599586486816,,global_reference,2020-2022,2022,1,1,5
World,2022-02-07,15911688.0,76452.0,,178257670.0,283.3789920112523,1.3615708589336504,2607546.9795918367,10956.73469387755,325.07350841036106,1.3659367273290024,2607546.9714285717,327.6865742857143,10956.734714285714,1.3769166428571429,,,,,,,,,23582196.57142857,2953.6568285714284,5429652.785714285,0.06800609514285715,,0.8404285714285714,411066798.0,5866664.0,51658.156,737.255,,,10455171000.0,4900278000.0,4304572400.0,1330766300.0,130.95042,61.3757,53.914524,16.667772,,,,,OWID_WRL,,8021407196.0,61.63385772705078,30.093000411987305,72.63980102539062,21405.1171875,9.975934982299805,10.797287940979004,79.72893524169922,3.2938599586486816,,global_reference,2020-2022,2022,1,2,6
World,2022-02-14,12871643.0,69613.0,,169859801.0,229.2373517422345,1.239771781025326,2075994.6734693877,10341.775510204083,258.8067932151126,1.2892719765381278,2075994.657142857,260.8871757142857,10341.775428571429,1.2996356285714283,,,,,,,,,25091104.0,3142.6467142857146,5410496.142857143,0.06776615942857143,,0.8163857142857143,423938244.0,5936277.0,53275.69,746.0032,,,10625030000.0,4938358000.0,4357822500.0,1409502539.0,133.07791,61.852657,54.581482,17.65394,,,,,OWID_WRL,,8021407196.0,61.63385772705078,30.093000411987305,72.63980102539062,21405.1171875,9.975934982299805,10.797287940979004,79.72893524169922,3.2938599586486816,,global_reference,2020-2022,2022,1,2,7
World,2022-02-21,11049752.0,59479.0,,158054656.0,196.790408643905,1.0592904452272616,1731595.469387755,9301.979591836734,215.87178247867064,1.1596443572239186,1731595.4714285715,217.60704285714286,9301.979714285715,1.1689660142857143,,,,,,,,,23249778.57142857,2912.0216857142855,5625605.357142857,0.07046038771428571,,0.8492142857142857,434987996.0,5995756.0,54664.297,753.4778,,,10783086000.0,4980399000.0,4400880000.0,1479679838.0,135.05754,62.379215,55.120777,18.532907,,,,,OWID_WRL,,8021407196.0,61.63385772705078,30.093000411987305,72.63980102539062,21405.1171875,9.975934982299805,10.797287940979004,79.72893524169922,3.2938599586486816,,global_reference,2020-2022,2022,1,2,8
World,2022-02-28,10900171.0,51918.0,,124372724.0,194.12644784954833,0.9246329180939318,1550552.0408163264,8083.918367346939,193.30174904841306,1.0077930430184507,1550552.0571428572,194.85558142857144,8083.918371428571,1.0158940514285715,,,,,,,,,20093960.85714286,2516.7573428571427,4922557.642857143,0.06165475914285714,,0.9347714285714286,445888167.0,6047674.0,56034.105,760.00226,,,10907458000.0,5005155300.0,4436628000.0,1541822457.0,136.6153,62.689285,55.56852,19.31124,,,,,OWID_WRL,,8021407196.0,61.63385772705078,30.093000411987305,72.63980102539062,21405.1171875,9.975934982299805,10.797287940979004,79.72893524169922,3.2938599586486816,,global_reference,2020-2022,2022,1,2,9
World,2022-03-07,11805439.0,43777.0,,111605531.0,210.24880603932948,0.7796458888130909,1587434.693877551,6713.734693877551,197.89977682084887,0.8369771699441291,1587434.6857142856,199.49057142857143,6713.734728571429,0.8437051214285713,,,,,,,,,16480284.285714285,2064.1463285714285,2950602.3000000003,0.036956127,,1.025,457693606.0,6091451.0,57517.68,765.50366,,,11019063000.0,5025092600.0,4477707000.0,1601374269.0,138.01315,62.939,56.083023,20.057123,,,,,OWID_WRL,,8021407196.0,61.63385772705078,30.093000411987305,72.63980102539062,21405.1171875,9.975934982299805,10.797287940979004,79.72893524169922,3.2938599586486816,,global_reference,2020-2022,2022,1,3,10
World,2022-03-14,12378410.0,36254.0,,103443650.0,220.45312530650463,0.6456651221652877,1747269.6734693877,5648.673469387754,217.82582915634694,0.7041998157386342,1747269.6714285712,219.57679285714286,5648.673542857143,0.7098604585714285,,,,,,,,,15356312.142857144,1923.3694714285714,2664719.4857142856,0.03337546128571429,,1.0253428571428571,470071914.0,6125268.0,59073.242,769.75336,,,11122507000.0,5042972000.0,4507990000.0,1656702575.0,139.30878,63.162945,56.462322,20.750107,,,,,OWID_WRL,,8021407196.0,61.63385772705078,30.093000411987305,72.63980102539062,21405.1171875,9.975934982299805,10.797287940979004,79.72893524169922,3.2938599586486816,,global_reference,2020-2022,2022,1,3,11
World,2022-03-21,10998239.0,46476.0,,112699905.0,195.87298856782783,0.8277136927719397,1654308.2448979593,6396.755102040816,206.23666203143333,0.79746046369902,1654308.2142857143,207.89446999999998,6396.755085714286,0.8038707528571428,,,,,,,,,15410946.0,1930.2123428571429,3373253.1714285715,0.042249806,,0.9463285714285714,481070153.0,6171744.0,60455.375,775.59393,,,11235207000.0,5070098000.0,4538747000.0,1710056157.0,140.72034,63.502693,56.847546,21.418358,,,,,OWID_WRL,,8021407196.0,61.63385772705078,30.093000411987305,72.63980102539062,21405.1171875,9.975934982299805,10.797287940979004,79.72893524169922,3.2938599586486816,,global_reference,2020-2022,2022,1,3,12
World,2022-03-28,9369117.0,26859.0,,112737405.0,166.8591623651424,0.47834499686206927,1473671.612244898,4757.857142857143,183.7173423859803,0.5931449465911321,1473671.5571428572,185.19413285714288,4757.857114285714,0.5979128657142857,,,,,,,,,17027875.85714286,2132.7319285714284,3551605.542857143,0.04448366028571428,,0.8720714285714285,490439270.0,6198603.0,61632.777,778.9693,,,11347944000.0,5092685300.0,4581849600.0,1757627149.0,142.13237,63.7856,57.38741,22.014181,,,,,OWID_WRL,,8021407196.0,61.63385772705078,30.093000411987305,72.63980102539062,21405.1171875,9.975934982299805,10.797287940979004,79.72893524169922,3.2938599586486816,,global_reference,2020-2022,2022,1,3,13
World,2022-04-04,7200177.0,22874.0,,78787067.0,128.23145479993087,0.40737419331408364,1173584.2448979593,3495.0204081632655,146.30652904432844,0.43571163048624584,1173584.2285714285,147.48259857142858,3495.0204285714285,0.43921404857142854,,,,,,,,,12334224.714285715,1544.8547,2745062.228571429,0.03438174985714286,,0.8153571428571428,497639399.0,6221477.0,62537.605,781.8438,,,11426732000.0,5110264000.0,4605985300.0,1797996991.0,143.11917,64.00577,57.689705,22.519812,,,,,OWID_WRL,,8021407196.0,61.63385772705078,30.093000411987305,72.63980102539062,21405.1171875,9.975934982299805,10.797287940979004,79.72893524169922,3.2938599586486816,,global_reference,2020-2022,2022,2,4,14
World,2022-04-11,5697768.0,19204.0,,64548446.0,101.47432205520678,0.3420133780013842,933942.9795918368,3029.795918367347,116.43131395418524,0.37771376571908755,933942.9914285715,117.36723285714285,3029.7959285714282,0.38074996857142857,,,,,,,,,10245802.285714285,1283.2810000000002,2142486.1428571427,0.02683451842857143,,0.7777857142857142,503337167.0,6240681.0,63253.637,784.25714,,,11491280000.0,5123077600.0,4621673500.0,1833662242.0,143.92764,64.16626,57.8862,22.966516,,,,,OWID_WRL,,8021407196.0,61.63385772705078,30.093000411987305,72.63980102539062,21405.1171875,9.975934982299805,10.797287940979004,79.72893524169922,3.2938599586486816,,global_reference,2020-2022,2022,2,4,15
World,2022-04-18,4703217.0,16832.0,,73249813.0,83.76187948570798,0.29976927611535614,738775.3265306122,2542.4081632653065,92.10046423014332,0.3169528863380876,738775.3371428571,92.84080228571429,2542.4081571428574,0.3195006757142857,,,,,,,,,9690795.714285715,1213.7667142857142,1883800.857142857,0.023594499428571426,,0.8324285714285714,508040384.0,6257513.0,63844.684,786.3724,,,11564530000.0,5137514500.0,4640900000.0,1872644362.0,144.8451,64.347084,58.12701,23.454765,,,,,OWID_WRL,,8021407196.0,61.63385772705078,30.093000411987305,72.63980102539062,21405.1171875,9.975934982299805,10.797287940979004,79.72893524169922,3.2938599586486816,,global_reference,2020-2022,2022,2,4,16
World,2022-04-25,3998870.0,16264.0,,72486718.0,71.21782112520283,0.28965348780537975,634213.6734693878,2430.469387755102,79.0651388182423,0.3029978815895413,634213.6828571429,79.70069571428571,2430.4693571428575,0.3054334971428571,,,,,,,,,10552003.285714285,1321.6325,2061081.342857143,0.025814927857142855,,0.8296714285714285,512039254.0,6273777.0,64347.215,788.41626,,,11637017000.0,5150918700.0,4661628400.0,1907166199.0,145.75298,64.51497,58.38663,23.88715,,,,,OWID_WRL,,8021407196.0,61.63385772705078,30.093000411987305,72.63980102539062,21405.1171875,9.975934982299805,10.797287940979004,79.72893524169922,3.2938599586486816,,global_reference,2020-2022,2022,2,4,17
World,2022-05-02,3619097.0,12906.0,,48941220.0,64.45425902336365,0.22984923226858284,540831.7346938775,2028.612244897959,67.4235481978239,0.2528997961741125,540831.7342857143,67.96552442857143,2028.6122142857143,0.25493270142857144,,,,,,,,,8083756.214285715,1012.4859057142858,1582591.2285714285,0.019821865714285715,,0.8896142857142857,515658351.0,6286683.0,64802.023,790.03815,,,11685958000.0,5161200000.0,4677871600.0,1932252920.0,146.36597,64.64374,58.59008,24.201359,,,,,OWID_WRL,,8021407196.0,61.63385772705078,30.093000411987305,72.63980102539062,21405.1171875,9.975934982299805,10.797287940979004,79.72893524169922,3.2938599586486816,,global_reference,2020-2022,2022,2,5,18
World,2022-05-09,3964249.0,11201.0,,54605093.5,70.60123889442873,0.1994840578521925,545042.0408163265,1707.7959183673468,67.94843192702152,0.21290477800690208,545042.0399999999,68.49462857142858,1707.795942857143,0.2146161842857143,,,,,,,,,7657782.928571428,959.1329842857142,1381182.4857142859,0.017299232714285715,,0.9813714285714286,519622528.0,6297884.0,65300.195,791.44574,,,11740562000.0,5170613000.0,4695441400.0,1959686454.0,147.0499,64.76164,58.81014,24.544962,,,,,OWID_WRL,,8021407196.0,61.63385772705078,30.093000411987305,72.63980102539062,21405.1171875,9.975934982299805,10.797287940979004,79.72893524169922,3.2938599586486816,,global_reference,2020-2022,2022,2,5,19
World,2022-05-16,3782088.0,10380.0,,55424667.5,67.35704503116534,0.1848624694675259,563878.1224489796,1562.1020408163265,70.2966585127565,0.19474164602880317,563878.1342857142,70.86172928571429,1562.1020571428573,0.19630705285714287,,,,,,,,,7808189.714285715,977.9713800000001,1397172.7285714285,0.017499509857142857,,0.9687714285714285,523404616.0,6308264.0,65775.484,792.7502,,,11795987000.0,5180108300.0,4710857700.0,1983281765.0,147.74408,64.88057,59.003227,24.840492,,,,,OWID_WRL,,8021407196.0,61.63385772705078,30.093000411987305,72.63980102539062,21405.1171875,9.975934982299805,10.797287940979004,79.72893524169922,3.2938599586486816,,global_reference,2020-2022,2022,2,5,20
World,2022-05-23,3386889.0,10337.0,,50221091.0,60.31875379117529,0.18409666154969323,522151.28571428574,1475.1836734693877,65.09472377548227,0.18390584562332293,522151.27428571426,65.61797857142857,1475.1836857142857,0.18538415142857143,,,,,,,,,7529247.928571428,943.0340685714285,1432369.7571428572,0.017940350571428572,,0.9320714285714286,526791505.0,6318600.0,66201.11,794.04913,,,11846209000.0,5190626300.0,4725440000.0,2005693464.0,148.3731,65.0123,59.185867,25.121199,,,,,OWID_WRL,,8021407196.0,61.63385772705078,30.093000411987305,72.63980102539062,21405.1171875,9.975934982299805,10.797287940979004,79.72893524169922,3.2938599586486816,,global_reference,2020-2022,2022,2,5,21
World,2022-05-30,3259001.0,9272.0,,52601723.5,58.04113418662201,0.1651295584684875,468861.2448979592,1402.7142857142858,58.45124595242642,0.17487134756277814,468861.24000000005,58.92109942857143,1402.7142857142858,0.17627703142857146,,,,,,,,,6986096.285714285,875.0046414285714,1484317.9857142859,0.018590999285714286,,0.9690000000000001,530050506.0,6327871.0,66610.664,795.2142,,,11898810000.0,5200143400.0,4739672600.0,2032425566.0,149.03194,65.1315,59.364136,25.456017,,,,,OWID_WRL,,8021407196.0,61.63385772705078,30.093000411987305,72.63980102539062,21405.1171875,9.975934982299805,10.797287940979004,79.72893524169922,3.2938599586486816,,global_reference,2020-2022,2022,2,5,22
World,2022-06-06,3523107.0,9381.0,,65928877.5,62.744726417950574,0.16707079249276116,478646.20408163266,1332.857142857143,59.671101639163396,0.16616250868323862,478646.2057142857,60.15076071428571,1332.857142857143,0.16749818714285714,,,,,,,,,9375102.5,1174.2263285714287,1468549.0142857141,0.018393494000000003,,1.0290285714285714,533573613.0,6337251.0,67053.41,796.39294,,,11964740000.0,5211873000.0,4759165400.0,2069049375.0,149.85768,65.27841,59.608276,25.914726,,,,,OWID_WRL,,8021407196.0,61.63385772705078,30.093000411987305,72.63980102539062,21405.1171875,9.975934982299805,10.797287940979004,79.72893524169922,3.2938599586486816,,global_reference,2020-2022,2022,2,6,23
World,2022-06-13,3770467.0,9166.0,,50959230.0,67.15008098899943,0.16324175290359758,510647.79591836734,1309.8775510204082,63.66062505504145,0.16329772557533287,510647.78571428574,64.17235428571429,1309.8775428571428,0.16461037714285714,,,,,,,,,7881768.0,987.1870042857144,1702952.7714285715,0.021329388571428572,,1.0885285714285715,537344034.0,6346086.0,67527.23,797.50323,,,12015699000.0,5223780000.0,4777394700.0,2092540921.0,150.49594,65.42754,59.8366,26.208958,,,,,OWID_WRL,,8021407196.0,61.63385772705078,30.093000411987305,72.63980102539062,21405.1171875,9.975934982299805,10.797287940979004,79.72893524169922,3.2938599586486816,,global_reference,2020-2022,2022,2,6,24
World,2022-06-20,4591922.0,10402.0,,73695840.0,81.77977269000584,0.1852542781696729,572420.1632653062,1365.7755102040815,71.36156403464375,0.17026632320637544,572420.18,71.93519542857143,1365.7755142857143,0.17163498714285713,,,,,,,,,9019411.357142856,1129.6761628571428,1980829.842857143,0.02480978285714286,,1.1611142857142858,541935956.0,6356488.0,68104.29,798.8104,,,12089394000.0,5239410700.0,4797227500.0,2119257415.0,151.41899,65.62332,60.085003,26.54358,,,,,OWID_WRL,,8021407196.0,61.63385772705078,30.093000411987305,72.63980102539062,21405.1171875,9.975934982299805,10.797287940979004,79.72893524169922,3.2938599586486816,,global_reference,2020-2022,2022,2,6,25
World,2022-06-27,5281431.0,11346.0,,54966959.5,94.05957389039932,0.20206643338907027,701347.2857142857,1552.795918367347,87.43444492682325,0.19358148519647186,701347.2685714286,88.13727514285713,1552.7959428571428,0.19513756571428573,,,,,,,,,9248805.92857143,1158.4077628571429,2494830.714285714,0.031247614,,1.1827571428571428,547217387.0,6367834.0,68768.0,800.23627,,,12144361000.0,5257062400.0,4817174000.0,2146924536.0,152.10744,65.844406,60.334835,26.89011,,,,,OWID_WRL,,8021407196.0,61.63385772705078,30.093000411987305,72.63980102539062,21405.1171875,9.975934982299805,10.797287940979004,79.72893524169922,3.2938599586486816,,global_reference,2020-2022,2022,2,6,26
World,2022-07-04,6341557.0,12476.0,,52151969.0,112.93987353459302,0.22219115309025567,832530.9591836735,1677.3265306122448,103.78864192293193,0.20910626896595774,832530.9571428571,104.62293357142858,1677.3265142857144,0.21078714571428572,,,,,,,,,7394165.357142857,926.1150642857143,2224679.9285714286,0.027863990714285716,,1.1564142857142856,553558944.0,6380310.0,69564.94,801.80414,,,12196513000.0,5272019000.0,4832963600.0,2173496450.0,152.76064,66.03174,60.5326,27.222921,,,,,OWID_WRL,,8021407196.0,61.63385772705078,30.093000411987305,72.63980102539062,21405.1171875,9.975934982299805,10.797287940979004,79.72893524169922,3.2938599586486816,,global_reference,2020-2022,2022,3,7,27
World,2022-07-11,6978143.0,14655.0,,55896891.5,124.27714328299903,0.26099802408926714,965195.4897959185,1920.6734693877552,120.32745205569769,0.23944345704648043,965195.4942857142,121.29469228571429,1920.673442857143,0.2413681957142857,,,,,,,,,7704934.285714285,965.0386857142857,2010043.657142857,0.025175683571428572,,1.1182714285714286,560537087.0,6394965.0,70441.87,803.6458,,,12252410000.0,5285425700.0,4849084000.0,2202662969.0,153.46075,66.19966,60.734505,27.58823,,,,,OWID_WRL,,8021407196.0,61.63385772705078,30.093000411987305,72.63980102539062,21405.1171875,9.975934982299805,10.797287940979004,79.72893524169922,3.2938599586486816,,global_reference,2020-2022,2022,3,7,28
World,2022-07-18,7173271.0,16563.0,,75213174.0,127.75227275720512,0.2949785242572864,1022930.2448979592,2228.7551020408164,127.52503643102166,0.27785088670629016,1022930.2485714286,128.5501292857143,2228.7551285714285,0.2800843571428571,,,,,,,,,9824690.857142856,1230.5370142857141,2142257.628571429,0.02683165685714286,,1.0885142857142858,567710358.0,6411528.0,71343.32,805.72723,,,12327624000.0,5300800000.0,4865637400.0,2249316928.0,154.40279,66.39223,60.941833,28.172567,,,,,OWID_WRL,,8021407196.0,61.63385772705078,30.093000411987305,72.63980102539062,21405.1171875,9.975934982299805,10.797287940979004,79.72893524169922,3.2938599586486816,,global_reference,2020-2022,2022,3,7,29
World,2022-07-25,7204349.0,17725.0,,65059884.5,128.30575597744712,0.31567314752523096,1051510.6326530613,2473.408163265306,131.0880506324892,0.3083509043773155,1051510.6142857142,132.14178571428573,2473.4081857142855,0.31082954285714287,,,,,,,,,9658952.857142856,1209.7784428571429,2129928.714285714,0.02667723757142857,,1.0121142857142857,574914707.0,6429253.0,72248.68,807.9547,,,12392684000.0,5315757600.0,4881501700.0,2291473764.0,155.21767,66.57957,61.140537,28.70058,,,,,OWID_WRL,,8021407196.0,61.63385772705078,30.093000411987305,72.63980102539062,21405.1171875,9.975934982299805,10.797287940979004,79.72893524169922,3.2938599586486816,,global_reference,2020-2022,2022,3,7,30
World,2022-08-01,6945135.0,17150.0,,56915255.0,123.68928775388687,0.305432692810026,1020600.0204081632,2496.938775510204,127.23453572050319,0.31128438121871455,1020600.0,128.25729642857144,2496.9388,0.31378660571428574,,,,,,,,,8571331.92857143,1073.554492857143,1805307.342857143,0.022611372857142858,,0.9887142857142858,581859842.0,6446403.0,73121.47,810.1099,,,12449598000.0,5327156700.0,4894246400.0,2329307268.0,155.93053,66.722336,61.30016,29.174442,,,,,OWID_WRL,,8021407196.0,61.63385772705078,30.093000411987305,72.63980102539062,21405.1171875,9.975934982299805,10.797287940979004,79.72893524169922,3.2938599586486816,,global_reference,2020-2022,2022,3,8,31
World,2022-08-08,5752386.0,17307.0,,49669931.0,102.44704058674601,0.30822878218443844,931489.3877551021,2485.7551020408164,116.12543348000133,0.3098901528500357,931489.3971428572,117.05889228571428,2485.7550428571426,0.3123811657142857,,,,,,,,,7718104.5,966.688212857143,1483885.0285714285,0.018585576,,0.9045142857142857,587612228.0,6463710.0,73844.36,812.28485,,,12499269000.0,5336558600.0,4904549000.0,2359990340.0,156.55263,66.840096,61.4292,29.558746,,,,,OWID_WRL,,8021407196.0,61.63385772705078,30.093000411987305,72.63980102539062,21405.1171875,9.975934982299805,10.797287940979004,79.72893524169922,3.2938599586486816,,global_reference,2020-2022,2022,3,8,32
World,2022-08-15,5385991.0,15974.0,,49639804.0,95.92173379478513,0.2844887367316242,786674.9591836735,2409.836734693877,98.07193924477006,0.3004256829020699,786674.9742857143,98.860278,2409.836742857143,0.30284061285714287,,,,,,,,,6959941.571428572,871.7287714285713,1249480.657142857,0.015649674857142856,,0.9158428571428571,592998219.0,6479684.0,74521.21,814.2923,,,12548908000.0,5345056000.0,4913516000.0,2391077391.0,157.17436,66.94652,61.54151,29.94811,,,,,OWID_WRL,,8021407196.0,61.63385772705078,30.093000411987305,72.63980102539062,21405.1171875,9.975934982299805,10.797287940979004,79.72893524169922,3.2938599586486816,,global_reference,2020-2022,2022,3,8,33
World,2022-08-22,4765618.0,15191.0,,49473414.5,84.87320925037496,0.27054390883248425,752285.3265306122,2244.2244897959185,93.78470736478148,0.2797793996688058,752285.3200000001,94.53858442857143,2244.2245,0.28202836857142854,,,,,,,,,7201207.785714285,901.9472585714285,1335859.1285714286,0.016731560285714285,,0.8835,597763837.0,6494875.0,75120.09,816.20135,,,12598382000.0,5354755600.0,4923271000.0,2422122693.0,157.79402,67.068016,61.663696,30.33695,,,,,OWID_WRL,,8021407196.0,61.63385772705078,30.093000411987305,72.63980102539062,21405.1171875,9.975934982299805,10.797287940979004,79.72893524169922,3.2938599586486816,,global_reference,2020-2022,2022,3,8,34
World,2022-08-29,4289684.0,13913.0,,42930170.0,76.39706912093781,0.24778338513503742,644772.1632653062,2092.714285714286,80.3814277857421,0.26089116717049976,644772.1571428571,81.027565,2092.714285714286,0.26298831285714286,,,,,,,,,6626051.214285715,829.9092085714285,1309259.2142857143,0.01639839742857143,,0.8613428571428571,602053521.0,6508788.0,75659.17,817.94977,,,12641312000.0,5363372500.0,4932282400.0,2448766271.0,158.33173,67.175934,61.77656,30.67066,,,,,OWID_WRL,,8021407196.0,61.63385772705078,30.093000411987305,72.63980102539062,21405.1171875,9.975934982299805,10.797287940979004,79.72893524169922,3.2938599586486816,,global_reference,2020-2022,2022,3,8,35
World,2022-09-05,3269283.0,11399.0,,39315088.0,58.224251326416336,0.20301033617151523,530265.9795918368,1816.530612244898,66.10635349072693,0.22646034141624669,530265.9828571428,66.63774142857143,1816.5306,0.2282807142857143,,,,,,,,,5660686.285714285,708.9977785714285,1028263.0642857143,0.012878936857142856,,0.8660142857142857,605322804.0,6520187.0,76070.02,819.38226,,,12680627000.0,5369820700.0,4939568600.0,2473815703.0,158.82414,67.2567,61.867817,30.984402,,,,,OWID_WRL,,8021407196.0,61.63385772705078,30.093000411987305,72.63980102539062,21405.1171875,9.975934982299805,10.797287940979004,79.72893524169922,3.2938599586486816,,global_reference,2020-2022,2022,3,9,36
World,2022-09-12,3395704.0,10731.0,,41571781.5,60.475744414331,0.19111359921541626,477556.97959183675,1568.857142857143,59.5353119375336,0.19558378031718401,477556.9771428571,60.013879714285714,1568.857142857143,0.19715595428571428,,,,,,,,,5794855.857142857,725.80243,960613.1571428571,0.012031625928571429,,0.9094428571428572,608718508.0,6530918.0,76496.76,820.73083,,,12722199000.0,5376762400.0,4947267000.0,2498152964.0,159.34482,67.34364,61.96424,31.289225,,,,,OWID_WRL,,8021407196.0,61.63385772705078,30.093000411987305,72.63980102539062,21405.1171875,9.975934982299805,10.797287940979004,79.72893524169922,3.2938599586486816,,global_reference,2020-2022,2022,3,9,37
World,2022-09-19,3218293.0,10111.0,,40877423.0,57.31614561175843,0.18007171760945614,452788.9387755102,1449.3265306122448,56.447569324407375,0.18068232857384103,452788.9428571429,56.90131642857143,1449.3265428571428,0.18213472285714286,,,,,,,,,5849304.214285715,732.6220614285714,1103036.1,0.013815465285714285,,0.9430142857142857,611936801.0,6541029.0,76901.195,822.00146,,,12763076000.0,5385054700.0,4956764700.0,2516771796.0,159.85681,67.44751,62.0832,31.522425,,,,,OWID_WRL,,8021407196.0,61.63385772705078,30.093000411987305,72.63980102539062,21405.1171875,9.975934982299805,10.797287940979004,79.72893524169922,3.2938599586486816,,global_reference,2020-2022,2022,3,9,38
World,2022-09-26,3230736.0,10209.0,,50432733.0,57.53774905179546,0.1818170472826563,433124.67346938775,1425.1020408163265,53.996096057231966,0.17766234851248744,433124.68,54.430138,1425.1020285714287,0.1790904642857143,,,,,,,,,6647158.857142857,832.5529042857142,1319178.8285714288,0.016522640714285716,,0.9763714285714286,615167537.0,6551238.0,77307.195,823.28436,,,12813509000.0,5394729500.0,4967916500.0,2541849864.0,160.48848,67.56869,62.222874,31.836527,,,,,OWID_WRL,,8021407196.0,61.63385772705078,30.093000411987305,72.63980102539062,21405.1171875,9.975934982299805,10.797287940979004,79.72893524169922,3.2938599586486816,,global_reference,2020-2022,2022,3,9,39
World,2022-10-03,3218565.0,11189.0,,38745921.7,57.32098979207588,0.19927034401465776,446751.7755102041,1514.1836734693877,55.69493788234361,0.1887678354272376,446751.77714285714,56.142635285714285,1514.1836857142857,0.19028522142857143,,,,,,,,,6503286.0,814.5329228571428,1335252.3285714288,0.01672396057142857,,1.02,618386102.0,6562427.0,77711.664,824.6905,,,12852255000.0,5404276700.0,4978289000.0,2557037424.0,160.97377,67.68826,62.35279,32.02675,,,,,OWID_WRL,,8021407196.0,61.63385772705078,30.093000411987305,72.63980102539062,21405.1171875,9.975934982299805,10.797287940979004,79.72893524169922,3.2938599586486816,,global_reference,2020-2022,2022,4,10,40
World,2022-10-10,3175549.0,10881.0,,31764215.3,56.55489692245978,0.19378502218460017,455479.1020408164,1555.9387755102039,56.78294230817108,0.19397329389861886,455479.09142857144,57.239385285714285,1555.9387714285715,0.1955325257142857,,,,,,,,,4631745.357142857,580.12352,1695651.2571428572,0.021237936714285716,,1.0099,621561651.0,6573308.0,78110.734,826.0579,,,12884019000.0,5417841000.0,4986325000.0,2569096079.0,161.37161,67.858154,62.453438,32.177784,,,,,OWID_WRL,,8021407196.0,61.63385772705078,30.093000411987305,72.63980102539062,21405.1171875,9.975934982299805,10.797287940979004,79.72893524169922,3.2938599586486816,,global_reference,2020-2022,2022,4,10,41
World,2022-10-17,2897612.0,11832.0,,31917272.7,51.60498168388601,0.21072184380922612,443958.61224489793,1587.7959183673468,55.34672425884138,0.19794480937947223,443958.6114285714,55.79162214285714,1587.7959428571428,0.19953596714285715,,,,,,,,,4652178.642857143,582.6827542857143,1577543.0428571429,0.019758637642857145,,0.9511714285714286,624459263.0,6585140.0,78474.875,827.5448,,,12915936000.0,5426569700.0,4994231300.0,2579895791.0,161.77138,67.96748,62.552464,32.31305,,,,,OWID_WRL,,8021407196.0,61.63385772705078,30.093000411987305,72.63980102539062,21405.1171875,9.975934982299805,10.797287940979004,79.72893524169922,3.2938599586486816,,global_reference,2020-2022,2022,4,10,42
World,2022-10-24,2534403.0,11503.0,,32893926.2,45.13641591579057,0.20486252276348277,400290.5918367347,1696.0,49.9027891311073,0.21143422326767514,400290.5942857143,50.30392642857142,1696.0000571428573,0.21313381285714286,,,,,,,,,4631960.571428572,580.1504657142857,1282322.5714285714,0.016061018285714285,,0.9044285714285714,626993666.0,6596643.0,78793.37,828.99036,,,12948830000.0,5436875300.0,5002838500.0,2590492295.0,162.18336,68.09656,62.660275,32.44577,,,,,OWID_WRL,,8021407196.0,61.63385772705078,30.093000411987305,72.63980102539062,21405.1171875,9.975934982299805,10.797287940979004,79.72893524169922,3.2938599586486816,,global_reference,2020-2022,2022,4,10,43
World,2022-10-31,2334665.0,11164.0,,28016869.0,41.579184708998206,0.19882510685312713,359477.4897959184,1693.387755102041,44.81476641345142,0.21110856408666986,359477.4857142857,45.17500514285714,1693.3878,0.21280553428571428,,,,,,,,,4327306.3,541.9926714285714,1632694.2,0.020449402571428573,,0.9416142857142857,629328237.0,6607807.0,79086.75,830.3933,,,12976847000.0,5447579000.0,5009204000.0,2600240127.0,162.53427,68.23062,62.739998,32.56786,,,,,OWID_WRL,,8021407196.0,61.63385772705078,30.093000411987305,72.63980102539062,21405.1171875,9.975934982299805,10.797287940979004,79.72893524169922,3.2938599586486816,,global_reference,2020-2022,2022,4,10,44
World,2022-11-07,2489156.0,9506.0,,25685949.2,44.330590081879485,0.1692969783004144,344406.69387755106,1445.2244897959183,42.935944462374984,0.1801709418911687,344406.6914285714,43.28107971428572,1445.2244857142857,0.18161922714285714,,,,,,,,,3764581.785714286,471.51175,1261810.8,0.015804109142857143,,1.0327142857142857,631817393.0,6617313.0,79399.555,831.58795,,,13002533000.0,5455744000.0,5014993000.0,2611582978.0,162.85599,68.332886,62.812504,32.70993,,,,,OWID_WRL,,8021407196.0,61.63385772705078,30.093000411987305,72.63980102539062,21405.1171875,9.975934982299805,10.797287940979004,79.72893524169922,3.2938599586486816,,global_reference,2020-2022,2022,4,11,45
World,2022-11-14,2682783.0,9362.0,,27277001.0,47.778987516907286,0.16673241224999785,374464.20408163266,1348.530612244898,46.68310620963926,0.16811646376927028,374464.2,47.058362428571435,1348.5306,0.16946785,,,,,,,,,3768230.314285714,471.9687242857143,1187484.7428571428,0.014873179714285714,,1.0913285714285714,634499427.0,6626675.0,79736.6,832.76447,,,13029810000.0,5464382500.0,5023867400.0,2623055787.0,163.19763,68.441086,62.923656,32.853626,,,,,OWID_WRL,,8021407196.0,61.63385772705078,30.093000411987305,72.63980102539062,21405.1171875,9.975934982299805,10.797287940979004,79.72893524169922,3.2938599586486816,,global_reference,2020-2022,2022,4,11,46
World,2022-11-21,2977612.0,10217.0,,31340850.5,53.02974060078408,0.1819595231743461,397646.30612244894,1390.8775510204082,49.57313553671001,0.17339570439884797,397646.3085714286,49.971622714285715,1390.8775428571428,0.1747895242857143,,,,,,,,,4259337.757142858,533.4796514285714,1260819.8857142855,0.015791698142857143,,1.1106,637477039.0,6636892.0,80110.8,834.0484,,,13061151000.0,5473357000.0,5033920000.0,2635062204.0,163.59018,68.55348,63.049564,33.004005,,,,,OWID_WRL,,8021407196.0,61.63385772705078,30.093000411987305,72.63980102539062,21405.1171875,9.975934982299805,10.797287940979004,79.72893524169922,3.2938599586486816,,global_reference,2020-2022,2022,4,11,47
World,2022-11-28,3237007.0,10138.0,,46988197.5,57.64943234139381,0.18055257374390926,443946.1224489796,1457.2244897959183,55.345167200882194,0.18166693875391168,443946.1257142857,55.79005385714286,1457.2245142857141,0.1831272485714286,,,,,,,,,5221367.714285715,653.9733542857142,2096612.7285714285,0.026259955857142858,,1.1284285714285713,640714046.0,6647030.0,80517.586,835.32245,,,13108139000.0,5498168300.0,5043988500.0,2650760238.0,164.17871,68.86424,63.175674,33.200623,,,,,OWID_WRL,,8021407196.0,61.63385772705078,30.093000411987305,72.63980102539062,21405.1171875,9.975934982299805,10.797287940979004,79.72893524169922,3.2938599586486816,,global_reference,2020-2022,2022,4,11,48
World,2022-12-05,4615158.0,12808.0,,30027225.2,82.1935939174189,0.22810390259538268,519766.36734693876,1618.3673469387757,64.7974045758615,0.20175603948217463,519766.3771428572,65.31827042857142,1618.3672857142858,0.20337783142857144,,,,,,,,,5780034.285714285,723.9460442857143,2633709.757142857,0.032987066142857145,,1.0850285714285715,645329204.0,6659838.0,81097.57,836.932,,,13138166000.0,5505774000.0,5051227000.0,2664120164.0,164.5548,68.95951,63.26634,33.367954,,,,,OWID_WRL,,8021407196.0,61.63385772705078,30.093000411987305,72.63980102539062,21405.1171875,9.975934982299805,10.797287940979004,79.72893524169922,3.2938599586486816,,global_reference,2020-2022,2022,4,12,49
World,2022-12-12,14977497.0,14699.0,,35694259.7,266.7415300445531,0.26178164149356103,1331487.897959184,1933.734693877551,165.9918098439325,0.2410717529515068,1331487.9142857143,167.32611428571428,1933.734657142857,0.24300957857142857,,,,,,,,,4761025.0,596.3157142857143,954713.4400000001,0.011957732428571429,,1.0575571428571429,660306701.0,6674537.0,82979.766,838.7792,,,13173860000.0,5512835000.0,5058652700.0,2680388300.0,165.00186,69.04795,63.359337,33.571712,,,,,OWID_WRL,,8021407196.0,61.63385772705078,30.093000411987305,72.63980102539062,21405.1171875,9.975934982299805,10.797287940979004,79.72893524169922,3.2938599586486816,,global_reference,2020-2022,2022,4,12,50
World,2022-12-19,44236205.0,20316.0,,31873658.2,787.8240940435181,0.3618175269462675,4583990.510204081,2456.0,571.4696185090766,0.30618069124139746,4583990.528571429,576.0633028571428,2455.9999857142857,0.3086418885714286,,,,,,,,,4994002.0,625.4959299999999,878948.2871428571,0.011008778,,0.9909285714285714,704542906.0,6694853.0,88538.87,841.3323,,,13205734000.0,5517202400.0,5063177000.0,2692356104.0,165.40108,69.102646,63.41601,33.721607,,,,,OWID_WRL,,8021407196.0,61.63385772705078,30.093000411987305,72.63980102539062,21405.1171875,9.975934982299805,10.797287940979004,79.72893524169922,3.2938599586486816,,global_reference,2020-2022,2022,4,12,51
World,2022-12-26,27732692.0,32377.0,,20117892.5,493.9050027073507,0.5766177431551144,5429869.102040817,3689.775510204082,676.9222618131772,0.4599910489576001,5429869.028571429,682.36363,3689.775485714286,0.46368863,,,,,,,,,3590368.542857143,449.69165285714286,604117.85,0.0075665421428571435,,0.9447428571428571,732275598.0,6727230.0,92023.99,845.40106,,,13225852000.0,5521358300.0,5067325400.0,2700903768.0,165.65305,69.1547,63.467964,33.828667,,,,,OWID_WRL,,8021407196.0,61.63385772705078,30.093000411987305,72.63980102539062,21405.1171875,9.975934982299805,10.797287940979004,79.72893524169922,3.2938599586486816,,global_reference,2020-2022,2022,4,12,52
World,2023-01-02,10979999.0,24568.0,,31278979.900000002,195.54814353477508,0.4375434633794005,2391808.6938775512,4908.959183673469,298.1781918601843,0.6119822948424061,2391808.7,300.5750585714286,4908.9592571428575,0.6169016385714287,,,,,,,,,3894965.1714285715,487.8421985714285,873275.2271428572,0.010937723357142857,,0.9441,743255597.0,6751798.0,93403.83,848.48846,,,13257131000.0,5528785000.0,5075267000.0,2714885764.0,166.04482,69.24772,63.567436,34.00379,,,,,OWID_WRL,,8021407196.0,61.63385772705078,30.093000411987305,72.63980102539062,21405.1171875,9.975934982299805,10.797287940979004,79.72893524169922,3.2938599586486816,,global_reference,2023-2026,2023,1,1,1
World,2023-01-09,4886945.0,10895.0,,25976400.9,87.03398081425613,0.19403435499505733,1051649.612244898,1848.7551020408162,131.10537671860362,0.23047765271942894,1051649.6199999999,132.159252,1848.7551,0.23233031857142855,,,,,,,,,3916192.957142857,490.50097142857146,1000936.37,0.012536671857142856,,,748142542.0,6762693.0,94017.97,849.8576,,,13283108000.0,5535435000.0,5083144000.0,2723128880.0,166.37018,69.33101,63.666096,34.107037,,,,,OWID_WRL,,8021407196.0,61.63385772705078,30.093000411987305,72.63980102539062,21405.1171875,9.975934982299805,10.797287940979004,79.72893524169922,3.2938599586486816,,global_reference,2023-2026,2023,1,1,2
World,2023-01-16,2514882.0,9717.0,,23279913.5,44.78875693058098,0.17305477994373306,486844.67346938775,1477.7142857142858,60.6931753461114,0.1842213279549218,486844.66285714286,61.181050285714285,1477.7142571428572,0.18570216571428572,,,,,,,,,3439753.4857142856,430.8271757142857,885998.3371428571,0.011097079285714285,,,750657424.0,6772410.0,94334.01,851.07874,,,13306387000.0,5541441500.0,5091839000.0,2730390393.0,166.66176,69.40624,63.774998,34.197987,,,,,OWID_WRL,,8021407196.0,61.63385772705078,30.093000411987305,72.63980102539062,21405.1171875,9.975934982299805,10.797287940979004,79.72893524169922,3.2938599586486816,,global_reference,2023-2026,2023,1,1,3
World,2023-01-23,1559493.0,8399.0,,15649871.4,27.773769469876726,0.14958187678783721,272143.4897959184,1307.938775510204,33.92715057921844,0.16305602540193048,272143.4885714286,34.19987,1307.9387714285715,0.16436673428571427,,,,,,,,,2601971.5,325.8954642857143,606111.8371428571,0.007591516528571428,,,752216917.0,6780809.0,94529.984,852.1342,,,13322037000.0,5544422400.0,5097473000.0,2737786337.0,166.85777,69.44358,63.845562,34.29062,,,,,OWID_WRL,,8021407196.0,61.63385772705078,30.093000411987305,72.63980102539062,21405.1171875,9.975934982299805,10.797287940979004,79.72893524169922,3.2938599586486816,,global_reference,2023-2026,2023,1,1,4
World,2023-01-30,1385631.0,69688.0,,15865879.8,24.67737653475505,1.241107492509918,206070.73469387754,7253.3877551020405,25.690097717098556,0.904253777157586,206070.73428571428,25.896604285714286,7253.387914285714,0.911522522857143,,,,,,,,,2342235.1428571427,293.3636328571429,468721.3585714285,0.005870708657142857,,,753602548.0,6850497.0,94704.12,860.89185,,,13337903000.0,5547879400.0,5102444500.0,2745119321.0,167.05649,69.48688,63.907833,34.382465,,,,,OWID_WRL,,8021407196.0,61.63385772705078,30.093000411987305,72.63980102539062,21405.1171875,9.975934982299805,10.797287940979004,79.72893524169922,3.2938599586486816,,global_reference,2023-2026,2023,1,1,5
World,2023-02-06,1247425.0,10105.0,,12592501.799999999,22.21599864889485,0.17996486069068876,188245.42857142858,4053.1836734693875,23.46788088071381,0.5052958383026075,188245.42857142858,23.65652414285714,4053.1836,0.5093576042857143,,,,,,,,,1895557.4000000001,237.41749142857142,545097.4385714285,0.006827314628571429,,,754849849.0,6860601.0,94860.87,862.16156,,,13350495000.0,5552208000.0,5106864600.0,2750055348.0,167.2142,69.54109,63.96319,34.44429,,,,,OWID_WRL,,8021407196.0,61.63385772705078,30.093000411987305,72.63980102539062,21405.1171875,9.975934982299805,10.797287940979004,79.72893524169922,3.2938599586486816,,global_reference,2023-2026,2023,1,2,6
World,2023-02-13,1145742.0,8541.0,,13657938.0,20.40507663705801,0.1521108238653313,168747.61224489796,1303.5714285714287,21.037158209478083,0.1625115639586873,168747.60857142857,21.206263142857143,1303.5714285714287,0.16381789,,,,,,,,,1907727.642857143,238.94181285714285,670854.8071428572,0.008402418642857143,,,755995591.0,6869142.0,95004.85,863.2349,,,13364153000.0,5557099000.0,5112602600.0,2754496168.0,167.38527,69.602356,64.035065,34.49991,,,,,OWID_WRL,,8021407196.0,61.63385772705078,30.093000411987305,72.63980102539062,21405.1171875,9.975934982299805,10.797287940979004,79.72893524169922,3.2938599586486816,,global_reference,2023-2026,2023,1,2,7
World,2023-02-20,1072812.0,7772.0,,13612834.299999997,19.106230789440794,0.13841532877664853,153359.79591836734,1103.6326530612243,19.118814463731827,0.1375859155500257,153359.79857142855,19.272498428571428,1103.6326714285715,0.13869188428571427,,,,,,,,,1869660.7,234.17395285714287,679057.6228571429,0.008505158357142857,,,757068403.0,6876914.0,95139.664,864.2116,,,13377766000.0,5561779000.0,5117718000.0,2759476722.0,167.55577,69.66097,64.09913,34.56229,,,,,OWID_WRL,,8021407196.0,61.63385772705078,30.093000411987305,72.63980102539062,21405.1171875,9.975934982299805,10.797287940979004,79.72893524169922,3.2938599586486816,,global_reference,2023-2026,2023,1,2,8
World,2023-02-27,1028420.0,7005.0,,13812647.299999999,18.315632066454047,0.12475545266088818,154143.34693877553,1084.3877551020407,19.216496952759297,0.13518672330246342,154143.3457142857,19.370966142857146,1084.3877285714286,0.1362734042857143,,,,,,,,,2056211.0999999999,257.53928,642963.1,0.008053077,,,758096823.0,6883919.0,95268.91,865.0919,,,13391579000.0,5566071300.0,5122616300.0,2764731625.0,167.72878,69.71473,64.160484,34.62811,,,,,OWID_WRL,,8021407196.0,61.63385772705078,30.093000411987305,72.63980102539062,21405.1171875,9.975934982299805,10.797287940979004,79.72893524169922,3.2938599586486816,,global_reference,2023-2026,2023,1,2,9
World,2023-03-06,894824.0,6342.0,,18725123.599999998,15.9363559131801,0.11294776313709533,140352.4081632653,965.5306122448981,17.497230190888978,0.12036923056672337,140352.40857142856,17.63787942857143,965.5306142857143,0.121336804,,,,,,,,,2058829.5285714285,257.86724,724432.2885714286,0.009073473714285714,,,758991647.0,6890261.0,95381.36,865.8889,,,13410304000.0,5572424000.0,5128796000.0,2771579048.0,167.9633,69.7943,64.237885,34.71387,,,,,OWID_WRL,,8021407196.0,61.63385772705078,30.093000411987305,72.63980102539062,21405.1171875,9.975934982299805,10.797287940979004,79.72893524169922,3.2938599586486816,,global_reference,2023-2026,2023,1,3,10
World,2023-03-13,879222.0,6624.0,,25371627.9,15.658492305412052,0.11797003831916106,129925.91836734694,943.9387755102041,16.197397188879346,0.11767745389872664,129925.92,16.327598000000002,943.9387714285714,0.11862338942857142,,,,,,,,,3453297.0285714283,432.5235085714286,1003390.5428571429,0.012567410214285714,,,759870869.0,6896885.0,95491.85,866.7213,,,13435676000.0,5579638300.0,5136644000.0,2777884975.0,168.28108,69.88466,64.33618,34.792854,,,,,OWID_WRL,,8021407196.0,61.63385772705078,30.093000411987305,72.63980102539062,21405.1171875,9.975934982299805,10.797287940979004,79.72893524169922,3.2938599586486816,,global_reference,2023-2026,2023,1,3,11
World,2023-03-20,833137.0,6711.0,,14592948.399999999,14.83774212184645,0.11951946364128774,121425.20408163266,945.3673469387755,15.13764369700409,0.1178555487633389,121425.2042857143,15.259325857142857,945.3673428571428,0.11880291714285715,,,,,,,,,1943146.8285714283,243.37804857142856,605929.8014285715,0.007589236728571429,,,760704006.0,6903596.0,95596.55,867.5647,,,13450269000.0,5583774000.0,5140984000.0,2781087005.0,168.46385,69.936455,64.39053,34.83296,,,,,OWID_WRL,,8021407196.0,61.63385772705078,30.093000411987305,72.63980102539062,21405.1171875,9.975934982299805,10.797287940979004,79.72893524169922,3.2938599586486816,,global_reference,2023-2026,2023,1,3,12
World,2023-03-27,799534.0,6059.0,,13667098.1,14.239289948289874,0.10790767846856837,112577.67346938777,916.734693877551,14.034653860425683,0.11428601883403888,112577.67142857143,14.147469857142857,916.7346714285715,0.11520469,,,,,,,,,2013102.7857142857,252.13999285714286,636641.2085714285,0.0079738955,,,761503540.0,6906135.0,95697.02,867.8838,,,13463936000.0,5588537300.0,5146642400.0,2783990594.0,168.63504,69.99612,64.4614,34.869328,,,,,OWID_WRL,,8021407196.0,61.63385772705078,30.093000411987305,72.63980102539062,21405.1171875,9.975934982299805,10.797287940979004,79.72893524169922,3.2938599586486816,,global_reference,2023-2026,2023,1,3,13
World,2023-04-03,701063.0,5642.0,,11151031.0,12.485572006966489,0.10048112261423713,104422.55102040817,761.1632653061224,13.017984060512488,0.09489148807776375,104422.55,13.122627428571429,761.163277142857,0.09565425985714285,,,,,,,,,1754469.8,219.74635571428573,642707.5214285714,0.008049875357142857,,,762204602.0,6911756.0,95785.125,868.59015,,,13475086000.0,5592817000.0,5149936600.0,2786513585.0,168.7747,70.04972,64.50267,34.900925,,,,,OWID_WRL,,8021407196.0,61.63385772705078,30.093000411987305,72.63980102539062,21405.1171875,9.975934982299805,10.797287940979004,79.72893524169922,3.2938599586486816,,global_reference,2023-2026,2023,2,4,14
World,2023-04-10,694817.0,5242.0,,10884762.8,12.37433395452967,0.09335732802974672,99069.59183673469,804.2448979591836,12.350649881748591,0.10026232035199921,99069.59142857142,12.449929142857144,804.2448857142857,0.10106826714285713,,,,,,,,,1561689.4142857143,195.6007185714286,653483.34,0.008184841828571428,,,762899414.0,6916998.0,95872.44,869.2489,,,13485971000.0,5597594600.0,5153698300.0,2788989144.0,168.91104,70.10956,64.54978,34.93193,,,,,OWID_WRL,,8021407196.0,61.63385772705078,30.093000411987305,72.63980102539062,21405.1171875,9.975934982299805,10.797287940979004,79.72893524169922,3.2938599586486816,,global_reference,2023-2026,2023,2,4,15
World,2023-04-17,737615.0,5273.0,,9024824.639999999,13.13654435609722,0.09390942211004473,104655.89795918367,749.0,13.047074584540724,0.09337513751620795,104655.89714285715,13.151952142857143,749.0,0.09412572228571428,,,,,,,,,1354532.5857142857,169.65444714285715,559481.6357142858,0.007007476085714286,,,763637029.0,6922271.0,95965.13,869.91156,,,13494996000.0,5600872000.0,5156724700.0,2791145843.0,169.02408,70.150604,64.58769,34.958946,,,,,OWID_WRL,,8021407196.0,61.63385772705078,30.093000411987305,72.63980102539062,21405.1171875,9.975934982299805,10.797287940979004,79.72893524169922,3.2938599586486816,,global_reference,2023-2026,2023,2,4,16
World,2023-04-24,684611.0,4734.0,,7879858.46,12.192570335706396,0.0843101089074439,103205.36734693877,739.530612244898,12.866242147438138,0.09219462298506384,103205.36714285714,12.969666,739.5306142857143,0.09293571885714284,,,,,,,,,1084988.642857143,135.89422,337937.97428571427,0.004232654028571428,,,764321640.0,6927005.0,96051.17,870.5065,,,13502877000.0,5603171300.0,5158860300.0,2792940385.0,169.12277,70.179405,64.61443,34.981422,,,,,OWID_WRL,,8021407196.0,61.63385772705078,30.093000411987305,72.63980102539062,21405.1171875,9.975934982299805,10.797287940979004,79.72893524169922,3.2938599586486816,,global_reference,2023-2026,2023,2,4,17
World,2023-05-01,609446.0,4725.0,,7157895.94,10.853920285848345,0.08414982352929289,94530.51020408164,659.8367346938776,11.784778891566651,0.08225947375205132,94530.51000000001,11.8795095,659.8367428571429,0.08292070628571428,,,,,,,,,1063950.7028571428,133.25922714285716,326986.9985714286,0.004095493742857143,,,764931086.0,6931729.0,96127.76,871.10016,,,13510034000.0,5605450000.0,5160907300.0,2794450511.0,169.21242,70.20795,64.640076,35.000336,,,,,OWID_WRL,,8021407196.0,61.63385772705078,30.093000411987305,72.63980102539062,21405.1171875,9.975934982299805,10.797287940979004,79.72893524169922,3.2938599586486816,,global_reference,2023-2026,2023,2,5,18
World,2023-05-08,566900.0,5064.0,,12710468.899999999,10.096197874869022,0.09018723943964849,86225.59183673469,670.7551020408164,10.749434572992682,0.08362062736015931,86225.59142857142,10.835842642857143,670.7551000000001,0.08429280228571427,,,,,,,,,1452417.7285714285,181.91450285714285,525446.1985714285,0.006581184042857143,,,765497986.0,6936793.0,96199.0,871.7365,,,13522744000.0,5610225700.0,5164745000.0,2796886389.0,169.37161,70.26776,64.68814,35.030846,,,,,OWID_WRL,,8021407196.0,61.63385772705078,30.093000411987305,72.63980102539062,21405.1171875,9.975934982299805,10.797287940979004,79.72893524169922,3.2938599586486816,,global_reference,2023-2026,2023,2,5,19
World,2023-05-15,371880.0,2853.0,,12932939.700000001,6.622991825200727,0.050810464873877796,73472.32653061225,744.1632653061224,9.159530832352004,0.09277215918887786,73472.325,9.233158357142857,744.1632628571427,0.0935178967142857,,,,,,,,,1827975.0285714285,228.95284142857145,693679.51,0.008688296714285714,,,765869866.0,6939646.0,96245.734,872.09503,,,13535677000.0,5615169000.0,5168810500.0,2799415553.0,169.5336,70.32967,64.73906,35.062523,,,,,OWID_WRL,,8021407196.0,61.63385772705078,30.093000411987305,72.63980102539062,21405.1171875,9.975934982299805,10.797287940979004,79.72893524169922,3.2938599586486816,,global_reference,2023-2026,2023,2,5,20
World,2023-05-22,347048.0,2794.0,,13479155.0,6.180746657395564,0.04975970517266546,52425.83673469388,407.53061224489795,6.535740606814829,0.050805376449174586,52425.83714285714,6.5882773142857145,407.5306142857143,0.051213769,,,,,,,,,1891857.1714285712,236.95404714285715,742319.9685714286,0.009297515571428572,,,766216914.0,6942378.0,96289.34,872.43835,,,13549156000.0,5620519400.0,5173216000.0,2802171014.0,169.70242,70.39669,64.79424,35.097034,,,,,OWID_WRL,,8021407196.0,61.63385772705078,30.093000411987305,72.63980102539062,21405.1171875,9.975934982299805,10.797287940979004,79.72893524169922,3.2938599586486816,,global_reference,2023-2026,2023,2,5,21
World,2023-05-29,290164.0,2412.0,,9232739.6,5.167671829535182,0.042956481344477125,45882.02040816326,359.4489795918367,5.719946548910153,0.044811212148796235,45882.02071428572,5.765925585714285,359.4489828571428,0.04517142157142857,,,,,,,,,1587178.7142857143,198.7932457142857,542247.28,0.006791616728571428,,,766506868.0,6944790.0,96325.78,872.7415,,,13558390000.0,5623162000.0,5176149000.0,2804052613.0,169.81807,70.42979,64.83098,35.1206,,,,,OWID_WRL,,8021407196.0,61.63385772705078,30.093000411987305,72.63980102539062,21405.1171875,9.975934982299805,10.797287940979004,79.72893524169922,3.2938599586486816,,global_reference,2023-2026,2023,2,5,22
World,2023-06-05,280590.0,2394.0,,8297917.7,4.997163806155405,0.04263591058817506,38612.87755102041,337.3265306122449,4.813728639817128,0.04205328595965781,38612.87714285714,4.852423342857143,337.3265342857143,0.04239132642857143,,,,,,,,,1233278.642857143,154.46745571428573,323671.1757142857,0.004053963257142857,,,766787456.0,6947179.0,96361.05,873.0417,,,13566687000.0,5625233400.0,5178174000.0,2806020281.0,169.922,70.455734,64.85634,35.145245,,,,,OWID_WRL,,8021407196.0,61.63385772705078,30.093000411987305,72.63980102539062,21405.1171875,9.975934982299805,10.797287940979004,79.72893524169922,3.2938599586486816,,global_reference,2023-2026,2023,2,6,23
World,2023-06-12,142924.0,1856.0,,7853118.1,2.545403042984266,0.033054406872035466,30073.755102040817,307.40816326530614,3.749186940296157,0.03832347065220676,30073.754857142856,3.7793242857142855,307.40815857142854,0.038631529,,,,,,,,,1140346.1857142856,142.82771571428572,265843.80571428576,0.003329678742857143,,,766930380.0,6949035.0,96379.01,873.27496,,,13574540000.0,5627050500.0,5180093000.0,2807870265.0,170.02036,70.47849,64.88037,35.16842,,,,,OWID_WRL,,8021407196.0,61.63385772705078,30.093000411987305,72.63980102539062,21405.1171875,9.975934982299805,10.797287940979004,79.72893524169922,3.2938599586486816,,global_reference,2023-2026,2023,2,6,24
World,2023-06-19,205037.0,1568.0,,6570408.51,3.6516036755503967,0.027925274771202376,30204.14285714286,251.16326530612244,3.765441913010553,0.03131162141118692,30204.14285714286,3.7957099857142858,251.16326142857142,0.031563315714285715,,,,,,,,,1019632.6585714286,127.7084157142857,223590.9557142857,0.0028004641714285713,,,767135417.0,6950603.0,96404.77,873.472,,,13581111000.0,5628367000.0,5181538000.0,2809127490.0,170.10265,70.49497,64.89847,35.184162,,,,,OWID_WRL,,8021407196.0,61.63385772705078,30.093000411987305,72.63980102539062,21405.1171875,9.975934982299805,10.797287940979004,79.72893524169922,3.2938599586486816,,global_reference,2023-2026,2023,2,6,25
World,2023-06-26,176486.0,1141.0,,6007189.159999999,3.143125027595933,0.020320624052258873,27628.755102040817,204.69387755102042,3.4443775795122744,0.025518449886585266,27628.755,3.4720648142857145,204.69387857142857,0.025723576714285715,,,,,,,,,882401.5642857143,110.52030285714285,172170.53714285715,0.0021564263,,,767311903.0,6951744.0,96426.95,873.6154,,,13587118000.0,5629528000.0,5182592500.0,2810236393.0,170.17789,70.50952,64.91168,35.19805,,,,,OWID_WRL,,8021407196.0,61.63385772705078,30.093000411987305,72.63980102539062,21405.1171875,9.975934982299805,10.797287940979004,79.72893524169922,3.2938599586486816,,global_reference,2023-2026,2023,2,6,26
World,2023-07-03,182927.0,1070.0,,6320586.99,3.2578359298926896,0.019056150513511828,26737.448979591838,163.0612244897959,3.3332616492683336,0.020328256689313682,26737.448714285714,3.360055642857143,163.0612257142857,0.020491662714285715,,,,,,,,,854849.5314285716,107.06942342857143,154864.93714285715,0.001939674657142857,,,767494278.0,6952814.0,96449.87,873.7499,,,13593438000.0,5630608000.0,5183783000.0,2811730091.0,170.25705,70.52305,64.92659,35.216763,,,,,OWID_WRL,,8021407196.0,61.63385772705078,30.093000411987305,72.63980102539062,21405.1171875,9.975934982299805,10.797287940979004,79.72893524169922,3.2938599586486816,,global_reference,2023-2026,2023,3,7,27
World,2023-07-10,201570.0,932.0,,6381812.04,3.5898581859893257,0.016598441381862637,28924.673469387755,136.40816326530611,3.6059350638391097,0.01700551535811923,28924.67357142857,3.634920885714286,136.40816142857142,0.017142212,,,,,,,,,963636.8057142857,120.69496714285715,161017.17285714284,0.0020167309857142854,,,767695743.0,6953746.0,96475.19,873.867,,,13599821000.0,5631715000.0,5185120000.0,2813143867.0,170.33699,70.53691,64.943344,35.23447,,,,,OWID_WRL,,8021407196.0,61.63385772705078,30.093000411987305,72.63980102539062,21405.1171875,9.975934982299805,10.797287940979004,79.72893524169922,3.2938599586486816,,global_reference,2023-2026,2023,3,7,28
World,2023-07-17,250149.0,1018.0,,5746427.279999999,4.455025228789224,0.018130057217528077,35571.510204081635,148.6326530612245,4.434572305694681,0.01852949855672986,35571.50928571429,4.470219185714286,148.6326557142857,0.018678445714285712,,,,,,,,,833551.91,104.40190785714286,148570.72714285713,0.0018608399571428571,,,767945891.0,6954688.0,96506.625,873.98535,,,13605566000.0,5632744400.0,5186201000.0,2814176021.0,170.40897,70.54981,64.95688,35.247395,,,,,OWID_WRL,,8021407196.0,61.63385772705078,30.093000411987305,72.63980102539062,21405.1171875,9.975934982299805,10.797287940979004,79.72893524169922,3.2938599586486816,,global_reference,2023-2026,2023,3,7,29
World,2023-07-24,317022.0,1102.0,,5404976.92,5.645999016910791,0.01962605408027106,44854.59183673469,152.6122448979592,5.591860722281017,0.019025619965292583,44854.59142857143,5.636810271428572,152.61224285714283,0.019178555000000003,,,,,,,,,788958.1,98.81655785714285,133422.21800000002,0.001671105742857143,,,768262888.0,6955790.0,96546.46,874.12384,,,13610972000.0,5633604000.0,5187077000.0,2815126252.0,170.47665,70.56058,64.96785,35.259296,,,,,OWID_WRL,,8021407196.0,61.63385772705078,30.093000411987305,72.63980102539062,21405.1171875,9.975934982299805,10.797287940979004,79.72893524169922,3.2938599586486816,,global_reference,2023-2026,2023,3,7,30
World,2023-07-31,701668.0,1568.0,,5220330.820000001,12.49634674627553,0.02792527477120238,92884.30612244898,207.30612244897958,11.579552546436888,0.025844109067590538,92884.30714285714,11.672633285714285,207.30612285714284,0.026051854000000003,,,,,,,,,755679.4371428572,94.64842071428572,116136.84999999999,0.0014546074999999999,,,768964556.0,6957358.0,96634.64,874.32086,,,13616193000.0,5634403300.0,5187831300.0,2816038748.0,170.54204,70.57059,64.977295,35.270725,,,,,OWID_WRL,,8021407196.0,61.63385772705078,30.093000411987305,72.63980102539062,21405.1171875,9.975934982299805,10.797287940979004,79.72893524169922,3.2938599586486816,,global_reference,2023-2026,2023,3,7,31
World,2023-08-07,134112.0,1353.0,,5105313.46,2.388465848287942,0.024096235182038787,24477.38775510204,195.9591836734694,3.051507940814684,0.024429527000098872,24477.387857142858,3.0760371285714285,195.95918428571426,0.024625900571428574,,,,,,,,,734155.0142857142,91.952506,113285.452,0.0014188939000000002,,,769098492.0,6958681.0,96651.47,874.4871,,,13621297000.0,5635197400.0,5188542000.0,2816952328.0,170.60599,70.580536,64.9862,35.28217,,,,,OWID_WRL,,8021407196.0,61.63385772705078,30.093000411987305,72.63980102539062,21405.1171875,9.975934982299805,10.797287940979004,79.72893524169922,3.2938599586486816,,global_reference,2023-2026,2023,3,8,32
World,2023-08-14,343684.0,1682.0,,5344151.68,6.1208355449399985,0.02995555622778214,49705.612244897966,235.26530612244898,6.196619998257219,0.029329679989287625,49705.61214285715,6.2464308,235.26530857142856,0.02956544342857143,,,,,,,,,745221.6585714286,93.33859428571428,115456.18371428571,0.0014460822142857142,,,769377097.0,6960363.0,96686.484,874.69855,,,13626641000.0,5636041000.0,5189277000.0,2818035080.0,170.67293,70.591095,64.99541,35.29573,,,,,OWID_WRL,,8021407196.0,61.63385772705078,30.093000411987305,72.63980102539062,21405.1171875,9.975934982299805,10.797287940979004,79.72893524169922,3.2938599586486816,,global_reference,2023-2026,2023,3,8,33
World,2023-08-21,356858.0,2023.0,,5091419.64,6.35545771958019,0.03602859111106021,50108.5306122449,276.14285714285717,6.246850382714932,0.03442573732954986,50108.530000000006,6.297064871428572,276.14286,0.034702464,,,,,,,,,732660.9914285714,91.76537499999999,111008.49085714285,0.0013903750571428572,,,769733955.0,6962386.0,96731.33,874.95276,,,13631733000.0,5636801000.0,5189945000.0,2819058300.0,170.7367,70.60062,65.00377,35.308548,,,,,OWID_WRL,,8021407196.0,61.63385772705078,30.093000411987305,72.63980102539062,21405.1171875,9.975934982299805,10.797287940979004,79.72893524169922,3.2938599586486816,,global_reference,2023-2026,2023,3,8,34
World,2023-08-28,340117.0,1924.0,,5081279.44,6.057309106732805,0.03426545195139884,47791.89795918367,268.57142857142856,5.958044117622635,0.03348183454710489,47791.89928571428,6.005937242857143,268.57142857142856,0.033750973428571425,,,,,,,,,724229.6628571429,90.70935757142857,110177.0037142857,0.001379960785714286,,,770074072.0,6964310.0,96774.07,875.1945,,,13636815000.0,5637576000.0,5190620700.0,2820092892.0,170.80034,70.61032,65.01223,35.321507,,,,,OWID_WRL,,8021407196.0,61.63385772705078,30.093000411987305,72.63980102539062,21405.1171875,9.975934982299805,10.797287940979004,79.72893524169922,3.2938599586486816,,global_reference,2023-2026,2023,3,8,35
World,2023-09-04,233205.0,2277.0,,5097042.420000001,4.15326129019021,0.040552200672211616,32106.877551020407,318.14285714285717,4.002649007399975,0.039661726349150314,32106.877428571428,4.0348239,318.14284714285714,0.039980542,,,,,,,,,724328.8857142858,90.72178342857144,102605.59071428572,0.0012851292714285715,,,770307277.0,6966587.0,96803.375,875.4807,,,13641911000.0,5638299000.0,5191248000.0,2821174955.0,170.86417,70.61938,65.02009,35.335056,,,,,OWID_WRL,,8021407196.0,61.63385772705078,30.093000411987305,72.63980102539062,21405.1171875,9.975934982299805,10.797287940979004,79.72893524169922,3.2938599586486816,,global_reference,2023-2026,2023,3,9,36
World,2023-09-11,120576.0,2275.0,,4974190.800000001,2.147396639548787,0.040516581699289164,15929.408163265307,323.3061224489796,1.9858620531331166,0.040305412074106046,15929.408142857143,2.0018252142857142,323.3061242857143,0.04062940242857143,,,,,,,,,720232.7028571429,90.20874028571428,100008.21285714286,0.0012525972428571429,,,770427853.0,6968862.0,96818.53,875.7666,,,13646886000.0,5638964700.0,5191853000.0,2822256074.0,170.92647,70.627716,65.02767,35.3486,,,,,OWID_WRL,,8021407196.0,61.63385772705078,30.093000411987305,72.63980102539062,21405.1171875,9.975934982299805,10.797287940979004,79.72893524169922,3.2938599586486816,,global_reference,2023-2026,2023,3,9,37
World,2023-09-18,136854.0,2353.0,,5428722.949999999,2.437299460164624,0.04190572164326479,18294.448979591838,329.73469387755097,2.280703189923416,0.04110683896486122,18294.448857142856,2.2990363,329.7346928571429,0.04143727142857143,,,,,,,,,748424.6171428572,93.73976257142856,117353.53985714285,0.0014698465,,,770564701.0,6971215.0,96835.73,876.06226,,,13652314000.0,5639883300.0,5192689700.0,2823563415.0,170.99448,70.63922,65.03815,35.36497,,,,,OWID_WRL,,8021407196.0,61.63385772705078,30.093000411987305,72.63980102539062,21405.1171875,9.975934982299805,10.797287940979004,79.72893524169922,3.2938599586486816,,global_reference,2023-2026,2023,3,9,38
World,2023-09-25,157489.0,2527.0,,5120029.359999999,2.8047982132920226,0.04500457228751812,22032.326530612245,352.0,2.746690947393746,0.043882574640460865,22032.32657142857,2.768769914285714,352.0000042857143,0.04423532,,,,,,,,,752457.3657142856,94.24486285714285,118529.46942857142,0.0014845749142857142,,,770722190.0,6973742.0,96855.516,876.3798,,,13657434000.0,5640652300.0,5193372000.0,2825005532.0,171.0586,70.64885,65.04669,35.383034,,,,,OWID_WRL,,8021407196.0,61.63385772705078,30.093000411987305,72.63980102539062,21405.1171875,9.975934982299805,10.797287940979004,79.72893524169922,3.2938599586486816,,global_reference,2023-2026,2023,3,9,39
World,2023-10-02,167151.0,2672.0,,4593143.82,2.976873471480388,0.04758694782439588,23998.38775510204,379.51020408163265,2.9917927327101927,0.04731217289042267,23998.38757142857,3.0158419142857147,379.5102014285714,0.04769248657142857,,,,,,,,,685973.3371428571,85.91777285714285,75045.39,0.0009399393071428571,,,770889341.0,6976414.0,96876.52,876.71564,,,13662028000.0,5641020400.0,5193684000.0,2826305846.0,171.11612,70.653465,65.0506,35.399323,,,,,OWID_WRL,,8021407196.0,61.63385772705078,30.093000411987305,72.63980102539062,21405.1171875,9.975934982299805,10.797287940979004,79.72893524169922,3.2938599586486816,,global_reference,2023-2026,2023,4,10,40
World,2023-10-09,151104.0,2567.0,,4889887.76,2.691084642237094,0.04571695174596716,22414.183673469386,358.2857142857143,2.794295704704603,0.04466619204475481,22414.183428571425,2.8167573142857143,358.2857157142857,0.045025236,,,,,,,,,684380.3171428571,85.71824814285715,57134.36185714286,0.00071560467,,,771040438.0,6978981.0,96895.51,877.0382,,,13666917000.0,5641444400.0,5194042400.0,2827779815.0,171.17737,70.658775,65.05509,35.41778,,,,,OWID_WRL,,8021407196.0,61.63385772705078,30.093000411987305,72.63980102539062,21405.1171875,9.975934982299805,10.797287940979004,79.72893524169922,3.2938599586486816,,global_reference,2023-2026,2023,4,10,41
World,2023-10-16,140670.0,4054.0,,5570310.58,2.5052604605006623,0.07219965811381023,21091.04081632653,444.93877551020404,2.629344241100728,0.055468917689664186,21091.040857142856,2.650479914285714,444.9387814285714,0.05591479828571428,,,,,,,,,745241.3228571428,93.34105785714284,65397.415,0.0008190989571428571,,,771181108.0,6983035.0,96913.19,877.54767,,,13672488000.0,5641954000.0,5194424000.0,2829755018.0,171.24715,70.66515,65.05986,35.442524,,,,,OWID_WRL,,8021407196.0,61.63385772705078,30.093000411987305,72.63980102539062,21405.1171875,9.975934982299805,10.797287940979004,79.72893524169922,3.2938599586486816,,global_reference,2023-2026,2023,4,10,42
World,2023-10-23,142301.0,2172.0,,5028140.14,2.534307732918922,0.03868220459378289,20785.95918367347,473.6326530612245,2.5913108106566045,0.059046080256019005,20785.95942857143,2.6121407714285714,473.63266285714286,0.05952071485714285,,,,,,,,,769687.9628571429,96.40298485714285,73159.44985714286,0.0009163180085714286,,,771323409.0,6985207.0,96931.07,877.8206,,,13677516000.0,5642422000.0,5194711600.0,2831251386.0,171.31012,70.67101,65.06347,35.461266,,,,,OWID_WRL,,8021407196.0,61.63385772705078,30.093000411987305,72.63980102539062,21405.1171875,9.975934982299805,10.797287940979004,79.72893524169922,3.2938599586486816,,global_reference,2023-2026,2023,4,10,43
World,2023-10-30,153040.0,2372.0,,5090315.54,2.725563808026028,0.04224410188602808,27856.061224489797,378.2040816326531,3.4727150166844374,0.04714934329992004,27856.060999999998,3.500630071428571,378.20407857142857,0.04752834785714286,,,,,,,,,705663.0257142857,88.38389585714286,62332.035428571435,0.0007807052300000001,,,771476449.0,6987584.0,96950.305,878.1193,,,13682606000.0,5642855000.0,5194966000.0,2832484523.0,171.37387,70.67644,65.06666,35.47671,,,,,OWID_WRL,,8021407196.0,61.63385772705078,30.093000411987305,72.63980102539062,21405.1171875,9.975934982299805,10.797287940979004,79.72893524169922,3.2938599586486816,,global_reference,2023-2026,2023,4,10,44
World,2023-11-06,170701.0,2711.0,,5251295.15,3.0400971484177406,0.04828151779638371,24454.85714285714,389.14285714285717,3.0486991303785147,0.04851304112037964,24454.857,3.0732057571428575,389.14286,0.04890300657142858,,,,,,,,,746504.3885714285,93.49925828571429,70227.96628571428,0.0008796013314285714,,,771647150.0,6990301.0,96971.76,878.4608,,,13687857000.0,5643379000.0,5195310000.0,2833753147.0,171.43965,70.68301,65.07096,35.4926,,,,,OWID_WRL,,8021407196.0,61.63385772705078,30.093000411987305,72.63980102539062,21405.1171875,9.975934982299805,10.797287940979004,79.72893524169922,3.2938599586486816,,global_reference,2023-2026,2023,4,11,45
World,2023-11-13,203391.0,2748.0,,5344887.96,3.622289260835219,0.04894046879544906,28974.448979591838,392.59183673469386,3.612140397764673,0.04894301300780066,28974.449,3.641176142857143,392.59184142857146,0.049336434857142855,,,,,,,,,742419.0285714286,92.98756285714286,66494.82728571429,0.0008328439857142857,,,771850541.0,6993056.0,96997.31,878.807,,,13693202000.0,5643784000.0,5195651000.0,2834872755.0,171.50659,70.68808,65.07523,35.506622,,,,,OWID_WRL,,8021407196.0,61.63385772705078,30.093000411987305,72.63980102539062,21405.1171875,9.975934982299805,10.797287940979004,79.72893524169922,3.2938599586486816,,global_reference,2023-2026,2023,4,11,46
World,2023-11-20,234137.0,2707.0,,5636192.55,4.169859731572073,0.048210279850538794,33474.65306122449,387.2244897959184,4.173164663416808,0.048273885159328886,33474.65357142857,4.206710185714286,387.2244928571428,0.04866192842857143,,,,,,,,,800122.717142857,100.21492142857143,44816.57742857143,0.00056132513,,,772084678.0,6995764.0,97026.74,879.14734,,,13698839000.0,5644091400.0,5196105000.0,2835914763.0,171.57718,70.691925,65.080925,35.519672,,,,,OWID_WRL,,8021407196.0,61.63385772705078,30.093000411987305,72.63980102539062,21405.1171875,9.975934982299805,10.797287940979004,79.72893524169922,3.2938599586486816,,global_reference,2023-2026,2023,4,11,47
World,2023-11-27,281720.0,3248.0,,5426580.24,5.017288525856591,0.05784521202606207,39899.12244897959,456.73469387755097,4.974080167489307,0.056939472428891136,39899.12214285714,5.014063771428572,456.73469857142857,0.05739717314285714,,,,,,,,,787383.7242857143,98.61937014285715,35352.96485714286,0.00044279389142857145,,,772366398.0,6999025.0,97062.14,879.5571,,,13704265000.0,5644338700.0,5196561400.0,2836673435.0,171.64516,70.69502,65.08664,35.529175,,,,,OWID_WRL,,8021407196.0,61.63385772705078,30.093000411987305,72.63980102539062,21405.1171875,9.975934982299805,10.797287940979004,79.72893524169922,3.2938599586486816,,global_reference,2023-2026,2023,4,11,48
World,2023-12-04,332668.0,3407.0,,5319052.17,5.924646242083133,0.060676920373396996,46648.34693877551,486.89795918367344,5.815481722712875,0.060699818284561426,46648.34714285714,5.862228785714286,486.89796285714283,0.06118774628571429,,,,,,,,,764870.7300000001,95.79962871428572,35077.169428571426,0.0004393395757142857,,,772699066.0,7002437.0,97103.945,879.9859,,,13709584000.0,5644583400.0,5197016600.0,2837360891.0,171.71178,70.69809,65.09234,35.537785,,,,,OWID_WRL,,8021407196.0,61.63385772705078,30.093000411987305,72.63980102539062,21405.1171875,9.975934982299805,10.797287940979004,79.72893524169922,3.2938599586486816,,global_reference,2023-2026,2023,4,12,49
World,2023-12-11,381775.0,3562.0,,5200899.449999999,6.799216693734558,0.06343739077488704,53537.857142857145,506.02040816326524,6.674372193641366,0.0630837452580141,53537.857142857145,6.728023285714285,506.0204057142857,0.06359083571428571,,,,,,,,,752958.4828571428,94.30762785714286,34808.94714285714,0.00043598009,,,773080841.0,7006006.0,97151.93,880.4344,,,13714785000.0,5644826600.0,5197470700.0,2837992334.0,171.77692,70.70113,65.09802,35.545696,,,,,OWID_WRL,,8021407196.0,61.63385772705078,30.093000411987305,72.63980102539062,21405.1171875,9.975934982299805,10.797287940979004,79.72893524169922,3.2938599586486816,,global_reference,2023-2026,2023,4,12,50
World,2023-12-18,362805.0,3580.0,,4791817.92,6.4613707355651,0.06375796153118911,50983.67346938775,508.2040816326531,6.355951296776403,0.0633559759796357,50983.67357142857,6.407042771428571,508.20407571428575,0.06386525742857142,,,,,,,,,688776.9728571428,86.26892699999999,32751.40542857143,0.00041020951285714285,,,773443646.0,7009596.0,97197.516,880.88556,,,13719577000.0,5645055500.0,5197870600.0,2838485957.0,171.83693,70.704,65.103035,35.551876,,,,,OWID_WRL,,8021407196.0,61.63385772705078,30.093000411987305,72.63980102539062,21405.1171875,9.975934982299805,10.797287940979004,79.72893524169922,3.2938599586486816,,global_reference,2023-2026,2023,4,12,51
World,2023-12-25,265646.0,3813.0,,2725247.9299999997,4.731018840478844,0.06790757187665476,38562.551020408166,537.4897959183673,4.807454612158076,0.06700692070418704,38562.55071428571,4.8460988714285715,537.48982,0.067545548,,,,,,,,,391502.71142857143,49.03549414285715,20477.44614285714,0.0002564788642857143,,,773709292.0,7013417.0,97230.91,881.3657,,,13722302000.0,5645197300.0,5197948400.0,2838693585.0,171.87106,70.70578,65.10401,35.554478,,,,,OWID_WRL,,8021407196.0,61.63385772705078,30.093000411987305,72.63980102539062,21405.1171875,9.975934982299805,10.797287940979004,79.72893524169922,3.2938599586486816,,global_reference,2023-2026,2023,4,12,52
World,2024-01-01,201633.0,4212.0,,160423.67899999997,3.590980183636383,0.07501355697468394,31055.734693877548,591.4693877551019,3.871606806018275,0.07373636237417887,31055.734285714287,3.9027282571428574,591.4693857142857,0.07432908214285715,,,,,,,,,23248.59857142857,2.9118738714285715,294.89392714285714,3.6935298285714284e-06,,,773910925.0,7017636.0,97256.24,881.89594,,,13722462000.0,5645199400.0,5197949400.0,2838815081.0,171.87308,70.7058,65.10403,35.556,,,,,OWID_WRL,,8021407196.0,61.63385772705078,30.093000411987305,72.63980102539062,21405.1171875,9.975934982299805,10.797287940979004,79.72893524169922,3.2938599586486816,,global_reference,2023-2026,2024,1,1,1
World,2024-01-08,189981.0,4027.0,,199999.93899999998,3.383464047390178,0.07171880197935712,25772.367346938776,578.7551020408164,3.2129483913733474,0.07215131807912975,25772.367714285712,3.238775257142857,578.7551000000001,0.07273129785714286,,,,,,,,,27750.09742857143,3.475684057142857,375.3302757142857,4.7009905857142855e-06,,,774100906.0,7021644.0,97280.12,882.3996,,,13722663000.0,5645202400.0,5197950500.0,2838972603.0,171.87558,70.70584,65.10404,35.557972,,,,,OWID_WRL,,8021407196.0,61.63385772705078,30.093000411987305,72.63980102539062,21405.1171875,9.975934982299805,10.797287940979004,79.72893524169922,3.2938599586486816,,global_reference,2023-2026,2024,1,1,2
World,2024-01-15,137248.0,3620.0,,238068.87000000002,2.4443163978303466,0.06447034098963814,20196.795918367345,521.0816326530612,2.5178619442781573,0.06496137397349765,20196.796,2.5381014714285715,521.0816571428571,0.06548355857142857,,,,,,,,,32576.28557142857,4.080161371428572,456.5508728571428,5.718274028571429e-06,,,774238154.0,7025272.0,97297.37,882.8555,,,13722900000.0,5645205500.0,5197951500.0,2839177554.0,171.87856,70.70589,65.10405,35.56054,,,,,OWID_WRL,,8021407196.0,61.63385772705078,30.093000411987305,72.63980102539062,21405.1171875,9.975934982299805,10.797287940979004,79.72893524169922,3.2938599586486816,,global_reference,2023-2026,2024,1,1,3
World,2024-01-22,116376.0,3011.0,,229513.12799999997,2.0725967964116374,0.053624363734751504,17152.020408163266,437.46938775510205,2.138280726692993,0.05453773596897723,17152.020571428573,2.155469042857143,437.46938857142857,0.05497613114285715,,,,,,,,,32531.632,4.074568657142857,498.15684142857145,6.239386528571429e-06,,,774354530.0,7028291.0,97311.99,883.2349,,,13723130000.0,5645209600.0,5197952500.0,2839378763.0,171.88144,70.70593,65.104065,35.56306,,,,,OWID_WRL,,8021407196.0,61.63385772705078,30.093000411987305,72.63980102539062,21405.1171875,9.975934982299805,10.797287940979004,79.72893524169922,3.2938599586486816,,global_reference,2023-2026,2024,1,1,4
World,2024-01-29,100706.0,2484.0,,64609.94269999999,1.7935221435642261,0.0442387643696854,14619.30612244898,362.10204081632656,1.822536341221917,0.045141959754504725,14619.305999999999,1.8371866000000001,362.1020414285714,0.04550482871428572,,,,,,,,,11000.535857142857,1.3778109285714284,202.96889857142858,2.542174085714286e-06,,,774455236.0,7030776.0,97324.64,883.54724,,,13723194000.0,5645211000.0,5197953500.0,2839430455.0,171.88225,70.705956,65.10407,35.563705,,,,,OWID_WRL,,8021407196.0,61.63385772705078,30.093000411987305,72.63980102539062,21405.1171875,9.975934982299805,10.797287940979004,79.72893524169922,3.2938599586486816,,global_reference,2023-2026,2024,1,1,5
World,2024-02-05,88978.0,2253.0,,60446.14759999999,1.5846524863469675,0.040124772997142184,13002.204081632652,328.0408163265306,1.6209380429055416,0.04089566933967811,13002.204285714284,1.6339677285714287,328.0408157142857,0.04122440357142857,,,,,,,,,9271.649285714286,1.1612688857142857,216.8486,2.7160165285714285e-06,,,774544214.0,7033027.0,97335.83,883.8301,,,13723255000.0,5645212700.0,5197954000.0,2839472625.0,171.883,70.70597,65.10409,35.564236,,,,,OWID_WRL,,8021407196.0,61.63385772705078,30.093000411987305,72.63980102539062,21405.1171875,9.975934982299805,10.797287940979004,79.72893524169922,3.2938599586486816,,global_reference,2023-2026,2024,1,2,6
World,2024-02-12,78844.0,1857.0,,44991.171800000004,1.4041711505489032,0.033072216358496685,11412.612244897959,268.2040816326531,1.4227693428391284,0.033436038724776025,11412.612285714285,1.4342061000000002,268.2040857142857,0.033704809714285716,,,,,,,,,6697.976742857143,0.8389177885714286,251.71542142857143,3.1527216000000003e-06,,,774623058.0,7034886.0,97345.734,884.0637,,,13723300000.0,5645215000.0,5197955000.0,2839501892.0,171.88356,70.706,65.104095,35.5646,,,,,OWID_WRL,,8021407196.0,61.63385772705078,30.093000411987305,72.63980102539062,21405.1171875,9.975934982299805,10.797287940979004,79.72893524169922,3.2938599586486816,,global_reference,2023-2026,2024,1,2,7
World,2024-02-19,76662.0,1774.0,,42983.1677,1.365310851090508,0.03159402898221493,10776.938775510203,254.10204081632654,1.343522216511376,0.03167798798981785,10776.938857142857,1.3543219857142856,254.10204142857143,0.03193262814285714,,,,,,,,,6404.709757142858,0.8021862814285715,751.3896328571428,9.411113000000001e-06,,,774699720.0,7036663.0,97355.37,884.28705,,,13723343000.0,5645221000.0,5197956000.0,2839528311.0,171.8841,70.70608,65.1041,35.564934,,,,,OWID_WRL,,8021407196.0,61.63385772705078,30.093000411987305,72.63980102539062,21405.1171875,9.975934982299805,10.797287940979004,79.72893524169922,3.2938599586486816,,global_reference,2023-2026,2024,1,2,8
World,2024-02-26,71987.0,1711.0,,33509.4927,1.2820515018842766,0.030472031335157693,10359.081632653062,244.26530612244898,1.2914294686122898,0.030451677636344866,10359.08142857143,1.3018104857142858,244.26530571428572,0.03069645985714286,,,,,,,,,4954.7276,0.6205768142857143,471.0992871428571,5.900491857142857e-06,,,774771707.0,7038376.0,97364.414,884.5023,,,13723377000.0,5645223000.0,5197956600.0,2839551018.0,171.88452,70.7061,65.10411,35.565216,,,,,OWID_WRL,,8021407196.0,61.63385772705078,30.093000411987305,72.63980102539062,21405.1171875,9.975934982299805,10.797287940979004,79.72893524169922,3.2938599586486816,,global_reference,2023-2026,2024,1,2,9
World,2024-03-04,60990.0,1461.0,,35161.6597,1.086200579270174,0.026019659719851197,8790.42857142857,215.67346938775512,1.095871130418622,0.026887236131748062,8790.42857142857,1.104680157142857,215.67346714285713,0.027103365857142854,,,,,,,,,4630.817928571429,0.5800073457142857,222.96152,2.7925805e-06,,,774832697.0,7039837.0,97372.08,884.6859,,,13723411000.0,5645224400.0,5197957600.0,2839584739.0,171.88496,70.70612,65.104126,35.56564,,,,,OWID_WRL,,8021407196.0,61.63385772705078,30.093000411987305,72.63980102539062,21405.1171875,9.975934982299805,10.797287940979004,79.72893524169922,3.2938599586486816,,global_reference,2023-2026,2024,1,3,10
World,2024-03-11,58023.0,1344.0,,67448.5542,1.0333598329397167,0.02393594980388775,8248.591836734693,195.6326530612245,1.0283222924835433,0.024388819602473213,8248.592,1.0365883142857142,195.63265285714286,0.02458486642857143,,,,,,,,,7615.999857142858,0.9538997128571429,394.7560942857143,4.9442979142857145e-06,,,774890720.0,7041181.0,97379.37,884.8548,,,13723479000.0,5645229600.0,5197959000.0,2839636122.0,171.8858,70.706184,65.10415,35.566284,,,,,OWID_WRL,,8021407196.0,61.63385772705078,30.093000411987305,72.63980102539062,21405.1171875,9.975934982299805,10.797287940979004,79.72893524169922,3.2938599586486816,,global_reference,2023-2026,2024,1,3,11
World,2024-03-18,50816.0,1263.0,,82421.45349999999,0.9050068640136607,0.022493381400528447,7420.34693877551,179.0612244897959,0.9250679784060579,0.022322919172971,7420.347014285714,0.9325040171428572,179.06122714285715,0.022502359142857142,,,,,,,,,11261.258214285714,1.4104662857142858,767.4239571428571,9.611942e-06,,,774941536.0,7042444.0,97385.76,885.01355,,,13723562000.0,5645234000.0,5197962000.0,2839703057.0,171.88684,70.706245,65.10418,35.56712,,,,,OWID_WRL,,8021407196.0,61.63385772705078,30.093000411987305,72.63980102539062,21405.1171875,9.975934982299805,10.797287940979004,79.72893524169922,3.2938599586486816,,global_reference,2023-2026,2024,1,3,12
World,2024-03-25,114066.0,1006.0,,64549.706000000006,2.031456882686206,0.017916343379993364,16453.061224489797,150.0204081632653,2.0511439978629173,0.01870250499663891,16453.06142857143,2.067631857142857,150.02040571428572,0.01885284285714286,,,,,,,,,10546.264285714287,1.320913657142857,841.3022371428572,1.0537263071428571e-05,,,775055602.0,7043450.0,97400.09,885.13995,,,13723626000.0,5645240000.0,5197965000.0,2839748856.0,171.88765,70.706314,65.10422,35.567696,,,,,OWID_WRL,,8021407196.0,61.63385772705078,30.093000411987305,72.63980102539062,21405.1171875,9.975934982299805,10.797287940979004,79.72893524169922,3.2938599586486816,,global_reference,2023-2026,2024,1,3,13
World,2024-04-01,40416.0,907.0,,57577.077,0.7197882048169103,0.016153204220331986,5805.7551020408155,131.91836734693877,0.7237826182089301,0.01644578864076641,5805.755057142857,0.7296006514285713,131.91836857142857,0.016577986285714285,,,,,,,,,8447.918242857142,1.0580970285714286,537.9650142857142,6.737981528571428e-06,,,775096018.0,7044357.0,97405.17,885.2539,,,13723684000.0,5645242400.0,5197967000.0,2839787694.0,171.88837,70.706345,65.10424,35.56818,,,,,OWID_WRL,,8021407196.0,61.63385772705078,30.093000411987305,72.63980102539062,21405.1171875,9.975934982299805,10.797287940979004,79.72893524169922,3.2938599586486816,,global_reference,2023-2026,2024,2,4,14
World,2024-04-08,39932.0,844.0,,56507.6973,0.7111684133696768,0.015031206573274749,5692.673469387754,122.51020408163265,0.7096851375686938,0.015272906746677101,5692.673471428571,0.7153898557142858,122.51020142857143,0.015395676142857143,,,,,,,,,7928.0241000000005,0.9929805657142857,243.08512714285715,3.0446276228571428e-06,,,775135950.0,7045201.0,97410.19,885.36,,,13723740000.0,5645244400.0,5197968000.0,2839829623.0,171.88908,70.70637,65.104256,35.568707,,,,,OWID_WRL,,8021407196.0,61.63385772705078,30.093000411987305,72.63980102539062,21405.1171875,9.975934982299805,10.797287940979004,79.72893524169922,3.2938599586486816,,global_reference,2023-2026,2024,2,4,15
World,2024-04-15,32405.0,723.0,,57083.36200000001,0.5771164087760287,0.012876258711466403,4611.69387755102,104.32653061224491,0.5749232977289483,0.01300601354139819,4611.6939,0.5795447485714286,104.32653,0.013110561000000001,,,,,,,,,7546.874285714285,0.9452417828571429,59.10816342857142,7.403264228571429e-07,,,775168355.0,7045924.0,97414.26,885.45087,,,13723798000.0,5645245000.0,5197969000.0,2839874941.0,171.88979,70.706375,65.10427,35.569275,,,,,OWID_WRL,,8021407196.0,61.63385772705078,30.093000411987305,72.63980102539062,21405.1171875,9.975934982299805,10.797287940979004,79.72893524169922,3.2938599586486816,,global_reference,2023-2026,2024,2,4,16
World,2024-04-22,34819.0,642.0,,59348.801199999994,0.6201085090934283,0.011433690308107095,4885.020408163265,94.59183673469387,0.6089979337539768,0.01179242424968322,4885.020442857143,0.6138933,94.59183714285714,0.011887216214285715,,,,,,,,,9110.492,1.1410840142857144,118.20271857142858,1.4804824428571428e-06,,,775203174.0,7046566.0,97418.63,885.53156,,,13723857000.0,5645245400.0,5197970400.0,2839921711.0,171.89053,70.70638,65.10429,35.56986,,,,,OWID_WRL,,8021407196.0,61.63385772705078,30.093000411987305,72.63980102539062,21405.1171875,9.975934982299805,10.797287940979004,79.72893524169922,3.2938599586486816,,global_reference,2023-2026,2024,2,4,17
World,2024-04-29,31503.0,619.0,,52694.4744,0.5610522519880028,0.011024072119498896,4492.469387755102,87.59183673469387,0.5600600091708794,0.010919759413083143,4492.469457142857,0.5645619771428572,87.59183571428571,0.011007536857142857,,,,,,,,,7604.643142857143,0.95247729,53.91043128571429,6.752251185714285e-07,,,775234677.0,7047185.0,97422.59,885.6093,,,13723909000.0,5645246000.0,5197970400.0,2839961551.0,171.89119,70.70638,65.10429,35.57036,,,,,OWID_WRL,,8021407196.0,61.63385772705078,30.093000411987305,72.63980102539062,21405.1171875,9.975934982299805,10.797287940979004,79.72893524169922,3.2938599586486816,,global_reference,2023-2026,2024,2,4,18
World,2024-05-06,34350.0,536.0,,58487.907999999996,0.6117558599431133,0.00954588474321714,4843.714285714285,79.24489795918366,0.603848447954331,0.009879176561277226,4843.7143428571435,0.6087024200000001,79.24489857142858,0.009958589285714286,,,,,,,,,7661.350971428571,0.95957992,36.14269385714285,4.5268522142857145e-07,,,775269027.0,7047721.0,97426.914,885.6767,,,13723967000.0,5645246000.0,5197971000.0,2839996704.0,171.89192,70.70639,65.104294,35.5708,,,,,OWID_WRL,,8021407196.0,61.63385772705078,30.093000411987305,72.63980102539062,21405.1171875,9.975934982299805,10.797287940979004,79.72893524169922,3.2938599586486816,,global_reference,2023-2026,2024,2,5,19
World,2024-05-13,38321.0,492.0,,98359.39859999999,0.6824773306806418,0.008762267338923196,5474.102040816326,68.20408163265306,0.6824366232830181,0.008502757679059616,5474.102114285714,0.6879223228571428,68.20408142857143,0.008571106,,,,,,,,,11565.251,1.4485411571428572,16.40265642857143,2.0544235285714284e-07,,,775307793.0,7048213.0,97431.78,885.7385,,,13724067000.0,5645246500.0,5197971500.0,2840101055.0,171.89316,70.70639,65.1043,35.572105,,,,,OWID_WRL,,8021407196.0,61.63385772705078,30.093000411987305,72.63980102539062,21405.1171875,9.975934982299805,10.797287940979004,79.72893524169922,3.2938599586486816,,global_reference,2023-2026,2024,2,5,20
World,2024-05-20,32294.0,529.0,,59213.658800000005,0.5751395557788327,0.009421218337988558,4650.530612244898,77.59183673469387,0.5797649338340501,0.009673095360797324,4650.530614285714,0.5844253128571429,77.59183857142857,0.00975085142857143,,,,,,,,,10418.464714285714,1.304906857142857,15.777210857142858,1.9760868142857142e-07,,,775340509.0,7048742.0,97435.9,885.805,,,13724125000.0,5645246500.0,5197971500.0,2840174683.0,171.8939,70.70639,65.1043,35.57303,,,,,OWID_WRL,,8021407196.0,61.63385772705078,30.093000411987305,72.63980102539062,21405.1171875,9.975934982299805,10.797287940979004,79.72893524169922,3.2938599586486816,,global_reference,2023-2026,2024,2,5,21
World,2024-05-27,35018.0,495.0,,84930.3983,0.6236525968992123,0.008815695798306874,4970.775510204082,70.24489795918367,0.6196887140554157,0.008757178914219987,4970.775542857143,0.6246700071428571,70.24489857142858,0.008827572357142857,,,,,,,,,10743.313857142857,1.3455940285714285,14.510884428571428,1.8174801e-07,,,775376101.0,7049237.0,97440.37,885.8672,,,13724210000.0,5645246500.0,5197972000.0,2840251829.0,171.89496,70.7064,65.1043,35.573994,,,,,OWID_WRL,,8021407196.0,61.63385772705078,30.093000411987305,72.63980102539062,21405.1171875,9.975934982299805,10.797287940979004,79.72893524169922,3.2938599586486816,,global_reference,2023-2026,2024,2,5,22
World,2024-06-03,35963.0,535.0,,49182.9981,0.6404825616050708,0.009528075256755914,5036.448979591836,78.46938775510205,0.6278759894028765,0.009782496491916287,5036.448957142857,0.6329230871428572,78.46938714285714,0.009861131928571428,,,,,,,,,9163.732942857143,1.147752392857143,14.84217657142857,1.8589742714285714e-07,,,775412978.0,7049772.0,97445.0,885.93445,,,13724259000.0,5645246500.0,5197972000.0,2840300588.0,171.89558,70.7064,65.1043,35.574604,,,,,OWID_WRL,,8021407196.0,61.63385772705078,30.093000411987305,72.63980102539062,21405.1171875,9.975934982299805,10.797287940979004,79.72893524169922,3.2938599586486816,,global_reference,2023-2026,2024,2,6,23
World,2024-06-10,36737.0,559.0,,41299.5132,0.6542671041260597,0.009955502931825335,5148.7551020408155,78.51020408163265,0.6418767899737517,0.009787584916619492,5148.755085714286,0.6470364428571429,78.51020285714286,0.009866261142857142,,,,,,,,,6681.080685714286,0.8368016057142856,14.197958999999999,1.7782863857142855e-07,,,775450786.0,7050331.0,97449.75,886.0047,,,13724301000.0,5645246500.0,5197972000.0,2840325562.0,171.8961,70.7064,65.10431,35.574917,,,,,OWID_WRL,,8021407196.0,61.63385772705078,30.093000411987305,72.63980102539062,21405.1171875,9.975934982299805,10.797287940979004,79.72893524169922,3.2938599586486816,,global_reference,2023-2026,2024,2,6,24
World,2024-06-17,38028.0,719.0,,89543.21650000001,0.6772591511475026,0.012805020765621499,5549.428571428572,101.0,0.6918273110727876,0.012591306928086785,5549.428571428572,0.6973884714285715,101.00000142857142,0.012692520571428572,,,,,,,,,10652.173571428571,1.3341786928571426,15.54664742857143,1.9472087857142856e-07,,,775490137.0,7051050.0,97454.695,886.09503,,,13724390000.0,5645247000.0,5197972000.0,2840423958.0,171.89722,70.7064,65.10431,35.57615,,,,,OWID_WRL,,8021407196.0,61.63385772705078,30.093000411987305,72.63980102539062,21405.1171875,9.975934982299805,10.797287940979004,79.72893524169922,3.2938599586486816,,global_reference,2023-2026,2024,2,6,25
World,2024-06-24,47975.0,704.0,,39013.4794,0.8544101129773176,0.012537878468703108,6567.2040816326535,100.24489795918369,0.8187097252596162,0.012497171071077449,6567.204071428571,0.8252908314285714,100.24489714285714,0.012597628285714285,,,,,,,,,7708.054242857143,0.9654294557142856,13.274781285714285,1.6626588999999999e-07,,,775539423.0,7051754.0,97460.89,886.1835,,,13724429000.0,5645247000.0,5197972000.0,2840444950.0,171.8977,70.7064,65.10431,35.576412,,,,,OWID_WRL,,8021407196.0,61.63385772705078,30.093000411987305,72.63980102539062,21405.1171875,9.975934982299805,10.797287940979004,79.72893524169922,3.2938599586486816,,global_reference,2023-2026,2024,2,6,26
World,2024-07-01,49973.0,817.0,,33005.923899999994,0.8899934669268471,0.014550350438821648,7326.408163265306,115.16326530612244,0.913356968951626,0.014356990300099765,7326.4082,0.9206988942857143,115.16326428571428,0.014472397285714285,,,,,,,,,5203.9117857142855,0.6517870071428572,29.734694285714284,3.724253714285714e-07,,,775590531.0,7052568.0,97467.31,886.28577,,,13724462000.0,5645247000.0,5197972000.0,2840493258.0,171.89812,70.706406,65.10431,35.57702,,,,,OWID_WRL,,8021407196.0,61.63385772705078,30.093000411987305,72.63980102539062,21405.1171875,9.975934982299805,10.797287940979004,79.72893524169922,3.2938599586486816,,global_reference,2023-2026,2024,3,7,27
World,2024-07-08,49035.0,888.0,,24305.8018,0.8732881686262172,0.01581482397756869,7138.2040816326535,126.46938775510205,0.8898942426451365,0.01576648394288822,7138.2041,0.8970475471428572,126.46938714285714,0.015893220714285717,,,,,,,,,4103.393728571429,0.5139477671428571,24.346938714285717,3.0494403714285715e-07,,,775640739.0,7053456.0,97473.625,886.3974,,,13724487000.0,5645247000.0,5197972000.0,2840510238.0,171.89842,70.706406,65.10431,35.577232,,,,,OWID_WRL,,8021407196.0,61.63385772705078,30.093000411987305,72.63980102539062,21405.1171875,9.975934982299805,10.797287940979004,79.72893524169922,3.2938599586486816,,global_reference,2023-2026,2024,3,7,28
World,2024-07-15,54542.0,1068.0,,14752.799699999998,0.9713650105681888,0.019020531540589376,7835.918367346939,149.28571428571428,0.9768757745217643,0.018610913351981177,7835.918457142857,0.9847282714285714,149.28571428571428,0.018760515000000002,,,,,,,,,2439.801414285714,0.3055837557142857,12.238095142857143,1.5328145857142857e-07,,,775696419.0,7054524.0,97480.625,886.5316,,,13724502000.0,5645247500.0,5197972000.0,2840521502.0,171.8986,70.706406,65.10431,35.577374,,,,,OWID_WRL,,8021407196.0,61.63385772705078,30.093000411987305,72.63980102539062,21405.1171875,9.975934982299805,10.797287940979004,79.72893524169922,3.2938599586486816,,global_reference,2023-2026,2024,3,7,29
World,2024-07-22,60533.0,1246.0,,11887.7497,1.0780616439573938,0.0221906201306876,8737.877551020409,175.0408163265306,1.089319783613242,0.021821709339705064,8737.877571428571,1.0980761428571428,175.0408185714286,0.021997120000000002,,,,,,,,,1735.7721285714285,0.21740447999999998,8.677551014285715,1.0868583914285715e-07,,,775758014.0,7055770.0,97488.36,886.6882,,,13724513000.0,5645247500.0,5197972000.0,2840531926.0,171.89876,70.706406,65.10431,35.577503,,,,,OWID_WRL,,8021407196.0,61.63385772705078,30.093000411987305,72.63980102539062,21405.1171875,9.975934982299805,10.797287940979004,79.72893524169922,3.2938599586486816,,global_reference,2023-2026,2024,3,7,30
World,2024-07-29,62928.0,1336.0,,260.583332,1.1207153640320302,0.02379347391219794,9077.0,187.89795918367346,1.131596960259841,0.023424563121215405,9076.999857142857,1.1406931571428571,187.89796285714286,0.023612857999999997,,,,,,,,,40.32142857142857,0.005050236271428572,5.920408285714286,7.415278199999999e-08,,,775821806.0,7057106.0,97496.38,886.8561,,,13724513000.0,5645247500.0,5197972500.0,2840532104.0,171.89876,70.706406,65.10431,35.577503,,,,,OWID_WRL,,8021407196.0,61.63385772705078,30.093000411987305,72.63980102539062,21405.1171875,9.975934982299805,10.797287940979004,79.72893524169922,3.2938599586486816,,global_reference,2023-2026,2024,3,7,31
World,2024-08-05,64282.0,1440.0,,162.333333,1.1448294087005302,0.025645660504165446,9182.489795918367,204.81632653061226,1.1447479939052805,0.025533715160694886,9182.489714285713,1.1539499000000002,204.8163257142857,0.025738965285714285,,,,,,,,,25.408163142857145,0.0031823582285714284,4.697959285714285,5.8841675e-08,,,775886996.0,7058546.0,97504.57,887.03705,,,13724514000.0,5645247500.0,5197972500.0,2840532201.0,171.89876,70.706406,65.10431,35.577507,,,,,OWID_WRL,,8021407196.0,61.63385772705078,30.093000411987305,72.63980102539062,21405.1171875,9.975934982299805,10.797287940979004,79.72893524169922,3.2938599586486816,,global_reference,2023-2026,2024,3,8,32
World,2024-08-12,62884.0,1419.0,,7.3333335,1.119931746627736,0.025271661288479696,9049.510204081633,202.3877551020408,1.1281699062222308,0.02523095389085404,9049.510285714287,1.1372385857142857,202.3877542857143,0.025433770285714283,,,,,,,,,8.785714,0.0011004058,3.142857,3.936411e-08,,,775950759.0,7059965.0,97512.586,887.21533,,,13724514000.0,5645247500.0,5197972500.0,2840532201.0,171.89876,70.706406,65.10431,35.577507,,,,,OWID_WRL,,8021407196.0,61.63385772705078,30.093000411987305,72.63980102539062,21405.1171875,9.975934982299805,10.797287940979004,79.72893524169922,3.2938599586486816,,global_reference,2023-2026,2024,3,8,33
World,2024-08-19,74271.0,1661.0,,,1.3227283689617164,0.029581557012096395,10646.326530612245,234.57142857142858,1.3272392574611118,0.029243176769333103,10646.326428571429,1.3379081,234.57143142857143,0.029478244999999997,,,,,,,,,,,,,,,776025854.0,7061626.0,97522.02,887.4241,,,13724514000.0,5645247500.0,5197972500.0,2840532201.0,171.89876,70.706406,65.10431,35.577507,,,,,OWID_WRL,,8021407196.0,61.63385772705078,30.093000411987305,72.63980102539062,21405.1171875,9.975934982299805,10.797287940979004,79.72893524169922,3.2938599586486816,,global_reference,2023-2026,2024,3,8,34
World,2024-08-26,78763.0,1758.0,,,1.4027285821455437,0.031309077198835314,11239.448979591836,247.06122448979593,1.4011817010357706,0.03080023472851457,11239.448857142856,1.4124449000000001,247.0612242857143,0.031047819142857144,,,,,,,,,,,,,,,776105525.0,7063384.0,97532.03,887.645,,,13724514000.0,5645247500.0,5197972500.0,2840532201.0,171.89876,70.706406,65.10431,35.577507,,,,,OWID_WRL,,8021407196.0,61.63385772705078,30.093000411987305,72.63980102539062,21405.1171875,9.975934982299805,10.797287940979004,79.72893524169922,3.2938599586486816,,global_reference,2023-2026,2024,3,8,35
World,2024-09-02,79443.0,1599.0,,,1.4148390329391776,0.028477368851500384,11422.0,232.95918367346937,1.423939680520866,0.029042183993556403,11422.0,1.4353858428571429,232.9591814285714,0.029275636285714286,,,,,,,,,,,,,,,776185875.0,7064983.0,97542.13,887.84595,,,13724514000.0,5645247500.0,5197972500.0,2840532201.0,171.89876,70.706406,65.10431,35.577507,,,,,OWID_WRL,,8021407196.0,61.63385772705078,30.093000411987305,72.63980102539062,21405.1171875,9.975934982299805,10.797287940979004,79.72893524169922,3.2938599586486816,,global_reference,2023-2026,2024,3,9,36
World,2024-09-09,85851.0,1559.0,,,1.5289622221827137,0.02776498939305134,12293.612244897959,222.87755102040816,1.5326004458455087,0.02778534309186417,12293.612428571429,1.5449200857142855,222.87754857142858,0.028008692142857144,,,,,,,,,,,,,,,776272815.0,7066542.0,97553.055,888.0419,,,13724514000.0,5645247500.0,5197972500.0,2840532201.0,171.89876,70.706406,65.10431,35.577507,,,,,OWID_WRL,,8021407196.0,61.63385772705078,30.093000411987305,72.63980102539062,21405.1171875,9.975934982299805,10.797287940979004,79.72893524169922,3.2938599586486816,,global_reference,2023-2026,2024,3,9,37
World,2024-09-16,95180.0,1398.0,,,1.6951069213794911,0.024897662072793956,13653.061224489797,202.34693877551018,1.702078063222887,0.025225865466150837,13653.061142857143,1.7157600285714285,202.3469328571429,0.025428640285714284,,,,,,,,,,,,,,,776369748.0,7067940.0,97565.234,888.2176,,,13724514000.0,5645247500.0,5197972500.0,2840532201.0,171.89876,70.706406,65.10431,35.577507,,,,,OWID_WRL,,8021407196.0,61.63385772705078,30.093000411987305,72.63980102539062,21405.1171875,9.975934982299805,10.797287940979004,79.72893524169922,3.2938599586486816,,global_reference,2023-2026,2024,3,9,38
World,2024-09-23,99324.0,1367.0,,,1.7689094332748119,0.02434556799249595,14141.510204081633,196.75510204081633,1.7629712416461705,0.02452875128181142,14141.51,1.7771426857142856,196.75510571428572,0.024725922571428572,,,,,,,,,,,,,,,776470945.0,7069307.0,97577.95,888.38934,,,13724514000.0,5645247500.0,5197972500.0,2840532201.0,171.89876,70.706406,65.10431,35.577507,,,,,OWID_WRL,,8021407196.0,61.63385772705078,30.093000411987305,72.63980102539062,21405.1171875,9.975934982299805,10.797287940979004,79.72893524169922,3.2938599586486816,,global_reference,2023-2026,2024,3,9,39
World,2024-09-30,89974.0,1338.0,,,1.6023907348623485,0.023829092885120397,12844.938775510203,192.3877551020408,1.6013323425240833,0.023984289838568224,12844.938857142857,1.6142044285714285,192.38775,0.024177084428571426,,,,,,,,,,,,,,,776563000.0,7070645.0,97589.52,888.5575,,,13724514000.0,5645247500.0,5197972500.0,2840532201.0,171.89876,70.706406,65.10431,35.577507,,,,,OWID_WRL,,8021407196.0,61.63385772705078,30.093000411987305,72.63980102539062,21405.1171875,9.975934982299805,10.797287940979004,79.72893524169922,3.2938599586486816,,global_reference,2023-2026,2024,3,9,40
World,2024-10-07,83347.0,1171.0,,,1.4843672680838036,0.02085490864609565,11903.897959183672,171.34693877551018,1.4840161667792842,0.021361206904064792,11903.898,1.495945242857143,171.34693857142858,0.02153291685714286,,,,,,,,,,,,,,,776648222.0,7071822.0,97600.234,888.7054,,,13724514000.0,5645247500.0,5197972500.0,2840532201.0,171.89876,70.706406,65.10431,35.577507,,,,,OWID_WRL,,8021407196.0,61.63385772705078,30.093000411987305,72.63980102539062,21405.1171875,9.975934982299805,10.797287940979004,79.72893524169922,3.2938599586486816,,global_reference,2023-2026,2024,4,10,41
World,2024-10-14,68140.0,1131.0,,,1.21353840746794,0.020142529187646613,9715.0,162.77551020408163,1.2111341267956761,0.02029263771639123,9715.000142857143,1.2208696714285714,162.77551,0.020455757999999997,,,,,,,,,,,,,,,776718129.0,7072957.0,97609.016,888.848,,,13724514000.0,5645247500.0,5197972500.0,2840532201.0,171.89876,70.706406,65.10431,35.577507,,,,,OWID_WRL,,8021407196.0,61.63385772705078,30.093000411987305,72.63980102539062,21405.1171875,9.975934982299805,10.797287940979004,79.72893524169922,3.2938599586486816,,global_reference,2023-2026,2024,4,10,42
World,2024-10-21,61332.0,1017.0,,,1.0922914236399135,0.018112247731066847,8756.163265306122,147.30612244897958,1.091599397880279,0.018364124753875614,8756.163142857144,1.1003741,147.30612714285715,0.018511742714285715,,,,,,,,,,,,,,,776780635.0,7073982.0,97616.875,888.97687,,,13724514000.0,5645247500.0,5197972500.0,2840532201.0,171.89876,70.706406,65.10431,35.577507,,,,,OWID_WRL,,8021407196.0,61.63385772705078,30.093000411987305,72.63980102539062,21405.1171875,9.975934982299805,10.797287940979004,79.72893524169922,3.2938599586486816,,global_reference,2023-2026,2024,4,10,43
World,2024-10-28,50489.0,979.0,,,0.8991831619408399,0.017435487245540258,7215.7959183673465,140.10204081632654,0.8995673380059338,0.017466017793759503,7215.795928571429,0.9067983857142857,140.10204428571427,0.017606416,,,,,,,,,,,,,,,776831955.0,7074965.0,97623.32,889.1004,,,13724514000.0,5645247500.0,5197972500.0,2840532201.0,171.89876,70.706406,65.10431,35.577507,,,,,OWID_WRL,,8021407196.0,61.63385772705078,30.093000411987305,72.63980102539062,21405.1171875,9.975934982299805,10.797287940979004,79.72893524169922,3.2938599586486816,,global_reference,2023-2026,2024,4,10,44
World,2024-11-04,46262.0,834.0,,,0.8239024626692374,0.01485311170866249,6576.918367346939,120.77551020408164,0.8199207703389794,0.015056648696790784,6576.918342857142,0.8265115785714287,120.77551142857143,0.015177679714285713,,,,,,,,,,,,,,,776879225.0,7075805.0,97629.266,889.20593,,,13724514000.0,5645247500.0,5197972500.0,2840532201.0,171.89876,70.706406,65.10431,35.577507,,,,,OWID_WRL,,8021407196.0,61.63385772705078,30.093000411987305,72.63980102539062,21405.1171875,9.975934982299805,10.797287940979004,79.72893524169922,3.2938599586486816,,global_reference,2023-2026,2024,4,11,45
World,2024-11-11,46778.0,791.0,,,0.8330921576832301,0.01408730379082977,6674.673469387754,113.26530612244899,0.8321075475031611,0.014120378551400617,6674.673442857143,0.8387963342857143,113.26530857142858,0.014233883714285715,,,,,,,,,,,,,,,776926724.0,7076600.0,97635.234,889.30585,,,13724514000.0,5645247500.0,5197972500.0,2840532201.0,171.89876,70.706406,65.10431,35.577507,,,,,OWID_WRL,,8021407196.0,61.63385772705078,30.093000411987305,72.63980102539062,21405.1171875,9.975934982299805,10.797287940979004,79.72893524169922,3.2938599586486816,,global_reference,2023-2026,2024,4,11,46
World,2024-11-18,49763.0,708.0,,,0.8862534747699896,0.012609116414548014,7108.571428571428,102.65306122448979,0.8862000463106077,0.012797388128566687,7108.571471428571,0.8933236614285713,102.65306285714287,0.012900258357142856,,,,,,,,,,,,,,,776977163.0,7077314.0,97641.57,889.39557,,,13724514000.0,5645247500.0,5197972500.0,2840532201.0,171.89876,70.706406,65.10431,35.577507,,,,,OWID_WRL,,8021407196.0,61.63385772705078,30.093000411987305,72.63980102539062,21405.1171875,9.975934982299805,10.797287940979004,79.72893524169922,3.2938599586486816,,global_reference,2023-2026,2024,4,11,47
World,2024-11-25,51900.0,761.0,,,0.9243123473376297,0.01355301919699299,7400.142857142857,106.26530612244899,0.9225492081779699,0.013247713714800543,7400.1428428571435,0.9299650071428571,106.2653057142857,0.013354204428571428,,,,,,,,,,,,,,,777029805.0,7078077.0,97648.19,889.49146,,,13724514000.0,5645247500.0,5197972500.0,2840532201.0,171.89876,70.706406,65.10431,35.577507,,,,,OWID_WRL,,8021407196.0,61.63385772705078,30.093000411987305,72.63980102539062,21405.1171875,9.975934982299805,10.797287940979004,79.72893524169922,3.2938599586486816,,global_reference,2023-2026,2024,4,11,48
World,2024-12-02,54655.0,727.0,,,0.9733774825383074,0.012947496657311305,7766.7959183673465,105.59183673469387,0.9682585272868823,0.013163754707197618,7766.7958,0.9760417685714285,105.59183714285713,0.013269569428571429,,,,,,,,,,,,,,,777085104.0,7078808.0,97655.13,889.5833,,,13724514000.0,5645247500.0,5197972500.0,2840532201.0,171.89876,70.706406,65.10431,35.577507,,,,,OWID_WRL,,8021407196.0,61.63385772705078,30.093000411987305,72.63980102539062,21405.1171875,9.975934982299805,10.797287940979004,79.72893524169922,3.2938599586486816,,global_reference,2023-2026,2024,4,12,49
World,2024-12-09,54139.0,749.0,,,0.9641877875243148,0.013339305359458278,7704.734693877551,105.46938775510205,0.9605215775256555,0.013148489433087995,7704.734757142857,0.9682426128571429,105.46938571428572,0.013254181928571428,,,,,,,,,,,,,,,777139951.0,7079563.0,97662.03,889.6782,,,13724514000.0,5645247500.0,5197972500.0,2840532201.0,171.89876,70.706406,65.10431,35.577507,,,,,OWID_WRL,,8021407196.0,61.63385772705078,30.093000411987305,72.63980102539062,21405.1171875,9.975934982299805,10.797287940979004,79.72893524169922,3.2938599586486816,,global_reference,2023-2026,2024,4,12,50
World,2024-12-16,48419.0,838.0,,,0.8623175249661018,0.014924349654507393,6939.408163265306,119.38775510204083,0.8651110701281645,0.014883642256881728,6939.408142857143,0.87206517,119.3877542857143,0.015003282857142858,,,,,,,,,,,,,,,777189179.0,7080405.0,97668.21,889.784,,,13724514000.0,5645247500.0,5197972500.0,2840532201.0,171.89876,70.706406,65.10431,35.577507,,,,,OWID_WRL,,8021407196.0,61.63385772705078,30.093000411987305,72.63980102539062,21405.1171875,9.975934982299805,10.797287940979004,79.72893524169922,3.2938599586486816,,global_reference,2023-2026,2024,4,12,51
World,2024-12-23,35865.0,868.0,,,0.6387372319318707,0.015458634248344174,5283.428571428572,122.20408163265306,0.6586660472819842,0.015234743561403042,5283.428571428572,0.6639606542857143,122.20408428571429,0.015357206357142857,,,,,,,,,,,,,,,777225829.0,7081276.0,97672.82,889.8935,,,13724514000.0,5645247500.0,5197972500.0,2840532201.0,171.89876,70.706406,65.10431,35.577507,,,,,OWID_WRL,,8021407196.0,61.63385772705078,30.093000411987305,72.63980102539062,21405.1171875,9.975934982299805,10.797287940979004,79.72893524169922,3.2938599586486816,,global_reference,2023-2026,2024,4,12,52
World,2024-12-30,41810.0,1218.0,,,0.7446146289438593,0.02169195450977327,5737.612244897959,167.3877551020408,0.715287493166925,0.020867629707853663,5737.6122857142855,0.72103725,167.38775857142858,0.021035371714285715,,,,,,,,,,,,,,,777267642.0,7082497.0,97678.08,890.04694,,,13724514000.0,5645247500.0,5197972500.0,2840532201.0,171.89876,70.706406,65.10431,35.577507,,,,,OWID_WRL,,8021407196.0,61.63385772705078,30.093000411987305,72.63980102539062,21405.1171875,9.975934982299805,10.797287940979004,79.72893524169922,3.2938599586486816,,global_reference,2023-2026,2024,4,12,1
World,2025-01-06,49271.0,1378.0,,,0.8774912074310665,0.024541472343569435,6898.632653061225,193.71428571428572,0.8600277338496601,0.02414966364142246,6898.632614285714,0.8669409657142857,193.71429285714285,0.024343787857142855,,,,,,,,,,,,,,,777317652.0,7083879.0,97684.36,890.2206,,,13724514000.0,5645247500.0,5197972500.0,2840532201.0,171.89876,70.706406,65.10431,35.577507,,,,,OWID_WRL,,8021407196.0,61.63385772705078,30.093000411987305,72.63980102539062,21405.1171875,9.975934982299805,10.797287940979004,79.72893524169922,3.2938599586486816,,global_reference,2023-2026,2025,1,1,2
World,2025-01-13,42493.0,1320.0,,,0.7567785081968766,0.023508522128818328,6138.122448979592,190.22448979591837,0.7652176605671478,0.02371460332929822,6138.1224142857145,0.7713687814285715,190.22449,0.023905229857142857,,,,,,,,,,,,,,,777360691.0,7085201.0,97689.766,890.3867,,,13724514000.0,5645247500.0,5197972500.0,2840532201.0,171.89876,70.706406,65.10431,35.577507,,,,,OWID_WRL,,8021407196.0,61.63385772705078,30.093000411987305,72.63980102539062,21405.1171875,9.975934982299805,10.797287940979004,79.72893524169922,3.2938599586486816,,global_reference,2023-2026,2025,1,1,3
World,2025-01-20,38051.0,1192.0,,,0.6776687693361108,0.021228907861781394,5446.224489795918,171.10204081632654,0.6789612292107271,0.021330676355845537,5446.224542857143,0.6844189828571429,171.1020457142857,0.021502140571428574,,,,,,,,,,,,,,,777399229.0,7086395.0,97694.61,890.5368,,,13724514000.0,5645247500.0,5197972500.0,2840532201.0,171.89876,70.706406,65.10431,35.577507,,,,,OWID_WRL,,8021407196.0,61.63385772705078,30.093000411987305,72.63980102539062,21405.1171875,9.975934982299805,10.797287940979004,79.72893524169922,3.2938599586486816,,global_reference,2023-2026,2025,1,1,4
World,2025-01-27,35420.0,1106.0,,,0.6308120104566252,0.01969729202611596,5091.816326530613,158.91836734693877,0.6347784375127771,0.019811781581938116,5091.816328571428,0.6398810342857143,158.91836714285714,0.019971036,,,,,,,,,,,,,,,777435028.0,7087505.0,97699.11,890.6763,,,13724514000.0,5645247500.0,5197972500.0,2840532201.0,171.89876,70.706406,65.10431,35.577507,,,,,OWID_WRL,,8021407196.0,61.63385772705078,30.093000411987305,72.63980102539062,21405.1171875,9.975934982299805,10.797287940979004,79.72893524169922,3.2938599586486816,,global_reference,2023-2026,2025,1,1,5
World,2025-02-03,35689.0,1001.0,,,0.6356027623146948,0.01782729594768723,5053.224489795918,145.12244897959184,0.6299673319558944,0.01809189403225401,5053.224542857142,0.6350312385714286,145.12245000000001,0.018237324857142856,,,,,,,,,,,,,,,777471075.0,7088507.0,97703.64,890.8022,,,13724514000.0,5645247500.0,5197972500.0,2840532201.0,171.89876,70.706406,65.10431,35.577507,,,,,OWID_WRL,,8021407196.0,61.63385772705078,30.093000411987305,72.63980102539062,21405.1171875,9.975934982299805,10.797287940979004,79.72893524169922,3.2938599586486816,,global_reference,2023-2026,2025,1,2,6
World,2025-02-10,40419.0,902.0,,,0.719841633276294,0.016064156788025856,5655.306122448979,130.81632653061226,0.7050266847529072,0.016308401173779807,5655.306214285715,0.7106939500000001,130.81633285714284,0.016439494571428574,,,,,,,,,,,,,,,777511777.0,7089412.0,97708.76,890.9159,,,13724514000.0,5645247500.0,5197972500.0,2840532201.0,171.89876,70.706406,65.10431,35.577507,,,,,OWID_WRL,,8021407196.0,61.63385772705078,30.093000411987305,72.63980102539062,21405.1171875,9.975934982299805,10.797287940979004,79.72893524169922,3.2938599586486816,,global_reference,2023-2026,2025,1,2,7
World,2025-02-17,38296.0,884.0,,,0.6820320935191111,0.015743586031723787,5495.612244897959,126.20408163265306,0.6851182231016082,0.015733409182317366,5495.6122428571425,0.6906254671428572,126.20407857142857,0.015859880285714285,,,,,,,,,,,,,,,777550343.0,7090297.0,97713.6,891.02716,,,13724514000.0,5645247500.0,5197972500.0,2840532201.0,171.89876,70.706406,65.10431,35.577507,,,,,OWID_WRL,,8021407196.0,61.63385772705078,30.093000411987305,72.63980102539062,21405.1171875,9.975934982299805,10.797287940979004,79.72893524169922,3.2938599586486816,,global_reference,2023-2026,2025,1,2,8
World,2025-02-24,28755.0,845.0,,,0.5121117831925538,0.015049016059735975,4280.551020408164,121.69387755102039,0.5336409081118262,0.015171138252612945,4280.550942857143,0.5379304942857143,121.69388142857143,0.015293089714285713,,,,,,,,,,,,,,,777579383.0,7091143.0,97717.25,891.1335,,,13724514000.0,5645247500.0,5197972500.0,2840532201.0,171.89876,70.706406,65.10431,35.577507,,,,,OWID_WRL,,8021407196.0,61.63385772705078,30.093000411987305,72.63980102539062,21405.1171875,9.975934982299805,10.797287940979004,79.72893524169922,3.2938599586486816,,global_reference,2023-2026,2025,1,2,9
World,2025-03-03,22565.0,734.0,,,0.40187106199756484,0.013072163062539888,3322.0408163265306,106.6938775510204,0.41414688659405446,0.013301142174184212,3322.040828571429,0.4174759557142857,106.69387571428571,0.013408061857142857,,,,,,,,,,,,,,,777602204.0,7091877.0,97720.12,891.2257,,,13724514000.0,5645247500.0,5197972500.0,2840532201.0,171.89876,70.706406,65.10431,35.577507,,,,,OWID_WRL,,8021407196.0,61.63385772705078,30.093000411987305,72.63980102539062,21405.1171875,9.975934982299805,10.797287940979004,79.72893524169922,3.2938599586486816,,global_reference,2023-2026,2025,1,3,10
World,2025-03-10,19253.0,597.0,,,0.3428860428379843,0.010632263417351923,2810.6326530612246,88.08163265306123,0.35039146927521697,0.010980820509521625,2810.6326428571433,0.35320804857142857,88.08162857142857,0.011069088857142858,,,,,,,,,,,,,,,777621704.0,7092475.0,97722.57,891.30084,,,13724514000.0,5645247500.0,5197972500.0,2840532201.0,171.89876,70.706406,65.10431,35.577507,,,,,OWID_WRL,,8021407196.0,61.63385772705078,30.093000411987305,72.63980102539062,21405.1171875,9.975934982299805,10.797287940979004,79.72893524169922,3.2938599586486816,,global_reference,2023-2026,2025,1,3,11
World,2025-03-17,12205.0,559.0,,,0.21736478225926342,0.009955502931825339,1797.3061224489797,80.44897959183673,0.22406369338103777,0.010029285090021838,1797.3060571428573,0.22586480571428572,80.44897714285715,0.010109904285714285,,,,,,,,,,,,,,,777634196.0,7093038.0,97724.14,891.3716,,,13724514000.0,5645247500.0,5197972500.0,2840532201.0,171.89876,70.706406,65.10431,35.577507,,,,,OWID_WRL,,8021407196.0,61.63385772705078,30.093000411987305,72.63980102539062,21405.1171875,9.975934982299805,10.797287940979004,79.72893524169922,3.2938599586486816,,global_reference,2023-2026,2025,1,3,12
World,2025-03-24,10554.0,556.0,,,0.18796132011177927,0.009902074472441657,1536.5714285714287,79.24489795918369,0.1915588363769487,0.009879176561277217,1536.5713714285714,0.19309866285714286,79.24489714285713,0.009958589,,,,,,,,,,,,,,,777645019.0,7093594.0,97725.5,891.44147,,,13724514000.0,5645247500.0,5197972500.0,2840532201.0,171.89876,70.706406,65.10431,35.577507,,,,,OWID_WRL,,8021407196.0,61.63385772705078,30.093000411987305,72.63980102539062,21405.1171875,9.975934982299805,10.797287940979004,79.72893524169922,3.2938599586486816,,global_reference,2023-2026,2025,1,3,13
World,2025-03-31,9759.0,480.0,,,0.1738027783751046,0.008548553501388483,1405.6326530612246,69.97959183673468,0.17523516992905927,0.008724104153649131,1405.6326285714288,0.17664377714285714,69.97959285714286,0.008794231714285715,,,,,,,,,,,,,,,777655070.0,7094074.0,97726.766,891.5018,,,13724514000.0,5645247500.0,5197972500.0,2840532201.0,171.89876,70.706406,65.10431,35.577507,,,,,OWID_WRL,,8021407196.0,61.63385772705078,30.093000411987305,72.63980102539062,21405.1171875,9.975934982299805,10.797287940979004,79.72893524169922,3.2938599586486816,,global_reference,2023-2026,2025,1,3,14
World,2025-04-07,9060.0,432.0,,,0.16135394733870762,0.007693698151249635,1303.2857142857142,62.61224489795918,0.16247594498576662,0.00780564349472019,1303.2857428571428,0.16378199,62.61224599999999,0.007868388142857143,,,,,,,,,,,,,,,777664463.0,7094506.0,97727.945,891.5561,,,13724514000.0,5645247500.0,5197972500.0,2840532201.0,171.89876,70.706406,65.10431,35.577507,,,,,OWID_WRL,,8021407196.0,61.63385772705078,30.093000411987305,72.63980102539062,21405.1171875,9.975934982299805,10.797287940979004,79.72893524169922,3.2938599586486816,,global_reference,2023-2026,2025,2,4,15
World,2025-04-14,9813.0,446.0,,,0.1747644906440108,0.007943030961706798,1378.0204081632653,63.42857142857143,0.1717928506173394,0.007907411988784339,1378.0203999999999,0.1731737842857143,63.428572714285714,0.007970974714285714,,,,,,,,,,,,,,,777674611.0,7094952.0,97729.22,891.6121,,,13724514000.0,5645247500.0,5197972500.0,2840532201.0,171.89876,70.706406,65.10431,35.577507,,,,,OWID_WRL,,8021407196.0,61.63385772705078,30.093000411987305,72.63980102539062,21405.1171875,9.975934982299805,10.797287940979004,79.72893524169922,3.2938599586486816,,global_reference,2023-2026,2025,2,4,16
World,2025-04-21,15662.0,399.0,,,0.2789321769557217,0.007105985098029176,2113.285714285714,57.91836734693878,0.26345573322091803,0.007220474653851336,2113.2856714285713,0.2655734942857143,57.91836714285714,0.0072785154285714285,,,,,,,,,,,,,,,777690576.0,7095351.0,97731.23,891.6623,,,13724514000.0,5645247500.0,5197972500.0,2840532201.0,171.89876,70.706406,65.10431,35.577507,,,,,OWID_WRL,,8021407196.0,61.63385772705078,30.093000411987305,72.63980102539062,21405.1171875,9.975934982299805,10.797287940979004,79.72893524169922,3.2938599586486816,,global_reference,2023-2026,2025,2,4,17
World,2025-04-28,22560.0,346.0,,,0.40178201456525864,0.006162082315584197,3081.5714285714284,50.40816326530613,0.3841684324551079,0.006284204508461168,3081.5714285714284,0.3872565257142857,50.40816185714285,0.006334719414285714,,,,,,,,,,,,,,,777713461.0,7095697.0,97734.1,891.70575,,,13724514000.0,5645247500.0,5197972500.0,2840532201.0,171.89876,70.706406,65.10431,35.577507,,,,,OWID_WRL,,8021407196.0,61.63385772705078,30.093000411987305,72.63980102539062,21405.1171875,9.975934982299805,10.797287940979004,79.72893524169922,3.2938599586486816,,global_reference,2023-2026,2025,2,4,18
World,2025-05-05,41911.0,332.0,,,0.7464133870764431,0.005912749505127033,5592.163265306122,47.795918367346935,0.6971548917370454,0.005958545327455892,5592.163171428571,0.7027588828571429,47.79591714285714,0.006006442000000001,,,,,,,,,,,,,,,777755685.0,7096029.0,97739.41,891.7475,,,13724514000.0,5645247500.0,5197972500.0,2840532201.0,171.89876,70.706406,65.10431,35.577507,,,,,OWID_WRL,,8021407196.0,61.63385772705078,30.093000411987305,72.63980102539062,21405.1171875,9.975934982299805,10.797287940979004,79.72893524169922,3.2938599586486816,,global_reference,2023-2026,2025,2,5,19
World,2025-05-12,69046.0,304.0,,,1.229673802201811,0.005414083884212706,9316.673469387755,43.857142857142854,1.161476190117075,0.005467512343596376,9316.673185714286,1.1708125428571428,43.85714142857143,0.005511462214285715,,,,,,,,,,,,,,,777825065.0,7096333.0,97748.125,891.78564,,,13724514000.0,5645247500.0,5197972500.0,2840532201.0,171.89876,70.706406,65.10431,35.577507,,,,,OWID_WRL,,8021407196.0,61.63385772705078,30.093000411987305,72.63980102539062,21405.1171875,9.975934982299805,10.797287940979004,79.72893524169922,3.2938599586486816,,global_reference,2023-2026,2025,2,5,20
World,2025-05-19,103923.0,256.0,,,1.8508152615099902,0.004559228534073857,14140.979591836734,37.714285714285715,1.7629050921250287,0.004701704425763656,14140.979714285715,1.7770760428571428,37.71428714285714,0.004739498199999999,,,,,,,,,,,,,,,777929317.0,7096589.0,97761.23,891.8179,,,13724514000.0,5645247500.0,5197972500.0,2840532201.0,171.89876,70.706406,65.10431,35.577507,,,,,OWID_WRL,,8021407196.0,61.63385772705078,30.093000411987305,72.63980102539062,21405.1171875,9.975934982299805,10.797287940979004,79.72893524169922,3.2938599586486816,,global_reference,2023-2026,2025,2,5,21
World,2025-05-26,124782.0,293.0,,,2.222303339604703,0.005218179533139218,17411.48979591837,41.08163265306122,2.170627842531282,0.005121499463778269,17411.489714285715,2.1880762,41.08163257142858,0.005162668042857143,,,,,,,,,,,,,,,778054472.0,7096882.0,97776.95,891.8547,,,13724514000.0,5645247500.0,5197972500.0,2840532201.0,171.89876,70.706406,65.10431,35.577507,,,,,OWID_WRL,,8021407196.0,61.63385772705078,30.093000411987305,72.63980102539062,21405.1171875,9.975934982299805,10.797287940979004,79.72893524169922,3.2938599586486816,,global_reference,2023-2026,2025,2,5,22
World,2025-06-02,98112.0,334.0,,,1.7473243356838057,0.005948368478049485,14569.102040816328,46.91836734693878,1.8162775788369712,0.0058491441963369325,14569.102142857142,1.8308775285714287,46.91836842857143,0.005896161642857144,,,,,,,,,,,,,,,778152917.0,7097217.0,97789.33,891.8968,,,13724514000.0,5645247500.0,5197972500.0,2840532201.0,171.89876,70.706406,65.10431,35.577507,,,,,OWID_WRL,,8021407196.0,61.63385772705078,30.093000411987305,72.63980102539062,21405.1171875,9.975934982299805,10.797287940979004,79.72893524169922,3.2938599586486816,,global_reference,2023-2026,2025,2,6,23
World,2025-06-09,70248.0,310.0,,,1.2510808049282045,0.005520940802980061,10604.346938775509,44.836734693877546,1.3220058126538627,0.005589634536473354,10604.347285714286,1.3326326285714285,44.836733571428574,0.005634566000000001,,,,,,,,,,,,,,,778223533.0,7097529.0,97798.2,891.936,,,13724514000.0,5645247500.0,5197972500.0,2840532201.0,171.89876,70.706406,65.10431,35.577507,,,,,OWID_WRL,,8021407196.0,61.63385772705078,30.093000411987305,72.63980102539062,21405.1171875,9.975934982299805,10.797287940979004,79.72893524169922,3.2938599586486816,,global_reference,2023-2026,2025,2,6,24
World,2025-06-16,47600.0,319.0,,,0.8477315555543579,0.0056812261811310955,7268.612244897959,45.57142857142857,0.906151759571884,0.005681226181131088,7268.6122857142855,0.9134357714285715,45.57143,0.005726894000000001,,,,,,,,,,,,,,,778271385.0,7097848.0,97804.21,891.9761,,,13724514000.0,5645247500.0,5197972500.0,2840532201.0,171.89876,70.706406,65.10431,35.577507,,,,,OWID_WRL,,8021407196.0,61.63385772705078,30.093000411987305,72.63980102539062,21405.1171875,9.975934982299805,10.797287940979004,79.72893524169922,3.2938599586486816,,global_reference,2023-2026,2025,2,6,25
World,2025-06-23,30639.0,262.0,,,0.5456648556855036,0.004666085452841214,4717.428571428572,38.42857142857143,0.5881048619226066,0.0047907518580697864,4717.428571428572,0.5928322571428571,38.42857,0.004829261914285714,,,,,,,,,,,,,,,778302300.0,7098110.0,97808.1,892.009,,,13724514000.0,5645247500.0,5197972500.0,2840532201.0,171.89876,70.706406,65.10431,35.577507,,,,,OWID_WRL,,8021407196.0,61.63385772705078,30.093000411987305,72.63980102539062,21405.1171875,9.975934982299805,10.797287940979004,79.72893524169922,3.2938599586486816,,global_reference,2023-2026,2025,2,6,26
World,2025-06-30,29679.0,276.0,,,0.5285677486827266,0.004915418263298378,4262.040816326531,39.204081632653065,0.5313333075089214,0.004887431927430729,4262.040714285714,0.5356043857142857,39.20408042857143,0.004926719114285714,,,,,,,,,,,,,,,778332260.0,7098386.0,97811.87,892.0437,,,13724514000.0,5645247500.0,5197972500.0,2840532201.0,171.89876,70.706406,65.10431,35.577507,,,,,OWID_WRL,,8021407196.0,61.63385772705078,30.093000411987305,72.63980102539062,21405.1171875,9.975934982299805,10.797287940979004,79.72893524169922,3.2938599586486816,,global_reference,2023-2026,2025,2,6,27
World,2025-07-07,19181.0,253.0,,,0.341603759812776,0.004505800074690179,2962.4897959183677,36.612244897959194,0.3693229533835,0.0045643169587770566,2962.4897285714287,0.37229170714285714,36.61224457142857,0.004601006342857142,,,,,,,,,,,,,,,778351715.0,7098639.0,97814.31,892.07544,,,13724514000.0,5645247500.0,5197972500.0,2840532201.0,171.89876,70.706406,65.10431,35.577507,,,,,OWID_WRL,,8021407196.0,61.63385772705078,30.093000411987305,72.63980102539062,21405.1171875,9.975934982299805,10.797287940979004,79.72893524169922,3.2938599586486816,,global_reference,2023-2026,2025,3,7,28
World,2025-07-14,16462.0,266.0,,,0.29317976612470253,0.004737323398686118,2418.1020408163267,37.795918367346935,0.3014560889044709,0.004711881275170073,2418.1021285714282,0.3038793085714286,37.79591857142857,0.004749757285714285,,,,,,,,,,,,,,,778368490.0,7098905.0,97816.414,892.1089,,,13724514000.0,5645247500.0,5197972500.0,2840532201.0,171.89876,70.706406,65.10431,35.577507,,,,,OWID_WRL,,8021407196.0,61.63385772705078,30.093000411987305,72.63980102539062,21405.1171875,9.975934982299805,10.797287940979004,79.72893524169922,3.2938599586486816,,global_reference,2023-2026,2025,3,7,29
World,2025-07-21,14835.0,264.0,,,0.2642037316522878,0.004701704425763666,2158.5102040816323,37.87755102040817,0.2690937077920716,0.0047220581245764875,2158.5101142857143,0.2712567828571429,37.87755214285714,0.004760016028571429,,,,,,,,,,,,,,,778383701.0,7099170.0,97818.33,892.1422,,,13724514000.0,5645247500.0,5197972500.0,2840532201.0,171.89876,70.706406,65.10431,35.577507,,,,,OWID_WRL,,8021407196.0,61.63385772705078,30.093000411987305,72.63980102539062,21405.1171875,9.975934982299805,10.797287940979004,79.72893524169922,3.2938599586486816,,global_reference,2023-2026,2025,3,7,30
World,2025-07-28,15388.0,310.0,,,0.2740523776653458,0.005520940802980062,2207.2448979591836,43.673469387755105,0.27516928688770126,0.005444614432431942,2207.2448,0.27738119,43.67346828571429,0.005488380142857143,,,,,,,,,,,,,,,778399475.0,7099482.0,97820.31,892.1814,,,13724514000.0,5645247500.0,5197972500.0,2840532201.0,171.89876,70.706406,65.10431,35.577507,,,,,OWID_WRL,,8021407196.0,61.63385772705078,30.093000411987305,72.63980102539062,21405.1171875,9.975934982299805,10.797287940979004,79.72893524169922,3.2938599586486816,,global_reference,2023-2026,2025,3,7,31
World,2025-08-04,18013.0,332.0,,,0.32080227962606406,0.005912749505127034,2558.7551020408164,46.9795918367347,0.3189908004317236,0.005856776833391744,2558.7550142857144,0.3215549614285714,46.97959042857143,0.005903855428571429,,,,,,,,,,,,,,,778417873.0,7099816.0,97822.625,892.2234,,,13724514000.0,5645247500.0,5197972500.0,2840532201.0,171.89876,70.706406,65.10431,35.577507,,,,,OWID_WRL,,8021407196.0,61.63385772705078,30.093000411987305,72.63980102539062,21405.1171875,9.975934982299805,10.797287940979004,79.72893524169922,3.2938599586486816,,global_reference,2023-2026,2025,3,8,32
World,2025-08-11,21884.0,369.0,,,0.3897428017174699,0.006571700504192396,3082.224489795918,51.693877551020414,0.38424984725035893,0.006444489886612202,3082.2244,0.38733859000000004,51.693878857142856,0.006496293114285714,,,,,,,,,,,,,,,778440190.0,7100188.0,97825.43,892.27014,,,13724514000.0,5645247500.0,5197972500.0,2840532201.0,171.89876,70.706406,65.10431,35.577507,,,,,OWID_WRL,,8021407196.0,61.63385772705078,30.093000411987305,72.63980102539062,21405.1171875,9.975934982299805,10.797287940979004,79.72893524169922,3.2938599586486816,,global_reference,2023-2026,2025,3,8,33
World,2025-08-18,27568.0,425.0,,,0.4909719227630785,0.0075690317460210535,3904.6530612244896,60.10204081632653,0.486779060807637,0.007492705375472934,3904.6529714285716,0.49069199,60.10204171428571,0.007552934657142857,,,,,,,,,,,,,,,778468187.0,7100614.0,97828.945,892.32367,,,13724514000.0,5645247500.0,5197972500.0,2840532201.0,171.89876,70.706406,65.10431,35.577507,,,,,OWID_WRL,,8021407196.0,61.63385772705078,30.093000411987305,72.63980102539062,21405.1171875,9.975934982299805,10.797287940979004,79.72893524169922,3.2938599586486816,,global_reference,2023-2026,2025,3,8,34
World,2025-08-25,29229.0,473.0,,,0.5205534797751749,0.008423887096159901,4198.938775510204,66.3265306122449,0.5234666029177627,0.008268690142712065,4198.938685714285,0.5276744428571428,66.32653185714287,0.00833515747142857,,,,,,,,,,,,,,,778497909.0,7101087.0,97832.68,892.3831,,,13724514000.0,5645247500.0,5197972500.0,2840532201.0,171.89876,70.706406,65.10431,35.577507,,,,,OWID_WRL,,8021407196.0,61.63385772705078,30.093000411987305,72.63980102539062,21405.1171875,9.975934982299805,10.797287940979004,79.72893524169922,3.2938599586486816,,global_reference,2023-2026,2025,3,8,35
World,2025-09-01,34128.0,552.0,,,0.6078021539487212,0.009830836526596757,4876.408163265306,77.42857142857143,0.6079242761415997,0.009652741661984487,4876.408257142858,0.6128110071428571,77.42856857142858,0.00973033442857143,,,,,,,,,,,,,,,778532614.0,7101640.0,97837.04,892.4526,,,13724514000.0,5645247500.0,5197972500.0,2840532201.0,171.89876,70.706406,65.10431,35.577507,,,,,OWID_WRL,,8021407196.0,61.63385772705078,30.093000411987305,72.63980102539062,21405.1171875,9.975934982299805,10.797287940979004,79.72893524169922,3.2938599586486816,,global_reference,2023-2026,2025,3,9,36
World,2025-09-08,38445.0,568.0,,,0.6846857070018338,0.010115788309976373,5492.959183673469,81.12244897959184,0.6847874754958996,0.010113244097624761,5492.959285714285,0.6902920857142857,81.12245142857144,0.010194538285714287,,,,,,,,,,,,,,,778571063.0,7102208.0,97841.875,892.524,,,13724514000.0,5645247500.0,5197972500.0,2840532201.0,171.89876,70.706406,65.10431,35.577507,,,,,OWID_WRL,,8021407196.0,61.63385772705078,30.093000411987305,72.63980102539062,21405.1171875,9.975934982299805,10.797287940979004,79.72893524169922,3.2938599586486816,,global_reference,2023-2026,2025,3,9,37
World,2025-09-15,41349.0,572.0,,,0.736404455685234,0.010187026255821274,5899.2040816326535,81.42857142857143,0.7354325665669229,0.010151407282898815,5899.204100000001,0.741344242857143,81.42857571428571,0.010233008714285714,,,,,,,,,,,,,,,778613385.0,7102783.0,97847.195,892.59625,,,13724514000.0,5645247500.0,5197972500.0,2840532201.0,171.89876,70.706406,65.10431,35.577507,,,,,OWID_WRL,,8021407196.0,61.63385772705078,30.093000411987305,72.63980102539062,21405.1171875,9.975934982299805,10.797287940979004,79.72893524169922,3.2938599586486816,,global_reference,2023-2026,2025,3,9,38
World,2025-09-22,40844.0,600.0,,,0.7274106650223151,0.010685691876735603,5854.0,85.24489795918366,0.7297971362081208,0.010627174992648711,5853.999857142857,0.73566355,85.24490142857144,0.010712600142857144,,,,,,,,,,,,,,,778655175.0,7103383.0,97852.445,892.67163,,,13724514000.0,5645247500.0,5197972500.0,2840532201.0,171.89876,70.706406,65.10431,35.577507,,,,,OWID_WRL,,8021407196.0,61.63385772705078,30.093000411987305,72.63980102539062,21405.1171875,9.975934982299805,10.797287940979004,79.72893524169922,3.2938599586486816,,global_reference,2023-2026,2025,3,9,39
World,2025-09-29,38436.0,554.0,,,0.6845254216236827,0.009866455499519209,5478.938775510204,80.61224489795917,0.6830396016103476,0.010049638788834667,5478.938671428571,0.6885301357142858,80.61224714285713,0.010130421714285714,,,,,,,,,,,,,,,778694969.0,7103939.0,97857.445,892.7415,,,13724514000.0,5645247500.0,5197972500.0,2840532201.0,171.89876,70.706406,65.10431,35.577507,,,,,OWID_WRL,,8021407196.0,61.63385772705078,30.093000411987305,72.63980102539062,21405.1171875,9.975934982299805,10.797287940979004,79.72893524169922,3.2938599586486816,,global_reference,2023-2026,2025,3,9,40
World,2025-10-06,37813.0,443.0,,,0.673430111558339,0.007889602502323121,5424.163265306122,64.89795918367346,0.6762109356586433,0.008090595278099806,5424.163142857143,0.6816465785714286,64.89795828571428,0.008155630571428572,,,,,,,,,,,,,,,778734138.0,7104384.0,97862.37,892.7974,,,13724514000.0,5645247500.0,5197972500.0,2840532201.0,171.89876,70.706406,65.10431,35.577507,,,,,OWID_WRL,,8021407196.0,61.63385772705078,30.093000411987305,72.63980102539062,21405.1171875,9.975934982299805,10.797287940979004,79.72893524169922,3.2938599586486816,,global_reference,2023-2026,2025,4,10,41
World,2025-10-13,33108.0,381.0,,,0.5896364777582707,0.0067854143417271084,4727.285714285715,55.673469387755105,0.5893337164884314,0.006940611295174927,4727.285828571429,0.5940710085714286,55.67346814285714,0.0069964025,,,,,,,,,,,,,,,778768506.0,7104773.0,97866.69,892.8463,,,13724514000.0,5645247500.0,5197972500.0,2840532201.0,171.89876,70.706406,65.10431,35.577507,,,,,OWID_WRL,,8021407196.0,61.63385772705078,30.093000411987305,72.63980102539062,21405.1171875,9.975934982299805,10.797287940979004,79.72893524169922,3.2938599586486816,,global_reference,2023-2026,2025,4,10,42
World,2025-10-20,30150.0,360.0,,,0.536956016805964,0.006411415126041362,4318.938775510204,51.87755102040817,0.5384265715451926,0.006467387797776635,4318.938914285714,0.5427546714285715,51.87755,0.006519375185714286,,,,,,,,,,,,,,,778799622.0,7105137.0,97870.59,892.892,,,13724514000.0,5645247500.0,5197972500.0,2840532201.0,171.89876,70.706406,65.10431,35.577507,,,,,OWID_WRL,,8021407196.0,61.63385772705078,30.093000411987305,72.63980102539062,21405.1171875,9.975934982299805,10.797287940979004,79.72893524169922,3.2938599586486816,,global_reference,2023-2026,2025,4,10,43
World,2025-10-27,24886.0,335.0,,,0.4432068800740704,0.005966177964510712,3566.9591836734694,48.367346938775505,0.4446799790256505,0.006029783273300797,3566.959142857143,0.4482544828571429,48.36734685714286,0.0060782531714285715,,,,,,,,,,,,,,,778825156.0,7105477.0,97873.805,892.9348,,,13724514000.0,5645247500.0,5197972500.0,2840532201.0,171.89876,70.706406,65.10431,35.577507,,,,,OWID_WRL,,8021407196.0,61.63385772705078,30.093000411987305,72.63980102539062,21405.1171875,9.975934982299805,10.797287940979004,79.72893524169922,3.2938599586486816,,global_reference,2023-2026,2025,4,10,44
World,2025-11-03,22664.0,293.0,,,0.4036342011572262,0.005218179533139221,3232.4285714285716,42.69387755102041,0.4029752501581623,0.005322492239554964,3232.4286857142856,0.4062145228571428,42.69387785714286,0.005365276471428571,,,,,,,,,,,,,,,778848328.0,7105775.0,97876.72,892.9722,,,13724514000.0,5645247500.0,5197972500.0,2840532201.0,171.89876,70.706406,65.10431,35.577507,,,,,OWID_WRL,,8021407196.0,61.63385772705078,30.093000411987305,72.63980102539062,21405.1171875,9.975934982299805,10.797287940979004,79.72893524169922,3.2938599586486816,,global_reference,2023-2026,2025,4,11,45
World,2025-11-10,19918.0,275.0,,,0.35472935133469957,0.004897608776837152,2837.591836734694,39.12244897959183,0.3537523737916853,0.004877255078024314,2837.591785714286,0.3565959714285714,39.12244785714286,0.004916460485714286,,,,,,,,,,,,,,,778868649.0,7106050.0,97879.27,893.0068,,,13724514000.0,5645247500.0,5197972500.0,2840532201.0,171.89876,70.706406,65.10431,35.577507,,,,,OWID_WRL,,8021407196.0,61.63385772705078,30.093000411987305,72.63980102539062,21405.1171875,9.975934982299805,10.797287940979004,79.72893524169922,3.2938599586486816,,global_reference,2023-2026,2025,4,11,46
World,2025-11-17,17144.0,287.0,,,0.30532583589125867,0.005111322614371865,2489.7959183673474,40.89795918367347,0.31039390689565477,0.005098601552613838,2489.7958857142853,0.3128889614285714,40.897959,0.005139586057142857,,,,,,,,,,,,,,,778886177.0,7106339.0,97881.48,893.0431,,,13724514000.0,5645247500.0,5197972500.0,2840532201.0,171.89876,70.706406,65.10431,35.577507,,,,,OWID_WRL,,8021407196.0,61.63385772705078,30.093000411987305,72.63980102539062,21405.1171875,9.975934982299805,10.797287940979004,79.72893524169922,3.2938599586486816,,global_reference,2023-2026,2025,4,11,47
World,2025-11-24,16794.0,252.0,,,0.2990925156298295,0.004487990588228953,2403.1020408163267,36.48979591836735,0.29958609282604215,0.004549051684667434,2403.102,0.3019942857142857,36.48979571428571,0.004585618571428572,,,,,,,,,,,,,,,778903456.0,7106593.0,97883.65,893.075,,,13724514000.0,5645247500.0,5197972500.0,2840532201.0,171.89876,70.706406,65.10431,35.577507,,,,,OWID_WRL,,8021407196.0,61.63385772705078,30.093000411987305,72.63980102539062,21405.1171875,9.975934982299805,10.797287940979004,79.72893524169922,3.2938599586486816,,global_reference,2023-2026,2025,4,11,48
World,2025-12-01,17368.0,275.0,,,0.3093151608585733,0.004897608776837152,2494.6326530612246,39.204081632653065,0.31099688522298485,0.004887431927430729,2494.632614285714,0.3134967914285714,39.204080714285716,0.004926719114285714,,,,,,,,,,,,,,,778921354.0,7106869.0,97885.9,893.10974,,,13724514000.0,5645247500.0,5197972500.0,2840532201.0,171.89876,70.706406,65.10431,35.577507,,,,,OWID_WRL,,8021407196.0,61.63385772705078,30.093000411987305,72.63980102539062,21405.1171875,9.975934982299805,10.797287940979004,79.72893524169922,3.2938599586486816,,global_reference,2023-2026,2025,4,12,49
World,2025-12-08,16428.0,303.0,,,0.2925742435850208,0.005396274397751479,2368.9795918367345,42.51020408163265,0.29533216977416077,0.0052995943283905295,2368.979657142857,0.2977061728571428,42.510203,0.0053421945142857145,,,,,,,,,,,,,,,778938352.0,7107172.0,97888.03,893.14777,,,13724514000.0,5645247500.0,5197972500.0,2840532201.0,171.89876,70.706406,65.10431,35.577507,,,,,OWID_WRL,,8021407196.0,61.63385772705078,30.093000411987305,72.63980102539062,21405.1171875,9.975934982299805,10.797287940979004,79.72893524169922,3.2938599586486816,,global_reference,2023-2026,2025,4,12,50
World,2025-12-15,13803.0,357.0,,,0.24582434162430253,0.006357986666657683,1999.4489795918366,49.95918367346939,0.24926411672367227,0.0062282318367258855,1999.4490285714285,0.2512677957142857,49.95918385714286,0.0062782968285714285,,,,,,,,,,,,,,,778952686.0,7107529.0,97889.836,893.1927,,,13724514000.0,5645247500.0,5197972500.0,2840532201.0,171.89876,70.706406,65.10431,35.577507,,,,,OWID_WRL,,8021407196.0,61.63385772705078,30.093000411987305,72.63980102539062,21405.1171875,9.975934982299805,10.797287940979004,79.72893524169922,3.2938599586486816,,global_reference,2023-2026,2025,4,12,51
World,2025-12-22,9532.0,393.0,,,0.16976002494840628,0.00699912817926182,1403.1632653061224,55.3469387755102,0.17492732023451493,0.006899903897549267,1403.1631999999997,0.17633345142857143,55.34693885714285,0.006955367857142858,,,,,,,,,,,,,,,778962682.0,7107925.0,97891.086,893.24243,,,13724514000.0,5645247500.0,5197972500.0,2840532201.0,171.89876,70.706406,65.10431,35.577507,,,,,OWID_WRL,,8021407196.0,61.63385772705078,30.093000411987305,72.63980102539062,21405.1171875,9.975934982299805,10.797287940979004,79.72893524169922,3.2938599586486816,,global_reference,2023-2026,2025,4,12,52
World,2025-12-29,8519.0,491.0,,,0.15171901516318437,0.00874445785246197,1247.204081632653,68.44897959183673,0.1554844494435594,0.008533288227278852,1247.2040857142856,0.15673429142857143,68.44898185714285,0.0086018819,,,,,,,,,,,,,,,778971721.0,7108420.0,97892.23,893.3046,,,13724514000.0,5645247500.0,5197972500.0,2840532201.0,171.89876,70.706406,65.10431,35.577507,,,,,OWID_WRL,,8021407196.0,61.63385772705078,30.093000411987305,72.63980102539062,21405.1171875,9.975934982299805,10.797287940979004,79.72893524169922,3.2938599586486816,,global_reference,2023-2026,2025,4,12,1
World,2026-01-05,13639.0,600.0,,,0.2429035858446615,0.010685691876735603,1855.469387755102,83.46938775510203,0.2313146985831081,0.010405828518059186,1855.4694,0.23317408857142857,83.46939142857143,0.010489474428571429,,,,,,,,,,,,,,,778985832.0,7109020.0,97894.0,893.38,,,13724514000.0,5645247500.0,5197972500.0,2840532201.0,171.89876,70.706406,65.10431,35.577507,,,,,OWID_WRL,,8021407196.0,61.63385772705078,30.093000411987305,72.63980102539062,21405.1171875,9.975934982299805,10.797287940979004,79.72893524169922,3.2938599586486816,,global_reference,2023-2026,2026,1,1,2
World,2026-01-12,12054.0,569.0,,,0.2146755498036183,0.010133597796437596,1734.5102040816328,81.91836734693878,0.2162351519751529,0.010212468379337303,1734.5102000000002,0.21797332857142857,81.91836428571428,0.010294559642857143,,,,,,,,,,,,,,,778998315.0,7109591.0,97895.56,893.4518,,,13724514000.0,5645247500.0,5197972500.0,2840532201.0,171.89876,70.706406,65.10431,35.577507,,,,,OWID_WRL,,8021407196.0,61.63385772705078,30.093000411987305,72.63980102539062,21405.1171875,9.975934982299805,10.797287940979004,79.72893524169922,3.2938599586486816,,global_reference,2023-2026,2026,1,1,3
World,2026-01-19,12156.0,510.0,,,0.21649211742266333,0.009082838095225263,1737.5918367346942,73.93877551020408,0.21661932804024506,0.009217681349860252,1737.5918,0.21836059428571428,73.93877285714287,0.009291776142857144,,,,,,,,,,,,,,,779010830.0,7110104.0,97897.14,893.51624,,,13724514000.0,5645247500.0,5197972500.0,2840532201.0,171.89876,70.706406,65.10431,35.577507,,,,,OWID_WRL,,8021407196.0,61.63385772705078,30.093000411987305,72.63980102539062,21405.1171875,9.975934982299805,10.797287940979004,79.72893524169922,3.2938599586486816,,global_reference,2023-2026,2026,1,1,4
World,2026-01-26,12578.0,486.0,,,0.2240077207093007,0.00865541042015584,1800.6530612244899,69.9795918367347,0.22448094420670053,0.008724104153649131,1800.6531142857143,0.22628540714285714,69.97959,0.008794231857142858,,,,,,,,,,,,,,,779023757.0,7110592.0,97898.766,893.5776,,,13724514000.0,5645247500.0,5197972500.0,2840532201.0,171.89876,70.706406,65.10431,35.577507,,,,,OWID_WRL,,8021407196.0,61.63385772705078,30.093000411987305,72.63980102539062,21405.1171875,9.975934982299805,10.797287940979004,79.72893524169922,3.2938599586486816,,global_reference,2023-2026,2026,1,1,5
World,2026-02-02,12968.0,484.0,,,0.23095342042917882,0.008619791447233386,1836.4897959183675,69.04081632653062,0.22894858109611663,0.00860707038547536,1836.4897714285714,0.2307889642857143,69.04081857142857,0.008676256857142857,,,,,,,,,,,,,,,779037059.0,7111078.0,97900.44,893.6387,,,13724514000.0,5645247500.0,5197972500.0,2840532201.0,171.89876,70.706406,65.10431,35.577507,,,,,OWID_WRL,,8021407196.0,61.63385772705078,30.093000411987305,72.63980102539062,21405.1171875,9.975934982299805,10.797287940979004,79.72893524169922,3.2938599586486816,,global_reference,2023-2026,2026,1,2,6
World,2026-02-09,13605.0,403.0,,,0.24229806330497983,0.0071772230438740805,1929.265306122449,58.97959183673469,0.24051457044650718,0.007352773696134729,1929.2652857142857,0.24244792142857144,58.979592857142855,0.007411877857142857,,,,,,,,,,,,,,,779050959.0,7111484.0,97902.18,893.6897,,,13724514000.0,5645247500.0,5197972500.0,2840532201.0,171.89876,70.706406,65.10431,35.577507,,,,,OWID_WRL,,8021407196.0,61.63385772705078,30.093000411987305,72.63980102539062,21405.1171875,9.975934982299805,10.797287940979004,79.72893524169922,3.2938599586486816,,global_reference,2023-2026,2026,1,2,7
World,2026-02-16,12931.0,415.0,,,0.23029446943011347,0.007390936881408792,1825.387755102041,59.306122448979586,0.22756452957684423,0.007393481093760388,1825.3878285714288,0.2293937842857143,59.306121142857144,0.007452912714285714,,,,,,,,,,,,,,,779064173.0,7111899.0,97903.84,893.7418,,,13724514000.0,5645247500.0,5197972500.0,2840532201.0,171.89876,70.706406,65.10431,35.577507,,,,,OWID_WRL,,8021407196.0,61.63385772705078,30.093000411987305,72.63980102539062,21405.1171875,9.975934982299805,10.797287940979004,79.72893524169922,3.2938599586486816,,global_reference,2023-2026,2026,1,2,8
World,2026-02-23,11662.0,379.0,,,0.20769423111081767,0.0067497953688046555,1673.6734693877552,54.857142857142854,0.20865085495502217,0.006838842801110778,1673.6734571428572,0.21032807285714286,54.857142714285715,0.006893815971428572,,,,,,,,,,,,,,,779076089.0,7112279.0,97905.34,893.7896,,,13724514000.0,5645247500.0,5197972500.0,2840532201.0,171.89876,70.706406,65.10431,35.577507,,,,,OWID_WRL,,8021407196.0,61.63385772705078,30.093000411987305,72.63980102539062,21405.1171875,9.975934982299805,10.797287940979004,79.72893524169922,3.2938599586486816,,global_reference,2023-2026,2026,1,2,9
World,2026-03-02,11406.0,347.0,,,0.2031350025767438,0.006179891802045425,1618.142857142857,49.91836734693878,0.20172805314630846,0.00622314341202268,1618.1428857142857,0.20334962,49.91836857142857,0.006273167542857143,,,,,,,,,,,,,,,779087676.0,7112626.0,97906.8,893.8332,,,13724514000.0,5645247500.0,5197972500.0,2840532201.0,171.89876,70.706406,65.10431,35.577507,,,,,OWID_WRL,,8021407196.0,61.63385772705078,30.093000411987305,72.63980102539062,21405.1171875,9.975934982299805,10.797287940979004,79.72893524169922,3.2938599586486816,,global_reference,2023-2026,2026,1,3,10
World,2026-03-09,9044.0,278.0,,,0.161068995555328,0.00495103723622083,1328.612244897959,41.163265306122454,0.16563331251410657,0.005131676313184686,1328.612257142857,0.16696472857142858,41.163266428571426,0.005172926828571428,,,,,,,,,,,,,,,779096927.0,7112904.0,97907.96,893.8681,,,13724514000.0,5645247500.0,5197972500.0,2840532201.0,171.89876,70.706406,65.10431,35.577507,,,,,OWID_WRL,,8021407196.0,61.63385772705078,30.093000411987305,72.63980102539062,21405.1171875,9.975934982299805,10.797287940979004,79.72893524169922,3.2938599586486816,,global_reference,2023-2026,2026,1,3,11
World,2026-03-16,7496.0,253.0,,,0.13349991051335014,0.00450580007469018,1093.0,36.612244897959194,0.13626038091484172,0.004564316958777057,1093.000057142857,0.13735569142857143,36.61224457142857,0.004601006342857142,,,,,,,,,,,,,,,779104584.0,7113157.0,97908.92,893.8999,,,13724514000.0,5645247500.0,5197972500.0,2840532201.0,171.89876,70.706406,65.10431,35.577507,,,,,OWID_WRL,,8021407196.0,61.63385772705078,30.093000411987305,72.63980102539062,21405.1171875,9.975934982299805,10.797287940979004,79.72893524169922,3.2938599586486816,,global_reference,2023-2026,2026,1,3,12
World,2026-03-23,5835.0,220.0,,,0.10391835350125375,0.003918087021469722,859.1020408163265,31.918367346938773,0.10710116315311151,0.003979148117908203,859.1020142857143,0.10796208428571429,31.918367857142858,0.004011133928571429,,,,,,,,,,,,,,,779110615.0,7113377.0,97909.68,893.92755,,,13724514000.0,5645247500.0,5197972500.0,2840532201.0,171.89876,70.706406,65.10431,35.577507,,,,,OWID_WRL,,8021407196.0,61.63385772705078,30.093000411987305,72.63980102539062,21405.1171875,9.975934982299805,10.797287940979004,79.72893524169922,3.2938599586486816,,global_reference,2023-2026,2026,1,3,13
World,2026-03-30,4474.0,196.0,,,0.07967964242752515,0.003490659346400297,660.0612244897959,28.428571428571427,0.08228746008792047,0.0035440878057839673,660.0612571428572,0.08294891571428573,28.428571428571427,0.003572576457142857,,,,,,,,,,,,,,,779115291.0,7113573.0,97910.266,893.9522,,,13724514000.0,5645247500.0,5197972500.0,2840532201.0,171.89876,70.706406,65.10431,35.577507,,,,,OWID_WRL,,8021407196.0,61.63385772705078,30.093000411987305,72.63980102539062,21405.1171875,9.975934982299805,10.797287940979004,79.72893524169922,3.2938599586486816,,global_reference,2023-2026,2026,1,3,14
World,2026-04-06,3706.0,159.0,,,0.06600195682530358,0.0028317083473349347,533.7959183673469,23.285714285714285,0.06654641826854828,0.002902946293179831,533.7959428571428,0.06708134714285714,23.285713571428573,0.0029262812,,,,,,,,,,,,,,,779119145.0,7113732.0,97910.75,893.97217,,,13724514000.0,5645247500.0,5197972500.0,2840532201.0,171.89876,70.706406,65.10431,35.577507,,,,,OWID_WRL,,8021407196.0,61.63385772705078,30.093000411987305,72.63980102539062,21405.1171875,9.975934982299805,10.797287940979004,79.72893524169922,3.2938599586486816,,global_reference,2023-2026,2026,2,4,15
World,2026-04-13,3098.0,153.0,,,0.05517378905687816,0.002724851428567579,449.10204081632656,21.836734693877553,0.05598793700939288,0.0027223072162159676,449.10204857142855,0.05643798771428571,21.836734714285715,0.002744190142857143,,,,,,,,,,,,,,,779122360.0,7113885.0,97911.16,893.9914,,,13724514000.0,5645247500.0,5197972500.0,2840532201.0,171.89876,70.706406,65.10431,35.577507,,,,,OWID_WRL,,8021407196.0,61.63385772705078,30.093000411987305,72.63980102539062,21405.1171875,9.975934982299805,10.797287940979004,79.72893524169922,3.2938599586486816,,global_reference,2023-2026,2026,2,4,16
World,2026-04-20,3012.0,117.0,,,0.05364217322121272,0.0020837099159634427,430.73469387755097,17.510204081632654,0.05369814589294952,0.0021829341976759794,430.73468,0.05412979228571429,17.510203571428573,0.0022004813857142854,,,,,,,,,,,,,,,779125454.0,7114002.0,97911.55,894.0061,,,13724514000.0,5645247500.0,5197972500.0,2840532201.0,171.89876,70.706406,65.10431,35.577507,,,,,OWID_WRL,,8021407196.0,61.63385772705078,30.093000411987305,72.63980102539062,21405.1171875,9.975934982299805,10.797287940979004,79.72893524169922,3.2938599586486816,,global_reference,2023-2026,2026,2,4,17
World,2026-04-27,2066.0,88.0,,,0.036794399028892935,0.0015672348085878885,306.32653061224494,13.224489795918368,0.03818862739757329,0.0016486496038391994,306.32652285714283,0.038495602571428575,13.224489285714284,0.0016619021285714287,,,,,,,,,,,,,,,779127575.0,7114090.0,97911.81,894.01715,,,13724514000.0,5645247500.0,5197972500.0,2840532201.0,171.89876,70.706406,65.10431,35.577507,,,,,OWID_WRL,,8021407196.0,61.63385772705078,30.093000411987305,72.63980102539062,21405.1171875,9.975934982299805,10.797287940979004,79.72893524169922,3.2938599586486816,,global_reference,2023-2026,2026,2,4,18
