location,iso_code,date,retail_and_recreation_percent_change_from_baseline,grocery_and_pharmacy_percent_change_from_baseline,parks_percent_change_from_baseline,transit_stations_percent_change_from_baseline,workplaces_percent_change_from_baseline,residential_percent_change_from_baseline,year,quarter,month,iso_week,week_start,pandemic_period,location_type,mobility_restriction_index
Poland,PL,2020-02-15,7.0,-1.0,26.0,4.0,0.0,-1.0,2020,1,2,7,2020-02-10,2020-2022,comparison_country,3.6666666666666665
Poland,PL,2020-02-16,12.0,-13.0,18.0,6.0,-2.0,0.0,2020,1,2,7,2020-02-10,2020-2022,comparison_country,5.333333333333333
Poland,PL,2020-02-17,6.0,1.0,20.0,1.0,1.0,0.0,2020,1,2,8,2020-02-17,2020-2022,comparison_country,2.6666666666666665
Poland,PL,2020-02-18,3.0,-1.0,13.0,-1.0,1.0,1.0,2020,1,2,8,2020-02-17,2020-2022,comparison_country,1.0
Poland,PL,2020-02-19,5.0,0.0,13.0,-1.0,1.0,0.0,2020,1,2,8,2020-02-17,2020-2022,comparison_country,1.6666666666666667
Poland,PL,2020-02-20,7.0,1.0,23.0,3.0,1.0,0.0,2020,1,2,8,2020-02-17,2020-2022,comparison_country,3.6666666666666665
Poland,PL,2020-02-21,1.0,-2.0,-3.0,-3.0,1.0,0.0,2020,1,2,8,2020-02-17,2020-2022,comparison_country,-0.3333333333333333
Poland,PL,2020-02-22,3.0,-1.0,16.0,2.0,2.0,0.0,2020,1,2,8,2020-02-17,2020-2022,comparison_country,2.3333333333333335
Poland,PL,2020-02-23,-7.0,-25.0,-30.0,-2.0,-3.0,1.0,2020,1,2,8,2020-02-17,2020-2022,comparison_country,-4.0
Poland,PL,2020-02-24,1.0,1.0,-4.0,3.0,8.0,-1.0,2020,1,2,9,2020-02-24,2020-2022,comparison_country,4.0
Poland,PL,2020-02-25,1.0,2.0,5.0,5.0,8.0,0.0,2020,1,2,9,2020-02-24,2020-2022,comparison_country,4.666666666666667
Poland,PL,2020-02-26,-2.0,-2.0,3.0,3.0,8.0,0.0,2020,1,2,9,2020-02-24,2020-2022,comparison_country,3.0
Poland,PL,2020-02-27,3.0,4.0,4.0,5.0,8.0,0.0,2020,1,2,9,2020-02-24,2020-2022,comparison_country,5.333333333333333
Poland,PL,2020-02-28,3.0,5.0,-1.0,5.0,9.0,-1.0,2020,1,2,9,2020-02-24,2020-2022,comparison_country,5.666666666666667
Poland,PL,2020-02-29,4.0,3.0,8.0,1.0,4.0,1.0,2020,1,2,9,2020-02-24,2020-2022,comparison_country,3.0
Poland,PL,2020-03-01,7.0,-7.0,30.0,10.0,2.0,1.0,2020,1,3,9,2020-02-24,2020-2022,comparison_country,6.333333333333333
Poland,PL,2020-03-02,2.0,3.0,-6.0,3.0,10.0,-1.0,2020,1,3,10,2020-03-02,2020-2022,comparison_country,5.0
Poland,PL,2020-03-03,1.0,1.0,0.0,2.0,9.0,0.0,2020,1,3,10,2020-03-02,2020-2022,comparison_country,4.0
Poland,PL,2020-03-04,4.0,5.0,5.0,4.0,9.0,0.0,2020,1,3,10,2020-03-02,2020-2022,comparison_country,5.666666666666667
Poland,PL,2020-03-05,5.0,5.0,22.0,7.0,9.0,-1.0,2020,1,3,10,2020-03-02,2020-2022,comparison_country,7.0
Poland,PL,2020-03-06,4.0,4.0,-2.0,3.0,9.0,-1.0,2020,1,3,10,2020-03-02,2020-2022,comparison_country,5.333333333333333
Poland,PL,2020-03-07,7.0,7.0,3.0,0.0,4.0,0.0,2020,1,3,10,2020-03-02,2020-2022,comparison_country,3.6666666666666665
Poland,PL,2020-03-08,24.0,3.0,36.0,13.0,5.0,0.0,2020,1,3,10,2020-03-02,2020-2022,comparison_country,14.0
Poland,PL,2020-03-09,4.0,3.0,8.0,3.0,9.0,-1.0,2020,1,3,11,2020-03-09,2020-2022,comparison_country,5.333333333333333
Poland,PL,2020-03-10,4.0,10.0,15.0,3.0,9.0,0.0,2020,1,3,11,2020-03-09,2020-2022,comparison_country,5.333333333333333
Poland,PL,2020-03-11,3.0,30.0,4.0,-2.0,5.0,0.0,2020,1,3,11,2020-03-09,2020-2022,comparison_country,2.0
Poland,PL,2020-03-12,-14.0,21.0,-13.0,-21.0,-12.0,6.0,2020,1,3,11,2020-03-09,2020-2022,comparison_country,-15.666666666666666
Poland,PL,2020-03-13,-28.0,6.0,-29.0,-34.0,-17.0,10.0,2020,1,3,11,2020-03-09,2020-2022,comparison_country,-26.333333333333332
Poland,PL,2020-03-14,-52.0,-17.0,-29.0,-39.0,-14.0,10.0,2020,1,3,11,2020-03-09,2020-2022,comparison_country,-35.0
Poland,PL,2020-03-15,-70.0,-43.0,-17.0,-52.0,-26.0,10.0,2020,1,3,11,2020-03-09,2020-2022,comparison_country,-49.333333333333336
Poland,PL,2020-03-16,-50.0,-23.0,-20.0,-52.0,-33.0,15.0,2020,1,3,12,2020-03-16,2020-2022,comparison_country,-45.0
Poland,PL,2020-03-17,-53.0,-26.0,5.0,-53.0,-38.0,17.0,2020,1,3,12,2020-03-16,2020-2022,comparison_country,-48.0
Poland,PL,2020-03-18,-51.0,-24.0,14.0,-52.0,-39.0,16.0,2020,1,3,12,2020-03-16,2020-2022,comparison_country,-47.333333333333336
Poland,PL,2020-03-19,-52.0,-24.0,-3.0,-54.0,-40.0,17.0,2020,1,3,12,2020-03-16,2020-2022,comparison_country,-48.666666666666664
Poland,PL,2020-03-20,-55.0,-23.0,-31.0,-58.0,-39.0,19.0,2020,1,3,12,2020-03-16,2020-2022,comparison_country,-50.666666666666664
Poland,PL,2020-03-21,-64.0,-32.0,-43.0,-59.0,-28.0,14.0,2020,1,3,12,2020-03-16,2020-2022,comparison_country,-50.333333333333336
Poland,PL,2020-03-22,-76.0,-55.0,-47.0,-66.0,-33.0,12.0,2020,1,3,12,2020-03-16,2020-2022,comparison_country,-58.333333333333336
Poland,PL,2020-03-23,-53.0,-27.0,-37.0,-59.0,-41.0,18.0,2020,1,3,13,2020-03-23,2020-2022,comparison_country,-51.0
Poland,PL,2020-03-24,-52.0,-21.0,-29.0,-58.0,-42.0,19.0,2020,1,3,13,2020-03-23,2020-2022,comparison_country,-50.666666666666664
Poland,PL,2020-03-25,-58.0,-30.0,-41.0,-62.0,-44.0,20.0,2020,1,3,13,2020-03-23,2020-2022,comparison_country,-54.666666666666664
Poland,PL,2020-03-26,-58.0,-30.0,-35.0,-62.0,-44.0,20.0,2020,1,3,13,2020-03-23,2020-2022,comparison_country,-54.666666666666664
Poland,PL,2020-03-27,-58.0,-28.0,-30.0,-62.0,-43.0,21.0,2020,1,3,13,2020-03-23,2020-2022,comparison_country,-54.333333333333336
Poland,PL,2020-03-28,-63.0,-34.0,-9.0,-56.0,-29.0,12.0,2020,1,3,13,2020-03-23,2020-2022,comparison_country,-49.333333333333336
Poland,PL,2020-03-29,-78.0,-59.0,-59.0,-71.0,-36.0,13.0,2020,1,3,13,2020-03-23,2020-2022,comparison_country,-61.666666666666664
Poland,PL,2020-03-30,-56.0,-32.0,-48.0,-64.0,-44.0,20.0,2020,1,3,14,2020-03-30,2020-2022,comparison_country,-54.666666666666664
Poland,PL,2020-03-31,-54.0,-25.0,-46.0,-63.0,-44.0,21.0,2020,1,3,14,2020-03-30,2020-2022,comparison_country,-53.666666666666664
Poland,PL,2020-04-01,-58.0,-38.0,-50.0,-64.0,-46.0,21.0,2020,2,4,14,2020-03-30,2020-2022,comparison_country,-56.0
Poland,PL,2020-04-02,-58.0,-35.0,-48.0,-64.0,-46.0,21.0,2020,2,4,14,2020-03-30,2020-2022,comparison_country,-56.0
Poland,PL,2020-04-03,-59.0,-33.0,-56.0,-65.0,-45.0,22.0,2020,2,4,14,2020-03-30,2020-2022,comparison_country,-56.333333333333336
Poland,PL,2020-04-04,-71.0,-44.0,-56.0,-63.0,-32.0,15.0,2020,2,4,14,2020-03-30,2020-2022,comparison_country,-55.333333333333336
Poland,PL,2020-04-05,-71.0,41.0,-59.0,-68.0,-27.0,12.0,2020,2,4,14,2020-03-30,2020-2022,comparison_country,-55.333333333333336
Poland,PL,2020-04-06,-54.0,-37.0,-43.0,-62.0,-45.0,19.0,2020,2,4,15,2020-04-06,2020-2022,comparison_country,-53.666666666666664
Poland,PL,2020-04-07,-53.0,-29.0,-37.0,-60.0,-46.0,20.0,2020,2,4,15,2020-04-06,2020-2022,comparison_country,-53.0
Poland,PL,2020-04-08,-50.0,-25.0,-37.0,-60.0,-46.0,18.0,2020,2,4,15,2020-04-06,2020-2022,comparison_country,-52.0
Poland,PL,2020-04-09,-48.0,-18.0,-38.0,-58.0,-48.0,19.0,2020,2,4,15,2020-04-06,2020-2022,comparison_country,-51.333333333333336
Poland,PL,2020-04-10,-50.0,-16.0,-48.0,-61.0,-54.0,23.0,2020,2,4,15,2020-04-06,2020-2022,comparison_country,-55.0
Poland,PL,2020-04-11,-76.0,-57.0,-57.0,-64.0,-48.0,17.0,2020,2,4,15,2020-04-06,2020-2022,comparison_country,-62.666666666666664
Poland,PL,2020-04-12,-88.0,-73.0,-63.0,-75.0,-41.0,13.0,2020,2,4,15,2020-04-06,2020-2022,comparison_country,-68.0
Poland,PL,2020-04-13,-92.0,-94.0,-71.0,-86.0,-90.0,34.0,2020,2,4,16,2020-04-13,2020-2022,comparison_country,-89.33333333333333
Poland,PL,2020-04-14,-59.0,-43.0,-54.0,-65.0,-48.0,21.0,2020,2,4,16,2020-04-13,2020-2022,comparison_country,-57.333333333333336
Poland,PL,2020-04-15,-53.0,-33.0,-49.0,-61.0,-45.0,20.0,2020,2,4,16,2020-04-13,2020-2022,comparison_country,-53.0
Poland,PL,2020-04-16,-55.0,-32.0,-40.0,-60.0,-43.0,19.0,2020,2,4,16,2020-04-13,2020-2022,comparison_country,-52.666666666666664
Poland,PL,2020-04-17,-53.0,-28.0,-44.0,-61.0,-42.0,20.0,2020,2,4,16,2020-04-13,2020-2022,comparison_country,-52.0
Poland,PL,2020-04-18,-67.0,-36.0,-42.0,-57.0,-23.0,12.0,2020,2,4,16,2020-04-13,2020-2022,comparison_country,-49.0
Poland,PL,2020-04-19,-76.0,-53.0,-56.0,-67.0,-27.0,11.0,2020,2,4,16,2020-04-13,2020-2022,comparison_country,-56.666666666666664
Poland,PL,2020-04-20,-45.0,-27.0,3.0,-56.0,-40.0,16.0,2020,2,4,17,2020-04-20,2020-2022,comparison_country,-47.0
Poland,PL,2020-04-21,-47.0,-25.0,10.0,-55.0,-40.0,17.0,2020,2,4,17,2020-04-20,2020-2022,comparison_country,-47.333333333333336
Poland,PL,2020-04-22,-47.0,-26.0,11.0,-55.0,-39.0,16.0,2020,2,4,17,2020-04-20,2020-2022,comparison_country,-47.0
Poland,PL,2020-04-23,-45.0,-21.0,29.0,-53.0,-39.0,15.0,2020,2,4,17,2020-04-20,2020-2022,comparison_country,-45.666666666666664
Poland,PL,2020-04-24,-46.0,-20.0,5.0,-54.0,-38.0,15.0,2020,2,4,17,2020-04-20,2020-2022,comparison_country,-46.0
Poland,PL,2020-04-25,-61.0,-27.0,-15.0,-52.0,-22.0,10.0,2020,2,4,17,2020-04-20,2020-2022,comparison_country,-45.0
Poland,PL,2020-04-26,-54.0,73.0,10.0,-53.0,-14.0,7.0,2020,2,4,17,2020-04-20,2020-2022,comparison_country,-40.333333333333336
Poland,PL,2020-04-27,-40.0,-27.0,22.0,-53.0,-36.0,14.0,2020,2,4,18,2020-04-27,2020-2022,comparison_country,-43.0
Poland,PL,2020-04-28,-41.0,-19.0,37.0,-50.0,-36.0,12.0,2020,2,4,18,2020-04-27,2020-2022,comparison_country,-42.333333333333336
Poland,PL,2020-04-29,-41.0,-14.0,-15.0,-53.0,-37.0,15.0,2020,2,4,18,2020-04-27,2020-2022,comparison_country,-43.666666666666664
Poland,PL,2020-04-30,-28.0,18.0,25.0,-44.0,-38.0,10.0,2020,2,4,18,2020-04-27,2020-2022,comparison_country,-36.666666666666664
Poland,PL,2020-05-01,-82.0,-85.0,6.0,-74.0,-81.0,28.0,2020,2,5,18,2020-04-27,2020-2022,comparison_country,-79.0
Poland,PL,2020-05-02,-56.0,-19.0,25.0,-50.0,-28.0,8.0,2020,2,5,18,2020-04-27,2020-2022,comparison_country,-44.666666666666664
Poland,PL,2020-05-03,-66.0,-43.0,-1.0,-57.0,-21.0,6.0,2020,2,5,18,2020-04-27,2020-2022,comparison_country,-48.0
Poland,PL,2020-05-04,-29.0,-18.0,5.0,-49.0,-34.0,12.0,2020,2,5,19,2020-05-04,2020-2022,comparison_country,-37.333333333333336
Poland,PL,2020-05-05,-35.0,-17.0,-17.0,-52.0,-34.0,14.0,2020,2,5,19,2020-05-04,2020-2022,comparison_country,-40.333333333333336
Poland,PL,2020-05-06,-35.0,-17.0,-16.0,-51.0,-34.0,14.0,2020,2,5,19,2020-05-04,2020-2022,comparison_country,-40.0
Poland,PL,2020-05-07,-32.0,-11.0,16.0,-46.0,-32.0,12.0,2020,2,5,19,2020-05-04,2020-2022,comparison_country,-36.666666666666664
Poland,PL,2020-05-08,-30.0,-6.0,35.0,-44.0,-31.0,11.0,2020,2,5,19,2020-05-04,2020-2022,comparison_country,-35.0
Poland,PL,2020-05-09,-37.0,-11.0,79.0,-32.0,-10.0,2.0,2020,2,5,19,2020-05-04,2020-2022,comparison_country,-26.333333333333332
Poland,PL,2020-05-10,-44.0,-4.0,82.0,-34.0,-6.0,1.0,2020,2,5,19,2020-05-04,2020-2022,comparison_country,-28.0
Poland,PL,2020-05-11,-29.0,-16.0,-14.0,-48.0,-31.0,12.0,2020,2,5,20,2020-05-11,2020-2022,comparison_country,-36.0
Poland,PL,2020-05-12,-30.0,-11.0,-8.0,-47.0,-31.0,13.0,2020,2,5,20,2020-05-11,2020-2022,comparison_country,-36.0
Poland,PL,2020-05-13,-30.0,-13.0,2.0,-46.0,-30.0,12.0,2020,2,5,20,2020-05-11,2020-2022,comparison_country,-35.333333333333336
Poland,PL,2020-05-14,-29.0,-10.0,3.0,-46.0,-30.0,11.0,2020,2,5,20,2020-05-11,2020-2022,comparison_country,-35.0
Poland,PL,2020-05-15,-30.0,-6.0,9.0,-45.0,-29.0,11.0,2020,2,5,20,2020-05-11,2020-2022,comparison_country,-34.666666666666664
Poland,PL,2020-05-16,-35.0,-11.0,37.0,-36.0,-8.0,4.0,2020,2,5,20,2020-05-11,2020-2022,comparison_country,-26.333333333333332
Poland,PL,2020-05-17,-46.0,-12.0,52.0,-37.0,-3.0,3.0,2020,2,5,20,2020-05-11,2020-2022,comparison_country,-28.666666666666668
Poland,PL,2020-05-18,-19.0,-12.0,17.0,-43.0,-27.0,10.0,2020,2,5,21,2020-05-18,2020-2022,comparison_country,-29.666666666666668
Poland,PL,2020-05-19,-22.0,-11.0,17.0,-43.0,-27.0,11.0,2020,2,5,21,2020-05-18,2020-2022,comparison_country,-30.666666666666668
Poland,PL,2020-05-20,-17.0,-7.0,43.0,-39.0,-27.0,9.0,2020,2,5,21,2020-05-18,2020-2022,comparison_country,-27.666666666666668
Poland,PL,2020-05-21,-16.0,-4.0,47.0,-38.0,-27.0,9.0,2020,2,5,21,2020-05-18,2020-2022,comparison_country,-27.0
Poland,PL,2020-05-22,-20.0,-3.0,41.0,-39.0,-26.0,9.0,2020,2,5,21,2020-05-18,2020-2022,comparison_country,-28.333333333333332
Poland,PL,2020-05-23,-28.0,-9.0,24.0,-36.0,-3.0,4.0,2020,2,5,21,2020-05-18,2020-2022,comparison_country,-22.333333333333332
Poland,PL,2020-05-24,-41.0,-19.0,17.0,-39.0,-1.0,3.0,2020,2,5,21,2020-05-18,2020-2022,comparison_country,-27.0
Poland,PL,2020-05-25,-15.0,-5.0,-4.0,-42.0,-26.0,10.0,2020,2,5,22,2020-05-25,2020-2022,comparison_country,-27.666666666666668
Poland,PL,2020-05-26,-14.0,1.0,23.0,-36.0,-23.0,8.0,2020,2,5,22,2020-05-25,2020-2022,comparison_country,-24.333333333333332
Poland,PL,2020-05-27,-17.0,-9.0,53.0,-36.0,-24.0,8.0,2020,2,5,22,2020-05-25,2020-2022,comparison_country,-25.666666666666668
Poland,PL,2020-05-28,-17.0,-4.0,27.0,-38.0,-24.0,9.0,2020,2,5,22,2020-05-25,2020-2022,comparison_country,-26.333333333333332
Poland,PL,2020-05-29,-16.0,-1.0,34.0,-36.0,-23.0,8.0,2020,2,5,22,2020-05-25,2020-2022,comparison_country,-25.0
Poland,PL,2020-05-30,-22.0,-7.0,30.0,-32.0,2.0,3.0,2020,2,5,22,2020-05-25,2020-2022,comparison_country,-17.333333333333332
Poland,PL,2020-05-31,-34.0,-15.0,42.0,-35.0,5.0,2.0,2020,2,5,22,2020-05-25,2020-2022,comparison_country,-21.333333333333332
Poland,PL,2020-06-01,4.0,1.0,77.0,-29.0,-21.0,5.0,2020,2,6,23,2020-06-01,2020-2022,comparison_country,-15.333333333333334
Poland,PL,2020-06-02,-15.0,-7.0,50.0,-34.0,-21.0,8.0,2020,2,6,23,2020-06-01,2020-2022,comparison_country,-23.333333333333332
Poland,PL,2020-06-03,-12.0,-6.0,58.0,-33.0,-21.0,7.0,2020,2,6,23,2020-06-01,2020-2022,comparison_country,-22.0
Poland,PL,2020-06-04,-12.0,-3.0,74.0,-30.0,-20.0,6.0,2020,2,6,23,2020-06-01,2020-2022,comparison_country,-20.666666666666668
Poland,PL,2020-06-05,-18.0,-2.0,5.0,-36.0,-22.0,8.0,2020,2,6,23,2020-06-01,2020-2022,comparison_country,-25.333333333333332
Poland,PL,2020-06-06,-18.0,-5.0,96.0,-21.0,7.0,-1.0,2020,2,6,23,2020-06-01,2020-2022,comparison_country,-10.666666666666666
Poland,PL,2020-06-07,-19.0,-1.0,73.0,-27.0,11.0,0.0,2020,2,6,23,2020-06-01,2020-2022,comparison_country,-11.666666666666666
Poland,PL,2020-06-08,-10.0,-6.0,24.0,-35.0,-22.0,6.0,2020,2,6,24,2020-06-08,2020-2022,comparison_country,-22.333333333333332
Poland,PL,2020-06-09,-7.0,0.0,52.0,-30.0,-21.0,6.0,2020,2,6,24,2020-06-08,2020-2022,comparison_country,-19.333333333333332
Poland,PL,2020-06-10,8.0,31.0,64.0,-21.0,-23.0,2.0,2020,2,6,24,2020-06-08,2020-2022,comparison_country,-12.0
Poland,PL,2020-06-11,-48.0,-75.0,218.0,-51.0,-77.0,17.0,2020,2,6,24,2020-06-08,2020-2022,comparison_country,-58.666666666666664
Poland,PL,2020-06-12,0.0,9.0,149.0,-35.0,-47.0,8.0,2020,2,6,24,2020-06-08,2020-2022,comparison_country,-27.333333333333332
Poland,PL,2020-06-13,-17.0,-7.0,158.0,-23.0,2.0,-2.0,2020,2,6,24,2020-06-08,2020-2022,comparison_country,-12.666666666666666
Poland,PL,2020-06-14,-2.0,5.0,125.0,-10.0,15.0,-5.0,2020,2,6,24,2020-06-08,2020-2022,comparison_country,1.0
Poland,PL,2020-06-15,-2.0,1.0,65.0,-27.0,-20.0,4.0,2020,2,6,25,2020-06-15,2020-2022,comparison_country,-16.333333333333332
Poland,PL,2020-06-16,-5.0,1.0,84.0,-27.0,-20.0,5.0,2020,2,6,25,2020-06-15,2020-2022,comparison_country,-17.333333333333332
Poland,PL,2020-06-17,-6.0,-1.0,69.0,-28.0,-20.0,5.0,2020,2,6,25,2020-06-15,2020-2022,comparison_country,-18.0
Poland,PL,2020-06-18,-7.0,0.0,59.0,-28.0,-21.0,5.0,2020,2,6,25,2020-06-15,2020-2022,comparison_country,-18.666666666666668
Poland,PL,2020-06-19,-10.0,0.0,37.0,-30.0,-21.0,5.0,2020,2,6,25,2020-06-15,2020-2022,comparison_country,-20.333333333333332
Poland,PL,2020-06-20,-15.0,-4.0,55.0,-24.0,6.0,0.0,2020,2,6,25,2020-06-15,2020-2022,comparison_country,-11.0
Poland,PL,2020-06-21,-16.0,-9.0,57.0,-24.0,12.0,0.0,2020,2,6,25,2020-06-15,2020-2022,comparison_country,-9.333333333333334
Poland,PL,2020-06-22,-4.0,-2.0,41.0,-30.0,-23.0,5.0,2020,2,6,26,2020-06-22,2020-2022,comparison_country,-19.0
Poland,PL,2020-06-23,1.0,6.0,89.0,-23.0,-21.0,4.0,2020,2,6,26,2020-06-22,2020-2022,comparison_country,-14.333333333333334
Poland,PL,2020-06-24,-5.0,-2.0,59.0,-27.0,-21.0,5.0,2020,2,6,26,2020-06-22,2020-2022,comparison_country,-17.666666666666668
Poland,PL,2020-06-25,-1.0,3.0,114.0,-22.0,-20.0,3.0,2020,2,6,26,2020-06-22,2020-2022,comparison_country,-14.333333333333334
Poland,PL,2020-06-26,-3.0,3.0,85.0,-21.0,-21.0,3.0,2020,2,6,26,2020-06-22,2020-2022,comparison_country,-15.0
Poland,PL,2020-06-27,-13.0,-6.0,124.0,-13.0,6.0,-3.0,2020,2,6,26,2020-06-22,2020-2022,comparison_country,-6.666666666666667
Poland,PL,2020-06-28,42.0,,121.0,3.0,34.0,-7.0,2020,2,6,26,2020-06-22,2020-2022,comparison_country,26.333333333333332
Poland,PL,2020-06-29,-8.0,-9.0,43.0,-28.0,-23.0,5.0,2020,2,6,27,2020-06-29,2020-2022,comparison_country,-19.666666666666668
Poland,PL,2020-06-30,3.0,3.0,119.0,-20.0,-20.0,3.0,2020,2,6,27,2020-06-29,2020-2022,comparison_country,-12.333333333333334
Poland,PL,2020-07-01,3.0,2.0,118.0,-19.0,-21.0,2.0,2020,3,7,27,2020-06-29,2020-2022,comparison_country,-12.333333333333334
Poland,PL,2020-07-02,1.0,4.0,104.0,-21.0,-22.0,3.0,2020,3,7,27,2020-06-29,2020-2022,comparison_country,-14.0
Poland,PL,2020-07-03,-3.0,3.0,88.0,-22.0,-22.0,2.0,2020,3,7,27,2020-06-29,2020-2022,comparison_country,-15.666666666666666
Poland,PL,2020-07-04,-8.0,-2.0,159.0,-9.0,6.0,-5.0,2020,3,7,27,2020-06-29,2020-2022,comparison_country,-3.6666666666666665
Poland,PL,2020-07-05,11.0,20.0,165.0,-2.0,14.0,-6.0,2020,3,7,27,2020-06-29,2020-2022,comparison_country,7.666666666666667
Poland,PL,2020-07-06,2.0,1.0,95.0,-23.0,-25.0,3.0,2020,3,7,28,2020-07-06,2020-2022,comparison_country,-15.333333333333334
Poland,PL,2020-07-07,3.0,3.0,122.0,-21.0,-24.0,3.0,2020,3,7,28,2020-07-06,2020-2022,comparison_country,-14.0
Poland,PL,2020-07-08,2.0,0.0,90.0,-23.0,-24.0,3.0,2020,3,7,28,2020-07-06,2020-2022,comparison_country,-15.0
Poland,PL,2020-07-09,3.0,4.0,107.0,-21.0,-24.0,3.0,2020,3,7,28,2020-07-06,2020-2022,comparison_country,-14.0
Poland,PL,2020-07-10,-1.0,4.0,101.0,-20.0,-23.0,1.0,2020,3,7,28,2020-07-06,2020-2022,comparison_country,-14.666666666666666
Poland,PL,2020-07-11,-7.0,-1.0,86.0,-15.0,1.0,-2.0,2020,3,7,28,2020-07-06,2020-2022,comparison_country,-7.0
Poland,PL,2020-07-12,21.0,35.0,141.0,9.0,19.0,-6.0,2020,3,7,28,2020-07-06,2020-2022,comparison_country,16.333333333333332
Poland,PL,2020-07-13,6.0,3.0,114.0,-21.0,-26.0,3.0,2020,3,7,29,2020-07-13,2020-2022,comparison_country,-13.666666666666666
Poland,PL,2020-07-14,6.0,4.0,173.0,-19.0,-26.0,2.0,2020,3,7,29,2020-07-13,2020-2022,comparison_country,-13.0
Poland,PL,2020-07-15,7.0,4.0,159.0,-18.0,-25.0,2.0,2020,3,7,29,2020-07-13,2020-2022,comparison_country,-12.0
Poland,PL,2020-07-16,4.0,5.0,100.0,-22.0,-26.0,4.0,2020,3,7,29,2020-07-13,2020-2022,comparison_country,-14.666666666666666
Poland,PL,2020-07-17,1.0,4.0,119.0,-20.0,-25.0,2.0,2020,3,7,29,2020-07-13,2020-2022,comparison_country,-14.666666666666666
Poland,PL,2020-07-18,-6.0,-1.0,173.0,-4.0,3.0,-5.0,2020,3,7,29,2020-07-13,2020-2022,comparison_country,-2.3333333333333335
Poland,PL,2020-07-19,18.0,20.0,185.0,5.0,11.0,-6.0,2020,3,7,29,2020-07-13,2020-2022,comparison_country,11.333333333333334
Poland,PL,2020-07-20,5.0,4.0,127.0,-21.0,-28.0,2.0,2020,3,7,30,2020-07-20,2020-2022,comparison_country,-14.666666666666666
Poland,PL,2020-07-21,7.0,6.0,174.0,-19.0,-28.0,2.0,2020,3,7,30,2020-07-20,2020-2022,comparison_country,-13.333333333333334
Poland,PL,2020-07-22,9.0,5.0,176.0,-18.0,-26.0,2.0,2020,3,7,30,2020-07-20,2020-2022,comparison_country,-11.666666666666666
Poland,PL,2020-07-23,6.0,6.0,165.0,-19.0,-27.0,2.0,2020,3,7,30,2020-07-20,2020-2022,comparison_country,-13.333333333333334
Poland,PL,2020-07-24,1.0,6.0,143.0,-18.0,-26.0,1.0,2020,3,7,30,2020-07-20,2020-2022,comparison_country,-14.333333333333334
Poland,PL,2020-07-25,-5.0,1.0,193.0,-2.0,1.0,-6.0,2020,3,7,30,2020-07-20,2020-2022,comparison_country,-2.0
Poland,PL,2020-07-26,15.0,20.0,176.0,4.0,10.0,-7.0,2020,3,7,30,2020-07-20,2020-2022,comparison_country,9.666666666666666
Poland,PL,2020-07-27,7.0,6.0,169.0,-19.0,-30.0,2.0,2020,3,7,31,2020-07-27,2020-2022,comparison_country,-14.0
Poland,PL,2020-07-28,2.0,4.0,189.0,-20.0,-29.0,3.0,2020,3,7,31,2020-07-27,2020-2022,comparison_country,-15.666666666666666
Poland,PL,2020-07-29,9.0,7.0,183.0,-17.0,-29.0,2.0,2020,3,7,31,2020-07-27,2020-2022,comparison_country,-12.333333333333334
Poland,PL,2020-07-30,9.0,8.0,185.0,-16.0,-29.0,2.0,2020,3,7,31,2020-07-27,2020-2022,comparison_country,-12.0
Poland,PL,2020-07-31,3.0,6.0,146.0,-17.0,-29.0,1.0,2020,3,7,31,2020-07-27,2020-2022,comparison_country,-14.333333333333334
Poland,PL,2020-08-01,-6.0,0.0,202.0,1.0,-2.0,-6.0,2020,3,8,31,2020-07-27,2020-2022,comparison_country,-2.3333333333333335
Poland,PL,2020-08-02,20.0,25.0,204.0,8.0,8.0,-7.0,2020,3,8,31,2020-07-27,2020-2022,comparison_country,12.0
Poland,PL,2020-08-03,5.0,4.0,115.0,-21.0,-33.0,4.0,2020,3,8,32,2020-08-03,2020-2022,comparison_country,-16.333333333333332
Poland,PL,2020-08-04,2.0,3.0,133.0,-23.0,-33.0,6.0,2020,3,8,32,2020-08-03,2020-2022,comparison_country,-18.0
Poland,PL,2020-08-05,10.0,6.0,192.0,-17.0,-31.0,3.0,2020,3,8,32,2020-08-03,2020-2022,comparison_country,-12.666666666666666
Poland,PL,2020-08-06,7.0,7.0,221.0,-16.0,-31.0,2.0,2020,3,8,32,2020-08-03,2020-2022,comparison_country,-13.333333333333334
Poland,PL,2020-08-07,0.0,5.0,181.0,-19.0,-31.0,0.0,2020,3,8,32,2020-08-03,2020-2022,comparison_country,-16.666666666666668
Poland,PL,2020-08-08,-8.0,1.0,211.0,-3.0,-3.0,-6.0,2020,3,8,32,2020-08-03,2020-2022,comparison_country,-4.666666666666667
Poland,PL,2020-08-09,13.0,19.0,187.0,3.0,6.0,-7.0,2020,3,8,32,2020-08-03,2020-2022,comparison_country,7.333333333333333
Poland,PL,2020-08-10,10.0,9.0,181.0,-18.0,-32.0,1.0,2020,3,8,33,2020-08-10,2020-2022,comparison_country,-13.333333333333334
Poland,PL,2020-08-11,9.0,8.0,208.0,-18.0,-31.0,2.0,2020,3,8,33,2020-08-10,2020-2022,comparison_country,-13.333333333333334
Poland,PL,2020-08-12,12.0,8.0,214.0,-16.0,-31.0,1.0,2020,3,8,33,2020-08-10,2020-2022,comparison_country,-11.666666666666666
Poland,PL,2020-08-13,11.0,14.0,214.0,-15.0,-31.0,1.0,2020,3,8,33,2020-08-10,2020-2022,comparison_country,-11.666666666666666
Poland,PL,2020-08-14,10.0,32.0,183.0,-17.0,-40.0,1.0,2020,3,8,33,2020-08-10,2020-2022,comparison_country,-15.666666666666666
Poland,PL,2020-08-15,-41.0,-74.0,257.0,-16.0,-35.0,-2.0,2020,3,8,33,2020-08-10,2020-2022,comparison_country,-30.666666666666668
Poland,PL,2020-08-16,23.0,29.0,212.0,9.0,6.0,-9.0,2020,3,8,33,2020-08-10,2020-2022,comparison_country,12.666666666666666
Poland,PL,2020-08-17,12.0,13.0,161.0,-16.0,-33.0,1.0,2020,3,8,34,2020-08-17,2020-2022,comparison_country,-12.333333333333334
Poland,PL,2020-08-18,5.0,6.0,156.0,-20.0,-29.0,3.0,2020,3,8,34,2020-08-17,2020-2022,comparison_country,-14.666666666666666
Poland,PL,2020-08-19,8.0,6.0,152.0,-19.0,-29.0,3.0,2020,3,8,34,2020-08-17,2020-2022,comparison_country,-13.333333333333334
Poland,PL,2020-08-20,7.0,6.0,191.0,-17.0,-29.0,1.0,2020,3,8,34,2020-08-17,2020-2022,comparison_country,-13.0
Poland,PL,2020-08-21,-1.0,4.0,167.0,-19.0,-29.0,1.0,2020,3,8,34,2020-08-17,2020-2022,comparison_country,-16.333333333333332
Poland,PL,2020-08-22,-12.0,-5.0,144.0,-10.0,-3.0,-4.0,2020,3,8,34,2020-08-17,2020-2022,comparison_country,-8.333333333333334
Poland,PL,2020-08-23,14.0,11.0,144.0,2.0,7.0,-5.0,2020,3,8,34,2020-08-17,2020-2022,comparison_country,7.666666666666667
Poland,PL,2020-08-24,7.0,4.0,131.0,-18.0,-27.0,2.0,2020,3,8,35,2020-08-24,2020-2022,comparison_country,-12.666666666666666
Poland,PL,2020-08-25,6.0,5.0,146.0,-17.0,-26.0,2.0,2020,3,8,35,2020-08-24,2020-2022,comparison_country,-12.333333333333334
Poland,PL,2020-08-26,5.0,2.0,98.0,-19.0,-26.0,3.0,2020,3,8,35,2020-08-24,2020-2022,comparison_country,-13.333333333333334
Poland,PL,2020-08-27,4.0,5.0,94.0,-19.0,-26.0,3.0,2020,3,8,35,2020-08-24,2020-2022,comparison_country,-13.666666666666666
Poland,PL,2020-08-28,3.0,5.0,120.0,-17.0,-25.0,1.0,2020,3,8,35,2020-08-24,2020-2022,comparison_country,-13.0
Poland,PL,2020-08-29,-6.0,-6.0,126.0,-8.0,-1.0,-3.0,2020,3,8,35,2020-08-24,2020-2022,comparison_country,-5.0
Poland,PL,2020-08-30,54.0,162.0,93.0,2.0,17.0,-5.0,2020,3,8,35,2020-08-24,2020-2022,comparison_country,24.333333333333332
Poland,PL,2020-08-31,7.0,-1.0,62.0,-18.0,-26.0,3.0,2020,3,8,36,2020-08-31,2020-2022,comparison_country,-12.333333333333334
Poland,PL,2020-09-01,7.0,7.0,53.0,-13.0,-26.0,4.0,2020,3,9,36,2020-08-31,2020-2022,comparison_country,-10.666666666666666
Poland,PL,2020-09-02,0.0,3.0,54.0,-12.0,-22.0,1.0,2020,3,9,36,2020-08-31,2020-2022,comparison_country,-11.333333333333334
Poland,PL,2020-09-03,1.0,4.0,91.0,-10.0,-21.0,0.0,2020,3,9,36,2020-08-31,2020-2022,comparison_country,-10.0
Poland,PL,2020-09-04,-2.0,3.0,75.0,-11.0,-20.0,-1.0,2020,3,9,36,2020-08-31,2020-2022,comparison_country,-11.0
Poland,PL,2020-09-05,-7.0,-3.0,99.0,-11.0,-1.0,-2.0,2020,3,9,36,2020-08-31,2020-2022,comparison_country,-6.333333333333333
Poland,PL,2020-09-06,4.0,1.0,92.0,-6.0,3.0,-2.0,2020,3,9,36,2020-08-31,2020-2022,comparison_country,0.3333333333333333
Poland,PL,2020-09-07,0.0,2.0,63.0,-12.0,-22.0,0.0,2020,3,9,37,2020-09-07,2020-2022,comparison_country,-11.333333333333334
Poland,PL,2020-09-08,-1.0,3.0,89.0,-11.0,-22.0,0.0,2020,3,9,37,2020-09-07,2020-2022,comparison_country,-11.333333333333334
Poland,PL,2020-09-09,1.0,3.0,99.0,-11.0,-19.0,-1.0,2020,3,9,37,2020-09-07,2020-2022,comparison_country,-9.666666666666666
Poland,PL,2020-09-10,3.0,7.0,92.0,-9.0,-20.0,-2.0,2020,3,9,37,2020-09-07,2020-2022,comparison_country,-8.666666666666666
Poland,PL,2020-09-11,3.0,7.0,100.0,-7.0,-19.0,-5.0,2020,3,9,37,2020-09-07,2020-2022,comparison_country,-7.666666666666667
Poland,PL,2020-09-12,-1.0,-2.0,161.0,-1.0,-2.0,-7.0,2020,3,9,37,2020-09-07,2020-2022,comparison_country,-1.3333333333333333
Poland,PL,2020-09-13,19.0,20.0,150.0,6.0,4.0,-8.0,2020,3,9,37,2020-09-07,2020-2022,comparison_country,9.666666666666666
Poland,PL,2020-09-14,2.0,2.0,100.0,-10.0,-13.0,-3.0,2020,3,9,38,2020-09-14,2020-2022,comparison_country,-7.0
Poland,PL,2020-09-15,0.0,3.0,122.0,-10.0,-12.0,-2.0,2020,3,9,38,2020-09-14,2020-2022,comparison_country,-7.333333333333333
Poland,PL,2020-09-16,1.0,2.0,115.0,-9.0,-13.0,-2.0,2020,3,9,38,2020-09-14,2020-2022,comparison_country,-7.0
Poland,PL,2020-09-17,-1.0,2.0,76.0,-12.0,-14.0,-1.0,2020,3,9,38,2020-09-14,2020-2022,comparison_country,-9.0
Poland,PL,2020-09-18,-1.0,4.0,81.0,-10.0,-13.0,-2.0,2020,3,9,38,2020-09-14,2020-2022,comparison_country,-8.0
Poland,PL,2020-09-19,-3.0,-3.0,125.0,-5.0,-2.0,-4.0,2020,3,9,38,2020-09-14,2020-2022,comparison_country,-3.3333333333333335
Poland,PL,2020-09-20,14.0,13.0,129.0,2.0,2.0,-5.0,2020,3,9,38,2020-09-14,2020-2022,comparison_country,6.0
Poland,PL,2020-09-21,0.0,2.0,77.0,-11.0,-13.0,-1.0,2020,3,9,39,2020-09-21,2020-2022,comparison_country,-8.0
Poland,PL,2020-09-22,-4.0,2.0,94.0,-9.0,-12.0,0.0,2020,3,9,39,2020-09-21,2020-2022,comparison_country,-8.333333333333334
Poland,PL,2020-09-23,-4.0,2.0,84.0,-9.0,-10.0,0.0,2020,3,9,39,2020-09-21,2020-2022,comparison_country,-7.666666666666667
Poland,PL,2020-09-24,-5.0,3.0,76.0,-10.0,-10.0,0.0,2020,3,9,39,2020-09-21,2020-2022,comparison_country,-8.333333333333334
Poland,PL,2020-09-25,-7.0,3.0,40.0,-11.0,-10.0,1.0,2020,3,9,39,2020-09-21,2020-2022,comparison_country,-9.333333333333334
Poland,PL,2020-09-26,-9.0,-4.0,35.0,-14.0,-4.0,0.0,2020,3,9,39,2020-09-21,2020-2022,comparison_country,-9.0
Poland,PL,2020-09-27,-19.0,-22.0,7.0,-18.0,-5.0,1.0,2020,3,9,39,2020-09-21,2020-2022,comparison_country,-14.0
Poland,PL,2020-09-28,-6.0,0.0,27.0,-12.0,-8.0,2.0,2020,3,9,40,2020-09-28,2020-2022,comparison_country,-8.666666666666666
Poland,PL,2020-09-29,-7.0,2.0,31.0,-12.0,-8.0,2.0,2020,3,9,40,2020-09-28,2020-2022,comparison_country,-9.0
Poland,PL,2020-09-30,-3.0,3.0,23.0,-10.0,-9.0,1.0,2020,3,9,40,2020-09-28,2020-2022,comparison_country,-7.333333333333333
Poland,PL,2020-10-01,-8.0,3.0,19.0,-12.0,-8.0,1.0,2020,4,10,40,2020-09-28,2020-2022,comparison_country,-9.333333333333334
Poland,PL,2020-10-02,-7.0,4.0,29.0,-10.0,-7.0,0.0,2020,4,10,40,2020-09-28,2020-2022,comparison_country,-8.0
Poland,PL,2020-10-03,-6.0,-3.0,92.0,-4.0,-3.0,-2.0,2020,4,10,40,2020-09-28,2020-2022,comparison_country,-4.333333333333333
Poland,PL,2020-10-04,-8.0,-12.0,52.0,-5.0,-4.0,-1.0,2020,4,10,40,2020-09-28,2020-2022,comparison_country,-5.666666666666667
Poland,PL,2020-10-05,-9.0,-1.0,21.0,-11.0,-9.0,1.0,2020,4,10,41,2020-10-05,2020-2022,comparison_country,-9.666666666666666
Poland,PL,2020-10-06,-9.0,2.0,42.0,-11.0,-9.0,1.0,2020,4,10,41,2020-10-05,2020-2022,comparison_country,-9.666666666666666
Poland,PL,2020-10-07,-8.0,1.0,33.0,-12.0,-8.0,1.0,2020,4,10,41,2020-10-05,2020-2022,comparison_country,-9.333333333333334
Poland,PL,2020-10-08,-9.0,4.0,32.0,-13.0,-8.0,2.0,2020,4,10,41,2020-10-05,2020-2022,comparison_country,-10.0
Poland,PL,2020-10-09,-6.0,7.0,35.0,-12.0,-8.0,1.0,2020,4,10,41,2020-10-05,2020-2022,comparison_country,-8.666666666666666
Poland,PL,2020-10-10,-14.0,-4.0,40.0,-15.0,-3.0,1.0,2020,4,10,41,2020-10-05,2020-2022,comparison_country,-10.666666666666666
Poland,PL,2020-10-11,-22.0,-16.0,27.0,-18.0,-5.0,2.0,2020,4,10,41,2020-10-05,2020-2022,comparison_country,-15.0
Poland,PL,2020-10-12,-14.0,-3.0,-5.0,-21.0,-11.0,4.0,2020,4,10,42,2020-10-12,2020-2022,comparison_country,-15.333333333333334
Poland,PL,2020-10-13,-16.0,-3.0,-6.0,-22.0,-12.0,6.0,2020,4,10,42,2020-10-12,2020-2022,comparison_country,-16.666666666666668
Poland,PL,2020-10-14,-13.0,-3.0,-11.0,-29.0,-24.0,8.0,2020,4,10,42,2020-10-12,2020-2022,comparison_country,-22.0
Poland,PL,2020-10-15,-15.0,1.0,4.0,-20.0,-12.0,5.0,2020,4,10,42,2020-10-12,2020-2022,comparison_country,-15.666666666666666
Poland,PL,2020-10-16,-15.0,4.0,-7.0,-23.0,-12.0,5.0,2020,4,10,42,2020-10-12,2020-2022,comparison_country,-16.666666666666668
Poland,PL,2020-10-17,-25.0,-10.0,-4.0,-30.0,-8.0,5.0,2020,4,10,42,2020-10-12,2020-2022,comparison_country,-21.0
Poland,PL,2020-10-18,-41.0,-30.0,-10.0,-33.0,-13.0,6.0,2020,4,10,42,2020-10-12,2020-2022,comparison_country,-29.0
Poland,PL,2020-10-19,-19.0,-6.0,-2.0,-31.0,-19.0,7.0,2020,4,10,43,2020-10-19,2020-2022,comparison_country,-23.0
Poland,PL,2020-10-20,-20.0,-5.0,14.0,-30.0,-19.0,8.0,2020,4,10,43,2020-10-19,2020-2022,comparison_country,-23.0
Poland,PL,2020-10-21,-21.0,-5.0,4.0,-30.0,-19.0,8.0,2020,4,10,43,2020-10-19,2020-2022,comparison_country,-23.333333333333332
Poland,PL,2020-10-22,-19.0,-1.0,40.0,-27.0,-20.0,7.0,2020,4,10,43,2020-10-19,2020-2022,comparison_country,-22.0
Poland,PL,2020-10-23,-21.0,2.0,13.0,-28.0,-19.0,7.0,2020,4,10,43,2020-10-19,2020-2022,comparison_country,-22.666666666666668
Poland,PL,2020-10-24,-34.0,-9.0,24.0,-30.0,-9.0,5.0,2020,4,10,43,2020-10-19,2020-2022,comparison_country,-24.333333333333332
Poland,PL,2020-10-25,-41.0,-15.0,52.0,-25.0,-13.0,4.0,2020,4,10,43,2020-10-19,2020-2022,comparison_country,-26.333333333333332
Poland,PL,2020-10-26,-26.0,-6.0,16.0,-29.0,-28.0,9.0,2020,4,10,44,2020-10-26,2020-2022,comparison_country,-27.666666666666668
Poland,PL,2020-10-27,-28.0,-4.0,16.0,-33.0,-28.0,10.0,2020,4,10,44,2020-10-26,2020-2022,comparison_country,-29.666666666666668
Poland,PL,2020-10-28,-24.0,-3.0,32.0,-28.0,-29.0,10.0,2020,4,10,44,2020-10-26,2020-2022,comparison_country,-27.0
Poland,PL,2020-10-29,-28.0,-2.0,-2.0,-36.0,-29.0,10.0,2020,4,10,44,2020-10-26,2020-2022,comparison_country,-31.0
Poland,PL,2020-10-30,-30.0,1.0,-4.0,-33.0,-28.0,10.0,2020,4,10,44,2020-10-26,2020-2022,comparison_country,-30.333333333333332
Poland,PL,2020-10-31,-37.0,-10.0,3.0,-37.0,-14.0,7.0,2020,4,10,44,2020-10-26,2020-2022,comparison_country,-29.333333333333332
Poland,PL,2020-11-01,-60.0,-42.0,6.0,-45.0,-26.0,7.0,2020,4,11,44,2020-10-26,2020-2022,comparison_country,-43.666666666666664
Poland,PL,2020-11-02,-32.0,-14.0,-16.0,-41.0,-32.0,12.0,2020,4,11,45,2020-11-02,2020-2022,comparison_country,-35.0
Poland,PL,2020-11-03,-30.0,-8.0,2.0,-38.0,-30.0,11.0,2020,4,11,45,2020-11-02,2020-2022,comparison_country,-32.666666666666664
Poland,PL,2020-11-04,-28.0,-8.0,-14.0,-41.0,-30.0,12.0,2020,4,11,45,2020-11-02,2020-2022,comparison_country,-33.0
Poland,PL,2020-11-05,-21.0,-2.0,-4.0,-38.0,-29.0,11.0,2020,4,11,45,2020-11-02,2020-2022,comparison_country,-29.333333333333332
Poland,PL,2020-11-06,-22.0,0.0,-17.0,-38.0,-28.0,11.0,2020,4,11,45,2020-11-02,2020-2022,comparison_country,-29.333333333333332
Poland,PL,2020-11-07,-45.0,-13.0,6.0,-40.0,-11.0,7.0,2020,4,11,45,2020-11-02,2020-2022,comparison_country,-32.0
Poland,PL,2020-11-08,-49.0,-25.0,28.0,-37.0,-15.0,6.0,2020,4,11,45,2020-11-02,2020-2022,comparison_country,-33.666666666666664
Poland,PL,2020-11-09,-35.0,-11.0,-15.0,-44.0,-31.0,12.0,2020,4,11,46,2020-11-09,2020-2022,comparison_country,-36.666666666666664
Poland,PL,2020-11-10,-25.0,18.0,-4.0,-39.0,-32.0,11.0,2020,4,11,46,2020-11-09,2020-2022,comparison_country,-32.0
Poland,PL,2020-11-11,-71.0,-80.0,28.0,-64.0,-81.0,27.0,2020,4,11,46,2020-11-09,2020-2022,comparison_country,-72.0
Poland,PL,2020-11-12,-32.0,-2.0,-9.0,-43.0,-33.0,13.0,2020,4,11,46,2020-11-09,2020-2022,comparison_country,-36.0
Poland,PL,2020-11-13,-35.0,-1.0,-12.0,-43.0,-31.0,13.0,2020,4,11,46,2020-11-09,2020-2022,comparison_country,-36.333333333333336
Poland,PL,2020-11-14,-40.0,-9.0,10.0,-39.0,-9.0,7.0,2020,4,11,46,2020-11-09,2020-2022,comparison_country,-29.333333333333332
Poland,PL,2020-11-15,-45.0,-23.0,46.0,-33.0,-14.0,5.0,2020,4,11,46,2020-11-09,2020-2022,comparison_country,-30.666666666666668
Poland,PL,2020-11-16,-34.0,-11.0,-16.0,-42.0,-29.0,12.0,2020,4,11,47,2020-11-16,2020-2022,comparison_country,-35.0
Poland,PL,2020-11-17,-34.0,-8.0,-3.0,-41.0,-29.0,12.0,2020,4,11,47,2020-11-16,2020-2022,comparison_country,-34.666666666666664
Poland,PL,2020-11-18,-33.0,-8.0,-1.0,-40.0,-29.0,12.0,2020,4,11,47,2020-11-16,2020-2022,comparison_country,-34.0
Poland,PL,2020-11-19,-34.0,-7.0,-8.0,-41.0,-29.0,12.0,2020,4,11,47,2020-11-16,2020-2022,comparison_country,-34.666666666666664
Poland,PL,2020-11-20,-35.0,-2.0,-19.0,-41.0,-27.0,12.0,2020,4,11,47,2020-11-16,2020-2022,comparison_country,-34.333333333333336
Poland,PL,2020-11-21,-40.0,-9.0,-7.0,-39.0,-9.0,7.0,2020,4,11,47,2020-11-16,2020-2022,comparison_country,-29.333333333333332
Poland,PL,2020-11-22,-56.0,-36.0,-17.0,-43.0,-16.0,7.0,2020,4,11,47,2020-11-16,2020-2022,comparison_country,-38.333333333333336
Poland,PL,2020-11-23,-34.0,-12.0,-24.0,-43.0,-28.0,11.0,2020,4,11,48,2020-11-23,2020-2022,comparison_country,-35.0
Poland,PL,2020-11-24,-33.0,-9.0,-7.0,-41.0,-28.0,12.0,2020,4,11,48,2020-11-23,2020-2022,comparison_country,-34.0
Poland,PL,2020-11-25,-30.0,-8.0,-9.0,-41.0,-27.0,11.0,2020,4,11,48,2020-11-23,2020-2022,comparison_country,-32.666666666666664
Poland,PL,2020-11-26,-31.0,-6.0,-15.0,-41.0,-27.0,11.0,2020,4,11,48,2020-11-23,2020-2022,comparison_country,-33.0
Poland,PL,2020-11-27,-32.0,-3.0,-24.0,-41.0,-25.0,11.0,2020,4,11,48,2020-11-23,2020-2022,comparison_country,-32.666666666666664
Poland,PL,2020-11-28,-25.0,-6.0,-11.0,-32.0,-4.0,5.0,2020,4,11,48,2020-11-23,2020-2022,comparison_country,-20.333333333333332
Poland,PL,2020-11-29,-55.0,-35.0,-22.0,-42.0,-14.0,7.0,2020,4,11,48,2020-11-23,2020-2022,comparison_country,-37.0
Poland,PL,2020-11-30,-19.0,-7.0,-22.0,-38.0,-25.0,10.0,2020,4,11,49,2020-11-30,2020-2022,comparison_country,-27.333333333333332
Poland,PL,2020-12-01,-22.0,-4.0,-14.0,-37.0,-25.0,11.0,2020,4,12,49,2020-11-30,2020-2022,comparison_country,-28.0
Poland,PL,2020-12-02,-21.0,-5.0,-21.0,-39.0,-25.0,11.0,2020,4,12,49,2020-11-30,2020-2022,comparison_country,-28.333333333333332
Poland,PL,2020-12-03,-22.0,-2.0,-16.0,-37.0,-25.0,10.0,2020,4,12,49,2020-11-30,2020-2022,comparison_country,-28.0
Poland,PL,2020-12-04,-22.0,2.0,-20.0,-36.0,-23.0,10.0,2020,4,12,49,2020-11-30,2020-2022,comparison_country,-27.0
Poland,PL,2020-12-05,-24.0,-4.0,7.0,-29.0,-3.0,5.0,2020,4,12,49,2020-11-30,2020-2022,comparison_country,-18.666666666666668
Poland,PL,2020-12-06,2.0,113.0,6.0,-25.0,3.0,3.0,2020,4,12,49,2020-11-30,2020-2022,comparison_country,-6.666666666666667
Poland,PL,2020-12-07,-25.0,-14.0,-21.0,-39.0,-25.0,10.0,2020,4,12,50,2020-12-07,2020-2022,comparison_country,-29.666666666666668
Poland,PL,2020-12-08,-25.0,-8.0,-16.0,-39.0,-24.0,11.0,2020,4,12,50,2020-12-07,2020-2022,comparison_country,-29.333333333333332
Poland,PL,2020-12-09,-23.0,-7.0,-18.0,-39.0,-24.0,10.0,2020,4,12,50,2020-12-07,2020-2022,comparison_country,-28.666666666666668
Poland,PL,2020-12-10,-22.0,-2.0,-11.0,-35.0,-24.0,10.0,2020,4,12,50,2020-12-07,2020-2022,comparison_country,-27.0
Poland,PL,2020-12-11,-24.0,0.0,-18.0,-35.0,-23.0,10.0,2020,4,12,50,2020-12-07,2020-2022,comparison_country,-27.333333333333332
Poland,PL,2020-12-12,-26.0,-6.0,-5.0,-29.0,-3.0,5.0,2020,4,12,50,2020-12-07,2020-2022,comparison_country,-19.333333333333332
Poland,PL,2020-12-13,3.0,120.0,-9.0,-26.0,2.0,4.0,2020,4,12,50,2020-12-07,2020-2022,comparison_country,-7.0
Poland,PL,2020-12-14,-20.0,-9.0,-14.0,-36.0,-24.0,9.0,2020,4,12,51,2020-12-14,2020-2022,comparison_country,-26.666666666666668
Poland,PL,2020-12-15,-19.0,-1.0,-8.0,-34.0,-24.0,10.0,2020,4,12,51,2020-12-14,2020-2022,comparison_country,-25.666666666666668
Poland,PL,2020-12-16,-17.0,1.0,-6.0,-33.0,-24.0,9.0,2020,4,12,51,2020-12-14,2020-2022,comparison_country,-24.666666666666668
Poland,PL,2020-12-17,-15.0,6.0,-4.0,-31.0,-24.0,9.0,2020,4,12,51,2020-12-14,2020-2022,comparison_country,-23.333333333333332
Poland,PL,2020-12-18,-18.0,5.0,-10.0,-30.0,-22.0,9.0,2020,4,12,51,2020-12-14,2020-2022,comparison_country,-23.333333333333332
Poland,PL,2020-12-19,-22.0,-2.0,-3.0,-22.0,-2.0,5.0,2020,4,12,51,2020-12-14,2020-2022,comparison_country,-15.333333333333334
Poland,PL,2020-12-20,15.0,160.0,-5.0,-20.0,8.0,4.0,2020,4,12,51,2020-12-14,2020-2022,comparison_country,1.0
Poland,PL,2020-12-21,-4.0,10.0,-7.0,-30.0,-27.0,8.0,2020,4,12,52,2020-12-21,2020-2022,comparison_country,-20.333333333333332
Poland,PL,2020-12-22,-4.0,21.0,-12.0,-31.0,-30.0,9.0,2020,4,12,52,2020-12-21,2020-2022,comparison_country,-21.666666666666668
Poland,PL,2020-12-23,5.0,37.0,2.0,-29.0,-38.0,10.0,2020,4,12,52,2020-12-21,2020-2022,comparison_country,-20.666666666666668
Poland,PL,2020-12-24,-51.0,-25.0,-23.0,-59.0,-74.0,18.0,2020,4,12,52,2020-12-21,2020-2022,comparison_country,-61.333333333333336
Poland,PL,2020-12-25,-88.0,-88.0,-12.0,-76.0,-86.0,25.0,2020,4,12,52,2020-12-21,2020-2022,comparison_country,-83.33333333333333
Poland,PL,2020-12-26,-83.0,-86.0,7.0,-62.0,-56.0,10.0,2020,4,12,52,2020-12-21,2020-2022,comparison_country,-67.0
Poland,PL,2020-12-27,-56.0,-37.0,12.0,-40.0,-19.0,5.0,2020,4,12,52,2020-12-21,2020-2022,comparison_country,-38.333333333333336
Poland,PL,2020-12-28,-28.0,-10.0,-3.0,-45.0,-42.0,14.0,2020,4,12,53,2020-12-28,2020-2022,comparison_country,-38.333333333333336
Poland,PL,2020-12-29,-27.0,0.0,7.0,-44.0,-40.0,14.0,2020,4,12,53,2020-12-28,2020-2022,comparison_country,-37.0
Poland,PL,2020-12-30,-18.0,24.0,7.0,-40.0,-40.0,12.0,2020,4,12,53,2020-12-28,2020-2022,comparison_country,-32.666666666666664
Poland,PL,2020-12-31,-39.0,15.0,2.0,-52.0,-58.0,17.0,2020,4,12,53,2020-12-28,2020-2022,comparison_country,-49.666666666666664
Poland,PL,2021-01-01,-85.0,-89.0,-8.0,-76.0,-87.0,27.0,2021,1,1,53,2020-12-28,2020-2022,comparison_country,-82.66666666666667
Poland,PL,2021-01-02,-48.0,-21.0,8.0,-50.0,-29.0,10.0,2021,1,1,53,2020-12-28,2020-2022,comparison_country,-42.333333333333336
Poland,PL,2021-01-03,-58.0,-42.0,-5.0,-43.0,-14.0,8.0,2021,1,1,53,2020-12-28,2020-2022,comparison_country,-38.333333333333336
Poland,PL,2021-01-04,-28.0,-5.0,-8.0,-42.0,-31.0,12.0,2021,1,1,1,2021-01-04,2020-2022,comparison_country,-33.666666666666664
Poland,PL,2021-01-05,-26.0,13.0,-17.0,-42.0,-32.0,11.0,2021,1,1,1,2021-01-04,2020-2022,comparison_country,-33.333333333333336
Poland,PL,2021-01-06,-75.0,-82.0,21.0,-67.0,-81.0,28.0,2021,1,1,1,2021-01-04,2020-2022,comparison_country,-74.33333333333333
Poland,PL,2021-01-07,-28.0,-1.0,-6.0,-41.0,-29.0,11.0,2021,1,1,1,2021-01-04,2020-2022,comparison_country,-32.666666666666664
Poland,PL,2021-01-08,-31.0,-2.0,-9.0,-42.0,-27.0,11.0,2021,1,1,1,2021-01-04,2020-2022,comparison_country,-33.333333333333336
Poland,PL,2021-01-09,-38.0,-9.0,-3.0,-41.0,-8.0,7.0,2021,1,1,1,2021-01-04,2020-2022,comparison_country,-29.0
Poland,PL,2021-01-10,-54.0,-30.0,7.0,-40.0,-7.0,6.0,2021,1,1,1,2021-01-04,2020-2022,comparison_country,-33.666666666666664
Poland,PL,2021-01-11,-26.0,-7.0,-8.0,-39.0,-25.0,9.0,2021,1,1,2,2021-01-11,2020-2022,comparison_country,-30.0
Poland,PL,2021-01-12,-31.0,-9.0,-4.0,-41.0,-25.0,10.0,2021,1,1,2,2021-01-11,2020-2022,comparison_country,-32.333333333333336
Poland,PL,2021-01-13,-32.0,-11.0,6.0,-40.0,-26.0,9.0,2021,1,1,2,2021-01-11,2020-2022,comparison_country,-32.666666666666664
Poland,PL,2021-01-14,-33.0,-9.0,4.0,-40.0,-27.0,9.0,2021,1,1,2,2021-01-11,2020-2022,comparison_country,-33.333333333333336
Poland,PL,2021-01-15,-37.0,-10.0,-12.0,-43.0,-27.0,9.0,2021,1,1,2,2021-01-11,2020-2022,comparison_country,-35.666666666666664
Poland,PL,2021-01-16,-45.0,-17.0,-1.0,-44.0,-12.0,6.0,2021,1,1,2,2021-01-11,2020-2022,comparison_country,-33.666666666666664
Poland,PL,2021-01-17,-61.0,-41.0,1.0,-44.0,-10.0,5.0,2021,1,1,2,2021-01-11,2020-2022,comparison_country,-38.333333333333336
Poland,PL,2021-01-18,-37.0,-17.0,-26.0,-44.0,-27.0,10.0,2021,1,1,3,2021-01-18,2020-2022,comparison_country,-36.0
Poland,PL,2021-01-19,-38.0,-14.0,-17.0,-43.0,-26.0,11.0,2021,1,1,3,2021-01-18,2020-2022,comparison_country,-35.666666666666664
Poland,PL,2021-01-20,-33.0,-10.0,-16.0,-41.0,-25.0,10.0,2021,1,1,3,2021-01-18,2020-2022,comparison_country,-33.0
Poland,PL,2021-01-21,-32.0,-5.0,-9.0,-39.0,-23.0,8.0,2021,1,1,3,2021-01-18,2020-2022,comparison_country,-31.333333333333332
Poland,PL,2021-01-22,-35.0,-7.0,-15.0,-39.0,-22.0,9.0,2021,1,1,3,2021-01-18,2020-2022,comparison_country,-32.0
Poland,PL,2021-01-23,-41.0,-13.0,-19.0,-41.0,-7.0,6.0,2021,1,1,3,2021-01-18,2020-2022,comparison_country,-29.666666666666668
Poland,PL,2021-01-24,-59.0,-38.0,-23.0,-45.0,-8.0,6.0,2021,1,1,3,2021-01-18,2020-2022,comparison_country,-37.333333333333336
Poland,PL,2021-01-25,-35.0,-15.0,-24.0,-42.0,-24.0,9.0,2021,1,1,4,2021-01-25,2020-2022,comparison_country,-33.666666666666664
Poland,PL,2021-01-26,-36.0,-13.0,-17.0,-42.0,-24.0,10.0,2021,1,1,4,2021-01-25,2020-2022,comparison_country,-34.0
Poland,PL,2021-01-27,-34.0,-13.0,-15.0,-41.0,-24.0,10.0,2021,1,1,4,2021-01-25,2020-2022,comparison_country,-33.0
Poland,PL,2021-01-28,-34.0,-9.0,-14.0,-40.0,-23.0,9.0,2021,1,1,4,2021-01-25,2020-2022,comparison_country,-32.333333333333336
Poland,PL,2021-01-29,-35.0,-6.0,-19.0,-38.0,-21.0,9.0,2021,1,1,4,2021-01-25,2020-2022,comparison_country,-31.333333333333332
Poland,PL,2021-01-30,-42.0,-14.0,-6.0,-39.0,-7.0,6.0,2021,1,1,4,2021-01-25,2020-2022,comparison_country,-29.333333333333332
Poland,PL,2021-01-31,-30.0,72.0,20.0,-33.0,4.0,4.0,2021,1,1,4,2021-01-25,2020-2022,comparison_country,-19.666666666666668
Poland,PL,2021-02-01,-26.0,-14.0,-20.0,-38.0,-23.0,9.0,2021,1,2,5,2021-02-01,2020-2022,comparison_country,-29.0
Poland,PL,2021-02-02,-27.0,-9.0,-16.0,-38.0,-23.0,9.0,2021,1,2,5,2021-02-01,2020-2022,comparison_country,-29.333333333333332
Poland,PL,2021-02-03,-27.0,-10.0,-20.0,-37.0,-23.0,9.0,2021,1,2,5,2021-02-01,2020-2022,comparison_country,-29.0
Poland,PL,2021-02-04,-28.0,-8.0,-20.0,-38.0,-23.0,9.0,2021,1,2,5,2021-02-01,2020-2022,comparison_country,-29.666666666666668
Poland,PL,2021-02-05,-28.0,-1.0,-19.0,-36.0,-21.0,8.0,2021,1,2,5,2021-02-01,2020-2022,comparison_country,-28.333333333333332
Poland,PL,2021-02-06,-32.0,-10.0,-10.0,-35.0,-6.0,5.0,2021,1,2,5,2021-02-01,2020-2022,comparison_country,-24.333333333333332
Poland,PL,2021-02-07,-63.0,-43.0,-38.0,-47.0,-11.0,7.0,2021,1,2,5,2021-02-01,2020-2022,comparison_country,-40.333333333333336
Poland,PL,2021-02-08,-36.0,-17.0,-28.0,-34.0,-25.0,10.0,2021,1,2,6,2021-02-08,2020-2022,comparison_country,-31.666666666666668
Poland,PL,2021-02-09,-29.0,-6.0,-17.0,-35.0,-24.0,10.0,2021,1,2,6,2021-02-08,2020-2022,comparison_country,-29.333333333333332
Poland,PL,2021-02-10,-25.0,-3.0,-18.0,-35.0,-23.0,9.0,2021,1,2,6,2021-02-08,2020-2022,comparison_country,-27.666666666666668
Poland,PL,2021-02-11,-24.0,-3.0,-20.0,-34.0,-22.0,9.0,2021,1,2,6,2021-02-08,2020-2022,comparison_country,-26.666666666666668
Poland,PL,2021-02-12,-29.0,-3.0,-24.0,-37.0,-22.0,9.0,2021,1,2,6,2021-02-08,2020-2022,comparison_country,-29.333333333333332
Poland,PL,2021-02-13,-28.0,-3.0,-4.0,-33.0,-8.0,5.0,2021,1,2,6,2021-02-08,2020-2022,comparison_country,-23.0
Poland,PL,2021-02-14,-43.0,-25.0,12.0,-34.0,-6.0,5.0,2021,1,2,6,2021-02-08,2020-2022,comparison_country,-27.666666666666668
Poland,PL,2021-02-15,-26.0,-8.0,-17.0,-37.0,-23.0,8.0,2021,1,2,7,2021-02-15,2020-2022,comparison_country,-28.666666666666668
Poland,PL,2021-02-16,-28.0,-5.0,-12.0,-36.0,-23.0,9.0,2021,1,2,7,2021-02-15,2020-2022,comparison_country,-29.0
Poland,PL,2021-02-17,-32.0,-10.0,-22.0,-37.0,-22.0,9.0,2021,1,2,7,2021-02-15,2020-2022,comparison_country,-30.333333333333332
Poland,PL,2021-02-18,-27.0,-2.0,-9.0,-34.0,-22.0,8.0,2021,1,2,7,2021-02-15,2020-2022,comparison_country,-27.666666666666668
Poland,PL,2021-02-19,-29.0,0.0,-18.0,-35.0,-21.0,8.0,2021,1,2,7,2021-02-15,2020-2022,comparison_country,-28.333333333333332
Poland,PL,2021-02-20,-28.0,-3.0,20.0,-27.0,-4.0,3.0,2021,1,2,7,2021-02-15,2020-2022,comparison_country,-19.666666666666668
Poland,PL,2021-02-21,-38.0,-9.0,51.0,-23.0,-3.0,2.0,2021,1,2,7,2021-02-15,2020-2022,comparison_country,-21.333333333333332
Poland,PL,2021-02-22,-22.0,-3.0,4.0,-32.0,-21.0,7.0,2021,1,2,8,2021-02-22,2020-2022,comparison_country,-25.0
Poland,PL,2021-02-23,-24.0,-3.0,9.0,-33.0,-21.0,7.0,2021,1,2,8,2021-02-22,2020-2022,comparison_country,-26.0
Poland,PL,2021-02-24,-20.0,-1.0,26.0,-29.0,-20.0,7.0,2021,1,2,8,2021-02-22,2020-2022,comparison_country,-23.0
Poland,PL,2021-02-25,-18.0,3.0,41.0,-27.0,-20.0,6.0,2021,1,2,8,2021-02-22,2020-2022,comparison_country,-21.666666666666668
Poland,PL,2021-02-26,-23.0,4.0,-2.0,-31.0,-19.0,7.0,2021,1,2,8,2021-02-22,2020-2022,comparison_country,-24.333333333333332
Poland,PL,2021-02-27,-24.0,-1.0,13.0,-27.0,-2.0,3.0,2021,1,2,8,2021-02-22,2020-2022,comparison_country,-17.666666666666668
Poland,PL,2021-02-28,-43.0,-12.0,12.0,-29.0,-3.0,3.0,2021,1,2,8,2021-02-22,2020-2022,comparison_country,-25.0
Poland,PL,2021-03-01,-23.0,-3.0,-11.0,-34.0,-20.0,7.0,2021,1,3,9,2021-03-01,2020-2022,comparison_country,-25.666666666666668
Poland,PL,2021-03-02,-22.0,-1.0,15.0,-32.0,-20.0,7.0,2021,1,3,9,2021-03-01,2020-2022,comparison_country,-24.666666666666668
Poland,PL,2021-03-03,-20.0,0.0,21.0,-30.0,-20.0,6.0,2021,1,3,9,2021-03-01,2020-2022,comparison_country,-23.333333333333332
Poland,PL,2021-03-04,-24.0,1.0,-8.0,-33.0,-20.0,7.0,2021,1,3,9,2021-03-01,2020-2022,comparison_country,-25.666666666666668
Poland,PL,2021-03-05,-26.0,3.0,-14.0,-33.0,-19.0,7.0,2021,1,3,9,2021-03-01,2020-2022,comparison_country,-26.0
Poland,PL,2021-03-06,-25.0,0.0,10.0,-29.0,-2.0,3.0,2021,1,3,9,2021-03-01,2020-2022,comparison_country,-18.666666666666668
Poland,PL,2021-03-07,-48.0,-20.0,-16.0,-36.0,-5.0,4.0,2021,1,3,9,2021-03-01,2020-2022,comparison_country,-29.666666666666668
Poland,PL,2021-03-08,-15.0,12.0,-9.0,-31.0,-20.0,6.0,2021,1,3,10,2021-03-08,2020-2022,comparison_country,-22.0
Poland,PL,2021-03-09,-24.0,-1.0,-2.0,-34.0,-21.0,8.0,2021,1,3,10,2021-03-08,2020-2022,comparison_country,-26.333333333333332
Poland,PL,2021-03-10,-19.0,4.0,4.0,-31.0,-20.0,7.0,2021,1,3,10,2021-03-08,2020-2022,comparison_country,-23.333333333333332
Poland,PL,2021-03-11,-25.0,0.0,-21.0,-35.0,-21.0,8.0,2021,1,3,10,2021-03-08,2020-2022,comparison_country,-27.0
Poland,PL,2021-03-12,-24.0,4.0,-14.0,-33.0,-20.0,8.0,2021,1,3,10,2021-03-08,2020-2022,comparison_country,-25.666666666666668
Poland,PL,2021-03-13,-26.0,-1.0,0.0,-29.0,-3.0,4.0,2021,1,3,10,2021-03-08,2020-2022,comparison_country,-19.333333333333332
Poland,PL,2021-03-14,-48.0,-17.0,-9.0,-34.0,-5.0,5.0,2021,1,3,10,2021-03-08,2020-2022,comparison_country,-29.0
Poland,PL,2021-03-15,-23.0,-1.0,-6.0,-34.0,-21.0,7.0,2021,1,3,11,2021-03-15,2020-2022,comparison_country,-26.0
Poland,PL,2021-03-16,-25.0,-1.0,-4.0,-35.0,-21.0,8.0,2021,1,3,11,2021-03-15,2020-2022,comparison_country,-27.0
Poland,PL,2021-03-17,-23.0,1.0,-8.0,-34.0,-20.0,8.0,2021,1,3,11,2021-03-15,2020-2022,comparison_country,-25.666666666666668
Poland,PL,2021-03-18,-20.0,5.0,-6.0,-33.0,-20.0,8.0,2021,1,3,11,2021-03-15,2020-2022,comparison_country,-24.333333333333332
Poland,PL,2021-03-19,-22.0,6.0,-16.0,-33.0,-19.0,8.0,2021,1,3,11,2021-03-15,2020-2022,comparison_country,-24.666666666666668
Poland,PL,2021-03-20,-38.0,-4.0,-6.0,-37.0,-4.0,6.0,2021,1,3,11,2021-03-15,2020-2022,comparison_country,-26.333333333333332
Poland,PL,2021-03-21,-58.0,-29.0,-31.0,-43.0,-8.0,7.0,2021,1,3,11,2021-03-15,2020-2022,comparison_country,-36.333333333333336
Poland,PL,2021-03-22,-29.0,-3.0,-6.0,-38.0,-23.0,9.0,2021,1,3,12,2021-03-22,2020-2022,comparison_country,-30.0
Poland,PL,2021-03-23,-32.0,-4.0,-3.0,-39.0,-24.0,10.0,2021,1,3,12,2021-03-22,2020-2022,comparison_country,-31.666666666666668
Poland,PL,2021-03-24,-27.0,0.0,-1.0,-37.0,-24.0,9.0,2021,1,3,12,2021-03-22,2020-2022,comparison_country,-29.333333333333332
Poland,PL,2021-03-25,-21.0,7.0,21.0,-34.0,-24.0,8.0,2021,1,3,12,2021-03-22,2020-2022,comparison_country,-26.333333333333332
Poland,PL,2021-03-26,-21.0,9.0,23.0,-33.0,-23.0,8.0,2021,1,3,12,2021-03-22,2020-2022,comparison_country,-25.666666666666668
Poland,PL,2021-03-27,-43.0,-8.0,18.0,-35.0,-5.0,6.0,2021,1,3,12,2021-03-22,2020-2022,comparison_country,-27.666666666666668
Poland,PL,2021-03-28,-31.0,101.0,18.0,-33.0,5.0,4.0,2021,1,3,12,2021-03-22,2020-2022,comparison_country,-19.666666666666668
Poland,PL,2021-03-29,-35.0,-7.0,-10.0,-41.0,-27.0,11.0,2021,1,3,13,2021-03-29,2020-2022,comparison_country,-34.333333333333336
Poland,PL,2021-03-30,-29.0,4.0,46.0,-36.0,-28.0,10.0,2021,1,3,13,2021-03-29,2020-2022,comparison_country,-31.0
Poland,PL,2021-03-31,-29.0,13.0,87.0,-28.0,-27.0,7.0,2021,1,3,13,2021-03-29,2020-2022,comparison_country,-28.0
Poland,PL,2021-04-01,-29.0,23.0,40.0,-31.0,-30.0,8.0,2021,2,4,13,2021-03-29,2020-2022,comparison_country,-30.0
Poland,PL,2021-04-02,-34.0,27.0,16.0,-40.0,-40.0,13.0,2021,2,4,13,2021-03-29,2020-2022,comparison_country,-38.0
Poland,PL,2021-04-03,-63.0,-29.0,-13.0,-50.0,-36.0,11.0,2021,2,4,13,2021-03-29,2020-2022,comparison_country,-49.666666666666664
Poland,PL,2021-04-04,-76.0,-47.0,15.0,-53.0,-13.0,3.0,2021,2,4,13,2021-03-29,2020-2022,comparison_country,-47.333333333333336
Poland,PL,2021-04-05,-80.0,-83.0,14.0,-68.0,-85.0,22.0,2021,2,4,14,2021-04-05,2020-2022,comparison_country,-77.66666666666667
Poland,PL,2021-04-06,-44.0,-10.0,-3.0,-40.0,-34.0,11.0,2021,2,4,14,2021-04-05,2020-2022,comparison_country,-39.333333333333336
Poland,PL,2021-04-07,-42.0,-7.0,-11.0,-41.0,-29.0,11.0,2021,2,4,14,2021-04-05,2020-2022,comparison_country,-37.333333333333336
Poland,PL,2021-04-08,-39.0,-2.0,-7.0,-40.0,-27.0,11.0,2021,2,4,14,2021-04-05,2020-2022,comparison_country,-35.333333333333336
Poland,PL,2021-04-09,-32.0,6.0,17.0,-36.0,-24.0,9.0,2021,2,4,14,2021-04-05,2020-2022,comparison_country,-30.666666666666668
Poland,PL,2021-04-10,-35.0,0.0,57.0,-27.0,-4.0,3.0,2021,2,4,14,2021-04-05,2020-2022,comparison_country,-22.0
Poland,PL,2021-04-11,-25.0,10.0,116.0,-15.0,-2.0,2.0,2021,2,4,14,2021-04-05,2020-2022,comparison_country,-14.0
Poland,PL,2021-04-12,-30.0,0.0,9.0,-36.0,-25.0,9.0,2021,2,4,15,2021-04-12,2020-2022,comparison_country,-30.333333333333332
Poland,PL,2021-04-13,-34.0,1.0,0.0,-39.0,-26.0,10.0,2021,2,4,15,2021-04-12,2020-2022,comparison_country,-33.0
Poland,PL,2021-04-14,-35.0,-1.0,-13.0,-39.0,-26.0,10.0,2021,2,4,15,2021-04-12,2020-2022,comparison_country,-33.333333333333336
Poland,PL,2021-04-15,-35.0,0.0,-22.0,-39.0,-25.0,11.0,2021,2,4,15,2021-04-12,2020-2022,comparison_country,-33.0
Poland,PL,2021-04-16,-36.0,3.0,-22.0,-39.0,-23.0,10.0,2021,2,4,15,2021-04-12,2020-2022,comparison_country,-32.666666666666664
Poland,PL,2021-04-17,-38.0,0.0,12.0,-34.0,-4.0,5.0,2021,2,4,15,2021-04-12,2020-2022,comparison_country,-25.333333333333332
Poland,PL,2021-04-18,-39.0,-5.0,53.0,-26.0,-2.0,4.0,2021,2,4,15,2021-04-12,2020-2022,comparison_country,-22.333333333333332
Poland,PL,2021-04-19,-26.0,2.0,41.0,-31.0,-21.0,7.0,2021,2,4,16,2021-04-19,2020-2022,comparison_country,-26.0
Poland,PL,2021-04-20,-25.0,6.0,56.0,-28.0,-21.0,7.0,2021,2,4,16,2021-04-19,2020-2022,comparison_country,-24.666666666666668
Poland,PL,2021-04-21,-23.0,7.0,56.0,-28.0,-20.0,6.0,2021,2,4,16,2021-04-19,2020-2022,comparison_country,-23.666666666666668
Poland,PL,2021-04-22,-26.0,8.0,17.0,-32.0,-20.0,7.0,2021,2,4,16,2021-04-19,2020-2022,comparison_country,-26.0
Poland,PL,2021-04-23,-29.0,9.0,7.0,-32.0,-18.0,7.0,2021,2,4,16,2021-04-19,2020-2022,comparison_country,-26.333333333333332
Poland,PL,2021-04-24,-32.0,1.0,51.0,-25.0,1.0,2.0,2021,2,4,16,2021-04-19,2020-2022,comparison_country,-18.666666666666668
Poland,PL,2021-04-25,-18.0,115.0,37.0,-23.0,10.0,2.0,2021,2,4,16,2021-04-19,2020-2022,comparison_country,-10.333333333333334
Poland,PL,2021-04-26,-25.0,0.0,18.0,-31.0,-18.0,6.0,2021,2,4,17,2021-04-26,2020-2022,comparison_country,-24.666666666666668
Poland,PL,2021-04-27,-22.0,7.0,51.0,-27.0,-18.0,6.0,2021,2,4,17,2021-04-26,2020-2022,comparison_country,-22.333333333333332
Poland,PL,2021-04-28,-18.0,12.0,69.0,-24.0,-18.0,5.0,2021,2,4,17,2021-04-26,2020-2022,comparison_country,-20.0
Poland,PL,2021-04-29,-17.0,25.0,51.0,-23.0,-18.0,5.0,2021,2,4,17,2021-04-26,2020-2022,comparison_country,-19.333333333333332
Poland,PL,2021-04-30,-9.0,49.0,53.0,-19.0,-21.0,2.0,2021,2,4,17,2021-04-26,2020-2022,comparison_country,-16.333333333333332
Poland,PL,2021-05-01,-67.0,-72.0,81.0,-37.0,-39.0,5.0,2021,2,5,17,2021-04-26,2020-2022,comparison_country,-47.666666666666664
Poland,PL,2021-05-02,-51.0,-7.0,-4.0,-44.0,-15.0,4.0,2021,2,5,17,2021-04-26,2020-2022,comparison_country,-36.666666666666664
Poland,PL,2021-05-03,-60.0,-74.0,86.0,-57.0,-82.0,20.0,2021,2,5,18,2021-05-03,2020-2022,comparison_country,-66.33333333333333
Poland,PL,2021-05-04,0.0,28.0,55.0,-20.0,-25.0,5.0,2021,2,5,18,2021-05-03,2020-2022,comparison_country,-15.0
Poland,PL,2021-05-05,-8.0,15.0,23.0,-22.0,-18.0,4.0,2021,2,5,18,2021-05-03,2020-2022,comparison_country,-16.0
Poland,PL,2021-05-06,-7.0,18.0,40.0,-20.0,-16.0,4.0,2021,2,5,18,2021-05-03,2020-2022,comparison_country,-14.333333333333334
Poland,PL,2021-05-07,-12.0,17.0,13.0,-24.0,-15.0,5.0,2021,2,5,18,2021-05-03,2020-2022,comparison_country,-17.0
Poland,PL,2021-05-08,-14.0,11.0,56.0,-14.0,6.0,0.0,2021,2,5,18,2021-05-03,2020-2022,comparison_country,-7.333333333333333
Poland,PL,2021-05-09,-7.0,39.0,174.0,1.0,9.0,-3.0,2021,2,5,18,2021-05-03,2020-2022,comparison_country,1.0
Poland,PL,2021-05-10,-1.0,13.0,105.0,-16.0,-16.0,2.0,2021,2,5,19,2021-05-10,2020-2022,comparison_country,-11.0
Poland,PL,2021-05-11,-1.0,19.0,132.0,-14.0,-15.0,2.0,2021,2,5,19,2021-05-10,2020-2022,comparison_country,-10.0
Poland,PL,2021-05-12,-1.0,20.0,101.0,-14.0,-16.0,2.0,2021,2,5,19,2021-05-10,2020-2022,comparison_country,-10.333333333333334
Poland,PL,2021-05-13,-2.0,21.0,73.0,-15.0,-15.0,3.0,2021,2,5,19,2021-05-10,2020-2022,comparison_country,-10.666666666666666
Poland,PL,2021-05-14,-7.0,21.0,46.0,-18.0,-15.0,3.0,2021,2,5,19,2021-05-10,2020-2022,comparison_country,-13.333333333333334
Poland,PL,2021-05-15,-5.0,12.0,109.0,-3.0,5.0,-3.0,2021,2,5,19,2021-05-10,2020-2022,comparison_country,-1.0
Poland,PL,2021-05-16,-16.0,13.0,66.0,-10.0,8.0,0.0,2021,2,5,19,2021-05-10,2020-2022,comparison_country,-6.0
Poland,PL,2021-05-17,-3.0,12.0,51.0,-16.0,-13.0,2.0,2021,2,5,20,2021-05-17,2020-2022,comparison_country,-10.666666666666666
Poland,PL,2021-05-18,-7.0,14.0,39.0,-17.0,-13.0,4.0,2021,2,5,20,2021-05-17,2020-2022,comparison_country,-12.333333333333334
Poland,PL,2021-05-19,-3.0,16.0,57.0,-15.0,-12.0,2.0,2021,2,5,20,2021-05-17,2020-2022,comparison_country,-10.0
Poland,PL,2021-05-20,0.0,21.0,86.0,-15.0,-11.0,2.0,2021,2,5,20,2021-05-17,2020-2022,comparison_country,-8.666666666666666
Poland,PL,2021-05-21,-3.0,21.0,79.0,-11.0,-10.0,1.0,2021,2,5,20,2021-05-17,2020-2022,comparison_country,-8.0
Poland,PL,2021-05-22,-10.0,11.0,56.0,-11.0,7.0,0.0,2021,2,5,20,2021-05-17,2020-2022,comparison_country,-4.666666666666667
Poland,PL,2021-05-23,-10.0,11.0,95.0,-7.0,10.0,-1.0,2021,2,5,20,2021-05-17,2020-2022,comparison_country,-2.3333333333333335
Poland,PL,2021-05-24,3.0,18.0,91.0,-10.0,-12.0,1.0,2021,2,5,21,2021-05-24,2020-2022,comparison_country,-6.333333333333333
Poland,PL,2021-05-25,-2.0,21.0,41.0,-16.0,-13.0,4.0,2021,2,5,21,2021-05-24,2020-2022,comparison_country,-10.333333333333334
Poland,PL,2021-05-26,7.0,30.0,84.0,-8.0,-12.0,0.0,2021,2,5,21,2021-05-24,2020-2022,comparison_country,-4.333333333333333
Poland,PL,2021-05-27,3.0,20.0,86.0,-10.0,-12.0,2.0,2021,2,5,21,2021-05-24,2020-2022,comparison_country,-6.333333333333333
Poland,PL,2021-05-28,2.0,22.0,68.0,-10.0,-9.0,1.0,2021,2,5,21,2021-05-24,2020-2022,comparison_country,-5.666666666666667
Poland,PL,2021-05-29,-2.0,12.0,78.0,-5.0,12.0,-1.0,2021,2,5,21,2021-05-24,2020-2022,comparison_country,1.6666666666666667
Poland,PL,2021-05-30,8.0,23.0,106.0,0.0,16.0,-2.0,2021,2,5,21,2021-05-24,2020-2022,comparison_country,8.0
Poland,PL,2021-05-31,13.0,23.0,93.0,-6.0,-9.0,-1.0,2021,2,5,22,2021-05-31,2020-2022,comparison_country,-0.6666666666666666
Poland,PL,2021-06-01,24.0,32.0,131.0,-1.0,-10.0,0.0,2021,2,6,22,2021-05-31,2020-2022,comparison_country,4.333333333333333
Poland,PL,2021-06-02,27.0,57.0,139.0,5.0,-12.0,-5.0,2021,2,6,22,2021-05-31,2020-2022,comparison_country,6.666666666666667
Poland,PL,2021-06-03,-26.0,-59.0,336.0,-30.0,-81.0,13.0,2021,2,6,22,2021-05-31,2020-2022,comparison_country,-45.666666666666664
Poland,PL,2021-06-04,14.0,28.0,187.0,-18.0,-46.0,6.0,2021,2,6,22,2021-05-31,2020-2022,comparison_country,-16.666666666666668
Poland,PL,2021-06-05,-2.0,9.0,181.0,-4.0,1.0,-4.0,2021,2,6,22,2021-05-31,2020-2022,comparison_country,-1.6666666666666667
Poland,PL,2021-06-06,27.0,43.0,192.0,21.0,17.0,-8.0,2021,2,6,22,2021-05-31,2020-2022,comparison_country,21.666666666666668
Poland,PL,2021-06-07,10.0,24.0,107.0,-4.0,-6.0,-1.0,2021,2,6,23,2021-06-07,2020-2022,comparison_country,0.0
Poland,PL,2021-06-08,8.0,25.0,122.0,-5.0,-5.0,0.0,2021,2,6,23,2021-06-07,2020-2022,comparison_country,-0.6666666666666666
Poland,PL,2021-06-09,13.0,27.0,118.0,-3.0,-4.0,-1.0,2021,2,6,23,2021-06-07,2020-2022,comparison_country,2.0
Poland,PL,2021-06-10,15.0,29.0,123.0,-1.0,-3.0,-2.0,2021,2,6,23,2021-06-07,2020-2022,comparison_country,3.6666666666666665
Poland,PL,2021-06-11,10.0,27.0,104.0,-2.0,-1.0,-2.0,2021,2,6,23,2021-06-07,2020-2022,comparison_country,2.3333333333333335
Poland,PL,2021-06-12,1.0,13.0,84.0,-2.0,12.0,-3.0,2021,2,6,23,2021-06-07,2020-2022,comparison_country,3.6666666666666665
Poland,PL,2021-06-13,9.0,23.0,89.0,0.0,15.0,-2.0,2021,2,6,23,2021-06-07,2020-2022,comparison_country,8.0
Poland,PL,2021-06-14,10.0,21.0,101.0,-4.0,-3.0,-1.0,2021,2,6,24,2021-06-14,2020-2022,comparison_country,1.0
Poland,PL,2021-06-15,10.0,25.0,123.0,-4.0,-2.0,-1.0,2021,2,6,24,2021-06-14,2020-2022,comparison_country,1.3333333333333333
Poland,PL,2021-06-16,15.0,26.0,131.0,-3.0,-4.0,-2.0,2021,2,6,24,2021-06-14,2020-2022,comparison_country,2.6666666666666665
Poland,PL,2021-06-17,14.0,27.0,144.0,-3.0,-5.0,-2.0,2021,2,6,24,2021-06-14,2020-2022,comparison_country,2.0
Poland,PL,2021-06-18,8.0,25.0,131.0,-4.0,-5.0,-3.0,2021,2,6,24,2021-06-14,2020-2022,comparison_country,-0.3333333333333333
Poland,PL,2021-06-19,-2.0,13.0,160.0,3.0,8.0,-6.0,2021,2,6,24,2021-06-14,2020-2022,comparison_country,3.0
Poland,PL,2021-06-20,15.0,36.0,160.0,9.0,13.0,-7.0,2021,2,6,24,2021-06-14,2020-2022,comparison_country,12.333333333333334
Poland,PL,2021-06-21,10.0,21.0,111.0,-9.0,-8.0,-1.0,2021,2,6,25,2021-06-21,2020-2022,comparison_country,-2.3333333333333335
Poland,PL,2021-06-22,7.0,22.0,98.0,-10.0,-9.0,1.0,2021,2,6,25,2021-06-21,2020-2022,comparison_country,-4.0
Poland,PL,2021-06-23,12.0,26.0,103.0,-7.0,-8.0,0.0,2021,2,6,25,2021-06-21,2020-2022,comparison_country,-1.0
Poland,PL,2021-06-24,11.0,22.0,98.0,-9.0,-9.0,0.0,2021,2,6,25,2021-06-21,2020-2022,comparison_country,-2.3333333333333335
Poland,PL,2021-06-25,14.0,25.0,110.0,-1.0,-7.0,-2.0,2021,2,6,25,2021-06-21,2020-2022,comparison_country,2.0
Poland,PL,2021-06-26,1.0,9.0,145.0,5.0,11.0,-5.0,2021,2,6,25,2021-06-21,2020-2022,comparison_country,5.666666666666667
Poland,PL,2021-06-27,59.0,167.0,162.0,19.0,30.0,-8.0,2021,2,6,25,2021-06-21,2020-2022,comparison_country,36.0
Poland,PL,2021-06-28,10.0,15.0,139.0,-8.0,-15.0,-1.0,2021,2,6,26,2021-06-28,2020-2022,comparison_country,-4.333333333333333
Poland,PL,2021-06-29,6.0,18.0,148.0,-11.0,-16.0,-1.0,2021,2,6,26,2021-06-28,2020-2022,comparison_country,-7.0
Poland,PL,2021-06-30,11.0,20.0,122.0,-10.0,-16.0,-1.0,2021,2,6,26,2021-06-28,2020-2022,comparison_country,-5.0
Poland,PL,2021-07-01,12.0,23.0,125.0,-7.0,-17.0,1.0,2021,3,7,26,2021-06-28,2020-2022,comparison_country,-4.0
Poland,PL,2021-07-02,5.0,20.0,98.0,-10.0,-15.0,0.0,2021,3,7,26,2021-06-28,2020-2022,comparison_country,-6.666666666666667
Poland,PL,2021-07-03,1.0,12.0,129.0,4.0,6.0,-4.0,2021,3,7,26,2021-06-28,2020-2022,comparison_country,3.6666666666666665
Poland,PL,2021-07-04,25.0,36.0,165.0,15.0,13.0,-5.0,2021,3,7,26,2021-06-28,2020-2022,comparison_country,17.666666666666668
Poland,PL,2021-07-05,15.0,22.0,140.0,-7.0,-18.0,0.0,2021,3,7,27,2021-07-05,2020-2022,comparison_country,-3.3333333333333335
Poland,PL,2021-07-06,12.0,24.0,182.0,-7.0,-18.0,0.0,2021,3,7,27,2021-07-05,2020-2022,comparison_country,-4.333333333333333
Poland,PL,2021-07-07,13.0,23.0,152.0,-8.0,-19.0,0.0,2021,3,7,27,2021-07-05,2020-2022,comparison_country,-4.666666666666667
Poland,PL,2021-07-08,14.0,25.0,151.0,-7.0,-19.0,0.0,2021,3,7,27,2021-07-05,2020-2022,comparison_country,-4.0
Poland,PL,2021-07-09,6.0,23.0,108.0,-9.0,-18.0,0.0,2021,3,7,27,2021-07-05,2020-2022,comparison_country,-7.0
Poland,PL,2021-07-10,9.0,18.0,179.0,13.0,7.0,-7.0,2021,3,7,27,2021-07-05,2020-2022,comparison_country,9.666666666666666
Poland,PL,2021-07-11,32.0,49.0,192.0,20.0,13.0,-7.0,2021,3,7,27,2021-07-05,2020-2022,comparison_country,21.666666666666668
Poland,PL,2021-07-12,15.0,23.0,135.0,-6.0,-21.0,0.0,2021,3,7,28,2021-07-12,2020-2022,comparison_country,-4.0
Poland,PL,2021-07-13,15.0,26.0,199.0,-6.0,-21.0,0.0,2021,3,7,28,2021-07-12,2020-2022,comparison_country,-4.0
Poland,PL,2021-07-14,16.0,24.0,166.0,-7.0,-21.0,0.0,2021,3,7,28,2021-07-12,2020-2022,comparison_country,-4.0
Poland,PL,2021-07-15,17.0,27.0,176.0,-5.0,-21.0,-1.0,2021,3,7,28,2021-07-12,2020-2022,comparison_country,-3.0
Poland,PL,2021-07-16,10.0,23.0,145.0,-5.0,-20.0,-1.0,2021,3,7,28,2021-07-12,2020-2022,comparison_country,-5.0
Poland,PL,2021-07-17,5.0,15.0,181.0,14.0,5.0,-6.0,2021,3,7,28,2021-07-12,2020-2022,comparison_country,8.0
Poland,PL,2021-07-18,35.0,51.0,196.0,25.0,13.0,-7.0,2021,3,7,28,2021-07-12,2020-2022,comparison_country,24.333333333333332
Poland,PL,2021-07-19,20.0,26.0,171.0,-3.0,-22.0,-1.0,2021,3,7,29,2021-07-19,2020-2022,comparison_country,-1.6666666666666667
Poland,PL,2021-07-20,17.0,26.0,191.0,-5.0,-22.0,1.0,2021,3,7,29,2021-07-19,2020-2022,comparison_country,-3.3333333333333335
Poland,PL,2021-07-21,21.0,26.0,197.0,-2.0,-22.0,0.0,2021,3,7,29,2021-07-19,2020-2022,comparison_country,-1.0
Poland,PL,2021-07-22,20.0,28.0,201.0,-3.0,-21.0,0.0,2021,3,7,29,2021-07-19,2020-2022,comparison_country,-1.3333333333333333
Poland,PL,2021-07-23,13.0,26.0,177.0,-3.0,-21.0,-1.0,2021,3,7,29,2021-07-19,2020-2022,comparison_country,-3.6666666666666665
Poland,PL,2021-07-24,5.0,15.0,218.0,17.0,6.0,-8.0,2021,3,7,29,2021-07-19,2020-2022,comparison_country,9.333333333333334
Poland,PL,2021-07-25,34.0,57.0,201.0,26.0,13.0,-8.0,2021,3,7,29,2021-07-19,2020-2022,comparison_country,24.333333333333332
Poland,PL,2021-07-26,19.0,26.0,179.0,-4.0,-24.0,0.0,2021,3,7,30,2021-07-26,2020-2022,comparison_country,-3.0
Poland,PL,2021-07-27,17.0,26.0,209.0,-6.0,-24.0,1.0,2021,3,7,30,2021-07-26,2020-2022,comparison_country,-4.333333333333333
Poland,PL,2021-07-28,19.0,26.0,198.0,-5.0,-24.0,1.0,2021,3,7,30,2021-07-26,2020-2022,comparison_country,-3.3333333333333335
Poland,PL,2021-07-29,22.0,30.0,223.0,-1.0,-23.0,0.0,2021,3,7,30,2021-07-26,2020-2022,comparison_country,-0.6666666666666666
Poland,PL,2021-07-30,15.0,27.0,187.0,-1.0,-22.0,-1.0,2021,3,7,30,2021-07-26,2020-2022,comparison_country,-2.6666666666666665
Poland,PL,2021-07-31,8.0,16.0,199.0,20.0,5.0,-7.0,2021,3,7,30,2021-07-26,2020-2022,comparison_country,11.0
Poland,PL,2021-08-01,27.0,51.0,143.0,24.0,9.0,-5.0,2021,3,8,30,2021-07-26,2020-2022,comparison_country,20.0
Poland,PL,2021-08-02,23.0,27.0,165.0,-3.0,-26.0,1.0,2021,3,8,31,2021-08-02,2020-2022,comparison_country,-2.0
Poland,PL,2021-08-03,21.0,26.0,210.0,-3.0,-26.0,2.0,2021,3,8,31,2021-08-02,2020-2022,comparison_country,-2.6666666666666665
Poland,PL,2021-08-04,23.0,26.0,192.0,-5.0,-25.0,1.0,2021,3,8,31,2021-08-02,2020-2022,comparison_country,-2.3333333333333335
Poland,PL,2021-08-05,18.0,25.0,152.0,-8.0,-26.0,2.0,2021,3,8,31,2021-08-02,2020-2022,comparison_country,-5.333333333333333
Poland,PL,2021-08-06,12.0,23.0,123.0,-8.0,-25.0,2.0,2021,3,8,31,2021-08-02,2020-2022,comparison_country,-7.0
Poland,PL,2021-08-07,11.0,15.0,220.0,19.0,5.0,-7.0,2021,3,8,31,2021-08-02,2020-2022,comparison_country,11.666666666666666
Poland,PL,2021-08-08,41.0,64.0,191.0,28.0,13.0,-6.0,2021,3,8,31,2021-08-02,2020-2022,comparison_country,27.333333333333332
Poland,PL,2021-08-09,26.0,28.0,204.0,0.0,-24.0,0.0,2021,3,8,32,2021-08-09,2020-2022,comparison_country,0.6666666666666666
Poland,PL,2021-08-10,24.0,29.0,205.0,-2.0,-24.0,1.0,2021,3,8,32,2021-08-09,2020-2022,comparison_country,-0.6666666666666666
Poland,PL,2021-08-11,31.0,31.0,212.0,0.0,-24.0,0.0,2021,3,8,32,2021-08-09,2020-2022,comparison_country,2.3333333333333335
Poland,PL,2021-08-12,22.0,35.0,236.0,1.0,-24.0,-1.0,2021,3,8,32,2021-08-09,2020-2022,comparison_country,-0.3333333333333333
Poland,PL,2021-08-13,12.0,34.0,202.0,-1.0,-24.0,-1.0,2021,3,8,32,2021-08-09,2020-2022,comparison_country,-4.333333333333333
Poland,PL,2021-08-14,6.0,21.0,226.0,22.0,5.0,-8.0,2021,3,8,32,2021-08-09,2020-2022,comparison_country,11.0
Poland,PL,2021-08-15,35.0,63.0,225.0,34.0,12.0,-9.0,2021,3,8,32,2021-08-09,2020-2022,comparison_country,27.0
Poland,PL,2021-08-16,16.0,29.0,165.0,-2.0,-24.0,0.0,2021,3,8,33,2021-08-16,2020-2022,comparison_country,-3.3333333333333335
Poland,PL,2021-08-17,16.0,31.0,145.0,-6.0,-24.0,2.0,2021,3,8,33,2021-08-16,2020-2022,comparison_country,-4.666666666666667
Poland,PL,2021-08-18,19.0,30.0,172.0,-3.0,-21.0,1.0,2021,3,8,33,2021-08-16,2020-2022,comparison_country,-1.6666666666666667
Poland,PL,2021-08-19,18.0,31.0,180.0,-3.0,-21.0,1.0,2021,3,8,33,2021-08-16,2020-2022,comparison_country,-2.0
Poland,PL,2021-08-20,10.0,27.0,146.0,-4.0,-21.0,0.0,2021,3,8,33,2021-08-16,2020-2022,comparison_country,-5.0
Poland,PL,2021-08-21,7.0,18.0,204.0,18.0,7.0,-6.0,2021,3,8,33,2021-08-16,2020-2022,comparison_country,10.666666666666666
Poland,PL,2021-08-22,34.0,84.0,201.0,30.0,17.0,-7.0,2021,3,8,33,2021-08-16,2020-2022,comparison_country,27.0
Poland,PL,2021-08-23,10.0,23.0,94.0,-9.0,-21.0,2.0,2021,3,8,34,2021-08-23,2020-2022,comparison_country,-6.666666666666667
Poland,PL,2021-08-24,11.0,26.0,116.0,-9.0,-20.0,3.0,2021,3,8,34,2021-08-23,2020-2022,comparison_country,-6.0
Poland,PL,2021-08-25,18.0,28.0,149.0,-2.0,-18.0,1.0,2021,3,8,34,2021-08-23,2020-2022,comparison_country,-0.6666666666666666
Poland,PL,2021-08-26,13.0,29.0,102.0,-6.0,-19.0,2.0,2021,3,8,34,2021-08-23,2020-2022,comparison_country,-4.0
Poland,PL,2021-08-27,9.0,26.0,97.0,-6.0,-17.0,1.0,2021,3,8,34,2021-08-23,2020-2022,comparison_country,-4.666666666666667
Poland,PL,2021-08-28,5.0,14.0,143.0,10.0,10.0,-4.0,2021,3,8,34,2021-08-23,2020-2022,comparison_country,8.333333333333334
Poland,PL,2021-08-29,60.0,199.0,80.0,17.0,27.0,-4.0,2021,3,8,34,2021-08-23,2020-2022,comparison_country,34.666666666666664
Poland,PL,2021-08-30,8.0,17.0,48.0,-8.0,-16.0,3.0,2021,3,8,35,2021-08-30,2020-2022,comparison_country,-5.333333333333333
Poland,PL,2021-08-31,10.0,25.0,52.0,-8.0,-16.0,4.0,2021,3,8,35,2021-08-30,2020-2022,comparison_country,-4.666666666666667
Poland,PL,2021-09-01,22.0,38.0,99.0,5.0,-17.0,2.0,2021,3,9,35,2021-08-30,2020-2022,comparison_country,3.3333333333333335
Poland,PL,2021-09-02,11.0,33.0,107.0,6.0,-13.0,-1.0,2021,3,9,35,2021-08-30,2020-2022,comparison_country,1.3333333333333333
Poland,PL,2021-09-03,8.0,29.0,110.0,6.0,-11.0,-3.0,2021,3,9,35,2021-08-30,2020-2022,comparison_country,1.0
Poland,PL,2021-09-04,5.0,18.0,148.0,8.0,10.0,-4.0,2021,3,9,35,2021-08-30,2020-2022,comparison_country,7.666666666666667
Poland,PL,2021-09-05,27.0,101.0,160.0,19.0,17.0,-5.0,2021,3,9,35,2021-08-30,2020-2022,comparison_country,21.0
Poland,PL,2021-09-06,9.0,27.0,97.0,3.0,-12.0,-2.0,2021,3,9,36,2021-09-06,2020-2022,comparison_country,0.0
Poland,PL,2021-09-07,6.0,29.0,116.0,2.0,-12.0,-1.0,2021,3,9,36,2021-09-06,2020-2022,comparison_country,-1.3333333333333333
Poland,PL,2021-09-08,10.0,30.0,121.0,5.0,-12.0,-2.0,2021,3,9,36,2021-09-06,2020-2022,comparison_country,1.0
Poland,PL,2021-09-09,10.0,32.0,135.0,5.0,-12.0,-2.0,2021,3,9,36,2021-09-06,2020-2022,comparison_country,1.0
Poland,PL,2021-09-10,10.0,32.0,128.0,6.0,-11.0,-3.0,2021,3,9,36,2021-09-06,2020-2022,comparison_country,1.6666666666666667
Poland,PL,2021-09-11,7.0,19.0,160.0,14.0,8.0,-5.0,2021,3,9,36,2021-09-06,2020-2022,comparison_country,9.666666666666666
Poland,PL,2021-09-12,23.0,99.0,134.0,19.0,14.0,-4.0,2021,3,9,36,2021-09-06,2020-2022,comparison_country,18.666666666666668
Poland,PL,2021-09-13,7.0,28.0,77.0,0.0,-11.0,-1.0,2021,3,9,37,2021-09-13,2020-2022,comparison_country,-1.3333333333333333
Poland,PL,2021-09-14,6.0,29.0,101.0,1.0,-12.0,0.0,2021,3,9,37,2021-09-13,2020-2022,comparison_country,-1.6666666666666667
Poland,PL,2021-09-15,9.0,29.0,105.0,3.0,-12.0,-1.0,2021,3,9,37,2021-09-13,2020-2022,comparison_country,0.0
Poland,PL,2021-09-16,4.0,28.0,68.0,-2.0,-13.0,-1.0,2021,3,9,37,2021-09-13,2020-2022,comparison_country,-3.6666666666666665
Poland,PL,2021-09-17,2.0,27.0,48.0,-3.0,-12.0,0.0,2021,3,9,37,2021-09-13,2020-2022,comparison_country,-4.333333333333333
Poland,PL,2021-09-18,-2.0,13.0,49.0,-5.0,3.0,0.0,2021,3,9,37,2021-09-13,2020-2022,comparison_country,-1.3333333333333333
Poland,PL,2021-09-19,-6.0,75.0,45.0,-1.0,6.0,0.0,2021,3,9,37,2021-09-13,2020-2022,comparison_country,-0.3333333333333333
Poland,PL,2021-09-20,3.0,22.0,42.0,-5.0,-8.0,0.0,2021,3,9,38,2021-09-20,2020-2022,comparison_country,-3.3333333333333335
Poland,PL,2021-09-21,1.0,24.0,55.0,-5.0,-7.0,1.0,2021,3,9,38,2021-09-20,2020-2022,comparison_country,-3.6666666666666665
Poland,PL,2021-09-22,4.0,24.0,53.0,-4.0,-4.0,1.0,2021,3,9,38,2021-09-20,2020-2022,comparison_country,-1.3333333333333333
Poland,PL,2021-09-23,3.0,26.0,61.0,-3.0,-4.0,0.0,2021,3,9,38,2021-09-20,2020-2022,comparison_country,-1.3333333333333333
Poland,PL,2021-09-24,2.0,25.0,56.0,-1.0,-4.0,-1.0,2021,3,9,38,2021-09-20,2020-2022,comparison_country,-1.0
Poland,PL,2021-09-25,1.0,14.0,98.0,6.0,7.0,-2.0,2021,3,9,38,2021-09-20,2020-2022,comparison_country,4.666666666666667
Poland,PL,2021-09-26,18.0,98.0,141.0,20.0,12.0,-3.0,2021,3,9,38,2021-09-20,2020-2022,comparison_country,16.666666666666668
Poland,PL,2021-09-27,3.0,21.0,73.0,-1.0,-3.0,-1.0,2021,3,9,39,2021-09-27,2020-2022,comparison_country,-0.3333333333333333
Poland,PL,2021-09-28,2.0,24.0,67.0,-3.0,-4.0,0.0,2021,3,9,39,2021-09-27,2020-2022,comparison_country,-1.6666666666666667
Poland,PL,2021-09-29,3.0,23.0,57.0,-3.0,-5.0,0.0,2021,3,9,39,2021-09-27,2020-2022,comparison_country,-1.6666666666666667
Poland,PL,2021-09-30,7.0,27.0,55.0,0.0,-4.0,0.0,2021,3,9,39,2021-09-27,2020-2022,comparison_country,1.0
Poland,PL,2021-10-01,4.0,26.0,58.0,0.0,-4.0,-1.0,2021,4,10,39,2021-09-27,2020-2022,comparison_country,0.0
Poland,PL,2021-10-02,3.0,16.0,96.0,5.0,5.0,-2.0,2021,4,10,39,2021-09-27,2020-2022,comparison_country,4.333333333333333
Poland,PL,2021-10-03,17.0,108.0,121.0,16.0,9.0,-3.0,2021,4,10,39,2021-09-27,2020-2022,comparison_country,14.0
Poland,PL,2021-10-04,3.0,20.0,65.0,-1.0,-4.0,-1.0,2021,4,10,40,2021-10-04,2020-2022,comparison_country,-0.6666666666666666
Poland,PL,2021-10-05,2.0,23.0,77.0,-1.0,-5.0,0.0,2021,4,10,40,2021-10-04,2020-2022,comparison_country,-1.3333333333333333
Poland,PL,2021-10-06,1.0,22.0,32.0,-4.0,-5.0,0.0,2021,4,10,40,2021-10-04,2020-2022,comparison_country,-2.6666666666666665
Poland,PL,2021-10-07,3.0,26.0,55.0,-1.0,-4.0,0.0,2021,4,10,40,2021-10-04,2020-2022,comparison_country,-0.6666666666666666
Poland,PL,2021-10-08,5.0,27.0,51.0,1.0,-3.0,-2.0,2021,4,10,40,2021-10-04,2020-2022,comparison_country,1.0
Poland,PL,2021-10-09,6.0,17.0,81.0,5.0,5.0,-2.0,2021,4,10,40,2021-10-04,2020-2022,comparison_country,5.333333333333333
Poland,PL,2021-10-10,7.0,108.0,88.0,11.0,7.0,-1.0,2021,4,10,40,2021-10-04,2020-2022,comparison_country,8.333333333333334
Poland,PL,2021-10-11,3.0,21.0,37.0,-3.0,-3.0,0.0,2021,4,10,41,2021-10-11,2020-2022,comparison_country,-1.0
Poland,PL,2021-10-12,1.0,24.0,31.0,-5.0,-4.0,1.0,2021,4,10,41,2021-10-11,2020-2022,comparison_country,-2.6666666666666665
Poland,PL,2021-10-13,5.0,24.0,30.0,-4.0,-4.0,0.0,2021,4,10,41,2021-10-11,2020-2022,comparison_country,-1.0
Poland,PL,2021-10-14,6.0,25.0,39.0,-6.0,-12.0,2.0,2021,4,10,41,2021-10-11,2020-2022,comparison_country,-4.0
Poland,PL,2021-10-15,2.0,24.0,33.0,-4.0,-8.0,1.0,2021,4,10,41,2021-10-11,2020-2022,comparison_country,-3.3333333333333335
Poland,PL,2021-10-16,2.0,14.0,56.0,0.0,5.0,-1.0,2021,4,10,41,2021-10-11,2020-2022,comparison_country,2.3333333333333335
Poland,PL,2021-10-17,-3.0,103.0,47.0,4.0,6.0,0.0,2021,4,10,41,2021-10-11,2020-2022,comparison_country,2.3333333333333335
Poland,PL,2021-10-18,1.0,18.0,24.0,-5.0,-3.0,1.0,2021,4,10,42,2021-10-18,2020-2022,comparison_country,-2.3333333333333335
Poland,PL,2021-10-19,1.0,23.0,50.0,-3.0,-3.0,1.0,2021,4,10,42,2021-10-18,2020-2022,comparison_country,-1.6666666666666667
Poland,PL,2021-10-20,3.0,24.0,60.0,-1.0,-3.0,0.0,2021,4,10,42,2021-10-18,2020-2022,comparison_country,-0.3333333333333333
Poland,PL,2021-10-21,-1.0,22.0,32.0,-2.0,-3.0,0.0,2021,4,10,42,2021-10-18,2020-2022,comparison_country,-2.0
Poland,PL,2021-10-22,0.0,23.0,22.0,-3.0,-2.0,0.0,2021,4,10,42,2021-10-18,2020-2022,comparison_country,-1.6666666666666667
Poland,PL,2021-10-23,0.0,13.0,29.0,-2.0,6.0,0.0,2021,4,10,42,2021-10-18,2020-2022,comparison_country,1.3333333333333333
Poland,PL,2021-10-24,1.0,110.0,58.0,4.0,8.0,1.0,2021,4,10,42,2021-10-18,2020-2022,comparison_country,4.333333333333333
Poland,PL,2021-10-25,0.0,19.0,34.0,-4.0,-2.0,0.0,2021,4,10,43,2021-10-25,2020-2022,comparison_country,-2.0
Poland,PL,2021-10-26,0.0,24.0,38.0,-4.0,-2.0,1.0,2021,4,10,43,2021-10-25,2020-2022,comparison_country,-2.0
Poland,PL,2021-10-27,3.0,26.0,41.0,-2.0,-2.0,0.0,2021,4,10,43,2021-10-25,2020-2022,comparison_country,-0.3333333333333333
Poland,PL,2021-10-28,5.0,32.0,56.0,2.0,-2.0,0.0,2021,4,10,43,2021-10-25,2020-2022,comparison_country,1.6666666666666667
Poland,PL,2021-10-29,5.0,34.0,43.0,2.0,-2.0,-1.0,2021,4,10,43,2021-10-25,2020-2022,comparison_country,1.6666666666666667
Poland,PL,2021-10-30,1.0,28.0,65.0,6.0,2.0,-2.0,2021,4,10,43,2021-10-25,2020-2022,comparison_country,3.0
Poland,PL,2021-10-31,4.0,155.0,81.0,9.0,-2.0,-3.0,2021,4,10,43,2021-10-25,2020-2022,comparison_country,3.6666666666666665
Poland,PL,2021-11-01,-59.0,-60.0,81.0,-38.0,-86.0,16.0,2021,4,11,44,2021-11-01,2020-2022,comparison_country,-61.0
Poland,PL,2021-11-02,-6.0,27.0,5.0,-7.0,-7.0,3.0,2021,4,11,44,2021-11-01,2020-2022,comparison_country,-6.666666666666667
Poland,PL,2021-11-03,-1.0,25.0,27.0,-3.0,-1.0,1.0,2021,4,11,44,2021-11-01,2020-2022,comparison_country,-1.6666666666666667
Poland,PL,2021-11-04,-3.0,22.0,16.0,-6.0,-2.0,2.0,2021,4,11,44,2021-11-01,2020-2022,comparison_country,-3.6666666666666665
Poland,PL,2021-11-05,-4.0,23.0,8.0,-7.0,0.0,2.0,2021,4,11,44,2021-11-01,2020-2022,comparison_country,-3.6666666666666665
Poland,PL,2021-11-06,-2.0,15.0,29.0,-4.0,10.0,1.0,2021,4,11,44,2021-11-01,2020-2022,comparison_country,1.3333333333333333
Poland,PL,2021-11-07,-13.0,95.0,3.0,-11.0,5.0,4.0,2021,4,11,44,2021-11-01,2020-2022,comparison_country,-6.333333333333333
Poland,PL,2021-11-08,-4.0,15.0,3.0,-9.0,-2.0,2.0,2021,4,11,45,2021-11-08,2020-2022,comparison_country,-5.0
Poland,PL,2021-11-09,0.0,25.0,20.0,-7.0,-2.0,2.0,2021,4,11,45,2021-11-08,2020-2022,comparison_country,-3.0
Poland,PL,2021-11-10,19.0,56.0,38.0,6.0,-5.0,-2.0,2021,4,11,45,2021-11-08,2020-2022,comparison_country,6.666666666666667
Poland,PL,2021-11-11,-46.0,-63.0,120.0,-38.0,-81.0,21.0,2021,4,11,45,2021-11-08,2020-2022,comparison_country,-55.0
Poland,PL,2021-11-12,9.0,30.0,41.0,-20.0,-40.0,9.0,2021,4,11,45,2021-11-08,2020-2022,comparison_country,-17.0
Poland,PL,2021-11-13,-3.0,9.0,41.0,-9.0,-2.0,2.0,2021,4,11,45,2021-11-08,2020-2022,comparison_country,-4.666666666666667
Poland,PL,2021-11-14,-12.0,94.0,8.0,-1.0,2.0,2.0,2021,4,11,45,2021-11-08,2020-2022,comparison_country,-3.6666666666666665
Poland,PL,2021-11-15,-3.0,18.0,6.0,-6.0,-3.0,2.0,2021,4,11,46,2021-11-15,2020-2022,comparison_country,-4.0
Poland,PL,2021-11-16,-4.0,21.0,16.0,-8.0,-3.0,3.0,2021,4,11,46,2021-11-15,2020-2022,comparison_country,-5.0
Poland,PL,2021-11-17,-3.0,21.0,12.0,-9.0,-3.0,2.0,2021,4,11,46,2021-11-15,2020-2022,comparison_country,-5.0
Poland,PL,2021-11-18,-4.0,22.0,12.0,-9.0,-3.0,3.0,2021,4,11,46,2021-11-15,2020-2022,comparison_country,-5.333333333333333
Poland,PL,2021-11-19,-6.0,20.0,-1.0,-9.0,-2.0,3.0,2021,4,11,46,2021-11-15,2020-2022,comparison_country,-5.666666666666667
Poland,PL,2021-11-20,-5.0,13.0,18.0,-7.0,8.0,2.0,2021,4,11,46,2021-11-15,2020-2022,comparison_country,-1.3333333333333333
Poland,PL,2021-11-21,-14.0,99.0,9.0,-9.0,4.0,3.0,2021,4,11,46,2021-11-15,2020-2022,comparison_country,-6.333333333333333
Poland,PL,2021-11-22,-6.0,14.0,2.0,-10.0,-3.0,3.0,2021,4,11,47,2021-11-22,2020-2022,comparison_country,-6.333333333333333
Poland,PL,2021-11-23,-6.0,18.0,8.0,-12.0,-4.0,4.0,2021,4,11,47,2021-11-22,2020-2022,comparison_country,-7.333333333333333
Poland,PL,2021-11-24,0.0,19.0,10.0,-10.0,-4.0,3.0,2021,4,11,47,2021-11-22,2020-2022,comparison_country,-4.666666666666667
Poland,PL,2021-11-25,-1.0,22.0,16.0,-9.0,-5.0,3.0,2021,4,11,47,2021-11-22,2020-2022,comparison_country,-5.0
Poland,PL,2021-11-26,0.0,22.0,-1.0,-9.0,-4.0,3.0,2021,4,11,47,2021-11-22,2020-2022,comparison_country,-4.333333333333333
Poland,PL,2021-11-27,-1.0,12.0,12.0,-8.0,7.0,2.0,2021,4,11,47,2021-11-22,2020-2022,comparison_country,-0.6666666666666666
Poland,PL,2021-11-28,-15.0,95.0,-5.0,-12.0,3.0,3.0,2021,4,11,47,2021-11-22,2020-2022,comparison_country,-8.0
Poland,PL,2021-11-29,-4.0,13.0,-8.0,-12.0,-4.0,3.0,2021,4,11,48,2021-11-29,2020-2022,comparison_country,-6.666666666666667
Poland,PL,2021-11-30,-5.0,18.0,-3.0,-12.0,-4.0,4.0,2021,4,11,48,2021-11-29,2020-2022,comparison_country,-7.0
Poland,PL,2021-12-01,-2.0,21.0,-1.0,-12.0,-5.0,4.0,2021,4,12,48,2021-11-29,2020-2022,comparison_country,-6.333333333333333
Poland,PL,2021-12-02,-1.0,23.0,7.0,-12.0,-5.0,4.0,2021,4,12,48,2021-11-29,2020-2022,comparison_country,-6.0
Poland,PL,2021-12-03,-1.0,22.0,3.0,-11.0,-4.0,3.0,2021,4,12,48,2021-11-29,2020-2022,comparison_country,-5.333333333333333
Poland,PL,2021-12-04,1.0,15.0,22.0,-6.0,6.0,2.0,2021,4,12,48,2021-11-29,2020-2022,comparison_country,0.3333333333333333
Poland,PL,2021-12-05,-12.0,116.0,12.0,-11.0,4.0,4.0,2021,4,12,48,2021-11-29,2020-2022,comparison_country,-6.333333333333333
Poland,PL,2021-12-06,2.0,18.0,4.0,-11.0,-4.0,3.0,2021,4,12,49,2021-12-06,2020-2022,comparison_country,-4.333333333333333
Poland,PL,2021-12-07,-5.0,18.0,6.0,-13.0,-2.0,4.0,2021,4,12,49,2021-12-06,2020-2022,comparison_country,-6.666666666666667
Poland,PL,2021-12-08,-2.0,18.0,-1.0,-14.0,-1.0,4.0,2021,4,12,49,2021-12-06,2020-2022,comparison_country,-5.666666666666667
Poland,PL,2021-12-09,-2.0,23.0,8.0,-13.0,-1.0,4.0,2021,4,12,49,2021-12-06,2020-2022,comparison_country,-5.333333333333333
Poland,PL,2021-12-10,-2.0,23.0,8.0,-9.0,0.0,3.0,2021,4,12,49,2021-12-06,2020-2022,comparison_country,-3.6666666666666665
Poland,PL,2021-12-11,-1.0,14.0,30.0,-4.0,11.0,3.0,2021,4,12,49,2021-12-06,2020-2022,comparison_country,2.0
Poland,PL,2021-12-12,34.0,177.0,15.0,-2.0,21.0,3.0,2021,4,12,49,2021-12-06,2020-2022,comparison_country,17.666666666666668
Poland,PL,2021-12-13,-2.0,17.0,1.0,-11.0,0.0,3.0,2021,4,12,50,2021-12-13,2020-2022,comparison_country,-4.333333333333333
Poland,PL,2021-12-14,0.0,25.0,9.0,-10.0,0.0,4.0,2021,4,12,50,2021-12-13,2020-2022,comparison_country,-3.3333333333333335
Poland,PL,2021-12-15,4.0,27.0,11.0,-8.0,0.0,3.0,2021,4,12,50,2021-12-13,2020-2022,comparison_country,-1.3333333333333333
Poland,PL,2021-12-16,5.0,30.0,14.0,-8.0,0.0,3.0,2021,4,12,50,2021-12-13,2020-2022,comparison_country,-1.0
Poland,PL,2021-12-17,2.0,24.0,8.0,-8.0,2.0,3.0,2021,4,12,50,2021-12-13,2020-2022,comparison_country,-1.3333333333333333
Poland,PL,2021-12-18,0.0,15.0,17.0,-3.0,12.0,3.0,2021,4,12,50,2021-12-13,2020-2022,comparison_country,3.0
Poland,PL,2021-12-19,44.0,203.0,-1.0,-2.0,27.0,3.0,2021,4,12,50,2021-12-13,2020-2022,comparison_country,23.0
Poland,PL,2021-12-20,8.0,25.0,2.0,-15.0,-12.0,5.0,2021,4,12,51,2021-12-20,2020-2022,comparison_country,-6.333333333333333
Poland,PL,2021-12-21,14.0,39.0,16.0,-12.0,-13.0,5.0,2021,4,12,51,2021-12-20,2020-2022,comparison_country,-3.6666666666666665
Poland,PL,2021-12-22,22.0,50.0,16.0,-9.0,-16.0,5.0,2021,4,12,51,2021-12-20,2020-2022,comparison_country,-1.0
Poland,PL,2021-12-23,27.0,63.0,19.0,-12.0,-30.0,7.0,2021,4,12,51,2021-12-20,2020-2022,comparison_country,-5.0
Poland,PL,2021-12-24,-50.0,-14.0,-19.0,-51.0,-75.0,19.0,2021,4,12,51,2021-12-20,2020-2022,comparison_country,-58.666666666666664
Poland,PL,2021-12-25,-84.0,-83.0,5.0,-56.0,-64.0,8.0,2021,4,12,51,2021-12-20,2020-2022,comparison_country,-68.0
Poland,PL,2021-12-26,-57.0,-23.0,8.0,-31.0,-25.0,1.0,2021,4,12,51,2021-12-20,2020-2022,comparison_country,-37.666666666666664
Poland,PL,2021-12-27,-3.0,-1.0,13.0,-27.0,-37.0,11.0,2021,4,12,52,2021-12-27,2020-2022,comparison_country,-22.333333333333332
Poland,PL,2021-12-28,3.0,15.0,24.0,-24.0,-29.0,10.0,2021,4,12,52,2021-12-27,2020-2022,comparison_country,-16.666666666666668
Poland,PL,2021-12-29,9.0,27.0,28.0,-20.0,-28.0,9.0,2021,4,12,52,2021-12-27,2020-2022,comparison_country,-13.0
Poland,PL,2021-12-30,16.0,52.0,35.0,-16.0,-31.0,8.0,2021,4,12,52,2021-12-27,2020-2022,comparison_country,-10.333333333333334
Poland,PL,2021-12-31,-23.0,32.0,25.0,-36.0,-53.0,15.0,2021,4,12,52,2021-12-27,2020-2022,comparison_country,-37.333333333333336
Poland,PL,2022-01-01,-76.0,-82.0,15.0,-46.0,-64.0,11.0,2022,1,1,52,2021-12-27,2020-2022,comparison_country,-62.0
Poland,PL,2022-01-02,-20.0,79.0,22.0,-14.0,-3.0,4.0,2022,1,1,52,2021-12-27,2020-2022,comparison_country,-12.333333333333334
Poland,PL,2022-01-03,-10.0,14.0,-4.0,-25.0,-17.0,9.0,2022,1,1,1,2022-01-03,2020-2022,comparison_country,-17.333333333333332
Poland,PL,2022-01-04,-8.0,20.0,4.0,-24.0,-15.0,9.0,2022,1,1,1,2022-01-03,2020-2022,comparison_country,-15.666666666666666
Poland,PL,2022-01-05,6.0,47.0,8.0,-20.0,-17.0,5.0,2022,1,1,1,2022-01-03,2020-2022,comparison_country,-10.333333333333334
Poland,PL,2022-01-06,-57.0,-70.0,37.0,-54.0,-82.0,26.0,2022,1,1,1,2022-01-03,2020-2022,comparison_country,-64.33333333333333
Poland,PL,2022-01-07,1.0,27.0,24.0,-31.0,-47.0,14.0,2022,1,1,1,2022-01-03,2020-2022,comparison_country,-25.666666666666668
Poland,PL,2022-01-08,-13.0,5.0,19.0,-21.0,-3.0,5.0,2022,1,1,1,2022-01-03,2020-2022,comparison_country,-12.333333333333334
Poland,PL,2022-01-09,-16.0,88.0,18.0,-12.0,9.0,3.0,2022,1,1,1,2022-01-03,2020-2022,comparison_country,-6.333333333333333
Poland,PL,2022-01-10,-7.0,17.0,-3.0,-13.0,1.0,3.0,2022,1,1,2,2022-01-10,2020-2022,comparison_country,-6.333333333333333
Poland,PL,2022-01-11,-9.0,19.0,4.0,-16.0,0.0,4.0,2022,1,1,2,2022-01-10,2020-2022,comparison_country,-8.333333333333334
Poland,PL,2022-01-12,-9.0,17.0,-1.0,-16.0,1.0,4.0,2022,1,1,2,2022-01-10,2020-2022,comparison_country,-8.0
Poland,PL,2022-01-13,-10.0,18.0,0.0,-16.0,1.0,4.0,2022,1,1,2,2022-01-10,2020-2022,comparison_country,-8.333333333333334
Poland,PL,2022-01-14,-12.0,17.0,-8.0,-17.0,2.0,4.0,2022,1,1,2,2022-01-10,2020-2022,comparison_country,-9.0
Poland,PL,2022-01-15,-10.0,8.0,16.0,-16.0,8.0,3.0,2022,1,1,2,2022-01-10,2020-2022,comparison_country,-6.0
Poland,PL,2022-01-16,-17.0,91.0,2.0,-19.0,9.0,4.0,2022,1,1,2,2022-01-10,2020-2022,comparison_country,-9.0
Poland,PL,2022-01-17,-15.0,6.0,-10.0,-20.0,-5.0,5.0,2022,1,1,3,2022-01-17,2020-2022,comparison_country,-13.333333333333334
Poland,PL,2022-01-18,-11.0,16.0,10.0,-19.0,-5.0,5.0,2022,1,1,3,2022-01-17,2020-2022,comparison_country,-11.666666666666666
Poland,PL,2022-01-19,-8.0,17.0,8.0,-18.0,-6.0,5.0,2022,1,1,3,2022-01-17,2020-2022,comparison_country,-10.666666666666666
Poland,PL,2022-01-20,-14.0,15.0,-2.0,-19.0,-7.0,6.0,2022,1,1,3,2022-01-17,2020-2022,comparison_country,-13.333333333333334
Poland,PL,2022-01-21,-14.0,18.0,-8.0,-21.0,-7.0,6.0,2022,1,1,3,2022-01-17,2020-2022,comparison_country,-14.0
Poland,PL,2022-01-22,-18.0,5.0,4.0,-21.0,5.0,4.0,2022,1,1,3,2022-01-17,2020-2022,comparison_country,-11.333333333333334
Poland,PL,2022-01-23,-24.0,96.0,-4.0,-22.0,7.0,4.0,2022,1,1,3,2022-01-17,2020-2022,comparison_country,-13.0
Poland,PL,2022-01-24,-14.0,9.0,-2.0,-24.0,-11.0,7.0,2022,1,1,4,2022-01-24,2020-2022,comparison_country,-16.333333333333332
Poland,PL,2022-01-25,-15.0,13.0,0.0,-25.0,-12.0,8.0,2022,1,1,4,2022-01-24,2020-2022,comparison_country,-17.333333333333332
Poland,PL,2022-01-26,-14.0,12.0,-4.0,-25.0,-13.0,8.0,2022,1,1,4,2022-01-24,2020-2022,comparison_country,-17.333333333333332
Poland,PL,2022-01-27,-16.0,11.0,-6.0,-28.0,-17.0,9.0,2022,1,1,4,2022-01-24,2020-2022,comparison_country,-20.333333333333332
Poland,PL,2022-01-28,-17.0,10.0,-15.0,-29.0,-16.0,9.0,2022,1,1,4,2022-01-24,2020-2022,comparison_country,-20.666666666666668
Poland,PL,2022-01-29,-20.0,2.0,-11.0,-25.0,3.0,5.0,2022,1,1,4,2022-01-24,2020-2022,comparison_country,-14.0
Poland,PL,2022-01-30,-9.0,98.0,-29.0,-27.0,13.0,5.0,2022,1,1,4,2022-01-24,2020-2022,comparison_country,-7.666666666666667
Poland,PL,2022-01-31,-15.0,7.0,1.0,-27.0,-16.0,7.0,2022,1,1,5,2022-01-31,2020-2022,comparison_country,-19.333333333333332
Poland,PL,2022-02-01,-16.0,12.0,0.0,-27.0,-16.0,8.0,2022,1,2,5,2022-01-31,2020-2022,comparison_country,-19.666666666666668
Poland,PL,2022-02-02,-14.0,11.0,-4.0,-27.0,-16.0,8.0,2022,1,2,5,2022-01-31,2020-2022,comparison_country,-19.0
Poland,PL,2022-02-03,-11.0,16.0,12.0,-25.0,-15.0,8.0,2022,1,2,5,2022-01-31,2020-2022,comparison_country,-17.0
Poland,PL,2022-02-04,-13.0,16.0,0.0,-25.0,-14.0,8.0,2022,1,2,5,2022-01-31,2020-2022,comparison_country,-17.333333333333332
Poland,PL,2022-02-05,-14.0,8.0,3.0,-20.0,4.0,4.0,2022,1,2,5,2022-01-31,2020-2022,comparison_country,-10.0
Poland,PL,2022-02-06,-26.0,12.0,-19.0,-24.0,0.0,5.0,2022,1,2,5,2022-01-31,2020-2022,comparison_country,-16.666666666666668
Poland,PL,2022-02-07,-12.0,12.0,-6.0,-26.0,-14.0,7.0,2022,1,2,6,2022-02-07,2020-2022,comparison_country,-17.333333333333332
Poland,PL,2022-02-08,-13.0,12.0,2.0,-26.0,-15.0,8.0,2022,1,2,6,2022-02-07,2020-2022,comparison_country,-18.0
Poland,PL,2022-02-09,-7.0,16.0,10.0,-23.0,-14.0,7.0,2022,1,2,6,2022-02-07,2020-2022,comparison_country,-14.666666666666666
Poland,PL,2022-02-10,-3.0,21.0,27.0,-20.0,-14.0,6.0,2022,1,2,6,2022-02-07,2020-2022,comparison_country,-12.333333333333334
Poland,PL,2022-02-11,-7.0,19.0,0.0,-22.0,-12.0,6.0,2022,1,2,6,2022-02-07,2020-2022,comparison_country,-13.666666666666666
Poland,PL,2022-02-12,-2.0,14.0,45.0,-8.0,7.0,1.0,2022,1,2,6,2022-02-07,2020-2022,comparison_country,-1.0
Poland,PL,2022-02-13,2.0,30.0,60.0,-4.0,6.0,1.0,2022,1,2,6,2022-02-07,2020-2022,comparison_country,1.3333333333333333
Poland,PL,2022-02-14,13.0,29.0,39.0,-15.0,-12.0,4.0,2022,1,2,7,2022-02-14,2020-2022,comparison_country,-4.666666666666667
Poland,PL,2022-02-15,-5.0,17.0,36.0,-18.0,-12.0,5.0,2022,1,2,7,2022-02-14,2020-2022,comparison_country,-11.666666666666666
Poland,PL,2022-02-16,-4.0,17.0,21.0,-18.0,-12.0,5.0,2022,1,2,7,2022-02-14,2020-2022,comparison_country,-11.333333333333334
Poland,PL,2022-02-17,-10.0,12.0,1.0,-23.0,-12.0,6.0,2022,1,2,7,2022-02-14,2020-2022,comparison_country,-15.0
Poland,PL,2022-02-18,-5.0,21.0,14.0,-19.0,-10.0,5.0,2022,1,2,7,2022-02-14,2020-2022,comparison_country,-11.333333333333334
Poland,PL,2022-02-19,-15.0,4.0,0.0,-20.0,4.0,2.0,2022,1,2,7,2022-02-14,2020-2022,comparison_country,-10.333333333333334
Poland,PL,2022-02-20,-15.0,12.0,4.0,-13.0,7.0,2.0,2022,1,2,7,2022-02-14,2020-2022,comparison_country,-7.0
Poland,PL,2022-02-21,-6.0,16.0,5.0,-17.0,-6.0,3.0,2022,1,2,8,2022-02-21,2020-2022,comparison_country,-9.666666666666666
Poland,PL,2022-02-22,-6.0,18.0,20.0,-17.0,-6.0,4.0,2022,1,2,8,2022-02-21,2020-2022,comparison_country,-9.666666666666666
Poland,PL,2022-02-23,-4.0,18.0,15.0,-16.0,-5.0,4.0,2022,1,2,8,2022-02-21,2020-2022,comparison_country,-8.333333333333334
Poland,PL,2022-02-24,-1.0,24.0,50.0,-9.0,-4.0,2.0,2022,1,2,8,2022-02-21,2020-2022,comparison_country,-4.666666666666667
Poland,PL,2022-02-25,-9.0,21.0,15.0,-14.0,-3.0,3.0,2022,1,2,8,2022-02-21,2020-2022,comparison_country,-8.666666666666666
Poland,PL,2022-02-26,-10.0,13.0,26.0,-10.0,11.0,2.0,2022,1,2,8,2022-02-21,2020-2022,comparison_country,-3.0
Poland,PL,2022-02-27,-14.0,23.0,28.0,-3.0,12.0,2.0,2022,1,2,8,2022-02-21,2020-2022,comparison_country,-1.6666666666666667
Poland,PL,2022-02-28,-6.0,21.0,15.0,-8.0,2.0,2.0,2022,1,2,9,2022-02-28,2020-2022,comparison_country,-4.0
Poland,PL,2022-03-01,-7.0,23.0,30.0,-6.0,2.0,2.0,2022,1,3,9,2022-02-28,2020-2022,comparison_country,-3.6666666666666665
Poland,PL,2022-03-02,-9.0,19.0,28.0,-8.0,2.0,2.0,2022,1,3,9,2022-02-28,2020-2022,comparison_country,-5.0
Poland,PL,2022-03-03,-7.0,22.0,24.0,-7.0,2.0,2.0,2022,1,3,9,2022-02-28,2020-2022,comparison_country,-4.0
Poland,PL,2022-03-04,-9.0,22.0,5.0,-9.0,4.0,3.0,2022,1,3,9,2022-02-28,2020-2022,comparison_country,-4.666666666666667
Poland,PL,2022-03-05,-7.0,14.0,16.0,-6.0,11.0,2.0,2022,1,3,9,2022-02-28,2020-2022,comparison_country,-0.6666666666666666
Poland,PL,2022-03-06,-17.0,23.0,6.0,-3.0,12.0,3.0,2022,1,3,9,2022-02-28,2020-2022,comparison_country,-2.6666666666666665
Poland,PL,2022-03-07,-4.0,23.0,16.0,-5.0,3.0,2.0,2022,1,3,10,2022-03-07,2020-2022,comparison_country,-2.0
Poland,PL,2022-03-08,4.0,34.0,36.0,-1.0,3.0,2.0,2022,1,3,10,2022-03-07,2020-2022,comparison_country,2.0
Poland,PL,2022-03-09,-5.0,20.0,28.0,-4.0,4.0,3.0,2022,1,3,10,2022-03-07,2020-2022,comparison_country,-1.6666666666666667
Poland,PL,2022-03-10,-2.0,25.0,32.0,-1.0,5.0,3.0,2022,1,3,10,2022-03-07,2020-2022,comparison_country,0.6666666666666666
Poland,PL,2022-03-11,-5.0,23.0,20.0,-4.0,5.0,3.0,2022,1,3,10,2022-03-07,2020-2022,comparison_country,-1.3333333333333333
Poland,PL,2022-03-12,-2.0,17.0,48.0,4.0,12.0,2.0,2022,1,3,10,2022-03-07,2020-2022,comparison_country,4.666666666666667
Poland,PL,2022-03-13,-2.0,39.0,68.0,11.0,14.0,2.0,2022,1,3,10,2022-03-07,2020-2022,comparison_country,7.666666666666667
Poland,PL,2022-03-14,-3.0,20.0,39.0,-2.0,5.0,3.0,2022,1,3,11,2022-03-14,2020-2022,comparison_country,0.0
Poland,PL,2022-03-15,-5.0,21.0,48.0,-2.0,5.0,3.0,2022,1,3,11,2022-03-14,2020-2022,comparison_country,-0.6666666666666666
Poland,PL,2022-03-16,-3.0,22.0,38.0,-3.0,5.0,3.0,2022,1,3,11,2022-03-14,2020-2022,comparison_country,-0.3333333333333333
Poland,PL,2022-03-17,-3.0,24.0,40.0,-3.0,5.0,3.0,2022,1,3,11,2022-03-14,2020-2022,comparison_country,-0.3333333333333333
Poland,PL,2022-03-18,-4.0,24.0,36.0,-3.0,6.0,2.0,2022,1,3,11,2022-03-14,2020-2022,comparison_country,-0.3333333333333333
Poland,PL,2022-03-19,-2.0,17.0,54.0,4.0,12.0,2.0,2022,1,3,11,2022-03-14,2020-2022,comparison_country,4.666666666666667
Poland,PL,2022-03-20,0.0,44.0,79.0,9.0,12.0,1.0,2022,1,3,11,2022-03-14,2020-2022,comparison_country,7.0
Poland,PL,2022-03-21,0.0,22.0,54.0,-2.0,4.0,2.0,2022,1,3,12,2022-03-21,2020-2022,comparison_country,0.6666666666666666
Poland,PL,2022-03-22,-3.0,22.0,70.0,-2.0,6.0,3.0,2022,1,3,12,2022-03-21,2020-2022,comparison_country,0.3333333333333333
Poland,PL,2022-03-23,0.0,23.0,76.0,0.0,6.0,2.0,2022,1,3,12,2022-03-21,2020-2022,comparison_country,2.0
Poland,PL,2022-03-24,-1.0,26.0,67.0,-1.0,6.0,2.0,2022,1,3,12,2022-03-21,2020-2022,comparison_country,1.3333333333333333
Poland,PL,2022-03-25,-2.0,25.0,58.0,-1.0,6.0,2.0,2022,1,3,12,2022-03-21,2020-2022,comparison_country,1.0
Poland,PL,2022-03-26,-4.0,17.0,53.0,3.0,12.0,2.0,2022,1,3,12,2022-03-21,2020-2022,comparison_country,3.6666666666666665
Poland,PL,2022-03-27,1.0,41.0,82.0,10.0,13.0,1.0,2022,1,3,12,2022-03-21,2020-2022,comparison_country,8.0
Poland,PL,2022-03-28,-1.0,22.0,59.0,-2.0,7.0,1.0,2022,1,3,13,2022-03-28,2020-2022,comparison_country,1.3333333333333333
Poland,PL,2022-03-29,-4.0,22.0,35.0,-4.0,6.0,3.0,2022,1,3,13,2022-03-28,2020-2022,comparison_country,-0.6666666666666666
Poland,PL,2022-03-30,-3.0,22.0,31.0,-5.0,7.0,3.0,2022,1,3,13,2022-03-28,2020-2022,comparison_country,-0.3333333333333333
Poland,PL,2022-03-31,-5.0,24.0,19.0,-5.0,7.0,3.0,2022,1,3,13,2022-03-28,2020-2022,comparison_country,-1.0
Poland,PL,2022-04-01,-9.0,20.0,1.0,-10.0,7.0,3.0,2022,2,4,13,2022-03-28,2020-2022,comparison_country,-4.0
Poland,PL,2022-04-02,-7.0,15.0,9.0,-8.0,9.0,3.0,2022,2,4,13,2022-03-28,2020-2022,comparison_country,-2.0
Poland,PL,2022-04-03,-17.0,20.0,6.0,-7.0,10.0,4.0,2022,2,4,13,2022-03-28,2020-2022,comparison_country,-4.666666666666667
Poland,PL,2022-04-04,-7.0,19.0,11.0,-7.0,7.0,3.0,2022,2,4,14,2022-04-04,2020-2022,comparison_country,-2.3333333333333335
Poland,PL,2022-04-05,-7.0,20.0,17.0,-8.0,6.0,4.0,2022,2,4,14,2022-04-04,2020-2022,comparison_country,-3.0
Poland,PL,2022-04-06,-3.0,22.0,28.0,-5.0,6.0,3.0,2022,2,4,14,2022-04-04,2020-2022,comparison_country,-0.6666666666666666
Poland,PL,2022-04-07,1.0,28.0,52.0,1.0,7.0,2.0,2022,2,4,14,2022-04-04,2020-2022,comparison_country,3.0
Poland,PL,2022-04-08,2.0,30.0,23.0,-1.0,8.0,2.0,2022,2,4,14,2022-04-04,2020-2022,comparison_country,3.0
Poland,PL,2022-04-09,5.0,22.0,31.0,7.0,15.0,2.0,2022,2,4,14,2022-04-04,2020-2022,comparison_country,9.0
Poland,PL,2022-04-10,53.0,197.0,22.0,15.0,32.0,1.0,2022,2,4,14,2022-04-04,2020-2022,comparison_country,33.333333333333336
Poland,PL,2022-04-11,3.0,26.0,30.0,1.0,9.0,2.0,2022,2,4,15,2022-04-11,2020-2022,comparison_country,4.333333333333333
Poland,PL,2022-04-12,8.0,35.0,73.0,6.0,8.0,1.0,2022,2,4,15,2022-04-11,2020-2022,comparison_country,7.333333333333333
Poland,PL,2022-04-13,13.0,40.0,85.0,9.0,6.0,0.0,2022,2,4,15,2022-04-11,2020-2022,comparison_country,9.333333333333334
Poland,PL,2022-04-14,17.0,51.0,102.0,7.0,-9.0,2.0,2022,2,4,15,2022-04-11,2020-2022,comparison_country,5.0
Poland,PL,2022-04-15,3.0,53.0,20.0,-13.0,-26.0,10.0,2022,2,4,15,2022-04-11,2020-2022,comparison_country,-12.0
Poland,PL,2022-04-16,-40.0,-8.0,41.0,-21.0,-28.0,9.0,2022,2,4,15,2022-04-11,2020-2022,comparison_country,-29.666666666666668
Poland,PL,2022-04-17,-57.0,-20.0,57.0,-25.0,-18.0,-1.0,2022,2,4,15,2022-04-11,2020-2022,comparison_country,-33.333333333333336
Poland,PL,2022-04-18,-60.0,-69.0,117.0,-40.0,-86.0,16.0,2022,2,4,16,2022-04-18,2020-2022,comparison_country,-62.0
Poland,PL,2022-04-19,1.0,17.0,44.0,-2.0,-15.0,5.0,2022,2,4,16,2022-04-18,2020-2022,comparison_country,-5.333333333333333
Poland,PL,2022-04-20,0.0,20.0,29.0,0.0,6.0,3.0,2022,2,4,16,2022-04-18,2020-2022,comparison_country,2.0
Poland,PL,2022-04-21,4.0,27.0,54.0,3.0,8.0,2.0,2022,2,4,16,2022-04-18,2020-2022,comparison_country,5.0
Poland,PL,2022-04-22,4.0,28.0,47.0,3.0,9.0,1.0,2022,2,4,16,2022-04-18,2020-2022,comparison_country,5.333333333333333
Poland,PL,2022-04-23,5.0,19.0,91.0,15.0,21.0,0.0,2022,2,4,16,2022-04-18,2020-2022,comparison_country,13.666666666666666
Poland,PL,2022-04-24,47.0,174.0,58.0,19.0,32.0,0.0,2022,2,4,16,2022-04-18,2020-2022,comparison_country,32.666666666666664
Poland,PL,2022-04-25,-1.0,19.0,26.0,0.0,8.0,2.0,2022,2,4,17,2022-04-25,2020-2022,comparison_country,2.3333333333333335
Poland,PL,2022-04-26,2.0,27.0,59.0,4.0,9.0,2.0,2022,2,4,17,2022-04-25,2020-2022,comparison_country,5.0
Poland,PL,2022-04-27,7.0,29.0,67.0,6.0,9.0,1.0,2022,2,4,17,2022-04-25,2020-2022,comparison_country,7.333333333333333
Poland,PL,2022-04-28,10.0,34.0,86.0,9.0,10.0,0.0,2022,2,4,17,2022-04-25,2020-2022,comparison_country,9.666666666666666
Poland,PL,2022-04-29,9.0,42.0,81.0,10.0,10.0,-1.0,2022,2,4,17,2022-04-25,2020-2022,comparison_country,9.666666666666666
Poland,PL,2022-04-30,3.0,28.0,138.0,20.0,13.0,-4.0,2022,2,4,17,2022-04-25,2020-2022,comparison_country,12.0
Poland,PL,2022-05-01,13.0,44.0,203.0,17.0,5.0,-3.0,2022,2,5,17,2022-04-25,2020-2022,comparison_country,11.666666666666666
Poland,PL,2022-05-02,24.0,43.0,221.0,-9.0,-51.0,6.0,2022,2,5,18,2022-05-02,2020-2022,comparison_country,-12.0
Poland,PL,2022-05-03,-37.0,-60.0,256.0,-27.0,-81.0,15.0,2022,2,5,18,2022-05-02,2020-2022,comparison_country,-48.333333333333336
Poland,PL,2022-05-04,10.0,40.0,85.0,4.0,2.0,1.0,2022,2,5,18,2022-05-02,2020-2022,comparison_country,5.333333333333333
Poland,PL,2022-05-05,8.0,33.0,81.0,3.0,5.0,1.0,2022,2,5,18,2022-05-02,2020-2022,comparison_country,5.333333333333333
Poland,PL,2022-05-06,7.0,33.0,78.0,2.0,7.0,0.0,2022,2,5,18,2022-05-02,2020-2022,comparison_country,5.333333333333333
Poland,PL,2022-05-07,6.0,25.0,120.0,16.0,23.0,-2.0,2022,2,5,18,2022-05-02,2020-2022,comparison_country,15.0
Poland,PL,2022-05-08,19.0,57.0,135.0,21.0,26.0,-3.0,2022,2,5,18,2022-05-02,2020-2022,comparison_country,22.0
Poland,PL,2022-05-09,11.0,31.0,84.0,6.0,9.0,-1.0,2022,2,5,19,2022-05-09,2020-2022,comparison_country,8.666666666666666
Poland,PL,2022-05-10,13.0,36.0,112.0,11.0,10.0,-1.0,2022,2,5,19,2022-05-09,2020-2022,comparison_country,11.333333333333334
Poland,PL,2022-05-11,14.0,35.0,106.0,11.0,10.0,-1.0,2022,2,5,19,2022-05-09,2020-2022,comparison_country,11.666666666666666
Poland,PL,2022-05-12,13.0,37.0,95.0,10.0,10.0,-1.0,2022,2,5,19,2022-05-09,2020-2022,comparison_country,11.0
Poland,PL,2022-05-13,11.0,36.0,84.0,10.0,11.0,-2.0,2022,2,5,19,2022-05-09,2020-2022,comparison_country,10.666666666666666
Poland,PL,2022-05-14,10.0,26.0,117.0,22.0,20.0,-3.0,2022,2,5,19,2022-05-09,2020-2022,comparison_country,17.333333333333332
Poland,PL,2022-05-15,25.0,58.0,154.0,30.0,26.0,-4.0,2022,2,5,19,2022-05-09,2020-2022,comparison_country,27.0
Poland,PL,2022-05-16,11.0,31.0,94.0,9.0,10.0,-1.0,2022,2,5,20,2022-05-16,2020-2022,comparison_country,10.0
Poland,PL,2022-05-17,7.0,31.0,84.0,7.0,10.0,0.0,2022,2,5,20,2022-05-16,2020-2022,comparison_country,8.0
Poland,PL,2022-05-18,12.0,33.0,106.0,10.0,10.0,-1.0,2022,2,5,20,2022-05-16,2020-2022,comparison_country,10.666666666666666
Poland,PL,2022-05-19,11.0,35.0,132.0,12.0,10.0,-2.0,2022,2,5,20,2022-05-16,2020-2022,comparison_country,11.0
Poland,PL,2022-05-20,8.0,35.0,108.0,10.0,10.0,-2.0,2022,2,5,20,2022-05-16,2020-2022,comparison_country,9.333333333333334
Poland,PL,2022-05-21,5.0,23.0,77.0,14.0,17.0,-1.0,2022,2,5,20,2022-05-16,2020-2022,comparison_country,12.0
Poland,PL,2022-05-22,7.0,33.0,77.0,16.0,21.0,-1.0,2022,2,5,20,2022-05-16,2020-2022,comparison_country,14.666666666666666
Poland,PL,2022-05-23,10.0,31.0,93.0,8.0,10.0,-1.0,2022,2,5,21,2022-05-23,2020-2022,comparison_country,9.333333333333334
Poland,PL,2022-05-24,7.0,31.0,77.0,6.0,5.0,1.0,2022,2,5,21,2022-05-23,2020-2022,comparison_country,6.0
Poland,PL,2022-05-25,11.0,34.0,62.0,6.0,5.0,1.0,2022,2,5,21,2022-05-23,2020-2022,comparison_country,7.333333333333333
Poland,PL,2022-05-26,21.0,46.0,106.0,15.0,5.0,-1.0,2022,2,5,21,2022-05-23,2020-2022,comparison_country,13.666666666666666
Poland,PL,2022-05-27,6.0,32.0,58.0,6.0,8.0,0.0,2022,2,5,21,2022-05-23,2020-2022,comparison_country,6.666666666666667
Poland,PL,2022-05-28,4.0,23.0,67.0,12.0,17.0,-1.0,2022,2,5,21,2022-05-23,2020-2022,comparison_country,11.0
Poland,PL,2022-05-29,15.0,40.0,105.0,23.0,23.0,-2.0,2022,2,5,21,2022-05-23,2020-2022,comparison_country,20.333333333333332
Poland,PL,2022-05-30,6.0,29.0,59.0,5.0,9.0,0.0,2022,2,5,22,2022-05-30,2020-2022,comparison_country,6.666666666666667
Poland,PL,2022-05-31,11.0,34.0,110.0,11.0,10.0,-1.0,2022,2,5,22,2022-05-30,2020-2022,comparison_country,10.666666666666666
Poland,PL,2022-06-01,26.0,37.0,110.0,12.0,8.0,-1.0,2022,2,6,22,2022-05-30,2020-2022,comparison_country,15.333333333333334
Poland,PL,2022-06-02,11.0,34.0,106.0,11.0,9.0,0.0,2022,2,6,22,2022-05-30,2020-2022,comparison_country,10.333333333333334
Poland,PL,2022-06-03,9.0,34.0,128.0,12.0,9.0,-3.0,2022,2,6,22,2022-05-30,2020-2022,comparison_country,10.0
Poland,PL,2022-06-04,5.0,25.0,133.0,20.0,19.0,-3.0,2022,2,6,22,2022-05-30,2020-2022,comparison_country,14.666666666666666
Poland,PL,2022-06-05,30.0,62.0,202.0,35.0,24.0,-5.0,2022,2,6,22,2022-05-30,2020-2022,comparison_country,29.666666666666668
Poland,PL,2022-06-06,10.0,33.0,99.0,12.0,8.0,-1.0,2022,2,6,23,2022-06-06,2020-2022,comparison_country,10.0
Poland,PL,2022-06-07,6.0,31.0,100.0,10.0,8.0,0.0,2022,2,6,23,2022-06-06,2020-2022,comparison_country,8.0
Poland,PL,2022-06-08,10.0,34.0,100.0,11.0,8.0,0.0,2022,2,6,23,2022-06-06,2020-2022,comparison_country,9.666666666666666
Poland,PL,2022-06-09,10.0,34.0,93.0,12.0,8.0,0.0,2022,2,6,23,2022-06-06,2020-2022,comparison_country,10.0
Poland,PL,2022-06-10,13.0,38.0,111.0,14.0,9.0,-2.0,2022,2,6,23,2022-06-06,2020-2022,comparison_country,12.0
Poland,PL,2022-06-11,11.0,28.0,172.0,31.0,23.0,-5.0,2022,2,6,23,2022-06-06,2020-2022,comparison_country,21.666666666666668
Poland,PL,2022-06-12,28.0,60.0,176.0,38.0,28.0,-5.0,2022,2,6,23,2022-06-06,2020-2022,comparison_country,31.333333333333332
Poland,PL,2022-06-13,10.0,32.0,64.0,9.0,6.0,0.0,2022,2,6,24,2022-06-13,2020-2022,comparison_country,8.333333333333334
Poland,PL,2022-06-14,14.0,39.0,105.0,13.0,6.0,0.0,2022,2,6,24,2022-06-13,2020-2022,comparison_country,11.0
Poland,PL,2022-06-15,30.0,71.0,147.0,24.0,2.0,-5.0,2022,2,6,24,2022-06-13,2020-2022,comparison_country,18.666666666666668
Poland,PL,2022-06-16,-39.0,-56.0,255.0,-25.0,-80.0,16.0,2022,2,6,24,2022-06-13,2020-2022,comparison_country,-48.0
Poland,PL,2022-06-17,18.0,44.0,180.0,-1.0,-38.0,5.0,2022,2,6,24,2022-06-13,2020-2022,comparison_country,-7.0
Poland,PL,2022-06-18,1.0,21.0,205.0,23.0,8.0,-5.0,2022,2,6,24,2022-06-13,2020-2022,comparison_country,10.666666666666666
Poland,PL,2022-06-19,17.0,53.0,172.0,39.0,22.0,-7.0,2022,2,6,24,2022-06-13,2020-2022,comparison_country,26.0
Poland,PL,2022-06-20,7.0,32.0,62.0,9.0,3.0,1.0,2022,2,6,25,2022-06-20,2020-2022,comparison_country,6.333333333333333
Poland,PL,2022-06-21,11.0,36.0,100.0,11.0,3.0,1.0,2022,2,6,25,2022-06-20,2020-2022,comparison_country,8.333333333333334
Poland,PL,2022-06-22,17.0,38.0,137.0,14.0,4.0,-1.0,2022,2,6,25,2022-06-20,2020-2022,comparison_country,11.666666666666666
Poland,PL,2022-06-23,19.0,44.0,150.0,15.0,4.0,-2.0,2022,2,6,25,2022-06-20,2020-2022,comparison_country,12.666666666666666
Poland,PL,2022-06-24,14.0,38.0,152.0,14.0,6.0,-2.0,2022,2,6,25,2022-06-20,2020-2022,comparison_country,11.333333333333334
Poland,PL,2022-06-25,3.0,24.0,194.0,29.0,21.0,-5.0,2022,2,6,25,2022-06-20,2020-2022,comparison_country,17.666666666666668
Poland,PL,2022-06-26,51.0,204.0,175.0,38.0,40.0,-7.0,2022,2,6,25,2022-06-20,2020-2022,comparison_country,43.0
Poland,PL,2022-06-27,9.0,29.0,143.0,10.0,-4.0,0.0,2022,2,6,26,2022-06-27,2020-2022,comparison_country,5.0
Poland,PL,2022-06-28,8.0,33.0,124.0,8.0,-5.0,2.0,2022,2,6,26,2022-06-27,2020-2022,comparison_country,3.6666666666666665
Poland,PL,2022-06-29,14.0,35.0,143.0,11.0,-4.0,0.0,2022,2,6,26,2022-06-27,2020-2022,comparison_country,7.0
Poland,PL,2022-06-30,11.0,36.0,139.0,11.0,-5.0,1.0,2022,2,6,26,2022-06-27,2020-2022,comparison_country,5.666666666666667
Poland,PL,2022-07-01,4.0,32.0,111.0,5.0,-6.0,1.0,2022,3,7,26,2022-06-27,2020-2022,comparison_country,1.0
Poland,PL,2022-07-02,6.0,28.0,154.0,23.0,14.0,-4.0,2022,3,7,26,2022-06-27,2020-2022,comparison_country,14.333333333333334
Poland,PL,2022-07-03,23.0,62.0,203.0,34.0,23.0,-6.0,2022,3,7,26,2022-06-27,2020-2022,comparison_country,26.666666666666668
Poland,PL,2022-07-04,13.0,35.0,147.0,10.0,-8.0,0.0,2022,3,7,27,2022-07-04,2020-2022,comparison_country,5.0
Poland,PL,2022-07-05,10.0,33.0,127.0,6.0,-9.0,2.0,2022,3,7,27,2022-07-04,2020-2022,comparison_country,2.3333333333333335
Poland,PL,2022-07-06,15.0,35.0,137.0,8.0,-9.0,1.0,2022,3,7,27,2022-07-04,2020-2022,comparison_country,4.666666666666667
Poland,PL,2022-07-07,14.0,36.0,142.0,9.0,-8.0,1.0,2022,3,7,27,2022-07-04,2020-2022,comparison_country,5.0
Poland,PL,2022-07-08,11.0,36.0,109.0,7.0,-8.0,1.0,2022,3,7,27,2022-07-04,2020-2022,comparison_country,3.3333333333333335
Poland,PL,2022-07-09,9.0,28.0,157.0,26.0,15.0,-4.0,2022,3,7,27,2022-07-04,2020-2022,comparison_country,16.666666666666668
Poland,PL,2022-07-10,18.0,41.0,110.0,24.0,17.0,-2.0,2022,3,7,27,2022-07-04,2020-2022,comparison_country,19.666666666666668
Poland,PL,2022-07-11,17.0,37.0,110.0,8.0,-12.0,1.0,2022,3,7,28,2022-07-11,2020-2022,comparison_country,4.333333333333333
Poland,PL,2022-07-12,14.0,35.0,145.0,8.0,-11.0,2.0,2022,3,7,28,2022-07-11,2020-2022,comparison_country,3.6666666666666665
Poland,PL,2022-07-13,17.0,36.0,178.0,10.0,-11.0,1.0,2022,3,7,28,2022-07-11,2020-2022,comparison_country,5.333333333333333
Poland,PL,2022-07-14,17.0,39.0,177.0,12.0,-11.0,1.0,2022,3,7,28,2022-07-11,2020-2022,comparison_country,6.0
Poland,PL,2022-07-15,9.0,34.0,145.0,8.0,-11.0,1.0,2022,3,7,28,2022-07-11,2020-2022,comparison_country,2.0
Poland,PL,2022-07-16,5.0,25.0,124.0,23.0,11.0,-3.0,2022,3,7,28,2022-07-11,2020-2022,comparison_country,13.0
Poland,PL,2022-07-17,29.0,59.0,189.0,38.0,21.0,-5.0,2022,3,7,28,2022-07-11,2020-2022,comparison_country,29.333333333333332
Poland,PL,2022-07-18,16.0,36.0,169.0,11.0,-15.0,3.0,2022,3,7,29,2022-07-18,2020-2022,comparison_country,4.0
Poland,PL,2022-07-19,12.0,37.0,217.0,9.0,-14.0,11.0,2022,3,7,29,2022-07-18,2020-2022,comparison_country,2.3333333333333335
Poland,PL,2022-07-20,14.0,38.0,218.0,8.0,-15.0,1.0,2022,3,7,29,2022-07-18,2020-2022,comparison_country,2.3333333333333335
Poland,PL,2022-07-21,12.0,40.0,214.0,7.0,-14.0,1.0,2022,3,7,29,2022-07-18,2020-2022,comparison_country,1.6666666666666667
Poland,PL,2022-07-22,8.0,38.0,176.0,7.0,-14.0,1.0,2022,3,7,29,2022-07-18,2020-2022,comparison_country,0.3333333333333333
Poland,PL,2022-07-23,0.0,26.0,177.0,23.0,10.0,-3.0,2022,3,7,29,2022-07-18,2020-2022,comparison_country,11.0
Poland,PL,2022-07-24,25.0,55.0,192.0,35.0,18.0,-5.0,2022,3,7,29,2022-07-18,2020-2022,comparison_country,26.0
Poland,PL,2022-07-25,16.0,39.0,201.0,9.0,-16.0,1.0,2022,3,7,30,2022-07-25,2020-2022,comparison_country,3.0
Poland,PL,2022-07-26,14.0,38.0,170.0,7.0,-16.0,4.0,2022,3,7,30,2022-07-25,2020-2022,comparison_country,1.6666666666666667
Poland,PL,2022-07-27,21.0,39.0,197.0,11.0,-16.0,2.0,2022,3,7,30,2022-07-25,2020-2022,comparison_country,5.333333333333333
Poland,PL,2022-07-28,20.0,41.0,223.0,12.0,-15.0,1.0,2022,3,7,30,2022-07-25,2020-2022,comparison_country,5.666666666666667
Poland,PL,2022-07-29,12.0,37.0,183.0,8.0,-15.0,1.0,2022,3,7,30,2022-07-25,2020-2022,comparison_country,1.6666666666666667
Poland,PL,2022-07-30,4.0,25.0,140.0,22.0,9.0,-2.0,2022,3,7,30,2022-07-25,2020-2022,comparison_country,11.666666666666666
Poland,PL,2022-07-31,13.0,41.0,118.0,26.0,15.0,-1.0,2022,3,7,30,2022-07-25,2020-2022,comparison_country,18.0
Poland,PL,2022-08-01,21.0,41.0,192.0,14.0,-16.0,2.0,2022,3,8,31,2022-08-01,2020-2022,comparison_country,6.333333333333333
Poland,PL,2022-08-02,18.0,40.0,229.0,11.0,-16.0,2.0,2022,3,8,31,2022-08-01,2020-2022,comparison_country,4.333333333333333
Poland,PL,2022-08-03,19.0,38.0,242.0,10.0,-16.0,1.0,2022,3,8,31,2022-08-01,2020-2022,comparison_country,4.333333333333333
Poland,PL,2022-08-04,17.0,39.0,249.0,9.0,-17.0,1.0,2022,3,8,31,2022-08-01,2020-2022,comparison_country,3.0
Poland,PL,2022-08-05,9.0,35.0,197.0,6.0,-17.0,1.0,2022,3,8,31,2022-08-01,2020-2022,comparison_country,-0.6666666666666666
Poland,PL,2022-08-06,7.0,26.0,174.0,23.0,7.0,-3.0,2022,3,8,31,2022-08-01,2020-2022,comparison_country,12.333333333333334
Poland,PL,2022-08-07,35.0,65.0,218.0,42.0,20.0,-5.0,2022,3,8,31,2022-08-01,2020-2022,comparison_country,32.333333333333336
Poland,PL,2022-08-08,21.0,38.0,182.0,12.0,-15.0,1.0,2022,3,8,32,2022-08-08,2020-2022,comparison_country,6.0
Poland,PL,2022-08-09,19.0,38.0,210.0,9.0,-15.0,2.0,2022,3,8,32,2022-08-08,2020-2022,comparison_country,4.333333333333333
Poland,PL,2022-08-10,25.0,40.0,218.0,12.0,-15.0,1.0,2022,3,8,32,2022-08-08,2020-2022,comparison_country,7.333333333333333
Poland,PL,2022-08-11,23.0,42.0,212.0,12.0,-15.0,1.0,2022,3,8,32,2022-08-08,2020-2022,comparison_country,6.666666666666667
Poland,PL,2022-08-12,15.0,41.0,196.0,10.0,-16.0,0.0,2022,3,8,32,2022-08-08,2020-2022,comparison_country,3.0
Poland,PL,2022-08-13,9.0,35.0,200.0,27.0,7.0,-4.0,2022,3,8,32,2022-08-08,2020-2022,comparison_country,14.333333333333334
Poland,PL,2022-08-14,30.0,66.0,237.0,34.0,13.0,-4.0,2022,3,8,32,2022-08-08,2020-2022,comparison_country,25.666666666666668
Poland,PL,2022-08-15,-24.0,-52.0,337.0,-15.0,-80.0,13.0,2022,3,8,33,2022-08-15,2020-2022,comparison_country,-39.666666666666664
Poland,PL,2022-08-16,21.0,51.0,194.0,11.0,-16.0,4.0,2022,3,8,33,2022-08-15,2020-2022,comparison_country,5.333333333333333
Poland,PL,2022-08-17,22.0,41.0,219.0,12.0,-13.0,4.0,2022,3,8,33,2022-08-15,2020-2022,comparison_country,7.0
Poland,PL,2022-08-18,19.0,41.0,223.0,11.0,-12.0,4.0,2022,3,8,33,2022-08-15,2020-2022,comparison_country,6.0
Poland,PL,2022-08-19,11.0,35.0,182.0,7.0,-12.0,5.0,2022,3,8,33,2022-08-15,2020-2022,comparison_country,2.0
Poland,PL,2022-08-20,7.0,26.0,170.0,23.0,17.0,0.0,2022,3,8,33,2022-08-15,2020-2022,comparison_country,15.666666666666666
Poland,PL,2022-08-21,16.0,47.0,131.0,25.0,23.0,0.0,2022,3,8,33,2022-08-15,2020-2022,comparison_country,21.333333333333332
Poland,PL,2022-08-22,16.0,34.0,127.0,9.0,-11.0,5.0,2022,3,8,34,2022-08-22,2020-2022,comparison_country,4.666666666666667
Poland,PL,2022-08-23,14.0,34.0,156.0,9.0,-9.0,6.0,2022,3,8,34,2022-08-22,2020-2022,comparison_country,4.666666666666667
Poland,PL,2022-08-24,19.0,36.0,174.0,12.0,-9.0,5.0,2022,3,8,34,2022-08-22,2020-2022,comparison_country,7.333333333333333
Poland,PL,2022-08-25,18.0,37.0,189.0,14.0,-9.0,4.0,2022,3,8,34,2022-08-22,2020-2022,comparison_country,7.666666666666667
Poland,PL,2022-08-26,11.0,36.0,175.0,10.0,-9.0,3.0,2022,3,8,34,2022-08-22,2020-2022,comparison_country,4.0
Poland,PL,2022-08-27,4.0,21.0,227.0,27.0,18.0,-2.0,2022,3,8,34,2022-08-22,2020-2022,comparison_country,16.333333333333332
Poland,PL,2022-08-28,66.0,203.0,148.0,39.0,41.0,-4.0,2022,3,8,34,2022-08-22,2020-2022,comparison_country,48.666666666666664
Poland,PL,2022-08-29,14.0,27.0,125.0,10.0,-7.0,4.0,2022,3,8,35,2022-08-29,2020-2022,comparison_country,5.666666666666667
Poland,PL,2022-08-30,15.0,33.0,131.0,9.0,-5.0,4.0,2022,3,8,35,2022-08-29,2020-2022,comparison_country,6.333333333333333
Poland,PL,2022-08-31,21.0,36.0,117.0,11.0,-5.0,3.0,2022,3,8,35,2022-08-29,2020-2022,comparison_country,9.0
Poland,PL,2022-09-01,23.0,44.0,128.0,15.0,-8.0,2.0,2022,3,9,35,2022-08-29,2020-2022,comparison_country,10.0
Poland,PL,2022-09-02,9.0,35.0,111.0,12.0,-3.0,-1.0,2022,3,9,35,2022-08-29,2020-2022,comparison_country,6.0
Poland,PL,2022-09-03,8.0,26.0,154.0,21.0,19.0,-2.0,2022,3,9,35,2022-08-29,2020-2022,comparison_country,16.0
Poland,PL,2022-09-04,17.0,62.0,144.0,25.0,25.0,-2.0,2022,3,9,35,2022-08-29,2020-2022,comparison_country,22.333333333333332
Poland,PL,2022-09-05,12.0,35.0,103.0,14.0,-3.0,0.0,2022,3,9,36,2022-09-05,2020-2022,comparison_country,7.666666666666667
Poland,PL,2022-09-06,8.0,34.0,116.0,13.0,-3.0,1.0,2022,3,9,36,2022-09-05,2020-2022,comparison_country,6.0
Poland,PL,2022-09-07,11.0,34.0,121.0,14.0,-3.0,0.0,2022,3,9,36,2022-09-05,2020-2022,comparison_country,7.333333333333333
Poland,PL,2022-09-08,8.0,35.0,104.0,13.0,-3.0,0.0,2022,3,9,36,2022-09-05,2020-2022,comparison_country,6.0
Poland,PL,2022-09-09,10.0,38.0,93.0,13.0,-2.0,0.0,2022,3,9,36,2022-09-05,2020-2022,comparison_country,7.0
Poland,PL,2022-09-10,9.0,25.0,90.0,17.0,15.0,0.0,2022,3,9,36,2022-09-05,2020-2022,comparison_country,13.666666666666666
Poland,PL,2022-09-11,-1.0,36.0,63.0,15.0,21.0,1.0,2022,3,9,36,2022-09-05,2020-2022,comparison_country,11.666666666666666
Poland,PL,2022-09-12,11.0,33.0,79.0,12.0,-1.0,1.0,2022,3,9,37,2022-09-12,2020-2022,comparison_country,7.333333333333333
Poland,PL,2022-09-13,7.0,32.0,95.0,11.0,-2.0,1.0,2022,3,9,37,2022-09-12,2020-2022,comparison_country,5.333333333333333
Poland,PL,2022-09-14,10.0,33.0,87.0,12.0,-2.0,1.0,2022,3,9,37,2022-09-12,2020-2022,comparison_country,6.666666666666667
Poland,PL,2022-09-15,9.0,34.0,84.0,11.0,-1.0,1.0,2022,3,9,37,2022-09-12,2020-2022,comparison_country,6.333333333333333
Poland,PL,2022-09-16,6.0,32.0,76.0,9.0,1.0,0.0,2022,3,9,37,2022-09-12,2020-2022,comparison_country,5.333333333333333
Poland,PL,2022-09-17,4.0,23.0,88.0,15.0,16.0,-1.0,2022,3,9,37,2022-09-12,2020-2022,comparison_country,11.666666666666666
Poland,PL,2022-09-18,-8.0,29.0,40.0,9.0,18.0,2.0,2022,3,9,37,2022-09-12,2020-2022,comparison_country,6.333333333333333
Poland,PL,2022-09-19,4.0,28.0,41.0,6.0,1.0,2.0,2022,3,9,38,2022-09-19,2020-2022,comparison_country,3.6666666666666665
Poland,PL,2022-09-20,3.0,30.0,63.0,7.0,1.0,2.0,2022,3,9,38,2022-09-19,2020-2022,comparison_country,3.6666666666666665
Poland,PL,2022-09-21,6.0,31.0,62.0,7.0,1.0,2.0,2022,3,9,38,2022-09-19,2020-2022,comparison_country,4.666666666666667
Poland,PL,2022-09-22,7.0,33.0,77.0,11.0,2.0,1.0,2022,3,9,38,2022-09-19,2020-2022,comparison_country,6.666666666666667
Poland,PL,2022-09-23,5.0,32.0,77.0,9.0,3.0,1.0,2022,3,9,38,2022-09-19,2020-2022,comparison_country,5.666666666666667
Poland,PL,2022-09-24,5.0,23.0,116.0,19.0,17.0,-1.0,2022,3,9,38,2022-09-19,2020-2022,comparison_country,13.666666666666666
Poland,PL,2022-09-25,5.0,45.0,104.0,21.0,22.0,-1.0,2022,3,9,38,2022-09-19,2020-2022,comparison_country,16.0
Poland,PL,2022-09-26,4.0,29.0,59.0,8.0,5.0,2.0,2022,3,9,39,2022-09-26,2020-2022,comparison_country,5.666666666666667
Poland,PL,2022-09-27,2.0,29.0,62.0,8.0,4.0,3.0,2022,3,9,39,2022-09-26,2020-2022,comparison_country,4.666666666666667
Poland,PL,2022-09-28,6.0,30.0,62.0,9.0,4.0,2.0,2022,3,9,39,2022-09-26,2020-2022,comparison_country,6.333333333333333
Poland,PL,2022-09-29,8.0,34.0,74.0,11.0,5.0,1.0,2022,3,9,39,2022-09-26,2020-2022,comparison_country,8.0
Poland,PL,2022-09-30,9.0,34.0,62.0,11.0,7.0,0.0,2022,3,9,39,2022-09-26,2020-2022,comparison_country,9.0
Poland,PL,2022-10-01,7.0,25.0,80.0,19.0,15.0,0.0,2022,4,10,39,2022-09-26,2020-2022,comparison_country,13.666666666666666
Poland,PL,2022-10-02,-4.0,35.0,54.0,14.0,18.0,2.0,2022,4,10,39,2022-09-26,2020-2022,comparison_country,9.333333333333334
Poland,PL,2022-10-03,7.0,31.0,38.0,11.0,6.0,2.0,2022,4,10,40,2022-10-03,2020-2022,comparison_country,8.0
Poland,PL,2022-10-04,5.0,31.0,69.0,12.0,7.0,2.0,2022,4,10,40,2022-10-03,2020-2022,comparison_country,8.0
Poland,PL,2022-10-05,7.0,31.0,78.0,13.0,7.0,1.0,2022,4,10,40,2022-10-03,2020-2022,comparison_country,9.0
Poland,PL,2022-10-06,7.0,33.0,94.0,14.0,8.0,1.0,2022,4,10,40,2022-10-03,2020-2022,comparison_country,9.666666666666666
Poland,PL,2022-10-07,8.0,33.0,92.0,14.0,8.0,-1.0,2022,4,10,40,2022-10-03,2020-2022,comparison_country,10.0
Poland,PL,2022-10-08,7.0,25.0,114.0,20.0,16.0,-2.0,2022,4,10,40,2022-10-03,2020-2022,comparison_country,14.333333333333334
Poland,PL,2022-10-09,7.0,40.0,100.0,21.0,19.0,-1.0,2022,4,10,40,2022-10-03,2020-2022,comparison_country,15.666666666666666
Poland,PL,2022-10-10,8.0,32.0,70.0,12.0,8.0,1.0,2022,4,10,41,2022-10-10,2020-2022,comparison_country,9.333333333333334
Poland,PL,2022-10-11,7.0,32.0,77.0,12.0,8.0,1.0,2022,4,10,41,2022-10-10,2020-2022,comparison_country,9.0
Poland,PL,2022-10-12,10.0,32.0,76.0,13.0,8.0,1.0,2022,4,10,41,2022-10-10,2020-2022,comparison_country,10.333333333333334
Poland,PL,2022-10-13,12.0,36.0,89.0,16.0,8.0,0.0,2022,4,10,41,2022-10-10,2020-2022,comparison_country,12.0
Poland,PL,2022-10-14,11.0,34.0,78.0,11.0,-2.0,1.0,2022,4,10,41,2022-10-10,2020-2022,comparison_country,6.666666666666667
Poland,PL,2022-10-15,9.0,26.0,90.0,20.0,16.0,0.0,2022,4,10,41,2022-10-10,2020-2022,comparison_country,15.0
United Kingdom,GB,2020-02-15,-12.0,-7.0,-35.0,-12.0,-4.0,2.0,2020,1,2,7,2020-02-10,2020-2022,main_country,-9.333333333333334
United Kingdom,GB,2020-02-16,-7.0,-6.0,-28.0,-7.0,-3.0,1.0,2020,1,2,7,2020-02-10,2020-2022,main_country,-5.666666666666667
United Kingdom,GB,2020-02-17,10.0,1.0,24.0,-2.0,-14.0,2.0,2020,1,2,8,2020-02-17,2020-2022,main_country,-2.0
United Kingdom,GB,2020-02-18,7.0,-1.0,20.0,-3.0,-14.0,2.0,2020,1,2,8,2020-02-17,2020-2022,main_country,-3.3333333333333335
United Kingdom,GB,2020-02-19,6.0,-2.0,8.0,-4.0,-14.0,3.0,2020,1,2,8,2020-02-17,2020-2022,main_country,-4.0
United Kingdom,GB,2020-02-20,5.0,-2.0,4.0,-5.0,-14.0,3.0,2020,1,2,8,2020-02-17,2020-2022,main_country,-4.666666666666667
United Kingdom,GB,2020-02-21,5.0,-1.0,10.0,-3.0,-15.0,3.0,2020,1,2,8,2020-02-17,2020-2022,main_country,-4.333333333333333
United Kingdom,GB,2020-02-22,-4.0,-2.0,-7.0,-2.0,-2.0,1.0,2020,1,2,8,2020-02-17,2020-2022,main_country,-2.6666666666666665
United Kingdom,GB,2020-02-23,-1.0,-2.0,-5.0,3.0,-1.0,0.0,2020,1,2,8,2020-02-17,2020-2022,main_country,0.3333333333333333
United Kingdom,GB,2020-02-24,-3.0,-1.0,-9.0,-2.0,-2.0,1.0,2020,1,2,9,2020-02-24,2020-2022,main_country,-2.3333333333333335
United Kingdom,GB,2020-02-25,-1.0,4.0,3.0,1.0,1.0,0.0,2020,1,2,9,2020-02-24,2020-2022,main_country,0.3333333333333333
United Kingdom,GB,2020-02-26,1.0,0.0,6.0,-1.0,1.0,0.0,2020,1,2,9,2020-02-24,2020-2022,main_country,0.3333333333333333
United Kingdom,GB,2020-02-27,2.0,1.0,8.0,0.0,0.0,0.0,2020,1,2,9,2020-02-24,2020-2022,main_country,0.6666666666666666
United Kingdom,GB,2020-02-28,1.0,1.0,-13.0,0.0,-1.0,1.0,2020,1,2,9,2020-02-24,2020-2022,main_country,0.0
United Kingdom,GB,2020-02-29,1.0,1.0,-14.0,-2.0,0.0,0.0,2020,1,2,9,2020-02-24,2020-2022,main_country,-0.3333333333333333
United Kingdom,GB,2020-03-01,7.0,2.0,14.0,5.0,1.0,-1.0,2020,1,3,9,2020-02-24,2020-2022,main_country,4.333333333333333
United Kingdom,GB,2020-03-02,4.0,4.0,14.0,0.0,1.0,0.0,2020,1,3,10,2020-03-02,2020-2022,main_country,1.6666666666666667
United Kingdom,GB,2020-03-03,2.0,3.0,11.0,-1.0,1.0,0.0,2020,1,3,10,2020-03-02,2020-2022,main_country,0.6666666666666666
United Kingdom,GB,2020-03-04,2.0,3.0,2.0,-2.0,1.0,1.0,2020,1,3,10,2020-03-02,2020-2022,main_country,0.3333333333333333
United Kingdom,GB,2020-03-05,-1.0,2.0,1.0,-3.0,0.0,1.0,2020,1,3,10,2020-03-02,2020-2022,main_country,-1.3333333333333333
United Kingdom,GB,2020-03-06,5.0,6.0,22.0,1.0,1.0,0.0,2020,1,3,10,2020-03-02,2020-2022,main_country,2.3333333333333335
United Kingdom,GB,2020-03-07,0.0,2.0,7.0,-1.0,1.0,0.0,2020,1,3,10,2020-03-02,2020-2022,main_country,0.0
United Kingdom,GB,2020-03-08,4.0,2.0,15.0,2.0,1.0,-1.0,2020,1,3,10,2020-03-02,2020-2022,main_country,2.3333333333333335
United Kingdom,GB,2020-03-09,0.0,4.0,4.0,-3.0,0.0,1.0,2020,1,3,11,2020-03-09,2020-2022,main_country,-1.0
United Kingdom,GB,2020-03-10,-2.0,5.0,4.0,-4.0,0.0,1.0,2020,1,3,11,2020-03-09,2020-2022,main_country,-2.0
United Kingdom,GB,2020-03-11,0.0,5.0,10.0,-6.0,0.0,1.0,2020,1,3,11,2020-03-09,2020-2022,main_country,-2.0
United Kingdom,GB,2020-03-12,-1.0,11.0,5.0,-8.0,-1.0,2.0,2020,1,3,11,2020-03-09,2020-2022,main_country,-3.3333333333333335
United Kingdom,GB,2020-03-13,-2.0,11.0,12.0,-9.0,-4.0,2.0,2020,1,3,11,2020-03-09,2020-2022,main_country,-5.0
United Kingdom,GB,2020-03-14,-10.0,7.0,1.0,-15.0,-2.0,2.0,2020,1,3,11,2020-03-09,2020-2022,main_country,-9.0
United Kingdom,GB,2020-03-15,-11.0,7.0,-1.0,-16.0,-4.0,2.0,2020,1,3,11,2020-03-09,2020-2022,main_country,-10.333333333333334
United Kingdom,GB,2020-03-16,-3.0,20.0,29.0,-16.0,-9.0,4.0,2020,1,3,12,2020-03-16,2020-2022,main_country,-9.333333333333334
United Kingdom,GB,2020-03-17,-15.0,21.0,6.0,-27.0,-16.0,7.0,2020,1,3,12,2020-03-16,2020-2022,main_country,-19.333333333333332
United Kingdom,GB,2020-03-18,-21.0,22.0,-3.0,-34.0,-23.0,10.0,2020,1,3,12,2020-03-16,2020-2022,main_country,-26.0
United Kingdom,GB,2020-03-19,-21.0,24.0,2.0,-37.0,-27.0,11.0,2020,1,3,12,2020-03-16,2020-2022,main_country,-28.333333333333332
United Kingdom,GB,2020-03-20,-28.0,10.0,6.0,-40.0,-29.0,13.0,2020,1,3,12,2020-03-16,2020-2022,main_country,-32.333333333333336
United Kingdom,GB,2020-03-21,-50.0,1.0,2.0,-46.0,-25.0,11.0,2020,1,3,12,2020-03-16,2020-2022,main_country,-40.333333333333336
United Kingdom,GB,2020-03-22,-56.0,-14.0,20.0,-46.0,-30.0,9.0,2020,1,3,12,2020-03-16,2020-2022,main_country,-44.0
United Kingdom,GB,2020-03-23,-45.0,-8.0,1.0,-53.0,-45.0,17.0,2020,1,3,13,2020-03-23,2020-2022,main_country,-47.666666666666664
United Kingdom,GB,2020-03-24,-71.0,-24.0,-14.0,-64.0,-58.0,24.0,2020,1,3,13,2020-03-23,2020-2022,main_country,-64.33333333333333
United Kingdom,GB,2020-03-25,-73.0,-26.0,-12.0,-68.0,-64.0,26.0,2020,1,3,13,2020-03-23,2020-2022,main_country,-68.33333333333333
United Kingdom,GB,2020-03-26,-74.0,-28.0,-11.0,-70.0,-66.0,27.0,2020,1,3,13,2020-03-23,2020-2022,main_country,-70.0
United Kingdom,GB,2020-03-27,-76.0,-29.0,-26.0,-71.0,-66.0,28.0,2020,1,3,13,2020-03-23,2020-2022,main_country,-71.0
United Kingdom,GB,2020-03-28,-83.0,-39.0,-54.0,-74.0,-57.0,20.0,2020,1,3,13,2020-03-23,2020-2022,main_country,-71.33333333333333
United Kingdom,GB,2020-03-29,-85.0,-46.0,-52.0,-75.0,-55.0,15.0,2020,1,3,13,2020-03-23,2020-2022,main_country,-71.66666666666667
United Kingdom,GB,2020-03-30,-74.0,-32.0,-33.0,-73.0,-69.0,27.0,2020,1,3,14,2020-03-30,2020-2022,main_country,-72.0
United Kingdom,GB,2020-03-31,-74.0,-30.0,-21.0,-72.0,-70.0,27.0,2020,1,3,14,2020-03-30,2020-2022,main_country,-72.0
United Kingdom,GB,2020-04-01,-75.0,-32.0,-29.0,-73.0,-69.0,28.0,2020,2,4,14,2020-03-30,2020-2022,main_country,-72.33333333333333
United Kingdom,GB,2020-04-02,-75.0,-32.0,-24.0,-73.0,-70.0,29.0,2020,2,4,14,2020-03-30,2020-2022,main_country,-72.66666666666667
United Kingdom,GB,2020-04-03,-76.0,-30.0,-25.0,-72.0,-69.0,29.0,2020,2,4,14,2020-03-30,2020-2022,main_country,-72.33333333333333
United Kingdom,GB,2020-04-04,-81.0,-36.0,-38.0,-72.0,-57.0,19.0,2020,2,4,14,2020-03-30,2020-2022,main_country,-70.0
United Kingdom,GB,2020-04-05,-82.0,-41.0,-29.0,-70.0,-54.0,15.0,2020,2,4,14,2020-03-30,2020-2022,main_country,-68.66666666666667
United Kingdom,GB,2020-04-06,-73.0,-31.0,-20.0,-72.0,-70.0,27.0,2020,2,4,15,2020-04-06,2020-2022,main_country,-71.66666666666667
United Kingdom,GB,2020-04-07,-73.0,-29.0,-7.0,-69.0,-70.0,27.0,2020,2,4,15,2020-04-06,2020-2022,main_country,-70.66666666666667
United Kingdom,GB,2020-04-08,-73.0,-27.0,-14.0,-70.0,-70.0,27.0,2020,2,4,15,2020-04-06,2020-2022,main_country,-71.0
United Kingdom,GB,2020-04-09,-71.0,-20.0,-13.0,-70.0,-70.0,27.0,2020,2,4,15,2020-04-06,2020-2022,main_country,-70.33333333333333
United Kingdom,GB,2020-04-10,-78.0,-33.0,-18.0,-75.0,-80.0,32.0,2020,2,4,15,2020-04-06,2020-2022,main_country,-77.66666666666667
United Kingdom,GB,2020-04-11,-81.0,-32.0,-37.0,-70.0,-57.0,19.0,2020,2,4,15,2020-04-06,2020-2022,main_country,-69.33333333333333
United Kingdom,GB,2020-04-12,-89.0,-63.0,-33.0,-71.0,-58.0,16.0,2020,2,4,15,2020-04-06,2020-2022,main_country,-72.66666666666667
United Kingdom,GB,2020-04-13,-78.0,-41.0,-21.0,-78.0,-83.0,31.0,2020,2,4,16,2020-04-13,2020-2022,main_country,-79.66666666666667
United Kingdom,GB,2020-04-14,-71.0,-26.0,-10.0,-69.0,-70.0,27.0,2020,2,4,16,2020-04-13,2020-2022,main_country,-70.0
United Kingdom,GB,2020-04-15,-72.0,-27.0,-6.0,-69.0,-69.0,27.0,2020,2,4,16,2020-04-13,2020-2022,main_country,-70.0
United Kingdom,GB,2020-04-16,-73.0,-27.0,-7.0,-70.0,-69.0,28.0,2020,2,4,16,2020-04-13,2020-2022,main_country,-70.66666666666667
United Kingdom,GB,2020-04-17,-75.0,-30.0,-33.0,-71.0,-68.0,29.0,2020,2,4,16,2020-04-13,2020-2022,main_country,-71.33333333333333
United Kingdom,GB,2020-04-18,-81.0,-37.0,-47.0,-71.0,-54.0,19.0,2020,2,4,16,2020-04-13,2020-2022,main_country,-68.66666666666667
United Kingdom,GB,2020-04-19,-80.0,-40.0,-12.0,-66.0,-49.0,14.0,2020,2,4,16,2020-04-13,2020-2022,main_country,-65.0
United Kingdom,GB,2020-04-20,-71.0,-30.0,-2.0,-68.0,-67.0,25.0,2020,2,4,17,2020-04-20,2020-2022,main_country,-68.66666666666667
United Kingdom,GB,2020-04-21,-72.0,-28.0,2.0,-67.0,-67.0,26.0,2020,2,4,17,2020-04-20,2020-2022,main_country,-68.66666666666667
United Kingdom,GB,2020-04-22,-72.0,-28.0,1.0,-67.0,-66.0,27.0,2020,2,4,17,2020-04-20,2020-2022,main_country,-68.33333333333333
United Kingdom,GB,2020-04-23,-72.0,-27.0,6.0,-67.0,-66.0,27.0,2020,2,4,17,2020-04-20,2020-2022,main_country,-68.33333333333333
United Kingdom,GB,2020-04-24,-73.0,-26.0,-4.0,-66.0,-65.0,27.0,2020,2,4,17,2020-04-20,2020-2022,main_country,-68.0
United Kingdom,GB,2020-04-25,-78.0,-32.0,-23.0,-65.0,-51.0,18.0,2020,2,4,17,2020-04-20,2020-2022,main_country,-64.66666666666667
United Kingdom,GB,2020-04-26,-78.0,-37.0,-10.0,-64.0,-48.0,14.0,2020,2,4,17,2020-04-20,2020-2022,main_country,-63.333333333333336
United Kingdom,GB,2020-04-27,-69.0,-29.0,-3.0,-66.0,-65.0,25.0,2020,2,4,18,2020-04-27,2020-2022,main_country,-66.66666666666667
United Kingdom,GB,2020-04-28,-74.0,-33.0,-42.0,-71.0,-66.0,25.0,2020,2,4,18,2020-04-27,2020-2022,main_country,-70.33333333333333
United Kingdom,GB,2020-04-29,-73.0,-30.0,-31.0,-69.0,-66.0,27.0,2020,2,4,18,2020-04-27,2020-2022,main_country,-69.33333333333333
United Kingdom,GB,2020-04-30,-74.0,-28.0,-31.0,-69.0,-66.0,27.0,2020,2,4,18,2020-04-27,2020-2022,main_country,-69.66666666666667
United Kingdom,GB,2020-05-01,-74.0,-27.0,-22.0,-67.0,-64.0,27.0,2020,2,5,18,2020-04-27,2020-2022,main_country,-68.33333333333333
United Kingdom,GB,2020-05-02,-78.0,-30.0,-18.0,-63.0,-49.0,17.0,2020,2,5,18,2020-04-27,2020-2022,main_country,-63.333333333333336
United Kingdom,GB,2020-05-03,-79.0,-37.0,-21.0,-64.0,-46.0,14.0,2020,2,5,18,2020-04-27,2020-2022,main_country,-63.0
United Kingdom,GB,2020-05-04,-69.0,-27.0,4.0,-64.0,-64.0,24.0,2020,2,5,19,2020-05-04,2020-2022,main_country,-65.66666666666667
United Kingdom,GB,2020-05-05,-70.0,-25.0,4.0,-64.0,-64.0,25.0,2020,2,5,19,2020-05-04,2020-2022,main_country,-66.0
United Kingdom,GB,2020-05-06,-69.0,-22.0,16.0,-62.0,-63.0,25.0,2020,2,5,19,2020-05-04,2020-2022,main_country,-64.66666666666667
United Kingdom,GB,2020-05-07,-67.0,-15.0,16.0,-62.0,-63.0,25.0,2020,2,5,19,2020-05-04,2020-2022,main_country,-64.0
United Kingdom,GB,2020-05-08,-75.0,-28.0,14.0,-68.0,-77.0,30.0,2020,2,5,19,2020-05-04,2020-2022,main_country,-73.33333333333333
United Kingdom,GB,2020-05-09,-78.0,-29.0,-6.0,-62.0,-48.0,17.0,2020,2,5,19,2020-05-04,2020-2022,main_country,-62.666666666666664
United Kingdom,GB,2020-05-10,-80.0,-37.0,-38.0,-68.0,-45.0,14.0,2020,2,5,19,2020-05-04,2020-2022,main_country,-64.33333333333333
United Kingdom,GB,2020-05-11,-67.0,-25.0,-8.0,-64.0,-62.0,24.0,2020,2,5,20,2020-05-11,2020-2022,main_country,-64.33333333333333
United Kingdom,GB,2020-05-12,-68.0,-23.0,7.0,-62.0,-62.0,24.0,2020,2,5,20,2020-05-11,2020-2022,main_country,-64.0
United Kingdom,GB,2020-05-13,-68.0,-23.0,6.0,-62.0,-61.0,25.0,2020,2,5,20,2020-05-11,2020-2022,main_country,-63.666666666666664
United Kingdom,GB,2020-05-14,-67.0,-21.0,28.0,-61.0,-61.0,23.0,2020,2,5,20,2020-05-11,2020-2022,main_country,-63.0
United Kingdom,GB,2020-05-15,-69.0,-21.0,21.0,-60.0,-60.0,24.0,2020,2,5,20,2020-05-11,2020-2022,main_country,-63.0
United Kingdom,GB,2020-05-16,-74.0,-25.0,5.0,-58.0,-43.0,15.0,2020,2,5,20,2020-05-11,2020-2022,main_country,-58.333333333333336
United Kingdom,GB,2020-05-17,-74.0,-29.0,27.0,-55.0,-39.0,12.0,2020,2,5,20,2020-05-11,2020-2022,main_country,-56.0
United Kingdom,GB,2020-05-18,-63.0,-20.0,36.0,-59.0,-59.0,22.0,2020,2,5,21,2020-05-18,2020-2022,main_country,-60.333333333333336
United Kingdom,GB,2020-05-19,-64.0,-18.0,51.0,-57.0,-59.0,22.0,2020,2,5,21,2020-05-18,2020-2022,main_country,-60.0
United Kingdom,GB,2020-05-20,-64.0,-16.0,68.0,-56.0,-59.0,22.0,2020,2,5,21,2020-05-18,2020-2022,main_country,-59.666666666666664
United Kingdom,GB,2020-05-21,-64.0,-16.0,51.0,-58.0,-59.0,23.0,2020,2,5,21,2020-05-18,2020-2022,main_country,-60.333333333333336
United Kingdom,GB,2020-05-22,-66.0,-18.0,14.0,-59.0,-58.0,24.0,2020,2,5,21,2020-05-18,2020-2022,main_country,-61.0
United Kingdom,GB,2020-05-23,-72.0,-23.0,-12.0,-59.0,-41.0,15.0,2020,2,5,21,2020-05-18,2020-2022,main_country,-57.333333333333336
United Kingdom,GB,2020-05-24,-71.0,-25.0,38.0,-52.0,-36.0,11.0,2020,2,5,21,2020-05-18,2020-2022,main_country,-53.0
United Kingdom,GB,2020-05-25,-64.0,-23.0,136.0,-60.0,-77.0,24.0,2020,2,5,22,2020-05-25,2020-2022,main_country,-67.0
United Kingdom,GB,2020-05-26,-60.0,-14.0,66.0,-55.0,-59.0,21.0,2020,2,5,22,2020-05-25,2020-2022,main_country,-58.0
United Kingdom,GB,2020-05-27,-61.0,-15.0,65.0,-55.0,-58.0,22.0,2020,2,5,22,2020-05-25,2020-2022,main_country,-58.0
United Kingdom,GB,2020-05-28,-60.0,-12.0,77.0,-55.0,-58.0,22.0,2020,2,5,22,2020-05-25,2020-2022,main_country,-57.666666666666664
United Kingdom,GB,2020-05-29,-62.0,-12.0,67.0,-53.0,-56.0,22.0,2020,2,5,22,2020-05-25,2020-2022,main_country,-57.0
United Kingdom,GB,2020-05-30,-69.0,-16.0,48.0,-49.0,-31.0,12.0,2020,2,5,22,2020-05-25,2020-2022,main_country,-49.666666666666664
United Kingdom,GB,2020-05-31,-67.0,-19.0,67.0,-45.0,-26.0,9.0,2020,2,5,22,2020-05-25,2020-2022,main_country,-46.0
United Kingdom,GB,2020-06-01,-56.0,-13.0,74.0,-51.0,-53.0,19.0,2020,2,6,23,2020-06-01,2020-2022,main_country,-53.333333333333336
United Kingdom,GB,2020-06-02,-59.0,-15.0,78.0,-51.0,-54.0,19.0,2020,2,6,23,2020-06-01,2020-2022,main_country,-54.666666666666664
United Kingdom,GB,2020-06-03,-62.0,-19.0,0.0,-57.0,-54.0,22.0,2020,2,6,23,2020-06-01,2020-2022,main_country,-57.666666666666664
United Kingdom,GB,2020-06-04,-61.0,-17.0,19.0,-56.0,-54.0,22.0,2020,2,6,23,2020-06-01,2020-2022,main_country,-57.0
United Kingdom,GB,2020-06-05,-63.0,-17.0,9.0,-56.0,-53.0,22.0,2020,2,6,23,2020-06-01,2020-2022,main_country,-57.333333333333336
United Kingdom,GB,2020-06-06,-70.0,-22.0,-17.0,-57.0,-33.0,14.0,2020,2,6,23,2020-06-01,2020-2022,main_country,-53.333333333333336
United Kingdom,GB,2020-06-07,-67.0,-23.0,22.0,-51.0,-28.0,10.0,2020,2,6,23,2020-06-01,2020-2022,main_country,-48.666666666666664
United Kingdom,GB,2020-06-08,-56.0,-17.0,44.0,-54.0,-52.0,19.0,2020,2,6,24,2020-06-08,2020-2022,main_country,-54.0
United Kingdom,GB,2020-06-09,-58.0,-17.0,56.0,-53.0,-52.0,20.0,2020,2,6,24,2020-06-08,2020-2022,main_country,-54.333333333333336
United Kingdom,GB,2020-06-10,-61.0,-19.0,-1.0,-58.0,-52.0,21.0,2020,2,6,24,2020-06-08,2020-2022,main_country,-57.0
United Kingdom,GB,2020-06-11,-59.0,-17.0,15.0,-58.0,-52.0,21.0,2020,2,6,24,2020-06-08,2020-2022,main_country,-56.333333333333336
United Kingdom,GB,2020-06-12,-61.0,-17.0,6.0,-57.0,-51.0,21.0,2020,2,6,24,2020-06-08,2020-2022,main_country,-56.333333333333336
United Kingdom,GB,2020-06-13,-65.0,-17.0,41.0,-49.0,-24.0,11.0,2020,2,6,24,2020-06-08,2020-2022,main_country,-46.0
United Kingdom,GB,2020-06-14,-63.0,-20.0,65.0,-46.0,-19.0,8.0,2020,2,6,24,2020-06-08,2020-2022,main_country,-42.666666666666664
United Kingdom,GB,2020-06-15,-46.0,-14.0,63.0,-50.0,-50.0,18.0,2020,2,6,25,2020-06-15,2020-2022,main_country,-48.666666666666664
United Kingdom,GB,2020-06-16,-50.0,-13.0,53.0,-51.0,-50.0,19.0,2020,2,6,25,2020-06-15,2020-2022,main_country,-50.333333333333336
United Kingdom,GB,2020-06-17,-52.0,-14.0,34.0,-52.0,-50.0,19.0,2020,2,6,25,2020-06-15,2020-2022,main_country,-51.333333333333336
United Kingdom,GB,2020-06-18,-54.0,-15.0,8.0,-56.0,-52.0,20.0,2020,2,6,25,2020-06-15,2020-2022,main_country,-54.0
United Kingdom,GB,2020-06-19,-53.0,-11.0,20.0,-52.0,-50.0,19.0,2020,2,6,25,2020-06-15,2020-2022,main_country,-51.666666666666664
United Kingdom,GB,2020-06-20,-57.0,-10.0,49.0,-43.0,-20.0,9.0,2020,2,6,25,2020-06-15,2020-2022,main_country,-40.0
United Kingdom,GB,2020-06-21,-58.0,-17.0,37.0,-44.0,-14.0,7.0,2020,2,6,25,2020-06-15,2020-2022,main_country,-38.666666666666664
United Kingdom,GB,2020-06-22,-45.0,-13.0,72.0,-49.0,-51.0,17.0,2020,2,6,26,2020-06-22,2020-2022,main_country,-48.333333333333336
United Kingdom,GB,2020-06-23,-48.0,-10.0,90.0,-48.0,-51.0,17.0,2020,2,6,26,2020-06-22,2020-2022,main_country,-49.0
United Kingdom,GB,2020-06-24,-49.0,-8.0,98.0,-47.0,-49.0,17.0,2020,2,6,26,2020-06-22,2020-2022,main_country,-48.333333333333336
United Kingdom,GB,2020-06-25,-49.0,-6.0,102.0,-47.0,-49.0,17.0,2020,2,6,26,2020-06-22,2020-2022,main_country,-48.333333333333336
United Kingdom,GB,2020-06-26,-51.0,-9.0,50.0,-48.0,-49.0,18.0,2020,2,6,26,2020-06-22,2020-2022,main_country,-49.333333333333336
United Kingdom,GB,2020-06-27,-59.0,-15.0,-7.0,-49.0,-24.0,11.0,2020,2,6,26,2020-06-22,2020-2022,main_country,-44.0
United Kingdom,GB,2020-06-28,-56.0,-19.0,22.0,-46.0,-17.0,8.0,2020,2,6,26,2020-06-22,2020-2022,main_country,-39.666666666666664
United Kingdom,GB,2020-06-29,-45.0,-14.0,22.0,-50.0,-49.0,17.0,2020,2,6,27,2020-06-29,2020-2022,main_country,-48.0
United Kingdom,GB,2020-06-30,-45.0,-12.0,34.0,-50.0,-48.0,17.0,2020,2,6,27,2020-06-29,2020-2022,main_country,-47.666666666666664
United Kingdom,GB,2020-07-01,-47.0,-13.0,34.0,-49.0,-48.0,17.0,2020,3,7,27,2020-06-29,2020-2022,main_country,-48.0
United Kingdom,GB,2020-07-02,-47.0,-11.0,39.0,-49.0,-48.0,17.0,2020,3,7,27,2020-06-29,2020-2022,main_country,-48.0
United Kingdom,GB,2020-07-03,-49.0,-12.0,20.0,-49.0,-47.0,18.0,2020,3,7,27,2020-06-29,2020-2022,main_country,-48.333333333333336
United Kingdom,GB,2020-07-04,-51.0,-15.0,13.0,-41.0,-18.0,8.0,2020,3,7,27,2020-06-29,2020-2022,main_country,-36.666666666666664
United Kingdom,GB,2020-07-05,-48.0,-18.0,53.0,-37.0,-14.0,6.0,2020,3,7,27,2020-06-29,2020-2022,main_country,-33.0
United Kingdom,GB,2020-07-06,-36.0,-11.0,76.0,-43.0,-48.0,14.0,2020,3,7,28,2020-07-06,2020-2022,main_country,-42.333333333333336
United Kingdom,GB,2020-07-07,-40.0,-12.0,52.0,-45.0,-48.0,16.0,2020,3,7,28,2020-07-06,2020-2022,main_country,-44.333333333333336
United Kingdom,GB,2020-07-08,-42.0,-14.0,29.0,-47.0,-47.0,16.0,2020,3,7,28,2020-07-06,2020-2022,main_country,-45.333333333333336
United Kingdom,GB,2020-07-09,-42.0,-12.0,38.0,-46.0,-47.0,16.0,2020,3,7,28,2020-07-06,2020-2022,main_country,-45.0
United Kingdom,GB,2020-07-10,-41.0,-10.0,67.0,-40.0,-46.0,14.0,2020,3,7,28,2020-07-06,2020-2022,main_country,-42.333333333333336
United Kingdom,GB,2020-07-11,-47.0,-12.0,69.0,-32.0,-14.0,6.0,2020,3,7,28,2020-07-06,2020-2022,main_country,-31.0
United Kingdom,GB,2020-07-12,-43.0,-15.0,103.0,-27.0,-10.0,3.0,2020,3,7,28,2020-07-06,2020-2022,main_country,-26.666666666666668
United Kingdom,GB,2020-07-13,-35.0,-11.0,71.0,-42.0,-48.0,14.0,2020,3,7,29,2020-07-13,2020-2022,main_country,-41.666666666666664
United Kingdom,GB,2020-07-14,-36.0,-11.0,73.0,-43.0,-48.0,15.0,2020,3,7,29,2020-07-13,2020-2022,main_country,-42.333333333333336
United Kingdom,GB,2020-07-15,-33.0,-13.0,52.0,-47.0,-46.0,15.0,2020,3,7,29,2020-07-13,2020-2022,main_country,-42.0
United Kingdom,GB,2020-07-16,-31.0,-10.0,85.0,-45.0,-45.0,14.0,2020,3,7,29,2020-07-13,2020-2022,main_country,-40.333333333333336
United Kingdom,GB,2020-07-17,-33.0,-10.0,93.0,-41.0,-44.0,13.0,2020,3,7,29,2020-07-13,2020-2022,main_country,-39.333333333333336
United Kingdom,GB,2020-07-18,-40.0,-13.0,61.0,-35.0,-14.0,5.0,2020,3,7,29,2020-07-13,2020-2022,main_country,-29.666666666666668
United Kingdom,GB,2020-07-19,-35.0,-16.0,78.0,-32.0,-10.0,3.0,2020,3,7,29,2020-07-13,2020-2022,main_country,-25.666666666666668
United Kingdom,GB,2020-07-20,-25.0,-9.0,114.0,-42.0,-48.0,13.0,2020,3,7,30,2020-07-20,2020-2022,main_country,-38.333333333333336
United Kingdom,GB,2020-07-21,-28.0,-10.0,116.0,-43.0,-48.0,13.0,2020,3,7,30,2020-07-20,2020-2022,main_country,-39.666666666666664
United Kingdom,GB,2020-07-22,-29.0,-11.0,89.0,-44.0,-46.0,14.0,2020,3,7,30,2020-07-20,2020-2022,main_country,-39.666666666666664
United Kingdom,GB,2020-07-23,-30.0,-9.0,81.0,-45.0,-47.0,14.0,2020,3,7,30,2020-07-20,2020-2022,main_country,-40.666666666666664
United Kingdom,GB,2020-07-24,-32.0,-12.0,95.0,-40.0,-46.0,13.0,2020,3,7,30,2020-07-20,2020-2022,main_country,-39.333333333333336
United Kingdom,GB,2020-07-25,-40.0,-16.0,25.0,-37.0,-15.0,6.0,2020,3,7,30,2020-07-20,2020-2022,main_country,-30.666666666666668
United Kingdom,GB,2020-07-26,-33.0,-17.0,78.0,-30.0,-9.0,3.0,2020,3,7,30,2020-07-20,2020-2022,main_country,-24.0
United Kingdom,GB,2020-07-27,-29.0,-14.0,40.0,-46.0,-51.0,14.0,2020,3,7,31,2020-07-27,2020-2022,main_country,-42.0
United Kingdom,GB,2020-07-28,-26.0,-10.0,100.0,-42.0,-48.0,14.0,2020,3,7,31,2020-07-27,2020-2022,main_country,-38.666666666666664
United Kingdom,GB,2020-07-29,-25.0,-10.0,107.0,-41.0,-48.0,13.0,2020,3,7,31,2020-07-27,2020-2022,main_country,-38.0
United Kingdom,GB,2020-07-30,-23.0,-7.0,120.0,-41.0,-48.0,13.0,2020,3,7,31,2020-07-27,2020-2022,main_country,-37.333333333333336
United Kingdom,GB,2020-07-31,-29.0,-11.0,120.0,-37.0,-48.0,11.0,2020,3,7,31,2020-07-27,2020-2022,main_country,-38.0
United Kingdom,GB,2020-08-01,-36.0,-14.0,72.0,-30.0,-14.0,4.0,2020,3,8,31,2020-07-27,2020-2022,main_country,-26.666666666666668
United Kingdom,GB,2020-08-02,-28.0,-15.0,93.0,-27.0,-9.0,2.0,2020,3,8,31,2020-07-27,2020-2022,main_country,-21.333333333333332
United Kingdom,GB,2020-08-03,-15.0,-11.0,115.0,-39.0,-49.0,11.0,2020,3,8,32,2020-08-03,2020-2022,main_country,-34.333333333333336
United Kingdom,GB,2020-08-04,-19.0,-13.0,89.0,-42.0,-49.0,13.0,2020,3,8,32,2020-08-03,2020-2022,main_country,-36.666666666666664
United Kingdom,GB,2020-08-05,-16.0,-13.0,86.0,-43.0,-48.0,13.0,2020,3,8,32,2020-08-03,2020-2022,main_country,-35.666666666666664
United Kingdom,GB,2020-08-06,-23.0,-10.0,120.0,-42.0,-48.0,12.0,2020,3,8,32,2020-08-03,2020-2022,main_country,-37.666666666666664
United Kingdom,GB,2020-08-07,-28.0,-12.0,114.0,-39.0,-48.0,11.0,2020,3,8,32,2020-08-03,2020-2022,main_country,-38.333333333333336
United Kingdom,GB,2020-08-08,-35.0,-14.0,92.0,-31.0,-13.0,3.0,2020,3,8,32,2020-08-03,2020-2022,main_country,-26.333333333333332
United Kingdom,GB,2020-08-09,-28.0,-15.0,103.0,-27.0,-8.0,1.0,2020,3,8,32,2020-08-03,2020-2022,main_country,-21.0
United Kingdom,GB,2020-08-10,-11.0,-11.0,118.0,-40.0,-48.0,11.0,2020,3,8,33,2020-08-10,2020-2022,main_country,-33.0
United Kingdom,GB,2020-08-11,-13.0,-11.0,118.0,-41.0,-48.0,12.0,2020,3,8,33,2020-08-10,2020-2022,main_country,-34.0
United Kingdom,GB,2020-08-12,-14.0,-11.0,100.0,-42.0,-47.0,12.0,2020,3,8,33,2020-08-10,2020-2022,main_country,-34.333333333333336
United Kingdom,GB,2020-08-13,-24.0,-10.0,89.0,-43.0,-48.0,13.0,2020,3,8,33,2020-08-10,2020-2022,main_country,-38.333333333333336
United Kingdom,GB,2020-08-14,-26.0,-12.0,76.0,-39.0,-46.0,12.0,2020,3,8,33,2020-08-10,2020-2022,main_country,-37.0
United Kingdom,GB,2020-08-15,-33.0,-15.0,50.0,-33.0,-13.0,4.0,2020,3,8,33,2020-08-10,2020-2022,main_country,-26.333333333333332
United Kingdom,GB,2020-08-16,-29.0,-18.0,52.0,-32.0,-10.0,3.0,2020,3,8,33,2020-08-10,2020-2022,main_country,-23.666666666666668
United Kingdom,GB,2020-08-17,-9.0,-14.0,80.0,-41.0,-48.0,11.0,2020,3,8,34,2020-08-17,2020-2022,main_country,-32.666666666666664
United Kingdom,GB,2020-08-18,-11.0,-13.0,93.0,-41.0,-46.0,12.0,2020,3,8,34,2020-08-17,2020-2022,main_country,-32.666666666666664
United Kingdom,GB,2020-08-19,-15.0,-17.0,39.0,-44.0,-46.0,13.0,2020,3,8,34,2020-08-17,2020-2022,main_country,-35.0
United Kingdom,GB,2020-08-20,-19.0,-10.0,121.0,-40.0,-46.0,11.0,2020,3,8,34,2020-08-17,2020-2022,main_country,-35.0
United Kingdom,GB,2020-08-21,-26.0,-13.0,56.0,-40.0,-45.0,12.0,2020,3,8,34,2020-08-17,2020-2022,main_country,-37.0
United Kingdom,GB,2020-08-22,-31.0,-15.0,53.0,-32.0,-11.0,4.0,2020,3,8,34,2020-08-17,2020-2022,main_country,-24.666666666666668
United Kingdom,GB,2020-08-23,-26.0,-17.0,64.0,-29.0,-7.0,2.0,2020,3,8,34,2020-08-17,2020-2022,main_country,-20.666666666666668
United Kingdom,GB,2020-08-24,-3.0,-12.0,105.0,-38.0,-46.0,10.0,2020,3,8,35,2020-08-24,2020-2022,main_country,-29.0
United Kingdom,GB,2020-08-25,-13.0,-16.0,31.0,-45.0,-47.0,13.0,2020,3,8,35,2020-08-24,2020-2022,main_country,-35.0
United Kingdom,GB,2020-08-26,-3.0,-11.0,90.0,-38.0,-44.0,11.0,2020,3,8,35,2020-08-24,2020-2022,main_country,-28.333333333333332
United Kingdom,GB,2020-08-27,-21.0,-12.0,55.0,-42.0,-45.0,12.0,2020,3,8,35,2020-08-24,2020-2022,main_country,-36.0
United Kingdom,GB,2020-08-28,-20.0,-9.0,51.0,-37.0,-45.0,11.0,2020,3,8,35,2020-08-24,2020-2022,main_country,-34.0
United Kingdom,GB,2020-08-29,-27.0,-13.0,49.0,-29.0,-12.0,3.0,2020,3,8,35,2020-08-24,2020-2022,main_country,-22.666666666666668
United Kingdom,GB,2020-08-30,-15.0,-14.0,94.0,-23.0,-7.0,1.0,2020,3,8,35,2020-08-24,2020-2022,main_country,-15.0
United Kingdom,GB,2020-08-31,3.0,-17.0,152.0,-43.0,-68.0,14.0,2020,3,8,36,2020-08-31,2020-2022,main_country,-36.0
United Kingdom,GB,2020-09-01,-15.0,-6.0,94.0,-37.0,-44.0,10.0,2020,3,9,36,2020-08-31,2020-2022,main_country,-32.0
United Kingdom,GB,2020-09-02,-20.0,-11.0,48.0,-41.0,-42.0,11.0,2020,3,9,36,2020-08-31,2020-2022,main_country,-34.333333333333336
United Kingdom,GB,2020-09-03,-20.0,-10.0,58.0,-40.0,-42.0,11.0,2020,3,9,36,2020-08-31,2020-2022,main_country,-34.0
United Kingdom,GB,2020-09-04,-21.0,-10.0,61.0,-35.0,-40.0,9.0,2020,3,9,36,2020-08-31,2020-2022,main_country,-32.0
United Kingdom,GB,2020-09-05,-26.0,-12.0,56.0,-30.0,-10.0,3.0,2020,3,9,36,2020-08-31,2020-2022,main_country,-22.0
United Kingdom,GB,2020-09-06,-21.0,-12.0,69.0,-27.0,-7.0,2.0,2020,3,9,36,2020-08-31,2020-2022,main_country,-18.333333333333332
United Kingdom,GB,2020-09-07,-17.0,-10.0,58.0,-36.0,-43.0,9.0,2020,3,9,37,2020-09-07,2020-2022,main_country,-32.0
United Kingdom,GB,2020-09-08,-19.0,-10.0,74.0,-35.0,-42.0,9.0,2020,3,9,37,2020-09-07,2020-2022,main_country,-32.0
United Kingdom,GB,2020-09-09,-20.0,-11.0,67.0,-36.0,-39.0,9.0,2020,3,9,37,2020-09-07,2020-2022,main_country,-31.666666666666668
United Kingdom,GB,2020-09-10,-20.0,-9.0,78.0,-36.0,-40.0,9.0,2020,3,9,37,2020-09-07,2020-2022,main_country,-32.0
United Kingdom,GB,2020-09-11,-22.0,-9.0,62.0,-32.0,-38.0,8.0,2020,3,9,37,2020-09-07,2020-2022,main_country,-30.666666666666668
United Kingdom,GB,2020-09-12,-27.0,-11.0,61.0,-28.0,-9.0,3.0,2020,3,9,37,2020-09-07,2020-2022,main_country,-21.333333333333332
United Kingdom,GB,2020-09-13,-21.0,-12.0,94.0,-24.0,-7.0,1.0,2020,3,9,37,2020-09-07,2020-2022,main_country,-17.333333333333332
United Kingdom,GB,2020-09-14,-17.0,-9.0,104.0,-32.0,-36.0,8.0,2020,3,9,38,2020-09-14,2020-2022,main_country,-28.333333333333332
United Kingdom,GB,2020-09-15,-19.0,-9.0,91.0,-34.0,-36.0,9.0,2020,3,9,38,2020-09-14,2020-2022,main_country,-29.666666666666668
United Kingdom,GB,2020-09-16,-21.0,-11.0,71.0,-35.0,-36.0,9.0,2020,3,9,38,2020-09-14,2020-2022,main_country,-30.666666666666668
United Kingdom,GB,2020-09-17,-20.0,-9.0,88.0,-35.0,-36.0,9.0,2020,3,9,38,2020-09-14,2020-2022,main_country,-30.333333333333332
United Kingdom,GB,2020-09-18,-22.0,-9.0,75.0,-32.0,-35.0,8.0,2020,3,9,38,2020-09-14,2020-2022,main_country,-29.666666666666668
United Kingdom,GB,2020-09-19,-27.0,-11.0,67.0,-29.0,-10.0,3.0,2020,3,9,38,2020-09-14,2020-2022,main_country,-22.0
United Kingdom,GB,2020-09-20,-22.0,-12.0,85.0,-26.0,-7.0,2.0,2020,3,9,38,2020-09-14,2020-2022,main_country,-18.333333333333332
United Kingdom,GB,2020-09-21,-17.0,-8.0,86.0,-34.0,-37.0,8.0,2020,3,9,39,2020-09-21,2020-2022,main_country,-29.333333333333332
United Kingdom,GB,2020-09-22,-22.0,-9.0,64.0,-36.0,-36.0,9.0,2020,3,9,39,2020-09-21,2020-2022,main_country,-31.333333333333332
United Kingdom,GB,2020-09-23,-27.0,-11.0,20.0,-40.0,-35.0,11.0,2020,3,9,39,2020-09-21,2020-2022,main_country,-34.0
United Kingdom,GB,2020-09-24,-26.0,-9.0,28.0,-41.0,-35.0,11.0,2020,3,9,39,2020-09-21,2020-2022,main_country,-34.0
United Kingdom,GB,2020-09-25,-25.0,-7.0,29.0,-37.0,-34.0,10.0,2020,3,9,39,2020-09-21,2020-2022,main_country,-32.0
United Kingdom,GB,2020-09-26,-28.0,-10.0,28.0,-34.0,-9.0,5.0,2020,3,9,39,2020-09-21,2020-2022,main_country,-23.666666666666668
United Kingdom,GB,2020-09-27,-25.0,-13.0,45.0,-32.0,-7.0,3.0,2020,3,9,39,2020-09-21,2020-2022,main_country,-21.333333333333332
United Kingdom,GB,2020-09-28,-19.0,-8.0,45.0,-38.0,-35.0,10.0,2020,3,9,40,2020-09-28,2020-2022,main_country,-30.666666666666668
United Kingdom,GB,2020-09-29,-22.0,-8.0,47.0,-38.0,-34.0,10.0,2020,3,9,40,2020-09-28,2020-2022,main_country,-31.333333333333332
United Kingdom,GB,2020-09-30,-26.0,-11.0,4.0,-40.0,-34.0,11.0,2020,3,9,40,2020-09-28,2020-2022,main_country,-33.333333333333336
United Kingdom,GB,2020-10-01,-23.0,-6.0,36.0,-39.0,-32.0,10.0,2020,4,10,40,2020-09-28,2020-2022,main_country,-31.333333333333332
United Kingdom,GB,2020-10-02,-30.0,-10.0,4.0,-37.0,-32.0,11.0,2020,4,10,40,2020-09-28,2020-2022,main_country,-33.0
United Kingdom,GB,2020-10-03,-34.0,-12.0,-20.0,-40.0,-12.0,7.0,2020,4,10,40,2020-09-28,2020-2022,main_country,-28.666666666666668
United Kingdom,GB,2020-10-04,-31.0,-15.0,-4.0,-38.0,-9.0,5.0,2020,4,10,40,2020-09-28,2020-2022,main_country,-26.0
United Kingdom,GB,2020-10-05,-24.0,-10.0,23.0,-37.0,-34.0,10.0,2020,4,10,41,2020-10-05,2020-2022,main_country,-31.666666666666668
United Kingdom,GB,2020-10-06,-26.0,-9.0,20.0,-38.0,-34.0,10.0,2020,4,10,41,2020-10-05,2020-2022,main_country,-32.666666666666664
United Kingdom,GB,2020-10-07,-24.0,-9.0,31.0,-38.0,-32.0,10.0,2020,4,10,41,2020-10-05,2020-2022,main_country,-31.333333333333332
United Kingdom,GB,2020-10-08,-27.0,-9.0,21.0,-41.0,-33.0,11.0,2020,4,10,41,2020-10-05,2020-2022,main_country,-33.666666666666664
United Kingdom,GB,2020-10-09,-28.0,-8.0,19.0,-37.0,-31.0,10.0,2020,4,10,41,2020-10-05,2020-2022,main_country,-32.0
United Kingdom,GB,2020-10-10,-31.0,-10.0,14.0,-37.0,-8.0,6.0,2020,4,10,41,2020-10-05,2020-2022,main_country,-25.333333333333332
United Kingdom,GB,2020-10-11,-27.0,-13.0,49.0,-33.0,-6.0,4.0,2020,4,10,41,2020-10-05,2020-2022,main_country,-22.0
United Kingdom,GB,2020-10-12,-27.0,-12.0,9.0,-40.0,-35.0,11.0,2020,4,10,42,2020-10-12,2020-2022,main_country,-34.0
United Kingdom,GB,2020-10-13,-29.0,-11.0,14.0,-41.0,-35.0,11.0,2020,4,10,42,2020-10-12,2020-2022,main_country,-35.0
United Kingdom,GB,2020-10-14,-27.0,-9.0,23.0,-40.0,-33.0,11.0,2020,4,10,42,2020-10-12,2020-2022,main_country,-33.333333333333336
United Kingdom,GB,2020-10-15,-27.0,-7.0,29.0,-40.0,-33.0,11.0,2020,4,10,42,2020-10-12,2020-2022,main_country,-33.333333333333336
United Kingdom,GB,2020-10-16,-27.0,-6.0,25.0,-37.0,-32.0,11.0,2020,4,10,42,2020-10-12,2020-2022,main_country,-32.0
United Kingdom,GB,2020-10-17,-33.0,-9.0,18.0,-40.0,-10.0,7.0,2020,4,10,42,2020-10-12,2020-2022,main_country,-27.666666666666668
United Kingdom,GB,2020-10-18,-30.0,-13.0,36.0,-38.0,-9.0,5.0,2020,4,10,42,2020-10-12,2020-2022,main_country,-25.666666666666668
United Kingdom,GB,2020-10-19,-26.0,-10.0,27.0,-41.0,-35.0,11.0,2020,4,10,43,2020-10-19,2020-2022,main_country,-34.0
United Kingdom,GB,2020-10-20,-28.0,-9.0,28.0,-41.0,-35.0,12.0,2020,4,10,43,2020-10-19,2020-2022,main_country,-34.666666666666664
United Kingdom,GB,2020-10-21,-31.0,-11.0,-2.0,-44.0,-35.0,13.0,2020,4,10,43,2020-10-19,2020-2022,main_country,-36.666666666666664
United Kingdom,GB,2020-10-22,-26.0,-6.0,34.0,-42.0,-34.0,12.0,2020,4,10,43,2020-10-19,2020-2022,main_country,-34.0
United Kingdom,GB,2020-10-23,-28.0,-6.0,19.0,-41.0,-35.0,12.0,2020,4,10,43,2020-10-19,2020-2022,main_country,-34.666666666666664
United Kingdom,GB,2020-10-24,-38.0,-12.0,-10.0,-44.0,-13.0,8.0,2020,4,10,43,2020-10-19,2020-2022,main_country,-31.666666666666668
United Kingdom,GB,2020-10-25,-29.0,-10.0,32.0,-39.0,-10.0,5.0,2020,4,10,43,2020-10-19,2020-2022,main_country,-26.0
United Kingdom,GB,2020-10-26,-21.0,-9.0,42.0,-44.0,-45.0,13.0,2020,4,10,44,2020-10-26,2020-2022,main_country,-36.666666666666664
United Kingdom,GB,2020-10-27,-27.0,-10.0,10.0,-47.0,-45.0,14.0,2020,4,10,44,2020-10-26,2020-2022,main_country,-39.666666666666664
United Kingdom,GB,2020-10-28,-23.0,-8.0,27.0,-45.0,-43.0,14.0,2020,4,10,44,2020-10-26,2020-2022,main_country,-37.0
United Kingdom,GB,2020-10-29,-27.0,-9.0,4.0,-48.0,-44.0,15.0,2020,4,10,44,2020-10-26,2020-2022,main_country,-39.666666666666664
United Kingdom,GB,2020-10-30,-26.0,-5.0,25.0,-43.0,-42.0,13.0,2020,4,10,44,2020-10-26,2020-2022,main_country,-37.0
United Kingdom,GB,2020-10-31,-38.0,-9.0,-15.0,-44.0,-13.0,8.0,2020,4,10,44,2020-10-26,2020-2022,main_country,-31.666666666666668
United Kingdom,GB,2020-11-01,-29.0,-13.0,-4.0,-40.0,-10.0,5.0,2020,4,11,44,2020-10-26,2020-2022,main_country,-26.333333333333332
United Kingdom,GB,2020-11-02,-17.0,-7.0,8.0,-40.0,-34.0,11.0,2020,4,11,45,2020-11-02,2020-2022,main_country,-30.333333333333332
United Kingdom,GB,2020-11-03,-17.0,-6.0,6.0,-39.0,-33.0,11.0,2020,4,11,45,2020-11-02,2020-2022,main_country,-29.666666666666668
United Kingdom,GB,2020-11-04,-11.0,-4.0,19.0,-36.0,-31.0,10.0,2020,4,11,45,2020-11-02,2020-2022,main_country,-26.0
United Kingdom,GB,2020-11-05,-54.0,-14.0,8.0,-52.0,-38.0,16.0,2020,4,11,45,2020-11-02,2020-2022,main_country,-48.0
United Kingdom,GB,2020-11-06,-55.0,-12.0,5.0,-52.0,-38.0,17.0,2020,4,11,45,2020-11-02,2020-2022,main_country,-48.333333333333336
United Kingdom,GB,2020-11-07,-60.0,-16.0,13.0,-58.0,-28.0,13.0,2020,4,11,45,2020-11-02,2020-2022,main_country,-48.666666666666664
United Kingdom,GB,2020-11-08,-60.0,-20.0,5.0,-57.0,-28.0,10.0,2020,4,11,45,2020-11-02,2020-2022,main_country,-48.333333333333336
United Kingdom,GB,2020-11-09,-47.0,-15.0,5.0,-50.0,-39.0,15.0,2020,4,11,46,2020-11-09,2020-2022,main_country,-45.333333333333336
United Kingdom,GB,2020-11-10,-48.0,-13.0,14.0,-49.0,-39.0,15.0,2020,4,11,46,2020-11-09,2020-2022,main_country,-45.333333333333336
United Kingdom,GB,2020-11-11,-49.0,-14.0,-1.0,-51.0,-38.0,16.0,2020,4,11,46,2020-11-09,2020-2022,main_country,-46.0
United Kingdom,GB,2020-11-12,-48.0,-10.0,19.0,-50.0,-39.0,16.0,2020,4,11,46,2020-11-09,2020-2022,main_country,-45.666666666666664
United Kingdom,GB,2020-11-13,-49.0,-8.0,7.0,-50.0,-38.0,16.0,2020,4,11,46,2020-11-09,2020-2022,main_country,-45.666666666666664
United Kingdom,GB,2020-11-14,-59.0,-16.0,-29.0,-59.0,-28.0,13.0,2020,4,11,46,2020-11-09,2020-2022,main_country,-48.666666666666664
United Kingdom,GB,2020-11-15,-57.0,-19.0,-5.0,-57.0,-28.0,10.0,2020,4,11,46,2020-11-09,2020-2022,main_country,-47.333333333333336
United Kingdom,GB,2020-11-16,-46.0,-14.0,2.0,-50.0,-39.0,15.0,2020,4,11,47,2020-11-16,2020-2022,main_country,-45.0
United Kingdom,GB,2020-11-17,-48.0,-12.0,6.0,-50.0,-39.0,15.0,2020,4,11,47,2020-11-16,2020-2022,main_country,-45.666666666666664
United Kingdom,GB,2020-11-18,-49.0,-13.0,-7.0,-51.0,-38.0,16.0,2020,4,11,47,2020-11-16,2020-2022,main_country,-46.0
United Kingdom,GB,2020-11-19,-48.0,-10.0,6.0,-51.0,-39.0,16.0,2020,4,11,47,2020-11-16,2020-2022,main_country,-46.0
United Kingdom,GB,2020-11-20,-50.0,-8.0,-17.0,-51.0,-38.0,17.0,2020,4,11,47,2020-11-16,2020-2022,main_country,-46.333333333333336
United Kingdom,GB,2020-11-21,-56.0,-12.0,-8.0,-56.0,-26.0,12.0,2020,4,11,47,2020-11-16,2020-2022,main_country,-46.0
United Kingdom,GB,2020-11-22,-53.0,-15.0,25.0,-53.0,-26.0,9.0,2020,4,11,47,2020-11-16,2020-2022,main_country,-44.0
United Kingdom,GB,2020-11-23,-44.0,-12.0,4.0,-50.0,-39.0,15.0,2020,4,11,48,2020-11-23,2020-2022,main_country,-44.333333333333336
United Kingdom,GB,2020-11-24,-47.0,-10.0,3.0,-50.0,-38.0,15.0,2020,4,11,48,2020-11-23,2020-2022,main_country,-45.0
United Kingdom,GB,2020-11-25,-47.0,-12.0,-5.0,-51.0,-37.0,16.0,2020,4,11,48,2020-11-23,2020-2022,main_country,-45.0
United Kingdom,GB,2020-11-26,-46.0,-9.0,10.0,-51.0,-37.0,15.0,2020,4,11,48,2020-11-23,2020-2022,main_country,-44.666666666666664
United Kingdom,GB,2020-11-27,-47.0,-7.0,-2.0,-50.0,-38.0,16.0,2020,4,11,48,2020-11-23,2020-2022,main_country,-45.0
United Kingdom,GB,2020-11-28,-55.0,-12.0,-11.0,-55.0,-24.0,12.0,2020,4,11,48,2020-11-23,2020-2022,main_country,-44.666666666666664
United Kingdom,GB,2020-11-29,-53.0,-15.0,5.0,-54.0,-24.0,9.0,2020,4,11,48,2020-11-23,2020-2022,main_country,-43.666666666666664
United Kingdom,GB,2020-11-30,-41.0,-9.0,-9.0,-49.0,-37.0,14.0,2020,4,11,49,2020-11-30,2020-2022,main_country,-42.333333333333336
United Kingdom,GB,2020-12-01,-43.0,-7.0,7.0,-48.0,-36.0,14.0,2020,4,12,49,2020-11-30,2020-2022,main_country,-42.333333333333336
United Kingdom,GB,2020-12-02,-31.0,-6.0,-7.0,-45.0,-32.0,13.0,2020,4,12,49,2020-11-30,2020-2022,main_country,-36.0
United Kingdom,GB,2020-12-03,-34.0,-8.0,-20.0,-46.0,-33.0,14.0,2020,4,12,49,2020-11-30,2020-2022,main_country,-37.666666666666664
United Kingdom,GB,2020-12-04,-35.0,-5.0,-18.0,-44.0,-33.0,14.0,2020,4,12,49,2020-11-30,2020-2022,main_country,-37.333333333333336
United Kingdom,GB,2020-12-05,-36.0,-6.0,-8.0,-41.0,-13.0,8.0,2020,4,12,49,2020-11-30,2020-2022,main_country,-30.0
United Kingdom,GB,2020-12-06,-36.0,-10.0,1.0,-41.0,-13.0,7.0,2020,4,12,49,2020-11-30,2020-2022,main_country,-30.0
United Kingdom,GB,2020-12-07,-26.0,-5.0,-4.0,-43.0,-34.0,12.0,2020,4,12,50,2020-12-07,2020-2022,main_country,-34.333333333333336
United Kingdom,GB,2020-12-08,-31.0,-5.0,-7.0,-44.0,-33.0,12.0,2020,4,12,50,2020-12-07,2020-2022,main_country,-36.0
United Kingdom,GB,2020-12-09,-31.0,-5.0,-5.0,-44.0,-32.0,13.0,2020,4,12,50,2020-12-07,2020-2022,main_country,-35.666666666666664
United Kingdom,GB,2020-12-10,-32.0,-3.0,-1.0,-44.0,-33.0,13.0,2020,4,12,50,2020-12-07,2020-2022,main_country,-36.333333333333336
United Kingdom,GB,2020-12-11,-33.0,-2.0,-5.0,-41.0,-32.0,13.0,2020,4,12,50,2020-12-07,2020-2022,main_country,-35.333333333333336
United Kingdom,GB,2020-12-12,-37.0,-5.0,-5.0,-39.0,-12.0,8.0,2020,4,12,50,2020-12-07,2020-2022,main_country,-29.333333333333332
United Kingdom,GB,2020-12-13,-41.0,-13.0,-31.0,-45.0,-14.0,8.0,2020,4,12,50,2020-12-07,2020-2022,main_country,-33.333333333333336
United Kingdom,GB,2020-12-14,-25.0,-2.0,2.0,-42.0,-35.0,12.0,2020,4,12,51,2020-12-14,2020-2022,main_country,-34.0
United Kingdom,GB,2020-12-15,-25.0,0.0,10.0,-41.0,-34.0,12.0,2020,4,12,51,2020-12-14,2020-2022,main_country,-33.333333333333336
United Kingdom,GB,2020-12-16,-33.0,-3.0,-14.0,-46.0,-34.0,14.0,2020,4,12,51,2020-12-14,2020-2022,main_country,-37.666666666666664
United Kingdom,GB,2020-12-17,-29.0,2.0,12.0,-44.0,-35.0,13.0,2020,4,12,51,2020-12-14,2020-2022,main_country,-36.0
United Kingdom,GB,2020-12-18,-33.0,-1.0,-14.0,-45.0,-37.0,15.0,2020,4,12,51,2020-12-14,2020-2022,main_country,-38.333333333333336
United Kingdom,GB,2020-12-19,-40.0,-3.0,-10.0,-41.0,-13.0,8.0,2020,4,12,51,2020-12-14,2020-2022,main_country,-31.333333333333332
United Kingdom,GB,2020-12-20,-43.0,-7.0,5.0,-45.0,-13.0,7.0,2020,4,12,51,2020-12-14,2020-2022,main_country,-33.666666666666664
United Kingdom,GB,2020-12-21,-26.0,12.0,-8.0,-52.0,-49.0,16.0,2020,4,12,52,2020-12-21,2020-2022,main_country,-42.333333333333336
United Kingdom,GB,2020-12-22,-26.0,17.0,14.0,-52.0,-50.0,16.0,2020,4,12,52,2020-12-21,2020-2022,main_country,-42.666666666666664
United Kingdom,GB,2020-12-23,-27.0,23.0,-12.0,-54.0,-53.0,18.0,2020,4,12,52,2020-12-21,2020-2022,main_country,-44.666666666666664
United Kingdom,GB,2020-12-24,-35.0,14.0,19.0,-59.0,-65.0,21.0,2020,4,12,52,2020-12-21,2020-2022,main_country,-53.0
United Kingdom,GB,2020-12-25,-92.0,-89.0,-25.0,-85.0,-85.0,27.0,2020,4,12,52,2020-12-21,2020-2022,main_country,-87.33333333333333
United Kingdom,GB,2020-12-26,-81.0,-63.0,-34.0,-76.0,-54.0,15.0,2020,4,12,52,2020-12-21,2020-2022,main_country,-70.33333333333333
United Kingdom,GB,2020-12-27,-58.0,-24.0,3.0,-59.0,-29.0,10.0,2020,4,12,52,2020-12-21,2020-2022,main_country,-48.666666666666664
United Kingdom,GB,2020-12-28,-51.0,-24.0,16.0,-70.0,-77.0,26.0,2020,4,12,53,2020-12-28,2020-2022,main_country,-66.0
United Kingdom,GB,2020-12-29,-47.0,-11.0,14.0,-64.0,-68.0,24.0,2020,4,12,53,2020-12-28,2020-2022,main_country,-59.666666666666664
United Kingdom,GB,2020-12-30,-42.0,-3.0,18.0,-63.0,-66.0,23.0,2020,4,12,53,2020-12-28,2020-2022,main_country,-57.0
United Kingdom,GB,2020-12-31,-53.0,2.0,14.0,-67.0,-69.0,24.0,2020,4,12,53,2020-12-28,2020-2022,main_country,-63.0
United Kingdom,GB,2021-01-01,-83.0,-64.0,-5.0,-82.0,-83.0,32.0,2021,1,1,53,2020-12-28,2020-2022,main_country,-82.66666666666667
United Kingdom,GB,2021-01-02,-68.0,-24.0,-12.0,-66.0,-39.0,16.0,2021,1,1,53,2020-12-28,2020-2022,main_country,-57.666666666666664
United Kingdom,GB,2021-01-03,-64.0,-24.0,-8.0,-62.0,-29.0,11.0,2021,1,1,53,2020-12-28,2020-2022,main_country,-51.666666666666664
United Kingdom,GB,2021-01-04,-53.0,-17.0,-16.0,-62.0,-49.0,19.0,2021,1,1,1,2021-01-04,2020-2022,main_country,-54.666666666666664
United Kingdom,GB,2021-01-05,-61.0,-21.0,-18.0,-63.0,-50.0,20.0,2021,1,1,1,2021-01-04,2020-2022,main_country,-58.0
United Kingdom,GB,2021-01-06,-62.0,-22.0,-13.0,-63.0,-49.0,21.0,2021,1,1,1,2021-01-04,2020-2022,main_country,-58.0
United Kingdom,GB,2021-01-07,-62.0,-22.0,-9.0,-64.0,-50.0,21.0,2021,1,1,1,2021-01-04,2020-2022,main_country,-58.666666666666664
United Kingdom,GB,2021-01-08,-64.0,-23.0,-21.0,-64.0,-49.0,22.0,2021,1,1,1,2021-01-04,2020-2022,main_country,-59.0
United Kingdom,GB,2021-01-09,-68.0,-22.0,-14.0,-65.0,-33.0,15.0,2021,1,1,1,2021-01-04,2020-2022,main_country,-55.333333333333336
United Kingdom,GB,2021-01-10,-68.0,-27.0,-13.0,-65.0,-31.0,12.0,2021,1,1,1,2021-01-04,2020-2022,main_country,-54.666666666666664
United Kingdom,GB,2021-01-11,-59.0,-25.0,-16.0,-63.0,-50.0,20.0,2021,1,1,2,2021-01-11,2020-2022,main_country,-57.333333333333336
United Kingdom,GB,2021-01-12,-61.0,-24.0,-7.0,-63.0,-51.0,20.0,2021,1,1,2,2021-01-11,2020-2022,main_country,-58.333333333333336
United Kingdom,GB,2021-01-13,-64.0,-27.0,-30.0,-65.0,-50.0,21.0,2021,1,1,2,2021-01-11,2020-2022,main_country,-59.666666666666664
United Kingdom,GB,2021-01-14,-66.0,-29.0,-28.0,-66.0,-53.0,22.0,2021,1,1,2,2021-01-11,2020-2022,main_country,-61.666666666666664
United Kingdom,GB,2021-01-15,-64.0,-23.0,-15.0,-64.0,-51.0,21.0,2021,1,1,2,2021-01-11,2020-2022,main_country,-59.666666666666664
United Kingdom,GB,2021-01-16,-70.0,-26.0,-31.0,-67.0,-35.0,15.0,2021,1,1,2,2021-01-11,2020-2022,main_country,-57.333333333333336
United Kingdom,GB,2021-01-17,-67.0,-27.0,8.0,-63.0,-31.0,11.0,2021,1,1,2,2021-01-11,2020-2022,main_country,-53.666666666666664
United Kingdom,GB,2021-01-18,-60.0,-25.0,-10.0,-63.0,-51.0,19.0,2021,1,1,3,2021-01-18,2020-2022,main_country,-58.0
United Kingdom,GB,2021-01-19,-63.0,-27.0,-23.0,-64.0,-52.0,20.0,2021,1,1,3,2021-01-18,2020-2022,main_country,-59.666666666666664
United Kingdom,GB,2021-01-20,-65.0,-28.0,-35.0,-66.0,-51.0,21.0,2021,1,1,3,2021-01-18,2020-2022,main_country,-60.666666666666664
United Kingdom,GB,2021-01-21,-62.0,-23.0,-6.0,-64.0,-51.0,20.0,2021,1,1,3,2021-01-18,2020-2022,main_country,-59.0
United Kingdom,GB,2021-01-22,-62.0,-20.0,-3.0,-63.0,-49.0,21.0,2021,1,1,3,2021-01-18,2020-2022,main_country,-58.0
United Kingdom,GB,2021-01-23,-67.0,-22.0,-12.0,-64.0,-33.0,14.0,2021,1,1,3,2021-01-18,2020-2022,main_country,-54.666666666666664
United Kingdom,GB,2021-01-24,-71.0,-31.0,-4.0,-66.0,-34.0,12.0,2021,1,1,3,2021-01-18,2020-2022,main_country,-57.0
United Kingdom,GB,2021-01-25,-59.0,-23.0,-1.0,-62.0,-52.0,19.0,2021,1,1,4,2021-01-25,2020-2022,main_country,-57.666666666666664
United Kingdom,GB,2021-01-26,-62.0,-25.0,-27.0,-64.0,-51.0,20.0,2021,1,1,4,2021-01-25,2020-2022,main_country,-59.0
United Kingdom,GB,2021-01-27,-60.0,-21.0,-13.0,-63.0,-50.0,20.0,2021,1,1,4,2021-01-25,2020-2022,main_country,-57.666666666666664
United Kingdom,GB,2021-01-28,-61.0,-21.0,-12.0,-63.0,-50.0,20.0,2021,1,1,4,2021-01-25,2020-2022,main_country,-58.0
United Kingdom,GB,2021-01-29,-60.0,-16.0,-11.0,-61.0,-49.0,20.0,2021,1,1,4,2021-01-25,2020-2022,main_country,-56.666666666666664
United Kingdom,GB,2021-01-30,-67.0,-22.0,-37.0,-67.0,-33.0,15.0,2021,1,1,4,2021-01-25,2020-2022,main_country,-55.666666666666664
United Kingdom,GB,2021-01-31,-65.0,-24.0,-3.0,-63.0,-30.0,11.0,2021,1,1,4,2021-01-25,2020-2022,main_country,-52.666666666666664
United Kingdom,GB,2021-02-01,-56.0,-21.0,0.0,-60.0,-49.0,18.0,2021,1,2,5,2021-02-01,2020-2022,main_country,-55.0
United Kingdom,GB,2021-02-02,-61.0,-24.0,-13.0,-62.0,-51.0,20.0,2021,1,2,5,2021-02-01,2020-2022,main_country,-58.0
United Kingdom,GB,2021-02-03,-60.0,-21.0,-13.0,-63.0,-49.0,20.0,2021,1,2,5,2021-02-01,2020-2022,main_country,-57.333333333333336
United Kingdom,GB,2021-02-04,-60.0,-20.0,-12.0,-64.0,-49.0,20.0,2021,1,2,5,2021-02-01,2020-2022,main_country,-57.666666666666664
United Kingdom,GB,2021-02-05,-59.0,-14.0,-1.0,-61.0,-48.0,20.0,2021,1,2,5,2021-02-01,2020-2022,main_country,-56.0
United Kingdom,GB,2021-02-06,-65.0,-19.0,-21.0,-64.0,-31.0,14.0,2021,1,2,5,2021-02-01,2020-2022,main_country,-53.333333333333336
United Kingdom,GB,2021-02-07,-68.0,-27.0,-23.0,-67.0,-32.0,11.0,2021,1,2,5,2021-02-01,2020-2022,main_country,-55.666666666666664
United Kingdom,GB,2021-02-08,-60.0,-24.0,-13.0,-63.0,-52.0,19.0,2021,1,2,6,2021-02-08,2020-2022,main_country,-58.333333333333336
United Kingdom,GB,2021-02-09,-61.0,-21.0,-12.0,-63.0,-52.0,20.0,2021,1,2,6,2021-02-08,2020-2022,main_country,-58.666666666666664
United Kingdom,GB,2021-02-10,-59.0,-17.0,-8.0,-62.0,-50.0,20.0,2021,1,2,6,2021-02-08,2020-2022,main_country,-57.0
United Kingdom,GB,2021-02-11,-58.0,-15.0,-8.0,-63.0,-49.0,20.0,2021,1,2,6,2021-02-08,2020-2022,main_country,-56.666666666666664
United Kingdom,GB,2021-02-12,-58.0,-10.0,-14.0,-62.0,-48.0,20.0,2021,1,2,6,2021-02-08,2020-2022,main_country,-56.0
United Kingdom,GB,2021-02-13,-63.0,-11.0,-28.0,-65.0,-31.0,14.0,2021,1,2,6,2021-02-08,2020-2022,main_country,-53.0
United Kingdom,GB,2021-02-14,-65.0,-21.0,-28.0,-65.0,-30.0,11.0,2021,1,2,6,2021-02-08,2020-2022,main_country,-53.333333333333336
United Kingdom,GB,2021-02-15,-52.0,-16.0,18.0,-60.0,-53.0,18.0,2021,1,2,7,2021-02-15,2020-2022,main_country,-55.0
United Kingdom,GB,2021-02-16,-55.0,-13.0,5.0,-61.0,-52.0,19.0,2021,1,2,7,2021-02-15,2020-2022,main_country,-56.0
United Kingdom,GB,2021-02-17,-55.0,-16.0,1.0,-61.0,-51.0,20.0,2021,1,2,7,2021-02-15,2020-2022,main_country,-55.666666666666664
United Kingdom,GB,2021-02-18,-55.0,-13.0,13.0,-61.0,-52.0,20.0,2021,1,2,7,2021-02-15,2020-2022,main_country,-56.0
United Kingdom,GB,2021-02-19,-57.0,-12.0,-7.0,-61.0,-51.0,20.0,2021,1,2,7,2021-02-15,2020-2022,main_country,-56.333333333333336
United Kingdom,GB,2021-02-20,-62.0,-14.0,-4.0,-61.0,-28.0,13.0,2021,1,2,7,2021-02-15,2020-2022,main_country,-50.333333333333336
United Kingdom,GB,2021-02-21,-60.0,-18.0,27.0,-57.0,-26.0,10.0,2021,1,2,7,2021-02-15,2020-2022,main_country,-47.666666666666664
United Kingdom,GB,2021-02-22,-52.0,-16.0,13.0,-59.0,-47.0,17.0,2021,1,2,8,2021-02-22,2020-2022,main_country,-52.666666666666664
United Kingdom,GB,2021-02-23,-55.0,-15.0,7.0,-59.0,-47.0,18.0,2021,1,2,8,2021-02-22,2020-2022,main_country,-53.666666666666664
United Kingdom,GB,2021-02-24,-54.0,-13.0,6.0,-59.0,-46.0,19.0,2021,1,2,8,2021-02-22,2020-2022,main_country,-53.0
United Kingdom,GB,2021-02-25,-53.0,-10.0,22.0,-59.0,-46.0,18.0,2021,1,2,8,2021-02-22,2020-2022,main_country,-52.666666666666664
United Kingdom,GB,2021-02-26,-51.0,-5.0,38.0,-56.0,-45.0,18.0,2021,1,2,8,2021-02-22,2020-2022,main_country,-50.666666666666664
United Kingdom,GB,2021-02-27,-56.0,-9.0,38.0,-56.0,-25.0,11.0,2021,1,2,8,2021-02-22,2020-2022,main_country,-45.666666666666664
United Kingdom,GB,2021-02-28,-55.0,-12.0,48.0,-55.0,-23.0,9.0,2021,1,2,8,2021-02-22,2020-2022,main_country,-44.333333333333336
United Kingdom,GB,2021-03-01,-49.0,-12.0,20.0,-57.0,-46.0,17.0,2021,1,3,9,2021-03-01,2020-2022,main_country,-50.666666666666664
United Kingdom,GB,2021-03-02,-52.0,-12.0,16.0,-58.0,-46.0,17.0,2021,1,3,9,2021-03-01,2020-2022,main_country,-52.0
United Kingdom,GB,2021-03-03,-54.0,-13.0,-7.0,-59.0,-46.0,18.0,2021,1,3,9,2021-03-01,2020-2022,main_country,-53.0
United Kingdom,GB,2021-03-04,-54.0,-10.0,-1.0,-59.0,-46.0,18.0,2021,1,3,9,2021-03-01,2020-2022,main_country,-53.0
United Kingdom,GB,2021-03-05,-53.0,-6.0,8.0,-57.0,-44.0,18.0,2021,1,3,9,2021-03-01,2020-2022,main_country,-51.333333333333336
United Kingdom,GB,2021-03-06,-57.0,-9.0,10.0,-58.0,-24.0,12.0,2021,1,3,9,2021-03-01,2020-2022,main_country,-46.333333333333336
United Kingdom,GB,2021-03-07,-56.0,-12.0,30.0,-56.0,-22.0,9.0,2021,1,3,9,2021-03-01,2020-2022,main_country,-44.666666666666664
United Kingdom,GB,2021-03-08,-47.0,-8.0,16.0,-54.0,-44.0,15.0,2021,1,3,10,2021-03-08,2020-2022,main_country,-48.333333333333336
United Kingdom,GB,2021-03-09,-49.0,-8.0,31.0,-52.0,-43.0,15.0,2021,1,3,10,2021-03-08,2020-2022,main_country,-48.0
United Kingdom,GB,2021-03-10,-55.0,-12.0,-26.0,-57.0,-42.0,17.0,2021,1,3,10,2021-03-08,2020-2022,main_country,-51.333333333333336
United Kingdom,GB,2021-03-11,-53.0,-6.0,-4.0,-55.0,-42.0,17.0,2021,1,3,10,2021-03-08,2020-2022,main_country,-50.0
United Kingdom,GB,2021-03-12,-52.0,-1.0,-1.0,-53.0,-40.0,16.0,2021,1,3,10,2021-03-08,2020-2022,main_country,-48.333333333333336
United Kingdom,GB,2021-03-13,-56.0,2.0,-11.0,-58.0,-23.0,12.0,2021,1,3,10,2021-03-08,2020-2022,main_country,-45.666666666666664
United Kingdom,GB,2021-03-14,-58.0,-10.0,4.0,-54.0,-14.0,8.0,2021,1,3,10,2021-03-08,2020-2022,main_country,-42.0
United Kingdom,GB,2021-03-15,-47.0,-9.0,23.0,-51.0,-41.0,14.0,2021,1,3,11,2021-03-15,2020-2022,main_country,-46.333333333333336
United Kingdom,GB,2021-03-16,-49.0,-8.0,23.0,-51.0,-41.0,15.0,2021,1,3,11,2021-03-15,2020-2022,main_country,-47.0
United Kingdom,GB,2021-03-17,-49.0,-7.0,26.0,-51.0,-40.0,15.0,2021,1,3,11,2021-03-15,2020-2022,main_country,-46.666666666666664
United Kingdom,GB,2021-03-18,-51.0,-5.0,18.0,-52.0,-40.0,16.0,2021,1,3,11,2021-03-15,2020-2022,main_country,-47.666666666666664
United Kingdom,GB,2021-03-19,-51.0,-2.0,25.0,-50.0,-39.0,16.0,2021,1,3,11,2021-03-15,2020-2022,main_country,-46.666666666666664
United Kingdom,GB,2021-03-20,-57.0,-7.0,16.0,-55.0,-22.0,11.0,2021,1,3,11,2021-03-15,2020-2022,main_country,-44.666666666666664
United Kingdom,GB,2021-03-21,-55.0,-11.0,42.0,-53.0,-19.0,8.0,2021,1,3,11,2021-03-15,2020-2022,main_country,-42.333333333333336
United Kingdom,GB,2021-03-22,-45.0,-6.0,42.0,-49.0,-40.0,14.0,2021,1,3,12,2021-03-22,2020-2022,main_country,-44.666666666666664
United Kingdom,GB,2021-03-23,-48.0,-6.0,28.0,-50.0,-40.0,14.0,2021,1,3,12,2021-03-22,2020-2022,main_country,-46.0
United Kingdom,GB,2021-03-24,-48.0,-5.0,28.0,-51.0,-39.0,15.0,2021,1,3,12,2021-03-22,2020-2022,main_country,-46.0
United Kingdom,GB,2021-03-25,-49.0,-3.0,26.0,-51.0,-40.0,15.0,2021,1,3,12,2021-03-22,2020-2022,main_country,-46.666666666666664
United Kingdom,GB,2021-03-26,-51.0,-1.0,-1.0,-51.0,-39.0,16.0,2021,1,3,12,2021-03-22,2020-2022,main_country,-47.0
United Kingdom,GB,2021-03-27,-55.0,-5.0,19.0,-54.0,-21.0,11.0,2021,1,3,12,2021-03-22,2020-2022,main_country,-43.333333333333336
United Kingdom,GB,2021-03-28,-58.0,-14.0,-1.0,-57.0,-22.0,9.0,2021,1,3,12,2021-03-22,2020-2022,main_country,-45.666666666666664
United Kingdom,GB,2021-03-29,-41.0,-2.0,71.0,-48.0,-42.0,13.0,2021,1,3,13,2021-03-29,2020-2022,main_country,-43.666666666666664
United Kingdom,GB,2021-03-30,-42.0,1.0,110.0,-46.0,-42.0,13.0,2021,1,3,13,2021-03-29,2020-2022,main_country,-43.333333333333336
United Kingdom,GB,2021-03-31,-42.0,4.0,69.0,-47.0,-41.0,14.0,2021,1,3,13,2021-03-29,2020-2022,main_country,-43.333333333333336
United Kingdom,GB,2021-04-01,-39.0,15.0,53.0,-47.0,-42.0,13.0,2021,2,4,13,2021-03-29,2020-2022,main_country,-42.666666666666664
United Kingdom,GB,2021-04-02,-49.0,0.0,77.0,-58.0,-68.0,21.0,2021,2,4,13,2021-03-29,2020-2022,main_country,-58.333333333333336
United Kingdom,GB,2021-04-03,-55.0,2.0,35.0,-52.0,-27.0,9.0,2021,2,4,13,2021-03-29,2020-2022,main_country,-44.666666666666664
United Kingdom,GB,2021-04-04,-69.0,-40.0,72.0,-49.0,-23.0,6.0,2021,2,4,13,2021-03-29,2020-2022,main_country,-47.0
United Kingdom,GB,2021-04-05,-47.0,-13.0,65.0,-65.0,-75.0,23.0,2021,2,4,14,2021-04-05,2020-2022,main_country,-62.333333333333336
United Kingdom,GB,2021-04-06,-45.0,-3.0,34.0,-53.0,-50.0,16.0,2021,2,4,14,2021-04-05,2020-2022,main_country,-49.333333333333336
United Kingdom,GB,2021-04-07,-46.0,-5.0,35.0,-53.0,-48.0,16.0,2021,2,4,14,2021-04-05,2020-2022,main_country,-49.0
United Kingdom,GB,2021-04-08,-46.0,-3.0,46.0,-53.0,-47.0,16.0,2021,2,4,14,2021-04-05,2020-2022,main_country,-48.666666666666664
United Kingdom,GB,2021-04-09,-48.0,-3.0,44.0,-51.0,-46.0,16.0,2021,2,4,14,2021-04-05,2020-2022,main_country,-48.333333333333336
United Kingdom,GB,2021-04-10,-57.0,-7.0,11.0,-53.0,-21.0,10.0,2021,2,4,14,2021-04-05,2020-2022,main_country,-43.666666666666664
United Kingdom,GB,2021-04-11,-52.0,-9.0,45.0,-48.0,-17.0,7.0,2021,2,4,14,2021-04-05,2020-2022,main_country,-39.0
United Kingdom,GB,2021-04-12,-19.0,0.0,59.0,-40.0,-42.0,11.0,2021,2,4,15,2021-04-12,2020-2022,main_country,-33.666666666666664
United Kingdom,GB,2021-04-13,-26.0,1.0,63.0,-42.0,-43.0,12.0,2021,2,4,15,2021-04-12,2020-2022,main_country,-37.0
United Kingdom,GB,2021-04-14,-26.0,1.0,63.0,-42.0,-42.0,12.0,2021,2,4,15,2021-04-12,2020-2022,main_country,-36.666666666666664
United Kingdom,GB,2021-04-15,-27.0,3.0,68.0,-42.0,-41.0,12.0,2021,2,4,15,2021-04-12,2020-2022,main_country,-36.666666666666664
United Kingdom,GB,2021-04-16,-30.0,3.0,68.0,-39.0,-40.0,11.0,2021,2,4,15,2021-04-12,2020-2022,main_country,-36.333333333333336
United Kingdom,GB,2021-04-17,-37.0,-1.0,64.0,-34.0,-16.0,5.0,2021,2,4,15,2021-04-12,2020-2022,main_country,-29.0
United Kingdom,GB,2021-04-18,-33.0,-2.0,70.0,-33.0,-13.0,4.0,2021,2,4,15,2021-04-12,2020-2022,main_country,-26.333333333333332
United Kingdom,GB,2021-04-19,-25.0,2.0,72.0,-38.0,-34.0,10.0,2021,2,4,16,2021-04-19,2020-2022,main_country,-32.333333333333336
United Kingdom,GB,2021-04-20,-29.0,2.0,60.0,-38.0,-34.0,10.0,2021,2,4,16,2021-04-19,2020-2022,main_country,-33.666666666666664
United Kingdom,GB,2021-04-21,-29.0,1.0,45.0,-41.0,-33.0,11.0,2021,2,4,16,2021-04-19,2020-2022,main_country,-34.333333333333336
United Kingdom,GB,2021-04-22,-28.0,3.0,71.0,-40.0,-32.0,10.0,2021,2,4,16,2021-04-19,2020-2022,main_country,-33.333333333333336
United Kingdom,GB,2021-04-23,-29.0,5.0,69.0,-37.0,-31.0,9.0,2021,2,4,16,2021-04-19,2020-2022,main_country,-32.333333333333336
United Kingdom,GB,2021-04-24,-34.0,2.0,66.0,-35.0,-14.0,5.0,2021,2,4,16,2021-04-19,2020-2022,main_country,-27.666666666666668
United Kingdom,GB,2021-04-25,-31.0,-2.0,68.0,-37.0,-12.0,4.0,2021,2,4,16,2021-04-19,2020-2022,main_country,-26.666666666666668
United Kingdom,GB,2021-04-26,-24.0,1.0,55.0,-39.0,-33.0,10.0,2021,2,4,17,2021-04-26,2020-2022,main_country,-32.0
United Kingdom,GB,2021-04-27,-30.0,0.0,41.0,-40.0,-33.0,11.0,2021,2,4,17,2021-04-26,2020-2022,main_country,-34.333333333333336
United Kingdom,GB,2021-04-28,-30.0,1.0,21.0,-42.0,-33.0,11.0,2021,2,4,17,2021-04-26,2020-2022,main_country,-35.0
United Kingdom,GB,2021-04-29,-28.0,4.0,41.0,-40.0,-32.0,11.0,2021,2,4,17,2021-04-26,2020-2022,main_country,-33.333333333333336
United Kingdom,GB,2021-04-30,-26.0,8.0,46.0,-36.0,-31.0,9.0,2021,2,4,17,2021-04-26,2020-2022,main_country,-31.0
United Kingdom,GB,2021-05-01,-31.0,3.0,44.0,-35.0,-15.0,5.0,2021,2,5,17,2021-04-26,2020-2022,main_country,-27.0
United Kingdom,GB,2021-05-02,-26.0,-2.0,71.0,-34.0,-14.0,3.0,2021,2,5,17,2021-04-26,2020-2022,main_country,-24.666666666666668
United Kingdom,GB,2021-05-03,-29.0,-11.0,30.0,-58.0,-73.0,21.0,2021,2,5,18,2021-05-03,2020-2022,main_country,-53.333333333333336
United Kingdom,GB,2021-05-04,-31.0,3.0,19.0,-41.0,-34.0,11.0,2021,2,5,18,2021-05-03,2020-2022,main_country,-35.333333333333336
United Kingdom,GB,2021-05-05,-29.0,2.0,30.0,-40.0,-32.0,11.0,2021,2,5,18,2021-05-03,2020-2022,main_country,-33.666666666666664
United Kingdom,GB,2021-05-06,-27.0,6.0,45.0,-39.0,-32.0,10.0,2021,2,5,18,2021-05-03,2020-2022,main_country,-32.666666666666664
United Kingdom,GB,2021-05-07,-28.0,4.0,52.0,-37.0,-29.0,9.0,2021,2,5,18,2021-05-03,2020-2022,main_country,-31.333333333333332
United Kingdom,GB,2021-05-08,-42.0,-3.0,-18.0,-46.0,-16.0,9.0,2021,2,5,18,2021-05-03,2020-2022,main_country,-34.666666666666664
United Kingdom,GB,2021-05-09,-30.0,-3.0,57.0,-36.0,-11.0,4.0,2021,2,5,18,2021-05-03,2020-2022,main_country,-25.666666666666668
United Kingdom,GB,2021-05-10,-26.0,1.0,41.0,-39.0,-32.0,10.0,2021,2,5,19,2021-05-10,2020-2022,main_country,-32.333333333333336
United Kingdom,GB,2021-05-11,-27.0,2.0,46.0,-39.0,-31.0,10.0,2021,2,5,19,2021-05-10,2020-2022,main_country,-32.333333333333336
United Kingdom,GB,2021-05-12,-25.0,5.0,42.0,-39.0,-31.0,10.0,2021,2,5,19,2021-05-10,2020-2022,main_country,-31.666666666666668
United Kingdom,GB,2021-05-13,-29.0,3.0,32.0,-41.0,-32.0,11.0,2021,2,5,19,2021-05-10,2020-2022,main_country,-34.0
United Kingdom,GB,2021-05-14,-27.0,6.0,45.0,-37.0,-30.0,10.0,2021,2,5,19,2021-05-10,2020-2022,main_country,-31.333333333333332
United Kingdom,GB,2021-05-15,-34.0,2.0,16.0,-38.0,-15.0,6.0,2021,2,5,19,2021-05-10,2020-2022,main_country,-29.0
United Kingdom,GB,2021-05-16,-32.0,-2.0,30.0,-39.0,-10.0,5.0,2021,2,5,19,2021-05-10,2020-2022,main_country,-27.0
United Kingdom,GB,2021-05-17,-17.0,1.0,40.0,-35.0,-30.0,9.0,2021,2,5,20,2021-05-17,2020-2022,main_country,-27.333333333333332
United Kingdom,GB,2021-05-18,-20.0,3.0,49.0,-36.0,-30.0,9.0,2021,2,5,20,2021-05-17,2020-2022,main_country,-28.666666666666668
United Kingdom,GB,2021-05-19,-18.0,4.0,51.0,-36.0,-29.0,9.0,2021,2,5,20,2021-05-17,2020-2022,main_country,-27.666666666666668
United Kingdom,GB,2021-05-20,-24.0,3.0,20.0,-41.0,-30.0,10.0,2021,2,5,20,2021-05-17,2020-2022,main_country,-31.666666666666668
United Kingdom,GB,2021-05-21,-25.0,4.0,12.0,-36.0,-29.0,9.0,2021,2,5,20,2021-05-17,2020-2022,main_country,-30.0
United Kingdom,GB,2021-05-22,-24.0,3.0,35.0,-31.0,-9.0,3.0,2021,2,5,20,2021-05-17,2020-2022,main_country,-21.333333333333332
United Kingdom,GB,2021-05-23,-24.0,-4.0,21.0,-34.0,-9.0,3.0,2021,2,5,20,2021-05-17,2020-2022,main_country,-22.333333333333332
United Kingdom,GB,2021-05-24,-19.0,3.0,38.0,-38.0,-31.0,9.0,2021,2,5,21,2021-05-24,2020-2022,main_country,-29.333333333333332
United Kingdom,GB,2021-05-25,-20.0,5.0,42.0,-38.0,-30.0,9.0,2021,2,5,21,2021-05-24,2020-2022,main_country,-29.333333333333332
United Kingdom,GB,2021-05-26,-17.0,6.0,50.0,-37.0,-29.0,9.0,2021,2,5,21,2021-05-24,2020-2022,main_country,-27.666666666666668
United Kingdom,GB,2021-05-27,-12.0,9.0,85.0,-35.0,-29.0,8.0,2021,2,5,21,2021-05-24,2020-2022,main_country,-25.333333333333332
United Kingdom,GB,2021-05-28,-11.0,12.0,68.0,-29.0,-30.0,6.0,2021,2,5,21,2021-05-24,2020-2022,main_country,-23.333333333333332
United Kingdom,GB,2021-05-29,-18.0,6.0,78.0,-22.0,-10.0,1.0,2021,2,5,21,2021-05-24,2020-2022,main_country,-16.666666666666668
United Kingdom,GB,2021-05-30,-5.0,7.0,130.0,-18.0,-7.0,-1.0,2021,2,5,21,2021-05-24,2020-2022,main_country,-10.0
United Kingdom,GB,2021-05-31,-1.0,2.0,203.0,-42.0,-71.0,12.0,2021,2,5,22,2021-05-31,2020-2022,main_country,-38.0
United Kingdom,GB,2021-06-01,-5.0,15.0,141.0,-34.0,-43.0,8.0,2021,2,6,22,2021-05-31,2020-2022,main_country,-27.333333333333332
United Kingdom,GB,2021-06-02,-6.0,11.0,113.0,-36.0,-42.0,10.0,2021,2,6,22,2021-05-31,2020-2022,main_country,-28.0
United Kingdom,GB,2021-06-03,-6.0,11.0,118.0,-37.0,-41.0,9.0,2021,2,6,22,2021-05-31,2020-2022,main_country,-28.0
United Kingdom,GB,2021-06-04,-13.0,8.0,80.0,-35.0,-39.0,9.0,2021,2,6,22,2021-05-31,2020-2022,main_country,-29.0
United Kingdom,GB,2021-06-05,-20.0,6.0,81.0,-25.0,-7.0,1.0,2021,2,6,22,2021-05-31,2020-2022,main_country,-17.333333333333332
United Kingdom,GB,2021-06-06,-15.0,3.0,77.0,-26.0,-3.0,1.0,2021,2,6,22,2021-05-31,2020-2022,main_country,-14.666666666666666
United Kingdom,GB,2021-06-07,-10.0,10.0,88.0,-35.0,-31.0,8.0,2021,2,6,23,2021-06-07,2020-2022,main_country,-25.333333333333332
United Kingdom,GB,2021-06-08,-11.0,11.0,94.0,-35.0,-29.0,8.0,2021,2,6,23,2021-06-07,2020-2022,main_country,-25.0
United Kingdom,GB,2021-06-09,-11.0,10.0,79.0,-35.0,-29.0,8.0,2021,2,6,23,2021-06-07,2020-2022,main_country,-25.0
United Kingdom,GB,2021-06-10,-12.0,11.0,79.0,-35.0,-28.0,8.0,2021,2,6,23,2021-06-07,2020-2022,main_country,-25.0
United Kingdom,GB,2021-06-11,-15.0,10.0,72.0,-32.0,-27.0,7.0,2021,2,6,23,2021-06-07,2020-2022,main_country,-24.666666666666668
United Kingdom,GB,2021-06-12,-21.0,7.0,78.0,-26.0,-5.0,1.0,2021,2,6,23,2021-06-07,2020-2022,main_country,-17.333333333333332
United Kingdom,GB,2021-06-13,-19.0,4.0,92.0,-24.0,-3.0,0.0,2021,2,6,23,2021-06-07,2020-2022,main_country,-15.333333333333334
United Kingdom,GB,2021-06-14,-12.0,9.0,81.0,-35.0,-30.0,8.0,2021,2,6,24,2021-06-14,2020-2022,main_country,-25.666666666666668
United Kingdom,GB,2021-06-15,-12.0,11.0,88.0,-35.0,-29.0,8.0,2021,2,6,24,2021-06-14,2020-2022,main_country,-25.333333333333332
United Kingdom,GB,2021-06-16,-12.0,10.0,77.0,-35.0,-29.0,8.0,2021,2,6,24,2021-06-14,2020-2022,main_country,-25.333333333333332
United Kingdom,GB,2021-06-17,-15.0,9.0,60.0,-37.0,-29.0,9.0,2021,2,6,24,2021-06-14,2020-2022,main_country,-27.0
United Kingdom,GB,2021-06-18,-19.0,6.0,34.0,-34.0,-29.0,8.0,2021,2,6,24,2021-06-14,2020-2022,main_country,-27.333333333333332
United Kingdom,GB,2021-06-19,-21.0,6.0,44.0,-30.0,-6.0,2.0,2021,2,6,24,2021-06-14,2020-2022,main_country,-19.0
United Kingdom,GB,2021-06-20,-14.0,1.0,45.0,-30.0,-2.0,1.0,2021,2,6,24,2021-06-14,2020-2022,main_country,-15.333333333333334
United Kingdom,GB,2021-06-21,-16.0,3.0,45.0,-38.0,-31.0,9.0,2021,2,6,25,2021-06-21,2020-2022,main_country,-28.333333333333332
United Kingdom,GB,2021-06-22,-14.0,6.0,70.0,-36.0,-30.0,8.0,2021,2,6,25,2021-06-21,2020-2022,main_country,-26.666666666666668
United Kingdom,GB,2021-06-23,-13.0,6.0,73.0,-36.0,-29.0,9.0,2021,2,6,25,2021-06-21,2020-2022,main_country,-26.0
United Kingdom,GB,2021-06-24,-13.0,7.0,69.0,-36.0,-30.0,9.0,2021,2,6,25,2021-06-21,2020-2022,main_country,-26.333333333333332
United Kingdom,GB,2021-06-25,-14.0,8.0,54.0,-32.0,-29.0,7.0,2021,2,6,25,2021-06-21,2020-2022,main_country,-25.0
United Kingdom,GB,2021-06-26,-19.0,2.0,62.0,-26.0,-6.0,2.0,2021,2,6,25,2021-06-21,2020-2022,main_country,-17.0
United Kingdom,GB,2021-06-27,-16.0,-1.0,52.0,-28.0,-4.0,1.0,2021,2,6,25,2021-06-21,2020-2022,main_country,-16.0
United Kingdom,GB,2021-06-28,-12.0,6.0,63.0,-36.0,-32.0,8.0,2021,2,6,26,2021-06-28,2020-2022,main_country,-26.666666666666668
United Kingdom,GB,2021-06-29,-16.0,2.0,57.0,-38.0,-33.0,8.0,2021,2,6,26,2021-06-28,2020-2022,main_country,-29.0
United Kingdom,GB,2021-06-30,-12.0,6.0,67.0,-37.0,-31.0,8.0,2021,2,6,26,2021-06-28,2020-2022,main_country,-26.666666666666668
United Kingdom,GB,2021-07-01,-11.0,9.0,90.0,-35.0,-31.0,8.0,2021,3,7,26,2021-06-28,2020-2022,main_country,-25.666666666666668
United Kingdom,GB,2021-07-02,-14.0,8.0,79.0,-31.0,-30.0,7.0,2021,3,7,26,2021-06-28,2020-2022,main_country,-25.0
United Kingdom,GB,2021-07-03,-22.0,2.0,34.0,-29.0,-7.0,3.0,2021,3,7,26,2021-06-28,2020-2022,main_country,-19.333333333333332
United Kingdom,GB,2021-07-04,-17.0,-2.0,40.0,-28.0,-5.0,2.0,2021,3,7,26,2021-06-28,2020-2022,main_country,-16.666666666666668
United Kingdom,GB,2021-07-05,-11.0,6.0,68.0,-36.0,-32.0,9.0,2021,3,7,27,2021-07-05,2020-2022,main_country,-26.333333333333332
United Kingdom,GB,2021-07-06,-16.0,5.0,48.0,-38.0,-32.0,10.0,2021,3,7,27,2021-07-05,2020-2022,main_country,-28.666666666666668
United Kingdom,GB,2021-07-07,-12.0,7.0,58.0,-36.0,-32.0,9.0,2021,3,7,27,2021-07-05,2020-2022,main_country,-26.666666666666668
United Kingdom,GB,2021-07-08,-12.0,7.0,82.0,-36.0,-32.0,9.0,2021,3,7,27,2021-07-05,2020-2022,main_country,-26.666666666666668
United Kingdom,GB,2021-07-09,-14.0,7.0,75.0,-32.0,-31.0,8.0,2021,3,7,27,2021-07-05,2020-2022,main_country,-25.666666666666668
United Kingdom,GB,2021-07-10,-20.0,3.0,48.0,-28.0,-7.0,3.0,2021,3,7,27,2021-07-05,2020-2022,main_country,-18.333333333333332
United Kingdom,GB,2021-07-11,-14.0,5.0,55.0,-23.0,-1.0,0.0,2021,3,7,27,2021-07-05,2020-2022,main_country,-12.666666666666666
United Kingdom,GB,2021-07-12,-16.0,0.0,56.0,-37.0,-38.0,10.0,2021,3,7,28,2021-07-12,2020-2022,main_country,-30.333333333333332
United Kingdom,GB,2021-07-13,-13.0,7.0,87.0,-36.0,-34.0,9.0,2021,3,7,28,2021-07-12,2020-2022,main_country,-27.666666666666668
United Kingdom,GB,2021-07-14,-10.0,8.0,89.0,-35.0,-33.0,9.0,2021,3,7,28,2021-07-12,2020-2022,main_country,-26.0
United Kingdom,GB,2021-07-15,-11.0,10.0,96.0,-35.0,-33.0,9.0,2021,3,7,28,2021-07-12,2020-2022,main_country,-26.333333333333332
United Kingdom,GB,2021-07-16,-13.0,10.0,98.0,-30.0,-32.0,7.0,2021,3,7,28,2021-07-12,2020-2022,main_country,-25.0
United Kingdom,GB,2021-07-17,-23.0,5.0,83.0,-24.0,-8.0,1.0,2021,3,7,28,2021-07-12,2020-2022,main_country,-18.333333333333332
United Kingdom,GB,2021-07-18,-16.0,4.0,93.0,-22.0,-4.0,0.0,2021,3,7,28,2021-07-12,2020-2022,main_country,-14.0
United Kingdom,GB,2021-07-19,-7.0,12.0,100.0,-34.0,-37.0,8.0,2021,3,7,29,2021-07-19,2020-2022,main_country,-26.0
United Kingdom,GB,2021-07-20,-10.0,11.0,100.0,-36.0,-37.0,9.0,2021,3,7,29,2021-07-19,2020-2022,main_country,-27.666666666666668
United Kingdom,GB,2021-07-21,-9.0,10.0,96.0,-35.0,-37.0,9.0,2021,3,7,29,2021-07-19,2020-2022,main_country,-27.0
United Kingdom,GB,2021-07-22,-9.0,11.0,105.0,-35.0,-38.0,9.0,2021,3,7,29,2021-07-19,2020-2022,main_country,-27.333333333333332
United Kingdom,GB,2021-07-23,-11.0,8.0,93.0,-31.0,-38.0,8.0,2021,3,7,29,2021-07-19,2020-2022,main_country,-26.666666666666668
United Kingdom,GB,2021-07-24,-20.0,0.0,56.0,-25.0,-7.0,2.0,2021,3,7,29,2021-07-19,2020-2022,main_country,-17.333333333333332
United Kingdom,GB,2021-07-25,-14.0,-2.0,68.0,-22.0,-3.0,1.0,2021,3,7,29,2021-07-19,2020-2022,main_country,-13.0
United Kingdom,GB,2021-07-26,-4.0,8.0,118.0,-34.0,-42.0,9.0,2021,3,7,30,2021-07-26,2020-2022,main_country,-26.666666666666668
United Kingdom,GB,2021-07-27,-8.0,6.0,84.0,-37.0,-41.0,10.0,2021,3,7,30,2021-07-26,2020-2022,main_country,-28.666666666666668
United Kingdom,GB,2021-07-28,-7.0,5.0,64.0,-38.0,-41.0,11.0,2021,3,7,30,2021-07-26,2020-2022,main_country,-28.666666666666668
United Kingdom,GB,2021-07-29,-4.0,8.0,102.0,-35.0,-41.0,9.0,2021,3,7,30,2021-07-26,2020-2022,main_country,-26.666666666666668
United Kingdom,GB,2021-07-30,-11.0,4.0,49.0,-33.0,-40.0,9.0,2021,3,7,30,2021-07-26,2020-2022,main_country,-28.0
United Kingdom,GB,2021-07-31,-17.0,0.0,52.0,-22.0,-7.0,1.0,2021,3,7,30,2021-07-26,2020-2022,main_country,-15.333333333333334
United Kingdom,GB,2021-08-01,-9.0,-1.0,70.0,-20.0,-3.0,0.0,2021,3,8,30,2021-07-26,2020-2022,main_country,-10.666666666666666
United Kingdom,GB,2021-08-02,-1.0,7.0,110.0,-33.0,-43.0,9.0,2021,3,8,31,2021-08-02,2020-2022,main_country,-25.666666666666668
United Kingdom,GB,2021-08-03,-3.0,7.0,119.0,-35.0,-42.0,9.0,2021,3,8,31,2021-08-02,2020-2022,main_country,-26.666666666666668
United Kingdom,GB,2021-08-04,-3.0,7.0,113.0,-34.0,-41.0,9.0,2021,3,8,31,2021-08-02,2020-2022,main_country,-26.0
United Kingdom,GB,2021-08-05,-7.0,6.0,74.0,-37.0,-42.0,10.0,2021,3,8,31,2021-08-02,2020-2022,main_country,-28.666666666666668
United Kingdom,GB,2021-08-06,-11.0,4.0,60.0,-33.0,-41.0,9.0,2021,3,8,31,2021-08-02,2020-2022,main_country,-28.333333333333332
United Kingdom,GB,2021-08-07,-19.0,-2.0,34.0,-24.0,-9.0,2.0,2021,3,8,31,2021-08-02,2020-2022,main_country,-17.333333333333332
United Kingdom,GB,2021-08-08,-13.0,-2.0,45.0,-22.0,-4.0,1.0,2021,3,8,31,2021-08-02,2020-2022,main_country,-13.0
United Kingdom,GB,2021-08-09,-3.0,6.0,88.0,-34.0,-42.0,9.0,2021,3,8,32,2021-08-09,2020-2022,main_country,-26.333333333333332
United Kingdom,GB,2021-08-10,-1.0,8.0,122.0,-33.0,-41.0,9.0,2021,3,8,32,2021-08-09,2020-2022,main_country,-25.0
United Kingdom,GB,2021-08-11,-3.0,6.0,100.0,-34.0,-41.0,9.0,2021,3,8,32,2021-08-09,2020-2022,main_country,-26.0
United Kingdom,GB,2021-08-12,-2.0,8.0,111.0,-33.0,-41.0,9.0,2021,3,8,32,2021-08-09,2020-2022,main_country,-25.333333333333332
United Kingdom,GB,2021-08-13,-8.0,6.0,90.0,-29.0,-40.0,8.0,2021,3,8,32,2021-08-09,2020-2022,main_country,-25.666666666666668
United Kingdom,GB,2021-08-14,-16.0,0.0,70.0,-18.0,-8.0,0.0,2021,3,8,32,2021-08-09,2020-2022,main_country,-14.0
United Kingdom,GB,2021-08-15,-9.0,0.0,75.0,-16.0,-3.0,0.0,2021,3,8,32,2021-08-09,2020-2022,main_country,-9.333333333333334
United Kingdom,GB,2021-08-16,-2.0,7.0,100.0,-32.0,-42.0,8.0,2021,3,8,33,2021-08-16,2020-2022,main_country,-25.333333333333332
United Kingdom,GB,2021-08-17,-5.0,6.0,87.0,-35.0,-42.0,9.0,2021,3,8,33,2021-08-16,2020-2022,main_country,-27.333333333333332
United Kingdom,GB,2021-08-18,-3.0,6.0,95.0,-34.0,-39.0,9.0,2021,3,8,33,2021-08-16,2020-2022,main_country,-25.333333333333332
United Kingdom,GB,2021-08-19,-5.0,7.0,98.0,-33.0,-40.0,9.0,2021,3,8,33,2021-08-16,2020-2022,main_country,-26.0
United Kingdom,GB,2021-08-20,-8.0,5.0,88.0,-29.0,-39.0,7.0,2021,3,8,33,2021-08-16,2020-2022,main_country,-25.333333333333332
United Kingdom,GB,2021-08-21,-18.0,-2.0,34.0,-22.0,-9.0,2.0,2021,3,8,33,2021-08-16,2020-2022,main_country,-16.333333333333332
United Kingdom,GB,2021-08-22,-10.0,-1.0,72.0,-17.0,-2.0,0.0,2021,3,8,33,2021-08-16,2020-2022,main_country,-9.666666666666666
United Kingdom,GB,2021-08-23,0.0,7.0,118.0,-31.0,-41.0,8.0,2021,3,8,34,2021-08-23,2020-2022,main_country,-24.0
United Kingdom,GB,2021-08-24,-2.0,7.0,117.0,-32.0,-40.0,8.0,2021,3,8,34,2021-08-23,2020-2022,main_country,-24.666666666666668
United Kingdom,GB,2021-08-25,-1.0,8.0,109.0,-32.0,-40.0,8.0,2021,3,8,34,2021-08-23,2020-2022,main_country,-24.333333333333332
United Kingdom,GB,2021-08-26,-1.0,9.0,109.0,-31.0,-40.0,8.0,2021,3,8,34,2021-08-23,2020-2022,main_country,-24.0
United Kingdom,GB,2021-08-27,-5.0,9.0,98.0,-26.0,-40.0,7.0,2021,3,8,34,2021-08-23,2020-2022,main_country,-23.666666666666668
United Kingdom,GB,2021-08-28,-14.0,1.0,82.0,-15.0,-8.0,0.0,2021,3,8,34,2021-08-23,2020-2022,main_country,-12.333333333333334
United Kingdom,GB,2021-08-29,-2.0,0.0,98.0,-12.0,-3.0,-1.0,2021,3,8,34,2021-08-23,2020-2022,main_country,-5.666666666666667
United Kingdom,GB,2021-08-30,1.0,-3.0,124.0,-41.0,-70.0,14.0,2021,3,8,35,2021-08-30,2020-2022,main_country,-36.666666666666664
United Kingdom,GB,2021-08-31,-3.0,12.0,72.0,-33.0,-40.0,9.0,2021,3,8,35,2021-08-30,2020-2022,main_country,-25.333333333333332
United Kingdom,GB,2021-09-01,-4.0,9.0,69.0,-33.0,-36.0,9.0,2021,3,9,35,2021-08-30,2020-2022,main_country,-24.333333333333332
United Kingdom,GB,2021-09-02,-5.0,9.0,77.0,-32.0,-35.0,8.0,2021,3,9,35,2021-08-30,2020-2022,main_country,-24.0
United Kingdom,GB,2021-09-03,-8.0,7.0,70.0,-27.0,-33.0,7.0,2021,3,9,35,2021-08-30,2020-2022,main_country,-22.666666666666668
United Kingdom,GB,2021-09-04,-13.0,2.0,59.0,-19.0,-5.0,1.0,2021,3,9,35,2021-08-30,2020-2022,main_country,-12.333333333333334
United Kingdom,GB,2021-09-05,-5.0,3.0,89.0,-15.0,-1.0,0.0,2021,3,9,35,2021-08-30,2020-2022,main_country,-7.0
United Kingdom,GB,2021-09-06,-3.0,10.0,87.0,-27.0,-33.0,7.0,2021,3,9,36,2021-09-06,2020-2022,main_country,-21.0
United Kingdom,GB,2021-09-07,-6.0,10.0,98.0,-28.0,-32.0,7.0,2021,3,9,36,2021-09-06,2020-2022,main_country,-22.0
United Kingdom,GB,2021-09-08,-6.0,9.0,83.0,-28.0,-31.0,7.0,2021,3,9,36,2021-09-06,2020-2022,main_country,-21.666666666666668
United Kingdom,GB,2021-09-09,-10.0,8.0,56.0,-29.0,-31.0,7.0,2021,3,9,36,2021-09-06,2020-2022,main_country,-23.333333333333332
United Kingdom,GB,2021-09-10,-10.0,7.0,54.0,-24.0,-29.0,6.0,2021,3,9,36,2021-09-06,2020-2022,main_country,-21.0
United Kingdom,GB,2021-09-11,-12.0,3.0,61.0,-16.0,-5.0,1.0,2021,3,9,36,2021-09-06,2020-2022,main_country,-11.0
United Kingdom,GB,2021-09-12,-7.0,3.0,70.0,-16.0,-2.0,0.0,2021,3,9,36,2021-09-06,2020-2022,main_country,-8.333333333333334
United Kingdom,GB,2021-09-13,-6.0,8.0,64.0,-26.0,-32.0,7.0,2021,3,9,37,2021-09-13,2020-2022,main_country,-21.333333333333332
United Kingdom,GB,2021-09-14,-12.0,5.0,42.0,-29.0,-33.0,8.0,2021,3,9,37,2021-09-13,2020-2022,main_country,-24.666666666666668
United Kingdom,GB,2021-09-15,-6.0,9.0,67.0,-27.0,-31.0,7.0,2021,3,9,37,2021-09-13,2020-2022,main_country,-21.333333333333332
United Kingdom,GB,2021-09-16,-7.0,8.0,79.0,-27.0,-32.0,6.0,2021,3,9,37,2021-09-13,2020-2022,main_country,-22.0
United Kingdom,GB,2021-09-17,-9.0,7.0,62.0,-24.0,-32.0,6.0,2021,3,9,37,2021-09-13,2020-2022,main_country,-21.666666666666668
United Kingdom,GB,2021-09-18,-12.0,2.0,65.0,-16.0,-7.0,0.0,2021,3,9,37,2021-09-13,2020-2022,main_country,-11.666666666666666
United Kingdom,GB,2021-09-19,-9.0,1.0,49.0,-18.0,-5.0,1.0,2021,3,9,37,2021-09-13,2020-2022,main_country,-10.666666666666666
United Kingdom,GB,2021-09-20,-6.0,8.0,70.0,-27.0,-33.0,6.0,2021,3,9,38,2021-09-20,2020-2022,main_country,-22.0
United Kingdom,GB,2021-09-21,-8.0,8.0,71.0,-28.0,-32.0,7.0,2021,3,9,38,2021-09-20,2020-2022,main_country,-22.666666666666668
United Kingdom,GB,2021-09-22,-7.0,7.0,61.0,-27.0,-29.0,7.0,2021,3,9,38,2021-09-20,2020-2022,main_country,-21.0
United Kingdom,GB,2021-09-23,-8.0,8.0,59.0,-28.0,-29.0,7.0,2021,3,9,38,2021-09-20,2020-2022,main_country,-21.666666666666668
United Kingdom,GB,2021-09-24,-7.0,11.0,61.0,-22.0,-30.0,5.0,2021,3,9,38,2021-09-20,2020-2022,main_country,-19.666666666666668
United Kingdom,GB,2021-09-25,-13.0,2.0,46.0,-14.0,-7.0,1.0,2021,3,9,38,2021-09-20,2020-2022,main_country,-11.333333333333334
United Kingdom,GB,2021-09-26,-9.0,2.0,60.0,-13.0,-4.0,1.0,2021,3,9,38,2021-09-20,2020-2022,main_country,-8.666666666666666
United Kingdom,GB,2021-09-27,-11.0,7.0,34.0,-27.0,-32.0,8.0,2021,3,9,39,2021-09-27,2020-2022,main_country,-23.333333333333332
United Kingdom,GB,2021-09-28,-14.0,5.0,20.0,-29.0,-32.0,8.0,2021,3,9,39,2021-09-27,2020-2022,main_country,-25.0
United Kingdom,GB,2021-09-29,-10.0,7.0,35.0,-29.0,-31.0,7.0,2021,3,9,39,2021-09-27,2020-2022,main_country,-23.333333333333332
United Kingdom,GB,2021-09-30,-11.0,6.0,15.0,-30.0,-31.0,8.0,2021,3,9,39,2021-09-27,2020-2022,main_country,-24.0
United Kingdom,GB,2021-10-01,-10.0,6.0,27.0,-26.0,-30.0,7.0,2021,4,10,39,2021-09-27,2020-2022,main_country,-22.0
United Kingdom,GB,2021-10-02,-18.0,-3.0,-13.0,-25.0,-10.0,3.0,2021,4,10,39,2021-09-27,2020-2022,main_country,-17.666666666666668
United Kingdom,GB,2021-10-03,-8.0,1.0,30.0,-19.0,-5.0,2.0,2021,4,10,39,2021-09-27,2020-2022,main_country,-10.666666666666666
United Kingdom,GB,2021-10-04,-10.0,4.0,29.0,-30.0,-32.0,7.0,2021,4,10,40,2021-10-04,2020-2022,main_country,-24.0
United Kingdom,GB,2021-10-05,-14.0,3.0,18.0,-32.0,-32.0,8.0,2021,4,10,40,2021-10-04,2020-2022,main_country,-26.0
United Kingdom,GB,2021-10-06,-9.0,5.0,38.0,-30.0,-30.0,7.0,2021,4,10,40,2021-10-04,2020-2022,main_country,-23.0
United Kingdom,GB,2021-10-07,-10.0,5.0,35.0,-30.0,-30.0,7.0,2021,4,10,40,2021-10-04,2020-2022,main_country,-23.333333333333332
United Kingdom,GB,2021-10-08,-10.0,5.0,37.0,-26.0,-29.0,6.0,2021,4,10,40,2021-10-04,2020-2022,main_country,-21.666666666666668
United Kingdom,GB,2021-10-09,-11.0,1.0,37.0,-19.0,-7.0,1.0,2021,4,10,40,2021-10-04,2020-2022,main_country,-12.333333333333334
United Kingdom,GB,2021-10-10,-8.0,-1.0,48.0,-19.0,-5.0,1.0,2021,4,10,40,2021-10-04,2020-2022,main_country,-10.666666666666666
United Kingdom,GB,2021-10-11,-8.0,5.0,45.0,-29.0,-31.0,7.0,2021,4,10,41,2021-10-11,2020-2022,main_country,-22.666666666666668
United Kingdom,GB,2021-10-12,-12.0,5.0,33.0,-30.0,-30.0,7.0,2021,4,10,41,2021-10-11,2020-2022,main_country,-24.0
United Kingdom,GB,2021-10-13,-10.0,4.0,33.0,-30.0,-30.0,7.0,2021,4,10,41,2021-10-11,2020-2022,main_country,-23.333333333333332
United Kingdom,GB,2021-10-14,-11.0,5.0,37.0,-30.0,-29.0,7.0,2021,4,10,41,2021-10-11,2020-2022,main_country,-23.333333333333332
United Kingdom,GB,2021-10-15,-9.0,6.0,38.0,-26.0,-29.0,6.0,2021,4,10,41,2021-10-11,2020-2022,main_country,-21.333333333333332
United Kingdom,GB,2021-10-16,-12.0,0.0,26.0,-21.0,-8.0,2.0,2021,4,10,41,2021-10-11,2020-2022,main_country,-13.666666666666666
United Kingdom,GB,2021-10-17,-10.0,-2.0,29.0,-21.0,-6.0,2.0,2021,4,10,41,2021-10-11,2020-2022,main_country,-12.333333333333334
United Kingdom,GB,2021-10-18,-11.0,3.0,22.0,-31.0,-32.0,8.0,2021,4,10,42,2021-10-18,2020-2022,main_country,-24.666666666666668
United Kingdom,GB,2021-10-19,-13.0,3.0,21.0,-31.0,-31.0,8.0,2021,4,10,42,2021-10-18,2020-2022,main_country,-25.0
United Kingdom,GB,2021-10-20,-11.0,3.0,19.0,-31.0,-31.0,8.0,2021,4,10,42,2021-10-18,2020-2022,main_country,-24.333333333333332
United Kingdom,GB,2021-10-21,-9.0,6.0,37.0,-30.0,-30.0,7.0,2021,4,10,42,2021-10-18,2020-2022,main_country,-23.0
United Kingdom,GB,2021-10-22,-10.0,5.0,29.0,-26.0,-31.0,7.0,2021,4,10,42,2021-10-18,2020-2022,main_country,-22.333333333333332
United Kingdom,GB,2021-10-23,-13.0,1.0,23.0,-19.0,-9.0,2.0,2021,4,10,42,2021-10-18,2020-2022,main_country,-13.666666666666666
United Kingdom,GB,2021-10-24,-9.0,-2.0,31.0,-19.0,-7.0,2.0,2021,4,10,42,2021-10-18,2020-2022,main_country,-11.666666666666666
United Kingdom,GB,2021-10-25,-1.0,6.0,61.0,-30.0,-40.0,8.0,2021,4,10,43,2021-10-25,2020-2022,main_country,-23.666666666666668
United Kingdom,GB,2021-10-26,-4.0,6.0,50.0,-31.0,-39.0,9.0,2021,4,10,43,2021-10-25,2020-2022,main_country,-24.666666666666668
United Kingdom,GB,2021-10-27,-2.0,5.0,46.0,-31.0,-39.0,9.0,2021,4,10,43,2021-10-25,2020-2022,main_country,-24.0
United Kingdom,GB,2021-10-28,-2.0,7.0,49.0,-30.0,-39.0,8.0,2021,4,10,43,2021-10-25,2020-2022,main_country,-23.666666666666668
United Kingdom,GB,2021-10-29,-6.0,6.0,26.0,-28.0,-39.0,8.0,2021,4,10,43,2021-10-25,2020-2022,main_country,-24.333333333333332
United Kingdom,GB,2021-10-30,-12.0,3.0,14.0,-19.0,-10.0,1.0,2021,4,10,43,2021-10-25,2020-2022,main_country,-13.666666666666666
United Kingdom,GB,2021-10-31,-13.0,1.0,-4.0,-21.0,-7.0,2.0,2021,4,10,43,2021-10-25,2020-2022,main_country,-13.666666666666666
United Kingdom,GB,2021-11-01,-10.0,4.0,17.0,-30.0,-31.0,8.0,2021,4,11,44,2021-11-01,2020-2022,main_country,-23.666666666666668
United Kingdom,GB,2021-11-02,-10.0,6.0,24.0,-29.0,-29.0,7.0,2021,4,11,44,2021-11-01,2020-2022,main_country,-22.666666666666668
United Kingdom,GB,2021-11-03,-10.0,5.0,13.0,-30.0,-28.0,8.0,2021,4,11,44,2021-11-01,2020-2022,main_country,-22.666666666666668
United Kingdom,GB,2021-11-04,-10.0,7.0,21.0,-29.0,-28.0,7.0,2021,4,11,44,2021-11-01,2020-2022,main_country,-22.333333333333332
United Kingdom,GB,2021-11-05,-10.0,7.0,34.0,-26.0,-28.0,7.0,2021,4,11,44,2021-11-01,2020-2022,main_country,-21.333333333333332
United Kingdom,GB,2021-11-06,-14.0,0.0,12.0,-21.0,-9.0,3.0,2021,4,11,44,2021-11-01,2020-2022,main_country,-14.666666666666666
United Kingdom,GB,2021-11-07,-7.0,1.0,27.0,-18.0,-6.0,1.0,2021,4,11,44,2021-11-01,2020-2022,main_country,-10.333333333333334
United Kingdom,GB,2021-11-08,-10.0,5.0,17.0,-29.0,-29.0,7.0,2021,4,11,45,2021-11-08,2020-2022,main_country,-22.666666666666668
United Kingdom,GB,2021-11-09,-11.0,6.0,19.0,-30.0,-28.0,7.0,2021,4,11,45,2021-11-08,2020-2022,main_country,-23.0
United Kingdom,GB,2021-11-10,-11.0,5.0,9.0,-30.0,-27.0,8.0,2021,4,11,45,2021-11-08,2020-2022,main_country,-22.666666666666668
United Kingdom,GB,2021-11-11,-10.0,6.0,21.0,-29.0,-27.0,7.0,2021,4,11,45,2021-11-08,2020-2022,main_country,-22.0
United Kingdom,GB,2021-11-12,-11.0,5.0,6.0,-27.0,-28.0,7.0,2021,4,11,45,2021-11-08,2020-2022,main_country,-22.0
United Kingdom,GB,2021-11-13,-11.0,2.0,16.0,-20.0,-8.0,2.0,2021,4,11,45,2021-11-08,2020-2022,main_country,-13.0
United Kingdom,GB,2021-11-14,-7.0,1.0,27.0,-18.0,-6.0,1.0,2021,4,11,45,2021-11-08,2020-2022,main_country,-10.333333333333334
United Kingdom,GB,2021-11-15,-9.0,6.0,18.0,-29.0,-29.0,7.0,2021,4,11,46,2021-11-15,2020-2022,main_country,-22.333333333333332
United Kingdom,GB,2021-11-16,-11.0,5.0,14.0,-29.0,-28.0,7.0,2021,4,11,46,2021-11-15,2020-2022,main_country,-22.666666666666668
United Kingdom,GB,2021-11-17,-9.0,5.0,16.0,-29.0,-27.0,7.0,2021,4,11,46,2021-11-15,2020-2022,main_country,-21.666666666666668
United Kingdom,GB,2021-11-18,-9.0,7.0,18.0,-29.0,-27.0,7.0,2021,4,11,46,2021-11-15,2020-2022,main_country,-21.666666666666668
United Kingdom,GB,2021-11-19,-8.0,7.0,19.0,-25.0,-27.0,7.0,2021,4,11,46,2021-11-15,2020-2022,main_country,-20.0
United Kingdom,GB,2021-11-20,-10.0,1.0,11.0,-18.0,-8.0,2.0,2021,4,11,46,2021-11-15,2020-2022,main_country,-12.0
United Kingdom,GB,2021-11-21,-6.0,0.0,20.0,-18.0,-6.0,1.0,2021,4,11,46,2021-11-15,2020-2022,main_country,-10.0
United Kingdom,GB,2021-11-22,-8.0,6.0,18.0,-29.0,-29.0,7.0,2021,4,11,47,2021-11-22,2020-2022,main_country,-22.0
United Kingdom,GB,2021-11-23,-10.0,6.0,15.0,-29.0,-28.0,7.0,2021,4,11,47,2021-11-22,2020-2022,main_country,-22.333333333333332
United Kingdom,GB,2021-11-24,-9.0,5.0,8.0,-29.0,-27.0,8.0,2021,4,11,47,2021-11-22,2020-2022,main_country,-21.666666666666668
United Kingdom,GB,2021-11-25,-6.0,8.0,17.0,-28.0,-27.0,7.0,2021,4,11,47,2021-11-22,2020-2022,main_country,-20.333333333333332
United Kingdom,GB,2021-11-26,-7.0,6.0,0.0,-26.0,-29.0,7.0,2021,4,11,47,2021-11-22,2020-2022,main_country,-20.666666666666668
United Kingdom,GB,2021-11-27,-16.0,-3.0,-20.0,-26.0,-10.0,4.0,2021,4,11,47,2021-11-22,2020-2022,main_country,-17.333333333333332
United Kingdom,GB,2021-11-28,-8.0,0.0,3.0,-20.0,-6.0,2.0,2021,4,11,47,2021-11-22,2020-2022,main_country,-11.333333333333334
United Kingdom,GB,2021-11-29,-7.0,6.0,4.0,-31.0,-30.0,8.0,2021,4,11,48,2021-11-29,2020-2022,main_country,-22.666666666666668
United Kingdom,GB,2021-11-30,-7.0,10.0,5.0,-30.0,-28.0,8.0,2021,4,11,48,2021-11-29,2020-2022,main_country,-21.666666666666668
United Kingdom,GB,2021-12-01,-8.0,6.0,0.0,-30.0,-28.0,8.0,2021,4,12,48,2021-11-29,2020-2022,main_country,-22.0
United Kingdom,GB,2021-12-02,-7.0,7.0,11.0,-30.0,-27.0,8.0,2021,4,12,48,2021-11-29,2020-2022,main_country,-21.333333333333332
United Kingdom,GB,2021-12-03,-7.0,6.0,5.0,-26.0,-28.0,7.0,2021,4,12,48,2021-11-29,2020-2022,main_country,-20.333333333333332
United Kingdom,GB,2021-12-04,-12.0,-1.0,-4.0,-20.0,-8.0,3.0,2021,4,12,48,2021-11-29,2020-2022,main_country,-13.333333333333334
United Kingdom,GB,2021-12-05,-7.0,0.0,-1.0,-20.0,-5.0,2.0,2021,4,12,48,2021-11-29,2020-2022,main_country,-10.666666666666666
United Kingdom,GB,2021-12-06,-8.0,6.0,-4.0,-32.0,-30.0,8.0,2021,4,12,49,2021-12-06,2020-2022,main_country,-23.333333333333332
United Kingdom,GB,2021-12-07,-14.0,2.0,-12.0,-34.0,-28.0,9.0,2021,4,12,49,2021-12-06,2020-2022,main_country,-25.333333333333332
United Kingdom,GB,2021-12-08,-8.0,6.0,-4.0,-32.0,-26.0,8.0,2021,4,12,49,2021-12-06,2020-2022,main_country,-22.0
United Kingdom,GB,2021-12-09,-5.0,9.0,10.0,-30.0,-26.0,7.0,2021,4,12,49,2021-12-06,2020-2022,main_country,-20.333333333333332
United Kingdom,GB,2021-12-10,-6.0,7.0,5.0,-26.0,-26.0,7.0,2021,4,12,49,2021-12-06,2020-2022,main_country,-19.333333333333332
United Kingdom,GB,2021-12-11,-12.0,1.0,-10.0,-20.0,-5.0,2.0,2021,4,12,49,2021-12-06,2020-2022,main_country,-12.333333333333334
United Kingdom,GB,2021-12-12,-7.0,1.0,5.0,-20.0,-2.0,2.0,2021,4,12,49,2021-12-06,2020-2022,main_country,-9.666666666666666
United Kingdom,GB,2021-12-13,-4.0,11.0,6.0,-33.0,-30.0,8.0,2021,4,12,50,2021-12-13,2020-2022,main_country,-22.333333333333332
United Kingdom,GB,2021-12-14,-6.0,12.0,8.0,-34.0,-29.0,9.0,2021,4,12,50,2021-12-13,2020-2022,main_country,-23.0
United Kingdom,GB,2021-12-15,-2.0,13.0,8.0,-33.0,-29.0,9.0,2021,4,12,50,2021-12-13,2020-2022,main_country,-21.333333333333332
United Kingdom,GB,2021-12-16,-3.0,14.0,14.0,-34.0,-30.0,9.0,2021,4,12,50,2021-12-13,2020-2022,main_country,-22.333333333333332
United Kingdom,GB,2021-12-17,-6.0,10.0,7.0,-32.0,-30.0,9.0,2021,4,12,50,2021-12-13,2020-2022,main_country,-22.666666666666668
United Kingdom,GB,2021-12-18,-14.0,4.0,-4.0,-26.0,-6.0,3.0,2021,4,12,50,2021-12-13,2020-2022,main_country,-15.333333333333334
United Kingdom,GB,2021-12-19,-8.0,3.0,0.0,-25.0,-1.0,2.0,2021,4,12,50,2021-12-13,2020-2022,main_country,-11.333333333333334
United Kingdom,GB,2021-12-20,5.0,19.0,14.0,-37.0,-41.0,10.0,2021,4,12,51,2021-12-20,2020-2022,main_country,-24.333333333333332
United Kingdom,GB,2021-12-21,2.0,22.0,15.0,-39.0,-42.0,11.0,2021,4,12,51,2021-12-20,2020-2022,main_country,-26.333333333333332
United Kingdom,GB,2021-12-22,4.0,29.0,5.0,-39.0,-44.0,11.0,2021,4,12,51,2021-12-20,2020-2022,main_country,-26.333333333333332
United Kingdom,GB,2021-12-23,7.0,42.0,8.0,-39.0,-50.0,12.0,2021,4,12,51,2021-12-20,2020-2022,main_country,-27.333333333333332
United Kingdom,GB,2021-12-24,-17.0,20.0,-4.0,-49.0,-62.0,16.0,2021,4,12,51,2021-12-20,2020-2022,main_country,-42.666666666666664
United Kingdom,GB,2021-12-25,-87.0,-88.0,-49.0,-81.0,-64.0,11.0,2021,4,12,51,2021-12-20,2020-2022,main_country,-77.33333333333333
United Kingdom,GB,2021-12-26,-48.0,-50.0,-16.0,-55.0,-35.0,4.0,2021,4,12,51,2021-12-20,2020-2022,main_country,-46.0
United Kingdom,GB,2021-12-27,-15.0,-17.0,11.0,-54.0,-78.0,18.0,2021,4,12,52,2021-12-27,2020-2022,main_country,-49.0
United Kingdom,GB,2021-12-28,-14.0,-9.0,18.0,-54.0,-76.0,20.0,2021,4,12,52,2021-12-27,2020-2022,main_country,-48.0
United Kingdom,GB,2021-12-29,-11.0,2.0,5.0,-50.0,-65.0,18.0,2021,4,12,52,2021-12-27,2020-2022,main_country,-42.0
United Kingdom,GB,2021-12-30,-11.0,8.0,20.0,-49.0,-64.0,18.0,2021,4,12,52,2021-12-27,2020-2022,main_country,-41.333333333333336
United Kingdom,GB,2021-12-31,-20.0,9.0,22.0,-51.0,-64.0,17.0,2021,4,12,52,2021-12-27,2020-2022,main_country,-45.0
United Kingdom,GB,2022-01-01,-63.0,-54.0,3.0,-59.0,-49.0,11.0,2022,1,1,52,2021-12-27,2020-2022,main_country,-57.0
United Kingdom,GB,2022-01-02,-25.0,-12.0,0.0,-39.0,-15.0,6.0,2022,1,1,52,2021-12-27,2020-2022,main_country,-26.333333333333332
United Kingdom,GB,2022-01-03,-15.0,-8.0,32.0,-56.0,-74.0,21.0,2022,1,1,1,2022-01-03,2020-2022,main_country,-48.333333333333336
United Kingdom,GB,2022-01-04,-25.0,0.0,-5.0,-48.0,-42.0,15.0,2022,1,1,1,2022-01-03,2020-2022,main_country,-38.333333333333336
United Kingdom,GB,2022-01-05,-25.0,-1.0,0.0,-46.0,-36.0,14.0,2022,1,1,1,2022-01-03,2020-2022,main_country,-35.666666666666664
United Kingdom,GB,2022-01-06,-30.0,-4.0,-14.0,-47.0,-35.0,14.0,2022,1,1,1,2022-01-03,2020-2022,main_country,-37.333333333333336
United Kingdom,GB,2022-01-07,-28.0,-4.0,-13.0,-44.0,-32.0,13.0,2022,1,1,1,2022-01-03,2020-2022,main_country,-34.666666666666664
United Kingdom,GB,2022-01-08,-32.0,-9.0,-36.0,-44.0,-12.0,8.0,2022,1,1,1,2022-01-03,2020-2022,main_country,-29.333333333333332
United Kingdom,GB,2022-01-09,-22.0,-7.0,13.0,-36.0,-6.0,5.0,2022,1,1,1,2022-01-03,2020-2022,main_country,-21.333333333333332
United Kingdom,GB,2022-01-10,-22.0,-2.0,-1.0,-42.0,-31.0,11.0,2022,1,1,2,2022-01-10,2020-2022,main_country,-31.666666666666668
United Kingdom,GB,2022-01-11,-23.0,-2.0,1.0,-42.0,-31.0,11.0,2022,1,1,2,2022-01-10,2020-2022,main_country,-32.0
United Kingdom,GB,2022-01-12,-21.0,-1.0,10.0,-41.0,-30.0,11.0,2022,1,1,2,2022-01-10,2020-2022,main_country,-30.666666666666668
United Kingdom,GB,2022-01-13,-22.0,0.0,13.0,-41.0,-30.0,11.0,2022,1,1,2,2022-01-10,2020-2022,main_country,-31.0
United Kingdom,GB,2022-01-14,-21.0,0.0,7.0,-38.0,-28.0,10.0,2022,1,1,2,2022-01-10,2020-2022,main_country,-29.0
United Kingdom,GB,2022-01-15,-22.0,-5.0,-4.0,-35.0,-8.0,5.0,2022,1,1,2,2022-01-10,2020-2022,main_country,-21.666666666666668
United Kingdom,GB,2022-01-16,-19.0,-6.0,18.0,-33.0,-5.0,3.0,2022,1,1,2,2022-01-10,2020-2022,main_country,-19.0
United Kingdom,GB,2022-01-17,-19.0,-1.0,17.0,-39.0,-30.0,9.0,2022,1,1,3,2022-01-17,2020-2022,main_country,-29.333333333333332
United Kingdom,GB,2022-01-18,-22.0,-2.0,8.0,-38.0,-30.0,10.0,2022,1,1,3,2022-01-17,2020-2022,main_country,-30.0
United Kingdom,GB,2022-01-19,-20.0,-1.0,5.0,-38.0,-29.0,10.0,2022,1,1,3,2022-01-17,2020-2022,main_country,-29.0
United Kingdom,GB,2022-01-20,-19.0,0.0,13.0,-37.0,-29.0,10.0,2022,1,1,3,2022-01-17,2020-2022,main_country,-28.333333333333332
United Kingdom,GB,2022-01-21,-19.0,0.0,4.0,-35.0,-27.0,9.0,2022,1,1,3,2022-01-17,2020-2022,main_country,-27.0
United Kingdom,GB,2022-01-22,-19.0,-4.0,4.0,-30.0,-7.0,4.0,2022,1,1,3,2022-01-17,2020-2022,main_country,-18.666666666666668
United Kingdom,GB,2022-01-23,-19.0,-7.0,11.0,-30.0,-5.0,3.0,2022,1,1,3,2022-01-17,2020-2022,main_country,-18.0
United Kingdom,GB,2022-01-24,-18.0,-2.0,9.0,-36.0,-29.0,9.0,2022,1,1,4,2022-01-24,2020-2022,main_country,-27.666666666666668
United Kingdom,GB,2022-01-25,-20.0,-1.0,6.0,-36.0,-29.0,9.0,2022,1,1,4,2022-01-24,2020-2022,main_country,-28.333333333333332
United Kingdom,GB,2022-01-26,-17.0,-1.0,8.0,-36.0,-29.0,9.0,2022,1,1,4,2022-01-24,2020-2022,main_country,-27.333333333333332
United Kingdom,GB,2022-01-27,-17.0,1.0,15.0,-35.0,-28.0,9.0,2022,1,1,4,2022-01-24,2020-2022,main_country,-26.666666666666668
United Kingdom,GB,2022-01-28,-15.0,1.0,7.0,-32.0,-27.0,9.0,2022,1,1,4,2022-01-24,2020-2022,main_country,-24.666666666666668
United Kingdom,GB,2022-01-29,-16.0,-4.0,1.0,-27.0,-7.0,4.0,2022,1,1,4,2022-01-24,2020-2022,main_country,-16.666666666666668
United Kingdom,GB,2022-01-30,-12.0,-5.0,27.0,-26.0,-4.0,2.0,2022,1,1,4,2022-01-24,2020-2022,main_country,-14.0
United Kingdom,GB,2022-01-31,-15.0,0.0,9.0,-34.0,-29.0,8.0,2022,1,1,5,2022-01-31,2020-2022,main_country,-26.0
United Kingdom,GB,2022-02-01,-16.0,1.0,14.0,-33.0,-28.0,8.0,2022,1,2,5,2022-01-31,2020-2022,main_country,-25.666666666666668
United Kingdom,GB,2022-02-02,-15.0,1.0,12.0,-32.0,-27.0,9.0,2022,1,2,5,2022-01-31,2020-2022,main_country,-24.666666666666668
United Kingdom,GB,2022-02-03,-15.0,2.0,14.0,-33.0,-27.0,8.0,2022,1,2,5,2022-01-31,2020-2022,main_country,-25.0
United Kingdom,GB,2022-02-04,-16.0,1.0,1.0,-31.0,-26.0,8.0,2022,1,2,5,2022-01-31,2020-2022,main_country,-24.333333333333332
United Kingdom,GB,2022-02-05,-17.0,-5.0,-7.0,-26.0,-8.0,4.0,2022,1,2,5,2022-01-31,2020-2022,main_country,-17.0
United Kingdom,GB,2022-02-06,-17.0,-7.0,-9.0,-28.0,-5.0,3.0,2022,1,2,5,2022-01-31,2020-2022,main_country,-16.666666666666668
United Kingdom,GB,2022-02-07,-15.0,1.0,15.0,-32.0,-28.0,8.0,2022,1,2,6,2022-02-07,2020-2022,main_country,-25.0
United Kingdom,GB,2022-02-08,-15.0,1.0,16.0,-31.0,-28.0,8.0,2022,1,2,6,2022-02-07,2020-2022,main_country,-24.666666666666668
United Kingdom,GB,2022-02-09,-14.0,1.0,13.0,-31.0,-27.0,8.0,2022,1,2,6,2022-02-07,2020-2022,main_country,-24.0
United Kingdom,GB,2022-02-10,-14.0,3.0,15.0,-30.0,-27.0,8.0,2022,1,2,6,2022-02-07,2020-2022,main_country,-23.666666666666668
United Kingdom,GB,2022-02-11,-12.0,4.0,18.0,-27.0,-26.0,7.0,2022,1,2,6,2022-02-07,2020-2022,main_country,-21.666666666666668
United Kingdom,GB,2022-02-12,-16.0,-2.0,-2.0,-24.0,-8.0,3.0,2022,1,2,6,2022-02-07,2020-2022,main_country,-16.0
United Kingdom,GB,2022-02-13,-16.0,-4.0,-21.0,-26.0,-6.0,3.0,2022,1,2,6,2022-02-07,2020-2022,main_country,-16.0
United Kingdom,GB,2022-02-14,-4.0,9.0,19.0,-31.0,-33.0,8.0,2022,1,2,7,2022-02-14,2020-2022,main_country,-22.666666666666668
United Kingdom,GB,2022-02-15,-15.0,-2.0,4.0,-33.0,-33.0,8.0,2022,1,2,7,2022-02-14,2020-2022,main_country,-27.0
United Kingdom,GB,2022-02-16,-14.0,-1.0,5.0,-33.0,-32.0,9.0,2022,1,2,7,2022-02-14,2020-2022,main_country,-26.333333333333332
United Kingdom,GB,2022-02-17,-10.0,5.0,24.0,-30.0,-31.0,8.0,2022,1,2,7,2022-02-14,2020-2022,main_country,-23.666666666666668
United Kingdom,GB,2022-02-18,-32.0,-15.0,-27.0,-46.0,-39.0,14.0,2022,1,2,7,2022-02-14,2020-2022,main_country,-39.0
United Kingdom,GB,2022-02-19,-21.0,-4.0,-17.0,-28.0,-9.0,4.0,2022,1,2,7,2022-02-14,2020-2022,main_country,-19.333333333333332
United Kingdom,GB,2022-02-20,-22.0,-10.0,-26.0,-30.0,-7.0,3.0,2022,1,2,7,2022-02-14,2020-2022,main_country,-19.666666666666668
United Kingdom,GB,2022-02-21,-13.0,1.0,16.0,-34.0,-34.0,9.0,2022,1,2,8,2022-02-21,2020-2022,main_country,-27.0
United Kingdom,GB,2022-02-22,-11.0,2.0,23.0,-30.0,-32.0,8.0,2022,1,2,8,2022-02-21,2020-2022,main_country,-24.333333333333332
United Kingdom,GB,2022-02-23,-10.0,1.0,19.0,-31.0,-32.0,8.0,2022,1,2,8,2022-02-21,2020-2022,main_country,-24.333333333333332
United Kingdom,GB,2022-02-24,-13.0,0.0,10.0,-32.0,-32.0,8.0,2022,1,2,8,2022-02-21,2020-2022,main_country,-25.666666666666668
United Kingdom,GB,2022-02-25,-9.0,4.0,31.0,-27.0,-31.0,7.0,2022,1,2,8,2022-02-21,2020-2022,main_country,-22.333333333333332
United Kingdom,GB,2022-02-26,-12.0,-2.0,20.0,-20.0,-7.0,1.0,2022,1,2,8,2022-02-21,2020-2022,main_country,-13.0
United Kingdom,GB,2022-02-27,-8.0,-2.0,42.0,-17.0,-3.0,0.0,2022,1,2,8,2022-02-21,2020-2022,main_country,-9.333333333333334
United Kingdom,GB,2022-02-28,-14.0,3.0,5.0,-31.0,-28.0,7.0,2022,1,2,9,2022-02-28,2020-2022,main_country,-24.333333333333332
United Kingdom,GB,2022-03-01,-17.0,5.0,12.0,-32.0,-27.0,7.0,2022,1,3,9,2022-02-28,2020-2022,main_country,-25.333333333333332
United Kingdom,GB,2022-03-02,-17.0,0.0,-6.0,-32.0,-26.0,8.0,2022,1,3,9,2022-02-28,2020-2022,main_country,-25.0
United Kingdom,GB,2022-03-03,-16.0,3.0,12.0,-34.0,-27.0,7.0,2022,1,3,9,2022-02-28,2020-2022,main_country,-25.666666666666668
United Kingdom,GB,2022-03-04,-14.0,2.0,7.0,-30.0,-25.0,7.0,2022,1,3,9,2022-02-28,2020-2022,main_country,-23.0
United Kingdom,GB,2022-03-05,-14.0,-2.0,6.0,-24.0,-7.0,2.0,2022,1,3,9,2022-02-28,2020-2022,main_country,-15.0
United Kingdom,GB,2022-03-06,-11.0,-3.0,25.0,-22.0,-4.0,1.0,2022,1,3,9,2022-02-28,2020-2022,main_country,-12.333333333333334
United Kingdom,GB,2022-03-07,-15.0,1.0,18.0,-32.0,-27.0,7.0,2022,1,3,10,2022-03-07,2020-2022,main_country,-24.666666666666668
United Kingdom,GB,2022-03-08,-16.0,2.0,17.0,-32.0,-26.0,6.0,2022,1,3,10,2022-03-07,2020-2022,main_country,-24.666666666666668
United Kingdom,GB,2022-03-09,-17.0,0.0,8.0,-33.0,-26.0,7.0,2022,1,3,10,2022-03-07,2020-2022,main_country,-25.333333333333332
United Kingdom,GB,2022-03-10,-16.0,2.0,21.0,-32.0,-25.0,7.0,2022,1,3,10,2022-03-07,2020-2022,main_country,-24.333333333333332
United Kingdom,GB,2022-03-11,-19.0,-1.0,-1.0,-32.0,-26.0,7.0,2022,1,3,10,2022-03-07,2020-2022,main_country,-25.666666666666668
United Kingdom,GB,2022-03-12,-17.0,-3.0,9.0,-26.0,-7.0,2.0,2022,1,3,10,2022-03-07,2020-2022,main_country,-16.666666666666668
United Kingdom,GB,2022-03-13,-16.0,-5.0,9.0,-24.0,-5.0,1.0,2022,1,3,10,2022-03-07,2020-2022,main_country,-15.0
United Kingdom,GB,2022-03-14,-16.0,1.0,25.0,-32.0,-27.0,7.0,2022,1,3,11,2022-03-14,2020-2022,main_country,-25.0
United Kingdom,GB,2022-03-15,-17.0,0.0,24.0,-32.0,-26.0,7.0,2022,1,3,11,2022-03-14,2020-2022,main_country,-25.0
United Kingdom,GB,2022-03-16,-20.0,-3.0,-4.0,-34.0,-26.0,8.0,2022,1,3,11,2022-03-14,2020-2022,main_country,-26.666666666666668
United Kingdom,GB,2022-03-17,-13.0,2.0,31.0,-31.0,-27.0,7.0,2022,1,3,11,2022-03-14,2020-2022,main_country,-23.666666666666668
United Kingdom,GB,2022-03-18,-14.0,1.0,38.0,-29.0,-27.0,6.0,2022,1,3,11,2022-03-14,2020-2022,main_country,-23.333333333333332
United Kingdom,GB,2022-03-19,-16.0,-3.0,36.0,-23.0,-9.0,1.0,2022,1,3,11,2022-03-14,2020-2022,main_country,-16.0
United Kingdom,GB,2022-03-20,-12.0,-3.0,42.0,-20.0,-6.0,0.0,2022,1,3,11,2022-03-14,2020-2022,main_country,-12.666666666666666
United Kingdom,GB,2022-03-21,-15.0,2.0,31.0,-32.0,-27.0,7.0,2022,1,3,12,2022-03-21,2020-2022,main_country,-24.666666666666668
United Kingdom,GB,2022-03-22,-16.0,2.0,42.0,-31.0,-26.0,6.0,2022,1,3,12,2022-03-21,2020-2022,main_country,-24.333333333333332
United Kingdom,GB,2022-03-23,-13.0,2.0,43.0,-31.0,-26.0,6.0,2022,1,3,12,2022-03-21,2020-2022,main_country,-23.333333333333332
United Kingdom,GB,2022-03-24,-12.0,5.0,48.0,-30.0,-26.0,6.0,2022,1,3,12,2022-03-21,2020-2022,main_country,-22.666666666666668
United Kingdom,GB,2022-03-25,-11.0,7.0,45.0,-28.0,-27.0,5.0,2022,1,3,12,2022-03-21,2020-2022,main_country,-22.0
United Kingdom,GB,2022-03-26,-12.0,9.0,48.0,-19.0,-8.0,0.0,2022,1,3,12,2022-03-21,2020-2022,main_country,-13.0
United Kingdom,GB,2022-03-27,-10.0,0.0,45.0,-17.0,-4.0,-1.0,2022,1,3,12,2022-03-21,2020-2022,main_country,-10.333333333333334
United Kingdom,GB,2022-03-28,-14.0,2.0,33.0,-31.0,-28.0,7.0,2022,1,3,13,2022-03-28,2020-2022,main_country,-24.333333333333332
United Kingdom,GB,2022-03-29,-18.0,1.0,16.0,-32.0,-27.0,7.0,2022,1,3,13,2022-03-28,2020-2022,main_country,-25.666666666666668
United Kingdom,GB,2022-03-30,-18.0,0.0,5.0,-34.0,-26.0,7.0,2022,1,3,13,2022-03-28,2020-2022,main_country,-26.0
United Kingdom,GB,2022-03-31,-16.0,2.0,8.0,-33.0,-26.0,7.0,2022,1,3,13,2022-03-28,2020-2022,main_country,-25.0
United Kingdom,GB,2022-04-01,-16.0,2.0,11.0,-31.0,-25.0,6.0,2022,2,4,13,2022-03-28,2020-2022,main_country,-24.0
United Kingdom,GB,2022-04-02,-17.0,-2.0,9.0,-26.0,-8.0,2.0,2022,2,4,13,2022-03-28,2020-2022,main_country,-17.0
United Kingdom,GB,2022-04-03,-14.0,-3.0,26.0,-21.0,-5.0,1.0,2022,2,4,13,2022-03-28,2020-2022,main_country,-13.333333333333334
United Kingdom,GB,2022-04-04,-17.0,0.0,13.0,-34.0,-31.0,7.0,2022,2,4,14,2022-04-04,2020-2022,main_country,-27.333333333333332
United Kingdom,GB,2022-04-05,-16.0,1.0,23.0,-33.0,-30.0,7.0,2022,2,4,14,2022-04-04,2020-2022,main_country,-26.333333333333332
United Kingdom,GB,2022-04-06,-16.0,-1.0,10.0,-34.0,-30.0,8.0,2022,2,4,14,2022-04-04,2020-2022,main_country,-26.666666666666668
United Kingdom,GB,2022-04-07,-16.0,1.0,18.0,-33.0,-30.0,7.0,2022,2,4,14,2022-04-04,2020-2022,main_country,-26.333333333333332
United Kingdom,GB,2022-04-08,-13.0,5.0,27.0,-29.0,-30.0,6.0,2022,2,4,14,2022-04-04,2020-2022,main_country,-24.0
United Kingdom,GB,2022-04-09,-16.0,1.0,22.0,-21.0,-7.0,1.0,2022,2,4,14,2022-04-04,2020-2022,main_country,-14.666666666666666
United Kingdom,GB,2022-04-10,-10.0,0.0,42.0,-17.0,-4.0,0.0,2022,2,4,14,2022-04-04,2020-2022,main_country,-10.333333333333334
United Kingdom,GB,2022-04-11,-7.0,7.0,53.0,-30.0,-36.0,7.0,2022,2,4,15,2022-04-11,2020-2022,main_country,-24.333333333333332
United Kingdom,GB,2022-04-12,-11.0,5.0,35.0,-32.0,-36.0,8.0,2022,2,4,15,2022-04-11,2020-2022,main_country,-26.333333333333332
United Kingdom,GB,2022-04-13,-7.0,6.0,51.0,-30.0,-36.0,7.0,2022,2,4,15,2022-04-11,2020-2022,main_country,-24.333333333333332
United Kingdom,GB,2022-04-14,1.0,17.0,74.0,-27.0,-38.0,5.0,2022,2,4,15,2022-04-11,2020-2022,main_country,-21.333333333333332
United Kingdom,GB,2022-04-15,-10.0,1.0,98.0,-37.0,-65.0,12.0,2022,2,4,15,2022-04-11,2020-2022,main_country,-37.333333333333336
United Kingdom,GB,2022-04-16,-20.0,4.0,61.0,-23.0,-16.0,1.0,2022,2,4,15,2022-04-11,2020-2022,main_country,-19.666666666666668
United Kingdom,GB,2022-04-17,-33.0,-39.0,76.0,-21.0,-17.0,0.0,2022,2,4,15,2022-04-11,2020-2022,main_country,-23.666666666666668
United Kingdom,GB,2022-04-18,-5.0,-4.0,107.0,-42.0,-73.0,13.0,2022,2,4,16,2022-04-18,2020-2022,main_country,-40.0
United Kingdom,GB,2022-04-19,-13.0,6.0,49.0,-31.0,-35.0,7.0,2022,2,4,16,2022-04-18,2020-2022,main_country,-26.333333333333332
United Kingdom,GB,2022-04-20,-11.0,4.0,59.0,-30.0,-31.0,6.0,2022,2,4,16,2022-04-18,2020-2022,main_country,-24.0
United Kingdom,GB,2022-04-21,-10.0,6.0,66.0,-29.0,-30.0,6.0,2022,2,4,16,2022-04-18,2020-2022,main_country,-23.0
United Kingdom,GB,2022-04-22,-13.0,5.0,38.0,-28.0,-30.0,6.0,2022,2,4,16,2022-04-18,2020-2022,main_country,-23.666666666666668
United Kingdom,GB,2022-04-23,-16.0,2.0,24.0,-21.0,-6.0,1.0,2022,2,4,16,2022-04-18,2020-2022,main_country,-14.333333333333334
United Kingdom,GB,2022-04-24,-12.0,0.0,46.0,-16.0,-3.0,0.0,2022,2,4,16,2022-04-18,2020-2022,main_country,-10.333333333333334
United Kingdom,GB,2022-04-25,-12.0,6.0,30.0,-28.0,-25.0,5.0,2022,2,4,17,2022-04-25,2020-2022,main_country,-21.666666666666668
United Kingdom,GB,2022-04-26,-12.0,6.0,35.0,-26.0,-23.0,5.0,2022,2,4,17,2022-04-25,2020-2022,main_country,-20.333333333333332
United Kingdom,GB,2022-04-27,-12.0,6.0,24.0,-27.0,-23.0,5.0,2022,2,4,17,2022-04-25,2020-2022,main_country,-20.666666666666668
United Kingdom,GB,2022-04-28,-10.0,8.0,33.0,-26.0,-23.0,5.0,2022,2,4,17,2022-04-25,2020-2022,main_country,-19.666666666666668
United Kingdom,GB,2022-04-29,-8.0,10.0,40.0,-24.0,-24.0,4.0,2022,2,4,17,2022-04-25,2020-2022,main_country,-18.666666666666668
United Kingdom,GB,2022-04-30,-10.0,4.0,42.0,-15.0,-6.0,-1.0,2022,2,4,17,2022-04-25,2020-2022,main_country,-10.333333333333334
United Kingdom,GB,2022-05-01,-1.0,1.0,34.0,-14.0,-4.0,-1.0,2022,2,5,17,2022-04-25,2020-2022,main_country,-6.333333333333333
United Kingdom,GB,2022-05-02,0.0,-5.0,99.0,-40.0,-71.0,13.0,2022,2,5,18,2022-05-02,2020-2022,main_country,-37.0
United Kingdom,GB,2022-05-03,-13.0,9.0,28.0,-27.0,-25.0,5.0,2022,2,5,18,2022-05-02,2020-2022,main_country,-21.666666666666668
United Kingdom,GB,2022-05-04,-13.0,5.0,20.0,-28.0,-23.0,5.0,2022,2,5,18,2022-05-02,2020-2022,main_country,-21.333333333333332
United Kingdom,GB,2022-05-05,-7.0,9.0,50.0,-26.0,-23.0,4.0,2022,2,5,18,2022-05-02,2020-2022,main_country,-18.666666666666668
United Kingdom,GB,2022-05-06,-11.0,6.0,34.0,-26.0,-23.0,4.0,2022,2,5,18,2022-05-02,2020-2022,main_country,-20.0
United Kingdom,GB,2022-05-07,-12.0,2.0,36.0,-18.0,-4.0,0.0,2022,2,5,18,2022-05-02,2020-2022,main_country,-11.333333333333334
United Kingdom,GB,2022-05-08,-6.0,3.0,63.0,-13.0,-1.0,-1.0,2022,2,5,18,2022-05-02,2020-2022,main_country,-6.666666666666667
United Kingdom,GB,2022-05-09,-11.0,6.0,38.0,-27.0,-24.0,5.0,2022,2,5,19,2022-05-09,2020-2022,main_country,-20.666666666666668
United Kingdom,GB,2022-05-10,-12.0,7.0,34.0,-26.0,-23.0,4.0,2022,2,5,19,2022-05-09,2020-2022,main_country,-20.333333333333332
United Kingdom,GB,2022-05-11,-13.0,4.0,15.0,-27.0,-23.0,5.0,2022,2,5,19,2022-05-09,2020-2022,main_country,-21.0
United Kingdom,GB,2022-05-12,-10.0,7.0,40.0,-26.0,-22.0,4.0,2022,2,5,19,2022-05-09,2020-2022,main_country,-19.333333333333332
United Kingdom,GB,2022-05-13,-10.0,8.0,42.0,-25.0,-23.0,4.0,2022,2,5,19,2022-05-09,2020-2022,main_country,-19.333333333333332
United Kingdom,GB,2022-05-14,-14.0,3.0,56.0,-16.0,-5.0,-1.0,2022,2,5,19,2022-05-09,2020-2022,main_country,-11.666666666666666
United Kingdom,GB,2022-05-15,-11.0,1.0,25.0,-15.0,-3.0,0.0,2022,2,5,19,2022-05-09,2020-2022,main_country,-9.666666666666666
United Kingdom,GB,2022-05-16,-12.0,6.0,30.0,-27.0,-25.0,5.0,2022,2,5,20,2022-05-16,2020-2022,main_country,-21.333333333333332
United Kingdom,GB,2022-05-17,-11.0,6.0,48.0,-25.0,-23.0,4.0,2022,2,5,20,2022-05-16,2020-2022,main_country,-19.666666666666668
United Kingdom,GB,2022-05-18,-10.0,7.0,42.0,-25.0,-22.0,4.0,2022,2,5,20,2022-05-16,2020-2022,main_country,-19.0
United Kingdom,GB,2022-05-19,-9.0,8.0,55.0,-25.0,-23.0,4.0,2022,2,5,20,2022-05-16,2020-2022,main_country,-19.0
United Kingdom,GB,2022-05-20,-12.0,7.0,26.0,-25.0,-23.0,4.0,2022,2,5,20,2022-05-16,2020-2022,main_country,-20.0
United Kingdom,GB,2022-05-21,-13.0,3.0,43.0,-16.0,-5.0,-1.0,2022,2,5,20,2022-05-16,2020-2022,main_country,-11.333333333333334
United Kingdom,GB,2022-05-22,-8.0,3.0,56.0,-11.0,-2.0,-1.0,2022,2,5,20,2022-05-16,2020-2022,main_country,-7.0
United Kingdom,GB,2022-05-23,-12.0,7.0,31.0,-26.0,-24.0,5.0,2022,2,5,21,2022-05-23,2020-2022,main_country,-20.666666666666668
United Kingdom,GB,2022-05-24,-12.0,7.0,32.0,-25.0,-23.0,5.0,2022,2,5,21,2022-05-23,2020-2022,main_country,-20.0
United Kingdom,GB,2022-05-25,-10.0,7.0,23.0,-25.0,-23.0,5.0,2022,2,5,21,2022-05-23,2020-2022,main_country,-19.333333333333332
United Kingdom,GB,2022-05-26,-8.0,9.0,37.0,-24.0,-23.0,4.0,2022,2,5,21,2022-05-23,2020-2022,main_country,-18.333333333333332
United Kingdom,GB,2022-05-27,-7.0,9.0,54.0,-21.0,-24.0,3.0,2022,2,5,21,2022-05-23,2020-2022,main_country,-17.333333333333332
United Kingdom,GB,2022-05-28,-13.0,4.0,48.0,-13.0,-6.0,-2.0,2022,2,5,21,2022-05-23,2020-2022,main_country,-10.666666666666666
United Kingdom,GB,2022-05-29,-7.0,2.0,47.0,-9.0,-3.0,-1.0,2022,2,5,21,2022-05-23,2020-2022,main_country,-6.333333333333333
United Kingdom,GB,2022-05-30,-2.0,8.0,54.0,-26.0,-36.0,6.0,2022,2,5,22,2022-05-30,2020-2022,main_country,-21.333333333333332
United Kingdom,GB,2022-05-31,-1.0,11.0,51.0,-26.0,-35.0,6.0,2022,2,5,22,2022-05-30,2020-2022,main_country,-20.666666666666668
United Kingdom,GB,2022-06-01,9.0,20.0,74.0,-21.0,-36.0,4.0,2022,2,6,22,2022-05-30,2020-2022,main_country,-16.0
United Kingdom,GB,2022-06-02,7.0,10.0,151.0,-30.0,-67.0,10.0,2022,2,6,22,2022-05-30,2020-2022,main_country,-30.0
United Kingdom,GB,2022-06-03,-13.0,-5.0,112.0,-36.0,-68.0,12.0,2022,2,6,22,2022-05-30,2020-2022,main_country,-39.0
United Kingdom,GB,2022-06-04,-23.0,-3.0,51.0,-20.0,-14.0,0.0,2022,2,6,22,2022-05-30,2020-2022,main_country,-19.0
United Kingdom,GB,2022-06-05,-21.0,-4.0,17.0,-15.0,-6.0,0.0,2022,2,6,22,2022-05-30,2020-2022,main_country,-14.0
United Kingdom,GB,2022-06-06,-12.0,8.0,37.0,-28.0,-29.0,6.0,2022,2,6,23,2022-06-06,2020-2022,main_country,-23.0
United Kingdom,GB,2022-06-07,-12.0,8.0,46.0,-24.0,-25.0,5.0,2022,2,6,23,2022-06-06,2020-2022,main_country,-20.333333333333332
United Kingdom,GB,2022-06-08,-12.0,8.0,31.0,-25.0,-24.0,5.0,2022,2,6,23,2022-06-06,2020-2022,main_country,-20.333333333333332
United Kingdom,GB,2022-06-09,-11.0,8.0,40.0,-24.0,-24.0,5.0,2022,2,6,23,2022-06-06,2020-2022,main_country,-19.666666666666668
United Kingdom,GB,2022-06-10,-10.0,8.0,50.0,-22.0,-24.0,4.0,2022,2,6,23,2022-06-06,2020-2022,main_country,-18.666666666666668
United Kingdom,GB,2022-06-11,-15.0,3.0,45.0,-15.0,-4.0,-1.0,2022,2,6,23,2022-06-06,2020-2022,main_country,-11.333333333333334
United Kingdom,GB,2022-06-12,-8.0,4.0,55.0,-10.0,-1.0,-1.0,2022,2,6,23,2022-06-06,2020-2022,main_country,-6.333333333333333
United Kingdom,GB,2022-06-13,-9.0,9.0,52.0,-23.0,-25.0,4.0,2022,2,6,24,2022-06-13,2020-2022,main_country,-19.0
United Kingdom,GB,2022-06-14,-9.0,9.0,60.0,-22.0,-23.0,4.0,2022,2,6,24,2022-06-13,2020-2022,main_country,-18.0
United Kingdom,GB,2022-06-15,-8.0,11.0,58.0,-22.0,-23.0,4.0,2022,2,6,24,2022-06-13,2020-2022,main_country,-17.666666666666668
United Kingdom,GB,2022-06-16,-7.0,13.0,66.0,-22.0,-24.0,4.0,2022,2,6,24,2022-06-13,2020-2022,main_country,-17.666666666666668
United Kingdom,GB,2022-06-17,-11.0,11.0,67.0,-21.0,-26.0,4.0,2022,2,6,24,2022-06-13,2020-2022,main_country,-19.333333333333332
United Kingdom,GB,2022-06-18,-16.0,6.0,28.0,-16.0,-6.0,0.0,2022,2,6,24,2022-06-13,2020-2022,main_country,-12.666666666666666
United Kingdom,GB,2022-06-19,-5.0,6.0,46.0,-9.0,-1.0,-1.0,2022,2,6,24,2022-06-13,2020-2022,main_country,-5.0
United Kingdom,GB,2022-06-20,-8.0,10.0,67.0,-22.0,-25.0,4.0,2022,2,6,25,2022-06-20,2020-2022,main_country,-18.333333333333332
United Kingdom,GB,2022-06-21,-10.0,11.0,66.0,-36.0,-26.0,5.0,2022,2,6,25,2022-06-20,2020-2022,main_country,-24.0
United Kingdom,GB,2022-06-22,-10.0,10.0,64.0,-28.0,-25.0,5.0,2022,2,6,25,2022-06-20,2020-2022,main_country,-21.0
United Kingdom,GB,2022-06-23,-11.0,10.0,59.0,-35.0,-26.0,5.0,2022,2,6,25,2022-06-20,2020-2022,main_country,-24.0
United Kingdom,GB,2022-06-24,-10.0,9.0,50.0,-24.0,-26.0,4.0,2022,2,6,25,2022-06-20,2020-2022,main_country,-20.0
United Kingdom,GB,2022-06-25,-14.0,4.0,46.0,-24.0,-6.0,0.0,2022,2,6,25,2022-06-20,2020-2022,main_country,-14.666666666666666
United Kingdom,GB,2022-06-26,-7.0,4.0,54.0,-11.0,-2.0,-1.0,2022,2,6,25,2022-06-20,2020-2022,main_country,-6.666666666666667
United Kingdom,GB,2022-06-27,-9.0,8.0,43.0,-23.0,-26.0,5.0,2022,2,6,26,2022-06-27,2020-2022,main_country,-19.333333333333332
United Kingdom,GB,2022-06-28,-10.0,8.0,40.0,-23.0,-25.0,5.0,2022,2,6,26,2022-06-27,2020-2022,main_country,-19.333333333333332
United Kingdom,GB,2022-06-29,-8.0,8.0,36.0,-23.0,-24.0,5.0,2022,2,6,26,2022-06-27,2020-2022,main_country,-18.333333333333332
United Kingdom,GB,2022-06-30,-6.0,10.0,45.0,-22.0,-25.0,5.0,2022,2,6,26,2022-06-27,2020-2022,main_country,-17.666666666666668
United Kingdom,GB,2022-07-01,-9.0,8.0,47.0,-20.0,-27.0,4.0,2022,3,7,26,2022-06-27,2020-2022,main_country,-18.666666666666668
United Kingdom,GB,2022-07-02,-14.0,2.0,41.0,-13.0,-6.0,0.0,2022,3,7,26,2022-06-27,2020-2022,main_country,-11.0
United Kingdom,GB,2022-07-03,-8.0,3.0,56.0,-8.0,-3.0,-1.0,2022,3,7,26,2022-06-27,2020-2022,main_country,-6.333333333333333
United Kingdom,GB,2022-07-04,-8.0,9.0,56.0,-23.0,-28.0,5.0,2022,3,7,27,2022-07-04,2020-2022,main_country,-19.666666666666668
United Kingdom,GB,2022-07-05,-9.0,9.0,58.0,-23.0,-26.0,5.0,2022,3,7,27,2022-07-04,2020-2022,main_country,-19.333333333333332
United Kingdom,GB,2022-07-06,-9.0,7.0,46.0,-24.0,-26.0,5.0,2022,3,7,27,2022-07-04,2020-2022,main_country,-19.666666666666668
United Kingdom,GB,2022-07-07,-7.0,10.0,66.0,-23.0,-26.0,4.0,2022,3,7,27,2022-07-04,2020-2022,main_country,-18.666666666666668
United Kingdom,GB,2022-07-08,-9.0,10.0,68.0,-22.0,-28.0,4.0,2022,3,7,27,2022-07-04,2020-2022,main_country,-19.666666666666668
United Kingdom,GB,2022-07-09,-16.0,4.0,69.0,-12.0,-8.0,-1.0,2022,3,7,27,2022-07-04,2020-2022,main_country,-12.0
United Kingdom,GB,2022-07-10,-10.0,6.0,79.0,-6.0,-5.0,-2.0,2022,3,7,27,2022-07-04,2020-2022,main_country,-7.0
United Kingdom,GB,2022-07-11,-7.0,13.0,71.0,-23.0,-30.0,5.0,2022,3,7,28,2022-07-11,2020-2022,main_country,-20.0
United Kingdom,GB,2022-07-12,-10.0,9.0,60.0,-24.0,-29.0,5.0,2022,3,7,28,2022-07-11,2020-2022,main_country,-21.0
United Kingdom,GB,2022-07-13,-7.0,10.0,62.0,-24.0,-27.0,5.0,2022,3,7,28,2022-07-11,2020-2022,main_country,-19.333333333333332
United Kingdom,GB,2022-07-14,-6.0,11.0,69.0,-23.0,-27.0,5.0,2022,3,7,28,2022-07-11,2020-2022,main_country,-18.666666666666668
United Kingdom,GB,2022-07-15,-13.0,4.0,64.0,-23.0,-29.0,5.0,2022,3,7,28,2022-07-11,2020-2022,main_country,-21.666666666666668
United Kingdom,GB,2022-07-16,-16.0,7.0,61.0,-12.0,-7.0,-1.0,2022,3,7,28,2022-07-11,2020-2022,main_country,-11.666666666666666
United Kingdom,GB,2022-07-17,-11.0,8.0,64.0,-8.0,-4.0,-1.0,2022,3,7,28,2022-07-11,2020-2022,main_country,-7.666666666666667
United Kingdom,GB,2022-07-18,-13.0,10.0,59.0,-30.0,-33.0,10.0,2022,3,7,29,2022-07-18,2020-2022,main_country,-25.333333333333332
United Kingdom,GB,2022-07-19,-16.0,9.0,42.0,-34.0,-33.0,16.0,2022,3,7,29,2022-07-18,2020-2022,main_country,-27.666666666666668
United Kingdom,GB,2022-07-20,-5.0,14.0,51.0,-24.0,-27.0,6.0,2022,3,7,29,2022-07-18,2020-2022,main_country,-18.666666666666668
United Kingdom,GB,2022-07-21,-4.0,12.0,64.0,-23.0,-28.0,5.0,2022,3,7,29,2022-07-18,2020-2022,main_country,-18.333333333333332
United Kingdom,GB,2022-07-22,-9.0,8.0,52.0,-23.0,-31.0,6.0,2022,3,7,29,2022-07-18,2020-2022,main_country,-21.0
United Kingdom,GB,2022-07-23,-15.0,3.0,49.0,-14.0,-7.0,0.0,2022,3,7,29,2022-07-18,2020-2022,main_country,-12.0
United Kingdom,GB,2022-07-24,-12.0,-1.0,50.0,-13.0,-5.0,0.0,2022,3,7,29,2022-07-18,2020-2022,main_country,-10.0
United Kingdom,GB,2022-07-25,-4.0,9.0,63.0,-25.0,-35.0,7.0,2022,3,7,30,2022-07-25,2020-2022,main_country,-21.333333333333332
United Kingdom,GB,2022-07-26,-4.0,9.0,78.0,-23.0,-34.0,6.0,2022,3,7,30,2022-07-25,2020-2022,main_country,-20.333333333333332
United Kingdom,GB,2022-07-27,-3.0,9.0,76.0,-33.0,-35.0,7.0,2022,3,7,30,2022-07-25,2020-2022,main_country,-23.666666666666668
United Kingdom,GB,2022-07-28,-2.0,11.0,82.0,-25.0,-34.0,6.0,2022,3,7,30,2022-07-25,2020-2022,main_country,-20.333333333333332
United Kingdom,GB,2022-07-29,-4.0,9.0,82.0,-21.0,-36.0,5.0,2022,3,7,30,2022-07-25,2020-2022,main_country,-20.333333333333332
United Kingdom,GB,2022-07-30,-13.0,2.0,49.0,-16.0,-9.0,-1.0,2022,3,7,30,2022-07-25,2020-2022,main_country,-12.666666666666666
United Kingdom,GB,2022-07-31,-7.0,3.0,54.0,-7.0,-4.0,-1.0,2022,3,7,30,2022-07-25,2020-2022,main_country,-6.0
United Kingdom,GB,2022-08-01,-1.0,10.0,90.0,-23.0,-37.0,6.0,2022,3,8,31,2022-08-01,2020-2022,main_country,-20.333333333333332
United Kingdom,GB,2022-08-02,-4.0,9.0,74.0,-25.0,-36.0,7.0,2022,3,8,31,2022-08-01,2020-2022,main_country,-21.666666666666668
United Kingdom,GB,2022-08-03,-3.0,9.0,82.0,-24.0,-35.0,6.0,2022,3,8,31,2022-08-01,2020-2022,main_country,-20.666666666666668
United Kingdom,GB,2022-08-04,-3.0,10.0,94.0,-24.0,-35.0,6.0,2022,3,8,31,2022-08-01,2020-2022,main_country,-20.666666666666668
United Kingdom,GB,2022-08-05,-7.0,8.0,82.0,-23.0,-37.0,5.0,2022,3,8,31,2022-08-01,2020-2022,main_country,-22.333333333333332
United Kingdom,GB,2022-08-06,-15.0,2.0,67.0,-10.0,-10.0,-1.0,2022,3,8,31,2022-08-01,2020-2022,main_country,-11.666666666666666
United Kingdom,GB,2022-08-07,-7.0,4.0,82.0,-5.0,-5.0,-2.0,2022,3,8,31,2022-08-01,2020-2022,main_country,-5.666666666666667
United Kingdom,GB,2022-08-08,-3.0,11.0,100.0,-23.0,-37.0,5.0,2022,3,8,32,2022-08-08,2020-2022,main_country,-21.0
United Kingdom,GB,2022-08-09,-5.0,10.0,97.0,-24.0,-36.0,5.0,2022,3,8,32,2022-08-08,2020-2022,main_country,-21.666666666666668
United Kingdom,GB,2022-08-10,-5.0,10.0,93.0,-25.0,-35.0,6.0,2022,3,8,32,2022-08-08,2020-2022,main_country,-21.666666666666668
United Kingdom,GB,2022-08-11,-7.0,11.0,98.0,-25.0,-36.0,6.0,2022,3,8,32,2022-08-08,2020-2022,main_country,-22.666666666666668
United Kingdom,GB,2022-08-12,-12.0,8.0,85.0,-24.0,-37.0,5.0,2022,3,8,32,2022-08-08,2020-2022,main_country,-24.333333333333332
United Kingdom,GB,2022-08-13,-20.0,2.0,66.0,-18.0,-10.0,-1.0,2022,3,8,32,2022-08-08,2020-2022,main_country,-16.0
United Kingdom,GB,2022-08-14,-12.0,3.0,73.0,-8.0,-5.0,-1.0,2022,3,8,32,2022-08-08,2020-2022,main_country,-8.333333333333334
United Kingdom,GB,2022-08-15,-5.0,10.0,75.0,-25.0,-36.0,8.0,2022,3,8,33,2022-08-15,2020-2022,main_country,-22.0
United Kingdom,GB,2022-08-16,-6.0,7.0,56.0,-26.0,-35.0,8.0,2022,3,8,33,2022-08-15,2020-2022,main_country,-22.333333333333332
United Kingdom,GB,2022-08-17,-6.0,6.0,59.0,-25.0,-34.0,9.0,2022,3,8,33,2022-08-15,2020-2022,main_country,-21.666666666666668
United Kingdom,GB,2022-08-18,-5.0,9.0,79.0,-34.0,-35.0,9.0,2022,3,8,33,2022-08-15,2020-2022,main_country,-24.666666666666668
United Kingdom,GB,2022-08-19,-8.0,7.0,76.0,-28.0,-36.0,8.0,2022,3,8,33,2022-08-15,2020-2022,main_country,-24.0
United Kingdom,GB,2022-08-20,-15.0,2.0,55.0,-23.0,-8.0,1.0,2022,3,8,33,2022-08-15,2020-2022,main_country,-15.333333333333334
United Kingdom,GB,2022-08-21,-7.0,2.0,70.0,-8.0,-3.0,0.0,2022,3,8,33,2022-08-15,2020-2022,main_country,-6.0
United Kingdom,GB,2022-08-22,-4.0,7.0,65.0,-25.0,-36.0,8.0,2022,3,8,34,2022-08-22,2020-2022,main_country,-21.666666666666668
United Kingdom,GB,2022-08-23,-4.0,8.0,78.0,-24.0,-34.0,8.0,2022,3,8,34,2022-08-22,2020-2022,main_country,-20.666666666666668
United Kingdom,GB,2022-08-24,-4.0,8.0,71.0,-24.0,-34.0,8.0,2022,3,8,34,2022-08-22,2020-2022,main_country,-20.666666666666668
United Kingdom,GB,2022-08-25,-5.0,8.0,69.0,-26.0,-35.0,8.0,2022,3,8,34,2022-08-22,2020-2022,main_country,-22.0
United Kingdom,GB,2022-08-26,-5.0,9.0,84.0,-22.0,-37.0,7.0,2022,3,8,34,2022-08-22,2020-2022,main_country,-21.333333333333332
United Kingdom,GB,2022-08-27,-14.0,2.0,71.0,-11.0,-10.0,0.0,2022,3,8,34,2022-08-22,2020-2022,main_country,-11.666666666666666
United Kingdom,GB,2022-08-28,-1.0,2.0,93.0,-4.0,-4.0,-2.0,2022,3,8,34,2022-08-22,2020-2022,main_country,-3.0
United Kingdom,GB,2022-08-29,0.0,-1.0,122.0,-35.0,-69.0,12.0,2022,3,8,35,2022-08-29,2020-2022,main_country,-34.666666666666664
United Kingdom,GB,2022-08-30,-4.0,12.0,68.0,-25.0,-35.0,6.0,2022,3,8,35,2022-08-29,2020-2022,main_country,-21.333333333333332
United Kingdom,GB,2022-08-31,-2.0,10.0,63.0,-25.0,-33.0,7.0,2022,3,8,35,2022-08-29,2020-2022,main_country,-20.0
United Kingdom,GB,2022-09-01,-6.0,9.0,65.0,-25.0,-31.0,5.0,2022,3,9,35,2022-08-29,2020-2022,main_country,-20.666666666666668
United Kingdom,GB,2022-09-02,-9.0,7.0,54.0,-24.0,-31.0,5.0,2022,3,9,35,2022-08-29,2020-2022,main_country,-21.333333333333332
United Kingdom,GB,2022-09-03,-12.0,2.0,33.0,-14.0,-8.0,0.0,2022,3,9,35,2022-08-29,2020-2022,main_country,-11.333333333333334
United Kingdom,GB,2022-09-04,-9.0,5.0,40.0,-12.0,-3.0,0.0,2022,3,9,35,2022-08-29,2020-2022,main_country,-8.0
United Kingdom,GB,2022-09-05,-7.0,8.0,44.0,-24.0,-29.0,5.0,2022,3,9,36,2022-09-05,2020-2022,main_country,-20.0
United Kingdom,GB,2022-09-06,-12.0,6.0,28.0,-24.0,-27.0,5.0,2022,3,9,36,2022-09-05,2020-2022,main_country,-21.0
United Kingdom,GB,2022-09-07,-11.0,7.0,30.0,-23.0,-26.0,5.0,2022,3,9,36,2022-09-05,2020-2022,main_country,-20.0
United Kingdom,GB,2022-09-08,-12.0,5.0,26.0,-24.0,-27.0,5.0,2022,3,9,36,2022-09-05,2020-2022,main_country,-21.0
United Kingdom,GB,2022-09-09,-13.0,6.0,28.0,-23.0,-27.0,5.0,2022,3,9,36,2022-09-05,2020-2022,main_country,-21.0
United Kingdom,GB,2022-09-10,-15.0,3.0,35.0,-15.0,-7.0,0.0,2022,3,9,36,2022-09-05,2020-2022,main_country,-12.333333333333334
United Kingdom,GB,2022-09-11,-10.0,4.0,45.0,-9.0,-2.0,0.0,2022,3,9,36,2022-09-05,2020-2022,main_country,-7.0
United Kingdom,GB,2022-09-12,-11.0,7.0,42.0,-21.0,-27.0,5.0,2022,3,9,37,2022-09-12,2020-2022,main_country,-19.666666666666668
United Kingdom,GB,2022-09-13,-11.0,7.0,37.0,-21.0,-27.0,4.0,2022,3,9,37,2022-09-12,2020-2022,main_country,-19.666666666666668
United Kingdom,GB,2022-09-14,-10.0,7.0,39.0,-21.0,-26.0,4.0,2022,3,9,37,2022-09-12,2020-2022,main_country,-19.0
United Kingdom,GB,2022-09-15,-9.0,9.0,44.0,-23.0,-26.0,4.0,2022,3,9,37,2022-09-12,2020-2022,main_country,-19.333333333333332
United Kingdom,GB,2022-09-16,-9.0,10.0,40.0,-20.0,-27.0,4.0,2022,3,9,37,2022-09-12,2020-2022,main_country,-18.666666666666668
United Kingdom,GB,2022-09-17,-11.0,7.0,38.0,-11.0,-7.0,-1.0,2022,3,9,37,2022-09-12,2020-2022,main_country,-9.666666666666666
United Kingdom,GB,2022-09-18,-1.0,20.0,45.0,-6.0,-4.0,-2.0,2022,3,9,37,2022-09-12,2020-2022,main_country,-3.6666666666666665
United Kingdom,GB,2022-09-19,-60.0,-61.0,46.0,-53.0,-78.0,21.0,2022,3,9,38,2022-09-19,2020-2022,main_country,-63.666666666666664
United Kingdom,GB,2022-09-20,-8.0,22.0,36.0,-20.0,-26.0,4.0,2022,3,9,38,2022-09-19,2020-2022,main_country,-18.0
United Kingdom,GB,2022-09-21,-9.0,11.0,35.0,-21.0,-26.0,4.0,2022,3,9,38,2022-09-19,2020-2022,main_country,-18.666666666666668
United Kingdom,GB,2022-09-22,-10.0,9.0,34.0,-21.0,-26.0,5.0,2022,3,9,38,2022-09-19,2020-2022,main_country,-19.0
United Kingdom,GB,2022-09-23,-10.0,10.0,33.0,-20.0,-27.0,4.0,2022,3,9,38,2022-09-19,2020-2022,main_country,-19.0
United Kingdom,GB,2022-09-24,-11.0,6.0,31.0,-12.0,-7.0,0.0,2022,3,9,38,2022-09-19,2020-2022,main_country,-10.0
United Kingdom,GB,2022-09-25,-7.0,5.0,37.0,-10.0,-4.0,0.0,2022,3,9,38,2022-09-19,2020-2022,main_country,-7.0
United Kingdom,GB,2022-09-26,-10.0,7.0,21.0,-22.0,-28.0,5.0,2022,3,9,39,2022-09-26,2020-2022,main_country,-20.0
United Kingdom,GB,2022-09-27,-11.0,9.0,18.0,-22.0,-26.0,5.0,2022,3,9,39,2022-09-26,2020-2022,main_country,-19.666666666666668
United Kingdom,GB,2022-09-28,-7.0,10.0,23.0,-21.0,-25.0,5.0,2022,3,9,39,2022-09-26,2020-2022,main_country,-17.666666666666668
United Kingdom,GB,2022-09-29,-8.0,11.0,31.0,-21.0,-25.0,4.0,2022,3,9,39,2022-09-26,2020-2022,main_country,-18.0
United Kingdom,GB,2022-09-30,-12.0,6.0,4.0,-22.0,-26.0,5.0,2022,3,9,39,2022-09-26,2020-2022,main_country,-20.0
United Kingdom,GB,2022-10-01,-8.0,8.0,20.0,-21.0,-8.0,0.0,2022,4,10,39,2022-09-26,2020-2022,main_country,-12.333333333333334
United Kingdom,GB,2022-10-02,-6.0,5.0,32.0,-10.0,-3.0,0.0,2022,4,10,39,2022-09-26,2020-2022,main_country,-6.333333333333333
United Kingdom,GB,2022-10-03,-8.0,10.0,29.0,-21.0,-26.0,5.0,2022,4,10,40,2022-10-03,2020-2022,main_country,-18.333333333333332
United Kingdom,GB,2022-10-04,-11.0,8.0,17.0,-21.0,-24.0,5.0,2022,4,10,40,2022-10-03,2020-2022,main_country,-18.666666666666668
United Kingdom,GB,2022-10-05,-13.0,6.0,4.0,-31.0,-26.0,6.0,2022,4,10,40,2022-10-03,2020-2022,main_country,-23.333333333333332
United Kingdom,GB,2022-10-06,-9.0,9.0,29.0,-22.0,-23.0,5.0,2022,4,10,40,2022-10-03,2020-2022,main_country,-18.0
United Kingdom,GB,2022-10-07,-12.0,7.0,17.0,-22.0,-25.0,5.0,2022,4,10,40,2022-10-03,2020-2022,main_country,-19.666666666666668
United Kingdom,GB,2022-10-08,-9.0,6.0,31.0,-22.0,-6.0,0.0,2022,4,10,40,2022-10-03,2020-2022,main_country,-12.333333333333334
United Kingdom,GB,2022-10-09,-8.0,3.0,32.0,-12.0,-4.0,0.0,2022,4,10,40,2022-10-03,2020-2022,main_country,-8.0
United Kingdom,GB,2022-10-10,-10.0,7.0,30.0,-23.0,-26.0,5.0,2022,4,10,41,2022-10-10,2020-2022,main_country,-19.666666666666668
United Kingdom,GB,2022-10-11,-11.0,7.0,29.0,-21.0,-24.0,5.0,2022,4,10,41,2022-10-10,2020-2022,main_country,-18.666666666666668
United Kingdom,GB,2022-10-12,-11.0,6.0,16.0,-22.0,-24.0,5.0,2022,4,10,41,2022-10-10,2020-2022,main_country,-19.0
United Kingdom,GB,2022-10-13,-9.0,9.0,30.0,-21.0,-24.0,5.0,2022,4,10,41,2022-10-10,2020-2022,main_country,-18.0
United Kingdom,GB,2022-10-14,-10.0,9.0,18.0,-21.0,-25.0,5.0,2022,4,10,41,2022-10-10,2020-2022,main_country,-18.666666666666668
United Kingdom,GB,2022-10-15,-11.0,6.0,13.0,-15.0,-7.0,1.0,2022,4,10,41,2022-10-10,2020-2022,main_country,-11.0
