location,date,ukhsa_covid_deaths_weekly,ukhsa_hospital_admissions_daily,ukhsa_occupied_beds_daily,ukhsa_pcr_positivity_7d,ukhsa_pcr_tests_daily,iso_code,country_reference,location_type,year,quarter,month,iso_week,week_start,pandemic_period
England,2020-02-08,,,,0.93,535.0,ENG,United Kingdom,england_detail,2020,1,2,6,2020-02-03,2020-2022
England,2020-02-09,,,,0.88,798.0,ENG,United Kingdom,england_detail,2020,1,2,6,2020-02-03,2020-2022
England,2020-02-10,,,,0.68,1170.0,ENG,United Kingdom,england_detail,2020,1,2,7,2020-02-10,2020-2022
England,2020-02-11,,,,0.64,1572.0,ENG,United Kingdom,england_detail,2020,1,2,7,2020-02-10,2020-2022
England,2020-02-12,,,,0.48,2068.0,ENG,United Kingdom,england_detail,2020,1,2,7,2020-02-10,2020-2022
England,2020-02-13,,,,0.43,2547.0,ENG,United Kingdom,england_detail,2020,1,2,7,2020-02-10,2020-2022
England,2020-02-14,,,,0.36,3046.0,ENG,United Kingdom,england_detail,2020,1,2,7,2020-02-10,2020-2022
England,2020-02-15,,,,0.22,3170.0,ENG,United Kingdom,england_detail,2020,1,2,7,2020-02-10,2020-2022
England,2020-02-16,,,,0.19,3185.0,ENG,United Kingdom,england_detail,2020,1,2,7,2020-02-10,2020-2022
England,2020-02-17,,,,0.16,3184.0,ENG,United Kingdom,england_detail,2020,1,2,8,2020-02-17,2020-2022
England,2020-02-18,,,,0.07,2859.0,ENG,United Kingdom,england_detail,2020,1,2,8,2020-02-17,2020-2022
England,2020-02-19,,,,0.07,2683.0,ENG,United Kingdom,england_detail,2020,1,2,8,2020-02-17,2020-2022
England,2020-02-20,,,,0.04,2341.0,ENG,United Kingdom,england_detail,2020,1,2,8,2020-02-17,2020-2022
England,2020-02-21,,,,0.14,2086.0,ENG,United Kingdom,england_detail,2020,1,2,8,2020-02-17,2020-2022
England,2020-02-22,,,,0.15,1960.0,ENG,United Kingdom,england_detail,2020,1,2,8,2020-02-17,2020-2022
England,2020-02-23,,,,0.26,1953.0,ENG,United Kingdom,england_detail,2020,1,2,8,2020-02-17,2020-2022
England,2020-02-24,,,,0.26,1959.0,ENG,United Kingdom,england_detail,2020,1,2,9,2020-02-24,2020-2022
England,2020-02-25,,,,0.45,2208.0,ENG,United Kingdom,england_detail,2020,1,2,9,2020-02-24,2020-2022
England,2020-02-26,,,,0.39,3067.0,ENG,United Kingdom,england_detail,2020,1,2,9,2020-02-24,2020-2022
England,2020-02-27,,,,0.51,4281.0,ENG,United Kingdom,england_detail,2020,1,2,9,2020-02-24,2020-2022
England,2020-02-28,,,,0.61,5607.0,ENG,United Kingdom,england_detail,2020,1,2,9,2020-02-24,2020-2022
England,2020-02-29,,,,0.62,6794.0,ENG,United Kingdom,england_detail,2020,1,2,9,2020-02-24,2020-2022
England,2020-03-01,,,,0.72,7825.0,ENG,United Kingdom,england_detail,2020,1,3,9,2020-02-24,2020-2022
England,2020-03-02,,,,1.04,8789.0,ENG,United Kingdom,england_detail,2020,1,3,10,2020-03-02,2020-2022
England,2020-03-03,,,,1.4,9648.0,ENG,United Kingdom,england_detail,2020,1,3,10,2020-03-02,2020-2022
England,2020-03-04,,,,1.86,9787.0,ENG,United Kingdom,england_detail,2020,1,3,10,2020-03-02,2020-2022
England,2020-03-05,,,,2.43,9597.0,ENG,United Kingdom,england_detail,2020,1,3,10,2020-03-02,2020-2022
England,2020-03-06,,,,3.19,9371.0,ENG,United Kingdom,england_detail,2020,1,3,10,2020-03-02,2020-2022
England,2020-03-07,,,,3.73,9233.0,ENG,United Kingdom,england_detail,2020,1,3,10,2020-03-02,2020-2022
England,2020-03-08,,,,4.1,9408.0,ENG,United Kingdom,england_detail,2020,1,3,10,2020-03-02,2020-2022
England,2020-03-09,,,,5.11,9531.0,ENG,United Kingdom,england_detail,2020,1,3,11,2020-03-09,2020-2022
England,2020-03-10,,,,6.3,10463.0,ENG,United Kingdom,england_detail,2020,1,3,11,2020-03-09,2020-2022
England,2020-03-11,,,,7.39,12403.0,ENG,United Kingdom,england_detail,2020,1,3,11,2020-03-09,2020-2022
England,2020-03-12,,,,8.41,15019.0,ENG,United Kingdom,england_detail,2020,1,3,11,2020-03-09,2020-2022
England,2020-03-13,,,,9.24,17519.0,ENG,United Kingdom,england_detail,2020,1,3,11,2020-03-09,2020-2022
England,2020-03-14,,,,9.53,19809.0,ENG,United Kingdom,england_detail,2020,1,3,11,2020-03-09,2020-2022
England,2020-03-15,,,,10.03,21944.0,ENG,United Kingdom,england_detail,2020,1,3,11,2020-03-09,2020-2022
England,2020-03-16,,,,10.54,24706.0,ENG,United Kingdom,england_detail,2020,1,3,12,2020-03-16,2020-2022
England,2020-03-17,,,,11.56,27137.0,ENG,United Kingdom,england_detail,2020,1,3,12,2020-03-16,2020-2022
England,2020-03-18,,,,13.08,28665.0,ENG,United Kingdom,england_detail,2020,1,3,12,2020-03-16,2020-2022
England,2020-03-19,,,,14.03,30317.0,ENG,United Kingdom,england_detail,2020,1,3,12,2020-03-16,2020-2022
England,2020-03-20,,,,15.48,31566.0,ENG,United Kingdom,england_detail,2020,1,3,12,2020-03-16,2020-2022
England,2020-03-21,,,,16.78,33202.0,ENG,United Kingdom,england_detail,2020,1,3,12,2020-03-16,2020-2022
England,2020-03-22,,,,18.04,35516.0,ENG,United Kingdom,england_detail,2020,1,3,12,2020-03-16,2020-2022
England,2020-03-23,,,,20.54,37748.0,ENG,United Kingdom,england_detail,2020,1,3,13,2020-03-23,2020-2022
England,2020-03-24,,,,22.67,40143.0,ENG,United Kingdom,england_detail,2020,1,3,13,2020-03-23,2020-2022
England,2020-03-25,,,,24.91,42088.0,ENG,United Kingdom,england_detail,2020,1,3,13,2020-03-23,2020-2022
England,2020-03-26,,,,27.68,44432.0,ENG,United Kingdom,england_detail,2020,1,3,13,2020-03-23,2020-2022
England,2020-03-27,,,,29.93,46749.0,ENG,United Kingdom,england_detail,2020,1,3,13,2020-03-23,2020-2022
England,2020-03-28,,,,32.12,47637.0,ENG,United Kingdom,england_detail,2020,1,3,13,2020-03-23,2020-2022
England,2020-03-29,,,,33.7,49304.0,ENG,United Kingdom,england_detail,2020,1,3,13,2020-03-23,2020-2022
England,2020-03-30,,,,35.71,51452.0,ENG,United Kingdom,england_detail,2020,1,3,14,2020-03-30,2020-2022
England,2020-03-31,,,,37.37,53940.0,ENG,United Kingdom,england_detail,2020,1,3,14,2020-03-30,2020-2022
England,2020-04-01,,,,38.55,57343.0,ENG,United Kingdom,england_detail,2020,2,4,14,2020-03-30,2020-2022
England,2020-04-02,,,,39.39,59913.0,ENG,United Kingdom,england_detail,2020,2,4,14,2020-03-30,2020-2022
England,2020-04-03,,,,39.94,62754.0,ENG,United Kingdom,england_detail,2020,2,4,14,2020-03-30,2020-2022
England,2020-04-04,,,,40.2,65151.0,ENG,United Kingdom,england_detail,2020,2,4,14,2020-03-30,2020-2022
England,2020-04-05,,,,40.27,67093.0,ENG,United Kingdom,england_detail,2020,2,4,14,2020-03-30,2020-2022
England,2020-04-06,,,,40.37,69180.0,ENG,United Kingdom,england_detail,2020,2,4,15,2020-04-06,2020-2022
England,2020-04-07,,,,40.71,70820.0,ENG,United Kingdom,england_detail,2020,2,4,15,2020-04-06,2020-2022
England,2020-04-08,,,,40.29,72597.0,ENG,United Kingdom,england_detail,2020,2,4,15,2020-04-06,2020-2022
England,2020-04-09,,,,39.42,74053.0,ENG,United Kingdom,england_detail,2020,2,4,15,2020-04-06,2020-2022
England,2020-04-10,,,,38.93,74208.0,ENG,United Kingdom,england_detail,2020,2,4,15,2020-04-06,2020-2022
England,2020-04-11,,,,38.01,74196.0,ENG,United Kingdom,england_detail,2020,2,4,15,2020-04-06,2020-2022
England,2020-04-12,,,,37.12,75881.0,ENG,United Kingdom,england_detail,2020,2,4,15,2020-04-06,2020-2022
England,2020-04-13,,,,36.06,75105.0,ENG,United Kingdom,england_detail,2020,2,4,16,2020-04-13,2020-2022
England,2020-04-14,,,,34.7,74481.0,ENG,United Kingdom,england_detail,2020,2,4,16,2020-04-13,2020-2022
England,2020-04-15,,,,33.18,77824.0,ENG,United Kingdom,england_detail,2020,2,4,16,2020-04-13,2020-2022
England,2020-04-16,,,,31.87,81932.0,ENG,United Kingdom,england_detail,2020,2,4,16,2020-04-13,2020-2022
England,2020-04-17,,,,30.55,88081.0,ENG,United Kingdom,england_detail,2020,2,4,16,2020-04-13,2020-2022
England,2020-04-18,,,,29.72,94161.0,ENG,United Kingdom,england_detail,2020,2,4,16,2020-04-13,2020-2022
England,2020-04-19,,,,29.06,98514.0,ENG,United Kingdom,england_detail,2020,2,4,16,2020-04-13,2020-2022
England,2020-04-20,,,,28.08,103978.0,ENG,United Kingdom,england_detail,2020,2,4,17,2020-04-20,2020-2022
England,2020-04-21,,,,27.06,109756.0,ENG,United Kingdom,england_detail,2020,2,4,17,2020-04-20,2020-2022
England,2020-04-22,,,,25.83,117056.0,ENG,United Kingdom,england_detail,2020,2,4,17,2020-04-20,2020-2022
England,2020-04-23,,,,24.33,125013.0,ENG,United Kingdom,england_detail,2020,2,4,17,2020-04-20,2020-2022
England,2020-04-24,,,,22.37,137184.0,ENG,United Kingdom,england_detail,2020,2,4,17,2020-04-20,2020-2022
England,2020-04-25,,,,20.33,147024.0,ENG,United Kingdom,england_detail,2020,2,4,17,2020-04-20,2020-2022
England,2020-04-26,,,,18.27,161132.0,ENG,United Kingdom,england_detail,2020,2,4,17,2020-04-20,2020-2022
England,2020-04-27,,,,16.56,179348.0,ENG,United Kingdom,england_detail,2020,2,4,18,2020-04-27,2020-2022
England,2020-04-28,,,,14.6,205935.0,ENG,United Kingdom,england_detail,2020,2,4,18,2020-04-27,2020-2022
England,2020-04-29,,,,12.24,247755.0,ENG,United Kingdom,england_detail,2020,2,4,18,2020-04-27,2020-2022
England,2020-04-30,,,,10.19,296903.0,ENG,United Kingdom,england_detail,2020,2,4,18,2020-04-27,2020-2022
England,2020-05-01,,,,8.81,341481.0,ENG,United Kingdom,england_detail,2020,2,5,18,2020-04-27,2020-2022
England,2020-05-02,,,,8.15,363762.0,ENG,United Kingdom,england_detail,2020,2,5,18,2020-04-27,2020-2022
England,2020-05-03,,,,7.71,383869.0,ENG,United Kingdom,england_detail,2020,2,5,18,2020-04-27,2020-2022
England,2020-05-04,,,,7.26,390009.0,ENG,United Kingdom,england_detail,2020,2,5,19,2020-05-04,2020-2022
England,2020-05-05,,,,6.9,396716.0,ENG,United Kingdom,england_detail,2020,2,5,19,2020-05-04,2020-2022
England,2020-05-06,,,,6.61,393152.0,ENG,United Kingdom,england_detail,2020,2,5,19,2020-05-04,2020-2022
England,2020-05-07,,,,6.49,384506.0,ENG,United Kingdom,england_detail,2020,2,5,19,2020-05-04,2020-2022
England,2020-05-08,,,,6.45,366519.0,ENG,United Kingdom,england_detail,2020,2,5,19,2020-05-04,2020-2022
England,2020-05-09,,,,6.38,356719.0,ENG,United Kingdom,england_detail,2020,2,5,19,2020-05-04,2020-2022
England,2020-05-10,,,,6.3,352199.0,ENG,United Kingdom,england_detail,2020,2,5,19,2020-05-04,2020-2022
England,2020-05-11,,,,6.07,373821.0,ENG,United Kingdom,england_detail,2020,2,5,20,2020-05-11,2020-2022
England,2020-05-12,,,,5.8,389857.0,ENG,United Kingdom,england_detail,2020,2,5,20,2020-05-11,2020-2022
England,2020-05-13,,,,5.55,400286.0,ENG,United Kingdom,england_detail,2020,2,5,20,2020-05-11,2020-2022
England,2020-05-14,,,,5.3,400566.0,ENG,United Kingdom,england_detail,2020,2,5,20,2020-05-11,2020-2022
England,2020-05-15,,,,5.07,411860.0,ENG,United Kingdom,england_detail,2020,2,5,20,2020-05-11,2020-2022
England,2020-05-16,,,,4.87,429662.0,ENG,United Kingdom,england_detail,2020,2,5,20,2020-05-11,2020-2022
England,2020-05-17,,,,4.73,433041.0,ENG,United Kingdom,england_detail,2020,2,5,20,2020-05-11,2020-2022
England,2020-05-18,,,,4.54,432728.0,ENG,United Kingdom,england_detail,2020,2,5,21,2020-05-18,2020-2022
England,2020-05-19,,,,4.38,438806.0,ENG,United Kingdom,england_detail,2020,2,5,21,2020-05-18,2020-2022
England,2020-05-20,,,,4.25,442664.0,ENG,United Kingdom,england_detail,2020,2,5,21,2020-05-18,2020-2022
England,2020-05-21,,,,4.19,451789.0,ENG,United Kingdom,england_detail,2020,2,5,21,2020-05-18,2020-2022
England,2020-05-22,,,,4.1,452777.0,ENG,United Kingdom,england_detail,2020,2,5,21,2020-05-18,2020-2022
England,2020-05-23,,,,4.04,447721.0,ENG,United Kingdom,england_detail,2020,2,5,21,2020-05-18,2020-2022
England,2020-05-24,,,,3.95,447665.0,ENG,United Kingdom,england_detail,2020,2,5,21,2020-05-18,2020-2022
England,2020-05-25,,,,3.91,428305.0,ENG,United Kingdom,england_detail,2020,2,5,22,2020-05-25,2020-2022
England,2020-05-26,,,,3.82,411191.0,ENG,United Kingdom,england_detail,2020,2,5,22,2020-05-25,2020-2022
England,2020-05-27,,,,3.66,409086.0,ENG,United Kingdom,england_detail,2020,2,5,22,2020-05-25,2020-2022
England,2020-05-28,,,,3.49,410216.0,ENG,United Kingdom,england_detail,2020,2,5,22,2020-05-25,2020-2022
England,2020-05-29,,,,3.34,414798.0,ENG,United Kingdom,england_detail,2020,2,5,22,2020-05-25,2020-2022
England,2020-05-30,,,,3.27,413585.0,ENG,United Kingdom,england_detail,2020,2,5,22,2020-05-25,2020-2022
England,2020-05-31,,,,3.22,411672.0,ENG,United Kingdom,england_detail,2020,2,5,22,2020-05-25,2020-2022
England,2020-06-01,,,,3.07,432592.0,ENG,United Kingdom,england_detail,2020,2,6,23,2020-06-01,2020-2022
England,2020-06-02,,,,2.92,447083.0,ENG,United Kingdom,england_detail,2020,2,6,23,2020-06-01,2020-2022
England,2020-06-03,,,,2.79,448730.0,ENG,United Kingdom,england_detail,2020,2,6,23,2020-06-01,2020-2022
England,2020-06-04,,,,2.65,450187.0,ENG,United Kingdom,england_detail,2020,2,6,23,2020-06-01,2020-2022
England,2020-06-05,,,,2.54,454345.0,ENG,United Kingdom,england_detail,2020,2,6,23,2020-06-01,2020-2022
England,2020-06-06,,,,2.43,458651.0,ENG,United Kingdom,england_detail,2020,2,6,23,2020-06-01,2020-2022
England,2020-06-07,,,,2.32,460854.0,ENG,United Kingdom,england_detail,2020,2,6,23,2020-06-01,2020-2022
England,2020-06-08,,,,2.19,465216.0,ENG,United Kingdom,england_detail,2020,2,6,24,2020-06-08,2020-2022
England,2020-06-09,,,,2.08,471194.0,ENG,United Kingdom,england_detail,2020,2,6,24,2020-06-08,2020-2022
England,2020-06-10,,,,2.04,472612.0,ENG,United Kingdom,england_detail,2020,2,6,24,2020-06-08,2020-2022
England,2020-06-11,,,,1.98,466642.0,ENG,United Kingdom,england_detail,2020,2,6,24,2020-06-08,2020-2022
England,2020-06-12,,,,1.97,458451.0,ENG,United Kingdom,england_detail,2020,2,6,24,2020-06-08,2020-2022
England,2020-06-13,,,,2.01,450736.0,ENG,United Kingdom,england_detail,2020,2,6,24,2020-06-08,2020-2022
England,2020-06-14,,,,2.04,448368.0,ENG,United Kingdom,england_detail,2020,2,6,24,2020-06-08,2020-2022
England,2020-06-15,,,,2.05,437388.0,ENG,United Kingdom,england_detail,2020,2,6,25,2020-06-15,2020-2022
England,2020-06-16,,,,2.09,420697.0,ENG,United Kingdom,england_detail,2020,2,6,25,2020-06-15,2020-2022
England,2020-06-17,,,,2.08,407344.0,ENG,United Kingdom,england_detail,2020,2,6,25,2020-06-15,2020-2022
England,2020-06-18,,,,2.11,401689.0,ENG,United Kingdom,england_detail,2020,2,6,25,2020-06-15,2020-2022
England,2020-06-19,,,,2.09,396909.0,ENG,United Kingdom,england_detail,2020,2,6,25,2020-06-15,2020-2022
England,2020-06-20,,,,2.05,392698.0,ENG,United Kingdom,england_detail,2020,2,6,25,2020-06-15,2020-2022
England,2020-06-21,,,,2.0,390315.0,ENG,United Kingdom,england_detail,2020,2,6,25,2020-06-15,2020-2022
England,2020-06-22,,,,1.96,391606.0,ENG,United Kingdom,england_detail,2020,2,6,26,2020-06-22,2020-2022
England,2020-06-23,,,,1.89,392830.0,ENG,United Kingdom,england_detail,2020,2,6,26,2020-06-22,2020-2022
England,2020-06-24,,,,1.85,393509.0,ENG,United Kingdom,england_detail,2020,2,6,26,2020-06-22,2020-2022
England,2020-06-25,,,,1.78,388990.0,ENG,United Kingdom,england_detail,2020,2,6,26,2020-06-22,2020-2022
England,2020-06-26,,,,1.72,395718.0,ENG,United Kingdom,england_detail,2020,2,6,26,2020-06-22,2020-2022
England,2020-06-27,,,,1.68,399090.0,ENG,United Kingdom,england_detail,2020,2,6,26,2020-06-22,2020-2022
England,2020-06-28,,,,1.61,405328.0,ENG,United Kingdom,england_detail,2020,2,6,26,2020-06-22,2020-2022
England,2020-06-29,,,,1.5,422115.0,ENG,United Kingdom,england_detail,2020,2,6,27,2020-06-29,2020-2022
England,2020-06-30,,,,1.4,435286.0,ENG,United Kingdom,england_detail,2020,2,6,27,2020-06-29,2020-2022
England,2020-07-01,,,,1.31,452057.0,ENG,United Kingdom,england_detail,2020,3,7,27,2020-06-29,2020-2022
England,2020-07-02,,,,1.24,469642.0,ENG,United Kingdom,england_detail,2020,3,7,27,2020-06-29,2020-2022
England,2020-07-03,,,,1.17,481920.0,ENG,United Kingdom,england_detail,2020,3,7,27,2020-06-29,2020-2022
England,2020-07-04,,,,1.13,488399.0,ENG,United Kingdom,england_detail,2020,3,7,27,2020-06-29,2020-2022
England,2020-07-05,,,,1.13,490962.0,ENG,United Kingdom,england_detail,2020,3,7,27,2020-06-29,2020-2022
England,2020-07-06,,,,1.12,491871.0,ENG,United Kingdom,england_detail,2020,3,7,28,2020-07-06,2020-2022
England,2020-07-07,,,,1.09,505755.0,ENG,United Kingdom,england_detail,2020,3,7,28,2020-07-06,2020-2022
England,2020-07-08,,,,1.05,523680.0,ENG,United Kingdom,england_detail,2020,3,7,28,2020-07-06,2020-2022
England,2020-07-09,,,,1.02,540779.0,ENG,United Kingdom,england_detail,2020,3,7,28,2020-07-06,2020-2022
England,2020-07-10,,,,0.99,555718.0,ENG,United Kingdom,england_detail,2020,3,7,28,2020-07-06,2020-2022
England,2020-07-11,,,,0.98,559707.0,ENG,United Kingdom,england_detail,2020,3,7,28,2020-07-06,2020-2022
England,2020-07-12,,,,0.96,564547.0,ENG,United Kingdom,england_detail,2020,3,7,28,2020-07-06,2020-2022
England,2020-07-13,,,,0.93,584299.0,ENG,United Kingdom,england_detail,2020,3,7,29,2020-07-13,2020-2022
England,2020-07-14,,,,0.91,604475.0,ENG,United Kingdom,england_detail,2020,3,7,29,2020-07-13,2020-2022
England,2020-07-15,,,,0.89,621090.0,ENG,United Kingdom,england_detail,2020,3,7,29,2020-07-13,2020-2022
England,2020-07-16,,,,0.87,626130.0,ENG,United Kingdom,england_detail,2020,3,7,29,2020-07-13,2020-2022
England,2020-07-17,,,,0.85,637591.0,ENG,United Kingdom,england_detail,2020,3,7,29,2020-07-13,2020-2022
England,2020-07-18,,,,0.85,647154.0,ENG,United Kingdom,england_detail,2020,3,7,29,2020-07-13,2020-2022
England,2020-07-19,,,,0.85,656613.0,ENG,United Kingdom,england_detail,2020,3,7,29,2020-07-13,2020-2022
England,2020-07-20,,,,0.86,650957.0,ENG,United Kingdom,england_detail,2020,3,7,30,2020-07-20,2020-2022
England,2020-07-21,,,,0.89,634699.0,ENG,United Kingdom,england_detail,2020,3,7,30,2020-07-20,2020-2022
England,2020-07-22,,,,0.91,615982.0,ENG,United Kingdom,england_detail,2020,3,7,30,2020-07-20,2020-2022
England,2020-07-23,,,,0.94,610429.0,ENG,United Kingdom,england_detail,2020,3,7,30,2020-07-20,2020-2022
England,2020-07-24,,,,0.96,612905.0,ENG,United Kingdom,england_detail,2020,3,7,30,2020-07-20,2020-2022
England,2020-07-25,,,,0.96,614915.0,ENG,United Kingdom,england_detail,2020,3,7,30,2020-07-20,2020-2022
England,2020-07-26,,,,0.96,618492.0,ENG,United Kingdom,england_detail,2020,3,7,30,2020-07-20,2020-2022
England,2020-07-27,,,,0.95,628048.0,ENG,United Kingdom,england_detail,2020,3,7,31,2020-07-27,2020-2022
England,2020-07-28,,,,0.95,645325.0,ENG,United Kingdom,england_detail,2020,3,7,31,2020-07-27,2020-2022
England,2020-07-29,,,,0.96,673109.0,ENG,United Kingdom,england_detail,2020,3,7,31,2020-07-27,2020-2022
England,2020-07-30,,,,0.95,694358.0,ENG,United Kingdom,england_detail,2020,3,7,31,2020-07-27,2020-2022
England,2020-07-31,,,,0.93,704480.0,ENG,United Kingdom,england_detail,2020,3,7,31,2020-07-27,2020-2022
England,2020-08-01,,50.0,879.0,0.91,712506.0,ENG,United Kingdom,england_detail,2020,3,8,31,2020-07-27,2020-2022
England,2020-08-02,,57.0,847.0,0.91,721480.0,ENG,United Kingdom,england_detail,2020,3,8,31,2020-07-27,2020-2022
England,2020-08-03,,74.0,842.0,0.91,735766.0,ENG,United Kingdom,england_detail,2020,3,8,32,2020-08-03,2020-2022
England,2020-08-04,,58.0,807.0,0.9,753681.0,ENG,United Kingdom,england_detail,2020,3,8,32,2020-08-03,2020-2022
England,2020-08-05,,60.0,805.0,0.87,771883.0,ENG,United Kingdom,england_detail,2020,3,8,32,2020-08-03,2020-2022
England,2020-08-06,,52.0,756.0,0.87,792236.0,ENG,United Kingdom,england_detail,2020,3,8,32,2020-08-03,2020-2022
England,2020-08-07,,60.0,711.0,0.88,809075.0,ENG,United Kingdom,england_detail,2020,3,8,32,2020-08-03,2020-2022
England,2020-08-08,,78.0,650.0,0.9,809554.0,ENG,United Kingdom,england_detail,2020,3,8,32,2020-08-03,2020-2022
England,2020-08-09,,53.0,611.0,0.91,804301.0,ENG,United Kingdom,england_detail,2020,3,8,32,2020-08-03,2020-2022
England,2020-08-10,,50.0,714.0,0.96,805265.0,ENG,United Kingdom,england_detail,2020,3,8,33,2020-08-10,2020-2022
England,2020-08-11,,63.0,672.0,0.99,809237.0,ENG,United Kingdom,england_detail,2020,3,8,33,2020-08-10,2020-2022
England,2020-08-12,,51.0,642.0,1.02,809612.0,ENG,United Kingdom,england_detail,2020,3,8,33,2020-08-10,2020-2022
England,2020-08-13,,60.0,652.0,1.02,812650.0,ENG,United Kingdom,england_detail,2020,3,8,33,2020-08-10,2020-2022
England,2020-08-14,,55.0,642.0,1.02,830119.0,ENG,United Kingdom,england_detail,2020,3,8,33,2020-08-10,2020-2022
England,2020-08-15,,38.0,630.0,1.01,838907.0,ENG,United Kingdom,england_detail,2020,3,8,33,2020-08-10,2020-2022
England,2020-08-16,,39.0,634.0,1.0,846297.0,ENG,United Kingdom,england_detail,2020,3,8,33,2020-08-10,2020-2022
England,2020-08-17,,46.0,626.0,0.97,854406.0,ENG,United Kingdom,england_detail,2020,3,8,34,2020-08-17,2020-2022
England,2020-08-18,,56.0,597.0,0.94,858547.0,ENG,United Kingdom,england_detail,2020,3,8,34,2020-08-17,2020-2022
England,2020-08-19,,58.0,571.0,0.92,879283.0,ENG,United Kingdom,england_detail,2020,3,8,34,2020-08-17,2020-2022
England,2020-08-20,,45.0,551.0,0.92,902991.0,ENG,United Kingdom,england_detail,2020,3,8,34,2020-08-17,2020-2022
England,2020-08-21,,49.0,528.0,0.91,921080.0,ENG,United Kingdom,england_detail,2020,3,8,34,2020-08-17,2020-2022
England,2020-08-22,,25.0,594.0,0.91,928354.0,ENG,United Kingdom,england_detail,2020,3,8,34,2020-08-17,2020-2022
England,2020-08-23,,44.0,522.0,0.92,931556.0,ENG,United Kingdom,england_detail,2020,3,8,34,2020-08-17,2020-2022
England,2020-08-24,,41.0,522.0,0.92,932523.0,ENG,United Kingdom,england_detail,2020,3,8,35,2020-08-24,2020-2022
England,2020-08-25,,60.0,500.0,0.92,936938.0,ENG,United Kingdom,england_detail,2020,3,8,35,2020-08-24,2020-2022
England,2020-08-26,,52.0,485.0,0.94,934817.0,ENG,United Kingdom,england_detail,2020,3,8,35,2020-08-24,2020-2022
England,2020-08-27,,69.0,492.0,0.95,927034.0,ENG,United Kingdom,england_detail,2020,3,8,35,2020-08-24,2020-2022
England,2020-08-28,,44.0,469.0,0.99,919528.0,ENG,United Kingdom,england_detail,2020,3,8,35,2020-08-24,2020-2022
England,2020-08-29,,52.0,478.0,1.02,920523.0,ENG,United Kingdom,england_detail,2020,3,8,35,2020-08-24,2020-2022
England,2020-08-30,,38.0,479.0,1.04,924741.0,ENG,United Kingdom,england_detail,2020,3,8,35,2020-08-24,2020-2022
England,2020-08-31,,52.0,495.0,1.13,865812.0,ENG,United Kingdom,england_detail,2020,3,8,36,2020-08-31,2020-2022
England,2020-09-01,,58.0,496.0,1.21,884248.0,ENG,United Kingdom,england_detail,2020,3,9,36,2020-08-31,2020-2022
England,2020-09-02,,79.0,451.0,1.33,915432.0,ENG,United Kingdom,england_detail,2020,3,9,36,2020-08-31,2020-2022
England,2020-09-03,,69.0,468.0,1.42,951206.0,ENG,United Kingdom,england_detail,2020,3,9,36,2020-08-31,2020-2022
England,2020-09-04,,67.0,474.0,1.49,994956.0,ENG,United Kingdom,england_detail,2020,3,9,36,2020-08-31,2020-2022
England,2020-09-05,,94.0,471.0,1.57,1017658.0,ENG,United Kingdom,england_detail,2020,3,9,36,2020-08-31,2020-2022
England,2020-09-06,,85.0,483.0,1.65,1031632.0,ENG,United Kingdom,england_detail,2020,3,9,36,2020-08-31,2020-2022
England,2020-09-07,,84.0,555.0,1.73,1116844.0,ENG,United Kingdom,england_detail,2020,3,9,37,2020-09-07,2020-2022
England,2020-09-08,,99.0,535.0,1.81,1127879.0,ENG,United Kingdom,england_detail,2020,3,9,37,2020-09-07,2020-2022
England,2020-09-09,,136.0,557.0,1.81,1146405.0,ENG,United Kingdom,england_detail,2020,3,9,37,2020-09-07,2020-2022
England,2020-09-10,,143.0,572.0,1.8,1172875.0,ENG,United Kingdom,england_detail,2020,3,9,37,2020-09-07,2020-2022
England,2020-09-11,,135.0,622.0,1.77,1201599.0,ENG,United Kingdom,england_detail,2020,3,9,37,2020-09-07,2020-2022
England,2020-09-12,,143.0,663.0,1.77,1205239.0,ENG,United Kingdom,england_detail,2020,3,9,37,2020-09-07,2020-2022
England,2020-09-13,,153.0,691.0,1.75,1198304.0,ENG,United Kingdom,england_detail,2020,3,9,37,2020-09-07,2020-2022
England,2020-09-14,,172.0,812.0,1.72,1177947.0,ENG,United Kingdom,england_detail,2020,3,9,38,2020-09-14,2020-2022
England,2020-09-15,,194.0,891.0,1.71,1182812.0,ENG,United Kingdom,england_detail,2020,3,9,38,2020-09-14,2020-2022
England,2020-09-16,,183.0,929.0,1.78,1190066.0,ENG,United Kingdom,england_detail,2020,3,9,38,2020-09-14,2020-2022
England,2020-09-17,,199.0,984.0,1.85,1190355.0,ENG,United Kingdom,england_detail,2020,3,9,38,2020-09-14,2020-2022
England,2020-09-18,,205.0,1020.0,1.96,1194179.0,ENG,United Kingdom,england_detail,2020,3,9,38,2020-09-14,2020-2022
England,2020-09-19,,204.0,1081.0,2.12,1203415.0,ENG,United Kingdom,england_detail,2020,3,9,38,2020-09-14,2020-2022
England,2020-09-20,,237.0,1174.0,2.31,1229906.0,ENG,United Kingdom,england_detail,2020,3,9,38,2020-09-14,2020-2022
England,2020-09-21,,275.0,1299.0,2.47,1229562.0,ENG,United Kingdom,england_detail,2020,3,9,39,2020-09-21,2020-2022
England,2020-09-22,,268.0,1378.0,2.67,1227031.0,ENG,United Kingdom,england_detail,2020,3,9,39,2020-09-21,2020-2022
England,2020-09-23,,314.0,1439.0,2.83,1233528.0,ENG,United Kingdom,england_detail,2020,3,9,39,2020-09-21,2020-2022
England,2020-09-24,,288.0,1546.0,2.99,1253351.0,ENG,United Kingdom,england_detail,2020,3,9,39,2020-09-21,2020-2022
England,2020-09-25,,274.0,1686.0,3.11,1267139.0,ENG,United Kingdom,england_detail,2020,3,9,39,2020-09-21,2020-2022
England,2020-09-26,,245.0,1689.0,3.22,1270138.0,ENG,United Kingdom,england_detail,2020,3,9,39,2020-09-21,2020-2022
England,2020-09-27,,241.0,1793.0,3.36,1262542.0,ENG,United Kingdom,england_detail,2020,3,9,39,2020-09-21,2020-2022
England,2020-09-28,,308.0,1955.0,3.67,1266625.0,ENG,United Kingdom,england_detail,2020,3,9,40,2020-09-28,2020-2022
England,2020-09-29,,310.0,1954.0,3.96,1263317.0,ENG,United Kingdom,england_detail,2020,3,9,40,2020-09-28,2020-2022
England,2020-09-30,,328.0,2036.0,4.32,1272398.0,ENG,United Kingdom,england_detail,2020,3,9,40,2020-09-28,2020-2022
England,2020-10-01,,368.0,2069.0,4.67,1292006.0,ENG,United Kingdom,england_detail,2020,4,10,40,2020-09-28,2020-2022
England,2020-10-02,,371.0,2180.0,4.99,1325675.0,ENG,United Kingdom,england_detail,2020,4,10,40,2020-09-28,2020-2022
England,2020-10-03,,386.0,2290.0,5.22,1350174.0,ENG,United Kingdom,england_detail,2020,4,10,40,2020-09-28,2020-2022
England,2020-10-04,,478.0,2435.0,5.44,1363870.0,ENG,United Kingdom,england_detail,2020,4,10,40,2020-09-28,2020-2022
England,2020-10-05,,472.0,2705.0,5.83,1373346.0,ENG,United Kingdom,england_detail,2020,4,10,41,2020-10-05,2020-2022
England,2020-10-06,,524.0,2903.0,6.14,1399423.0,ENG,United Kingdom,england_detail,2020,4,10,41,2020-10-05,2020-2022
England,2020-10-07,,491.0,3066.0,6.33,1433546.0,ENG,United Kingdom,england_detail,2020,4,10,41,2020-10-05,2020-2022
England,2020-10-08,,513.0,3179.0,6.48,1466334.0,ENG,United Kingdom,england_detail,2020,4,10,41,2020-10-05,2020-2022
England,2020-10-09,,544.0,3238.0,6.54,1478573.0,ENG,United Kingdom,england_detail,2020,4,10,41,2020-10-05,2020-2022
England,2020-10-10,,515.0,3369.0,6.59,1473163.0,ENG,United Kingdom,england_detail,2020,4,10,41,2020-10-05,2020-2022
England,2020-10-11,,628.0,3604.0,6.66,1461751.0,ENG,United Kingdom,england_detail,2020,4,10,41,2020-10-05,2020-2022
England,2020-10-12,,664.0,3827.0,6.86,1454450.0,ENG,United Kingdom,england_detail,2020,4,10,42,2020-10-12,2020-2022
England,2020-10-13,,764.0,4105.0,7.02,1443229.0,ENG,United Kingdom,england_detail,2020,4,10,42,2020-10-12,2020-2022
England,2020-10-14,,706.0,4313.0,7.13,1442551.0,ENG,United Kingdom,england_detail,2020,4,10,42,2020-10-12,2020-2022
England,2020-10-15,,792.0,4569.0,7.15,1443047.0,ENG,United Kingdom,england_detail,2020,4,10,42,2020-10-12,2020-2022
England,2020-10-16,,632.0,4854.0,7.2,1459783.0,ENG,United Kingdom,england_detail,2020,4,10,42,2020-10-12,2020-2022
England,2020-10-17,,785.0,5029.0,7.3,1469967.0,ENG,United Kingdom,england_detail,2020,4,10,42,2020-10-12,2020-2022
England,2020-10-18,,870.0,5202.0,7.39,1480544.0,ENG,United Kingdom,england_detail,2020,4,10,42,2020-10-12,2020-2022
England,2020-10-19,,861.0,5644.0,7.75,1492030.0,ENG,United Kingdom,england_detail,2020,4,10,43,2020-10-19,2020-2022
England,2020-10-20,,925.0,6072.0,8.07,1509886.0,ENG,United Kingdom,england_detail,2020,4,10,43,2020-10-19,2020-2022
England,2020-10-21,,997.0,6271.0,8.29,1534087.0,ENG,United Kingdom,england_detail,2020,4,10,43,2020-10-19,2020-2022
England,2020-10-22,,987.0,6345.0,8.48,1555819.0,ENG,United Kingdom,england_detail,2020,4,10,43,2020-10-19,2020-2022
England,2020-10-23,,997.0,6842.0,8.62,1573678.0,ENG,United Kingdom,england_detail,2020,4,10,43,2020-10-19,2020-2022
England,2020-10-24,,990.0,7176.0,8.67,1579442.0,ENG,United Kingdom,england_detail,2020,4,10,43,2020-10-19,2020-2022
England,2020-10-25,,1186.0,7612.0,8.76,1578937.0,ENG,United Kingdom,england_detail,2020,4,10,43,2020-10-19,2020-2022
England,2020-10-26,,1279.0,7856.0,9.02,1546554.0,ENG,United Kingdom,england_detail,2020,4,10,44,2020-10-26,2020-2022
England,2020-10-27,,1190.0,8595.0,9.19,1513139.0,ENG,United Kingdom,england_detail,2020,4,10,44,2020-10-26,2020-2022
England,2020-10-28,,1239.0,9070.0,9.26,1493571.0,ENG,United Kingdom,england_detail,2020,4,10,44,2020-10-26,2020-2022
England,2020-10-29,,1345.0,9127.0,9.23,1512872.0,ENG,United Kingdom,england_detail,2020,4,10,44,2020-10-26,2020-2022
England,2020-10-30,,1109.0,9295.0,9.19,1544508.0,ENG,United Kingdom,england_detail,2020,4,10,44,2020-10-26,2020-2022
England,2020-10-31,,1240.0,9782.0,9.17,1565163.0,ENG,United Kingdom,england_detail,2020,4,10,44,2020-10-26,2020-2022
England,2020-11-01,,1280.0,9623.0,9.18,1587304.0,ENG,United Kingdom,england_detail,2020,4,11,44,2020-10-26,2020-2022
England,2020-11-02,,1331.0,10397.0,9.22,1635809.0,ENG,United Kingdom,england_detail,2020,4,11,45,2020-11-02,2020-2022
England,2020-11-03,,1246.0,10971.0,9.17,1670300.0,ENG,United Kingdom,england_detail,2020,4,11,45,2020-11-02,2020-2022
England,2020-11-04,,1382.0,11037.0,9.08,1697094.0,ENG,United Kingdom,england_detail,2020,4,11,45,2020-11-02,2020-2022
England,2020-11-05,,1346.0,10994.0,9.05,1711425.0,ENG,United Kingdom,england_detail,2020,4,11,45,2020-11-02,2020-2022
England,2020-11-06,,1182.0,11181.0,8.97,1737851.0,ENG,United Kingdom,england_detail,2020,4,11,45,2020-11-02,2020-2022
England,2020-11-07,,1319.0,11514.0,8.99,1757630.0,ENG,United Kingdom,england_detail,2020,4,11,45,2020-11-02,2020-2022
England,2020-11-08,,1488.0,11680.0,9.11,1769805.0,ENG,United Kingdom,england_detail,2020,4,11,45,2020-11-02,2020-2022
England,2020-11-09,,1551.0,12259.0,9.33,1738983.0,ENG,United Kingdom,england_detail,2020,4,11,46,2020-11-09,2020-2022
England,2020-11-10,,1592.0,12033.0,9.54,1722503.0,ENG,United Kingdom,england_detail,2020,4,11,46,2020-11-09,2020-2022
England,2020-11-11,,1711.0,12730.0,9.68,1739185.0,ENG,United Kingdom,england_detail,2020,4,11,46,2020-11-09,2020-2022
England,2020-11-12,,1666.0,12967.0,9.73,1743666.0,ENG,United Kingdom,england_detail,2020,4,11,46,2020-11-09,2020-2022
England,2020-11-13,,1433.0,13328.0,9.78,1745469.0,ENG,United Kingdom,england_detail,2020,4,11,46,2020-11-09,2020-2022
England,2020-11-14,,1388.0,13399.0,9.76,1739312.0,ENG,United Kingdom,england_detail,2020,4,11,46,2020-11-09,2020-2022
England,2020-11-15,,1467.0,13886.0,9.64,1720709.0,ENG,United Kingdom,england_detail,2020,4,11,46,2020-11-09,2020-2022
England,2020-11-16,,1560.0,14313.0,9.53,1699132.0,ENG,United Kingdom,england_detail,2020,4,11,47,2020-11-16,2020-2022
England,2020-11-17,,1491.0,14411.0,9.35,1692640.0,ENG,United Kingdom,england_detail,2020,4,11,47,2020-11-16,2020-2022
England,2020-11-18,,1571.0,14490.0,9.04,1686465.0,ENG,United Kingdom,england_detail,2020,4,11,47,2020-11-16,2020-2022
England,2020-11-19,,1484.0,14479.0,8.69,1684248.0,ENG,United Kingdom,england_detail,2020,4,11,47,2020-11-16,2020-2022
England,2020-11-20,,1316.0,14236.0,8.29,1683329.0,ENG,United Kingdom,england_detail,2020,4,11,47,2020-11-16,2020-2022
England,2020-11-21,,1255.0,14118.0,7.97,1685878.0,ENG,United Kingdom,england_detail,2020,4,11,47,2020-11-16,2020-2022
England,2020-11-22,,1333.0,14354.0,7.73,1685723.0,ENG,United Kingdom,england_detail,2020,4,11,47,2020-11-16,2020-2022
England,2020-11-23,,1385.0,14712.0,7.43,1650261.0,ENG,United Kingdom,england_detail,2020,4,11,48,2020-11-23,2020-2022
England,2020-11-24,,1277.0,14506.0,7.16,1621392.0,ENG,United Kingdom,england_detail,2020,4,11,48,2020-11-23,2020-2022
England,2020-11-25,,1415.0,14240.0,6.88,1615203.0,ENG,United Kingdom,england_detail,2020,4,11,48,2020-11-23,2020-2022
England,2020-11-26,,1198.0,13908.0,6.64,1613757.0,ENG,United Kingdom,england_detail,2020,4,11,48,2020-11-23,2020-2022
England,2020-11-27,,1055.0,13754.0,6.51,1600166.0,ENG,United Kingdom,england_detail,2020,4,11,48,2020-11-23,2020-2022
England,2020-11-28,,1065.0,13208.0,6.43,1589956.0,ENG,United Kingdom,england_detail,2020,4,11,48,2020-11-23,2020-2022
England,2020-11-29,,1215.0,13521.0,6.36,1581876.0,ENG,United Kingdom,england_detail,2020,4,11,48,2020-11-23,2020-2022
England,2020-11-30,,1216.0,13756.0,6.36,1556365.0,ENG,United Kingdom,england_detail,2020,4,11,49,2020-11-30,2020-2022
England,2020-12-01,,1271.0,13507.0,6.38,1535609.0,ENG,United Kingdom,england_detail,2020,4,12,49,2020-11-30,2020-2022
England,2020-12-02,,1262.0,13212.0,6.32,1536680.0,ENG,United Kingdom,england_detail,2020,4,12,49,2020-11-30,2020-2022
England,2020-12-03,,1337.0,12896.0,6.29,1543980.0,ENG,United Kingdom,england_detail,2020,4,12,49,2020-11-30,2020-2022
England,2020-12-04,,1248.0,12987.0,6.25,1558127.0,ENG,United Kingdom,england_detail,2020,4,12,49,2020-11-30,2020-2022
England,2020-12-05,,1186.0,12968.0,6.28,1561965.0,ENG,United Kingdom,england_detail,2020,4,12,49,2020-11-30,2020-2022
England,2020-12-06,,1311.0,13189.0,6.39,1565654.0,ENG,United Kingdom,england_detail,2020,4,12,49,2020-11-30,2020-2022
England,2020-12-07,,1466.0,13616.0,6.58,1554828.0,ENG,United Kingdom,england_detail,2020,4,12,50,2020-12-07,2020-2022
England,2020-12-08,,1528.0,13629.0,6.78,1554440.0,ENG,United Kingdom,england_detail,2020,4,12,50,2020-12-07,2020-2022
England,2020-12-09,,1550.0,13467.0,7.0,1562983.0,ENG,United Kingdom,england_detail,2020,4,12,50,2020-12-07,2020-2022
England,2020-12-10,,1524.0,13796.0,7.2,1600871.0,ENG,United Kingdom,england_detail,2020,4,12,50,2020-12-07,2020-2022
England,2020-12-11,,1450.0,13901.0,7.43,1647180.0,ENG,United Kingdom,england_detail,2020,4,12,50,2020-12-07,2020-2022
England,2020-12-12,,1587.0,13927.0,7.6,1686361.0,ENG,United Kingdom,england_detail,2020,4,12,50,2020-12-07,2020-2022
England,2020-12-13,,1581.0,14460.0,7.86,1726611.0,ENG,United Kingdom,england_detail,2020,4,12,50,2020-12-07,2020-2022
England,2020-12-14,,1746.0,15053.0,8.37,1768658.0,ENG,United Kingdom,england_detail,2020,4,12,51,2020-12-14,2020-2022
England,2020-12-15,,1730.0,15031.0,8.86,1819354.0,ENG,United Kingdom,england_detail,2020,4,12,51,2020-12-14,2020-2022
England,2020-12-16,,1796.0,15465.0,9.28,1880584.0,ENG,United Kingdom,england_detail,2020,4,12,51,2020-12-14,2020-2022
England,2020-12-17,,1873.0,15741.0,9.54,1951324.0,ENG,United Kingdom,england_detail,2020,4,12,51,2020-12-14,2020-2022
England,2020-12-18,,1672.0,15866.0,9.75,2037744.0,ENG,United Kingdom,england_detail,2020,4,12,51,2020-12-14,2020-2022
England,2020-12-19,,1812.0,16183.0,9.8,2088258.0,ENG,United Kingdom,england_detail,2020,4,12,51,2020-12-14,2020-2022
England,2020-12-20,,1976.0,16633.0,9.91,2170939.0,ENG,United Kingdom,england_detail,2020,4,12,51,2020-12-14,2020-2022
England,2020-12-21,,2115.0,17709.0,10.13,2259336.0,ENG,United Kingdom,england_detail,2020,4,12,52,2020-12-21,2020-2022
England,2020-12-22,,2203.0,18063.0,10.38,2329331.0,ENG,United Kingdom,england_detail,2020,4,12,52,2020-12-21,2020-2022
England,2020-12-23,,1980.0,17834.0,10.55,2369486.0,ENG,United Kingdom,england_detail,2020,4,12,52,2020-12-21,2020-2022
England,2020-12-24,,1795.0,18227.0,10.94,2278904.0,ENG,United Kingdom,england_detail,2020,4,12,52,2020-12-21,2020-2022
England,2020-12-25,,1952.0,17701.0,11.25,2042215.0,ENG,United Kingdom,england_detail,2020,4,12,52,2020-12-21,2020-2022
England,2020-12-26,,2298.0,18350.0,12.32,1994218.0,ENG,United Kingdom,england_detail,2020,4,12,52,2020-12-21,2020-2022
England,2020-12-27,,2572.0,19277.0,13.4,1944890.0,ENG,United Kingdom,england_detail,2020,4,12,52,2020-12-21,2020-2022
England,2020-12-28,,2795.0,20426.0,15.18,1703358.0,ENG,United Kingdom,england_detail,2020,4,12,53,2020-12-28,2020-2022
England,2020-12-29,,2886.0,21787.0,17.01,1713639.0,ENG,United Kingdom,england_detail,2020,4,12,53,2020-12-28,2020-2022
England,2020-12-30,,2861.0,22713.0,18.06,1764313.0,ENG,United Kingdom,england_detail,2020,4,12,53,2020-12-28,2020-2022
England,2020-12-31,,2536.0,22728.0,18.31,1844345.0,ENG,United Kingdom,england_detail,2020,4,12,53,2020-12-28,2020-2022
England,2021-01-01,,3010.0,22534.0,18.28,1937254.0,ENG,United Kingdom,england_detail,2021,1,1,53,2020-12-28,2020-2022
England,2021-01-02,,3145.0,23557.0,18.07,2060341.0,ENG,United Kingdom,england_detail,2021,1,1,53,2020-12-28,2020-2022
England,2021-01-03,,3351.0,24957.0,18.11,2097944.0,ENG,United Kingdom,england_detail,2021,1,1,53,2020-12-28,2020-2022
England,2021-01-04,,3587.0,26626.0,18.17,2264180.0,ENG,United Kingdom,england_detail,2021,1,1,1,2021-01-04,2020-2022
England,2021-01-05,,3697.0,26467.0,17.84,2240825.0,ENG,United Kingdom,england_detail,2021,1,1,1,2021-01-04,2020-2022
England,2021-01-06,,3967.0,27727.0,17.41,2233170.0,ENG,United Kingdom,england_detail,2021,1,1,1,2021-01-04,2020-2022
England,2021-01-07,,3849.0,28246.0,16.77,2325519.0,ENG,United Kingdom,england_detail,2021,1,1,1,2021-01-04,2020-2022
England,2021-01-08,5597.0,3549.0,29346.0,16.17,2504542.0,ENG,United Kingdom,england_detail,2021,1,1,1,2021-01-04,2020-2022
England,2021-01-09,,3718.0,29462.0,15.67,2467780.0,ENG,United Kingdom,england_detail,2021,1,1,1,2021-01-04,2020-2022
England,2021-01-10,,3571.0,30758.0,15.21,2432063.0,ENG,United Kingdom,england_detail,2021,1,1,1,2021-01-04,2020-2022
England,2021-01-11,,3894.0,32070.0,14.82,2380391.0,ENG,United Kingdom,england_detail,2021,1,1,2,2021-01-11,2020-2022
England,2021-01-12,,4134.0,32202.0,14.48,2338292.0,ENG,United Kingdom,england_detail,2021,1,1,2,2021-01-11,2020-2022
England,2021-01-13,,3840.0,32689.0,14.39,2284784.0,ENG,United Kingdom,england_detail,2021,1,1,2,2021-01-11,2020-2022
England,2021-01-14,,3678.0,32925.0,14.25,2253039.0,ENG,United Kingdom,england_detail,2021,1,1,2,2021-01-11,2020-2022
England,2021-01-15,6767.0,3295.0,33362.0,14.17,2226486.0,ENG,United Kingdom,england_detail,2021,1,1,2,2021-01-11,2020-2022
England,2021-01-16,,3569.0,32923.0,14.05,2188168.0,ENG,United Kingdom,england_detail,2021,1,1,2,2021-01-11,2020-2022
England,2021-01-17,,3424.0,33352.0,13.97,2152593.0,ENG,United Kingdom,england_detail,2021,1,1,2,2021-01-11,2020-2022
England,2021-01-18,,3711.0,34336.0,13.99,2072753.0,ENG,United Kingdom,england_detail,2021,1,1,3,2021-01-18,2020-2022
England,2021-01-19,,3768.0,34015.0,13.9,2024561.0,ENG,United Kingdom,england_detail,2021,1,1,3,2021-01-18,2020-2022
England,2021-01-20,,3679.0,33886.0,13.64,1987125.0,ENG,United Kingdom,england_detail,2021,1,1,3,2021-01-18,2020-2022
England,2021-01-21,,3237.0,33235.0,13.29,1961875.0,ENG,United Kingdom,england_detail,2021,1,1,3,2021-01-18,2020-2022
England,2021-01-22,7956.0,3016.0,33412.0,12.89,1944732.0,ENG,United Kingdom,england_detail,2021,1,1,3,2021-01-18,2020-2022
England,2021-01-23,,2780.0,32614.0,12.59,1924002.0,ENG,United Kingdom,england_detail,2021,1,1,3,2021-01-18,2020-2022
England,2021-01-24,,2824.0,32907.0,12.21,1886708.0,ENG,United Kingdom,england_detail,2021,1,1,3,2021-01-18,2020-2022
England,2021-01-25,,2648.0,32938.0,11.85,1820014.0,ENG,United Kingdom,england_detail,2021,1,1,4,2021-01-25,2020-2022
England,2021-01-26,,2799.0,32337.0,11.43,1778168.0,ENG,United Kingdom,england_detail,2021,1,1,4,2021-01-25,2020-2022
England,2021-01-27,,2742.0,30846.0,11.0,1758730.0,ENG,United Kingdom,england_detail,2021,1,1,4,2021-01-25,2020-2022
England,2021-01-28,,2719.0,30333.0,10.54,1758504.0,ENG,United Kingdom,england_detail,2021,1,1,4,2021-01-25,2020-2022
England,2021-01-29,8063.0,2379.0,29359.0,10.1,1748487.0,ENG,United Kingdom,england_detail,2021,1,1,4,2021-01-25,2020-2022
England,2021-01-30,,2193.0,28571.0,9.81,1738373.0,ENG,United Kingdom,england_detail,2021,1,1,4,2021-01-25,2020-2022
England,2021-01-31,,2183.0,28112.0,9.68,1734570.0,ENG,United Kingdom,england_detail,2021,1,1,4,2021-01-25,2020-2022
England,2021-02-01,,2347.0,28539.0,9.38,1700581.0,ENG,United Kingdom,england_detail,2021,1,2,5,2021-02-01,2020-2022
England,2021-02-02,,2222.0,27397.0,8.93,1693183.0,ENG,United Kingdom,england_detail,2021,1,2,5,2021-02-01,2020-2022
England,2021-02-03,,2096.0,26374.0,8.5,1697791.0,ENG,United Kingdom,england_detail,2021,1,2,5,2021-02-01,2020-2022
England,2021-02-04,,1907.0,25334.0,8.18,1683337.0,ENG,United Kingdom,england_detail,2021,1,2,5,2021-02-01,2020-2022
England,2021-02-05,6990.0,1757.0,24402.0,7.77,1687656.0,ENG,United Kingdom,england_detail,2021,1,2,5,2021-02-01,2020-2022
England,2021-02-06,,1679.0,23042.0,7.41,1698198.0,ENG,United Kingdom,england_detail,2021,1,2,5,2021-02-01,2020-2022
England,2021-02-07,,1675.0,22991.0,7.15,1703480.0,ENG,United Kingdom,england_detail,2021,1,2,5,2021-02-01,2020-2022
England,2021-02-08,,1739.0,23020.0,6.88,1673334.0,ENG,United Kingdom,england_detail,2021,1,2,6,2021-02-08,2020-2022
England,2021-02-09,,1531.0,22067.0,6.6,1652931.0,ENG,United Kingdom,england_detail,2021,1,2,6,2021-02-08,2020-2022
England,2021-02-10,,1535.0,20926.0,6.29,1637248.0,ENG,United Kingdom,england_detail,2021,1,2,6,2021-02-08,2020-2022
England,2021-02-11,,1440.0,19983.0,5.99,1624991.0,ENG,United Kingdom,england_detail,2021,1,2,6,2021-02-08,2020-2022
England,2021-02-12,5464.0,1318.0,19009.0,5.76,1624180.0,ENG,United Kingdom,england_detail,2021,1,2,6,2021-02-08,2020-2022
England,2021-02-13,,1240.0,17694.0,5.58,1615497.0,ENG,United Kingdom,england_detail,2021,1,2,6,2021-02-08,2020-2022
England,2021-02-14,,1364.0,17787.0,5.44,1600515.0,ENG,United Kingdom,england_detail,2021,1,2,6,2021-02-08,2020-2022
England,2021-02-15,,1322.0,17730.0,5.42,1574224.0,ENG,United Kingdom,england_detail,2021,1,2,7,2021-02-15,2020-2022
England,2021-02-16,,1311.0,17093.0,5.36,1560594.0,ENG,United Kingdom,england_detail,2021,1,2,7,2021-02-15,2020-2022
England,2021-02-17,,1233.0,16458.0,5.25,1547436.0,ENG,United Kingdom,england_detail,2021,1,2,7,2021-02-15,2020-2022
England,2021-02-18,,1149.0,15633.0,5.17,1537120.0,ENG,United Kingdom,england_detail,2021,1,2,7,2021-02-15,2020-2022
England,2021-02-19,3891.0,1068.0,15018.0,5.04,1532624.0,ENG,United Kingdom,england_detail,2021,1,2,7,2021-02-15,2020-2022
England,2021-02-20,,904.0,14316.0,4.96,1532469.0,ENG,United Kingdom,england_detail,2021,1,2,7,2021-02-15,2020-2022
England,2021-02-21,,1008.0,14142.0,4.89,1532712.0,ENG,United Kingdom,england_detail,2021,1,2,7,2021-02-15,2020-2022
England,2021-02-22,,980.0,14137.0,4.75,1512748.0,ENG,United Kingdom,england_detail,2021,1,2,8,2021-02-22,2020-2022
England,2021-02-23,,976.0,13489.0,4.59,1498935.0,ENG,United Kingdom,england_detail,2021,1,2,8,2021-02-22,2020-2022
England,2021-02-24,,874.0,13007.0,4.4,1490854.0,ENG,United Kingdom,england_detail,2021,1,2,8,2021-02-22,2020-2022
England,2021-02-25,,832.0,12449.0,4.21,1473312.0,ENG,United Kingdom,england_detail,2021,1,2,8,2021-02-22,2020-2022
England,2021-02-26,2772.0,718.0,11781.0,3.97,1471871.0,ENG,United Kingdom,england_detail,2021,1,2,8,2021-02-22,2020-2022
England,2021-02-27,,624.0,11090.0,3.78,1465868.0,ENG,United Kingdom,england_detail,2021,1,2,8,2021-02-22,2020-2022
England,2021-02-28,,662.0,10663.0,3.59,1457129.0,ENG,United Kingdom,england_detail,2021,1,2,8,2021-02-22,2020-2022
England,2021-03-01,,704.0,10765.0,3.35,1431321.0,ENG,United Kingdom,england_detail,2021,1,3,9,2021-03-01,2020-2022
England,2021-03-02,,683.0,10121.0,3.12,1445759.0,ENG,United Kingdom,england_detail,2021,1,3,9,2021-03-01,2020-2022
England,2021-03-03,,607.0,9594.0,2.94,1447018.0,ENG,United Kingdom,england_detail,2021,1,3,9,2021-03-01,2020-2022
England,2021-03-04,,596.0,9092.0,2.78,1446081.0,ENG,United Kingdom,england_detail,2021,1,3,9,2021-03-01,2020-2022
England,2021-03-05,1994.0,487.0,8594.0,2.66,1454973.0,ENG,United Kingdom,england_detail,2021,1,3,9,2021-03-01,2020-2022
England,2021-03-06,,528.0,8021.0,2.6,1463963.0,ENG,United Kingdom,england_detail,2021,1,3,9,2021-03-01,2020-2022
England,2021-03-07,,461.0,7812.0,2.54,1468055.0,ENG,United Kingdom,england_detail,2021,1,3,9,2021-03-01,2020-2022
England,2021-03-08,,501.0,7847.0,2.52,1438268.0,ENG,United Kingdom,england_detail,2021,1,3,10,2021-03-08,2020-2022
England,2021-03-09,,483.0,7451.0,2.49,1418344.0,ENG,United Kingdom,england_detail,2021,1,3,10,2021-03-08,2020-2022
England,2021-03-10,,494.0,6975.0,2.47,1413304.0,ENG,United Kingdom,england_detail,2021,1,3,10,2021-03-08,2020-2022
England,2021-03-11,,449.0,6687.0,2.43,1409721.0,ENG,United Kingdom,england_detail,2021,1,3,10,2021-03-08,2020-2022
England,2021-03-12,1428.0,386.0,6391.0,2.4,1420125.0,ENG,United Kingdom,england_detail,2021,1,3,10,2021-03-08,2020-2022
England,2021-03-13,,385.0,6072.0,2.37,1428199.0,ENG,United Kingdom,england_detail,2021,1,3,10,2021-03-08,2020-2022
England,2021-03-14,,357.0,6039.0,2.35,1430074.0,ENG,United Kingdom,england_detail,2021,1,3,10,2021-03-08,2020-2022
England,2021-03-15,,431.0,5976.0,2.32,1428222.0,ENG,United Kingdom,england_detail,2021,1,3,11,2021-03-15,2020-2022
England,2021-03-16,,364.0,5664.0,2.24,1454756.0,ENG,United Kingdom,england_detail,2021,1,3,11,2021-03-15,2020-2022
England,2021-03-17,,343.0,5397.0,2.17,1484735.0,ENG,United Kingdom,england_detail,2021,1,3,11,2021-03-15,2020-2022
England,2021-03-18,,351.0,5083.0,2.12,1504686.0,ENG,United Kingdom,england_detail,2021,1,3,11,2021-03-15,2020-2022
England,2021-03-19,912.0,283.0,4841.0,2.07,1526815.0,ENG,United Kingdom,england_detail,2021,1,3,11,2021-03-15,2020-2022
England,2021-03-20,,287.0,4589.0,2.04,1542005.0,ENG,United Kingdom,england_detail,2021,1,3,11,2021-03-15,2020-2022
England,2021-03-21,,279.0,4492.0,2.03,1553035.0,ENG,United Kingdom,england_detail,2021,1,3,11,2021-03-15,2020-2022
England,2021-03-22,,294.0,4501.0,2.04,1544347.0,ENG,United Kingdom,england_detail,2021,1,3,12,2021-03-22,2020-2022
England,2021-03-23,,295.0,4245.0,2.05,1553160.0,ENG,United Kingdom,england_detail,2021,1,3,12,2021-03-22,2020-2022
England,2021-03-24,,277.0,4005.0,2.05,1558110.0,ENG,United Kingdom,england_detail,2021,1,3,12,2021-03-22,2020-2022
England,2021-03-25,,288.0,3763.0,2.04,1562259.0,ENG,United Kingdom,england_detail,2021,1,3,12,2021-03-22,2020-2022
England,2021-03-26,687.0,245.0,3712.0,1.99,1570833.0,ENG,United Kingdom,england_detail,2021,1,3,12,2021-03-22,2020-2022
England,2021-03-27,,217.0,3676.0,1.95,1564675.0,ENG,United Kingdom,england_detail,2021,1,3,12,2021-03-22,2020-2022
England,2021-03-28,,221.0,3438.0,1.92,1555798.0,ENG,United Kingdom,england_detail,2021,1,3,12,2021-03-22,2020-2022
England,2021-03-29,,206.0,3466.0,1.88,1514273.0,ENG,United Kingdom,england_detail,2021,1,3,13,2021-03-29,2020-2022
England,2021-03-30,,217.0,3283.0,1.82,1476241.0,ENG,United Kingdom,england_detail,2021,1,3,13,2021-03-29,2020-2022
England,2021-03-31,,225.0,3084.0,1.74,1452007.0,ENG,United Kingdom,england_detail,2021,1,3,13,2021-03-29,2020-2022
England,2021-04-01,,180.0,2928.0,1.67,1434711.0,ENG,United Kingdom,england_detail,2021,2,4,13,2021-03-29,2020-2022
England,2021-04-02,385.0,178.0,2784.0,1.64,1360765.0,ENG,United Kingdom,england_detail,2021,2,4,13,2021-03-29,2020-2022
England,2021-04-03,,179.0,2677.0,1.58,1348696.0,ENG,United Kingdom,england_detail,2021,2,4,13,2021-03-29,2020-2022
England,2021-04-04,,156.0,2672.0,1.55,1329410.0,ENG,United Kingdom,england_detail,2021,2,4,13,2021-03-29,2020-2022
England,2021-04-05,,188.0,2680.0,1.56,1194588.0,ENG,United Kingdom,england_detail,2021,2,4,14,2021-04-05,2020-2022
England,2021-04-06,,183.0,2588.0,1.47,1240014.0,ENG,United Kingdom,england_detail,2021,2,4,14,2021-04-05,2020-2022
England,2021-04-07,,189.0,2486.0,1.41,1260855.0,ENG,United Kingdom,england_detail,2021,2,4,14,2021-04-05,2020-2022
England,2021-04-08,,167.0,2382.0,1.37,1263975.0,ENG,United Kingdom,england_detail,2021,2,4,14,2021-04-05,2020-2022
England,2021-04-09,360.0,167.0,2321.0,1.29,1355377.0,ENG,United Kingdom,england_detail,2021,2,4,14,2021-04-05,2020-2022
England,2021-04-10,,151.0,2190.0,1.27,1367797.0,ENG,United Kingdom,england_detail,2021,2,4,14,2021-04-05,2020-2022
England,2021-04-11,,175.0,2096.0,1.24,1380174.0,ENG,United Kingdom,england_detail,2021,2,4,14,2021-04-05,2020-2022
England,2021-04-12,,173.0,2108.0,1.21,1427676.0,ENG,United Kingdom,england_detail,2021,2,4,15,2021-04-12,2020-2022
England,2021-04-13,,153.0,2057.0,1.17,1413292.0,ENG,United Kingdom,england_detail,2021,2,4,15,2021-04-12,2020-2022
England,2021-04-14,,156.0,1972.0,1.11,1423712.0,ENG,United Kingdom,england_detail,2021,2,4,15,2021-04-12,2020-2022
England,2021-04-15,,127.0,1885.0,1.04,1433883.0,ENG,United Kingdom,england_detail,2021,2,4,15,2021-04-12,2020-2022
England,2021-04-16,346.0,118.0,1844.0,0.98,1450524.0,ENG,United Kingdom,england_detail,2021,2,4,15,2021-04-12,2020-2022
England,2021-04-17,,135.0,1735.0,0.93,1464338.0,ENG,United Kingdom,england_detail,2021,2,4,15,2021-04-12,2020-2022
England,2021-04-18,,112.0,1691.0,0.9,1477596.0,ENG,United Kingdom,england_detail,2021,2,4,15,2021-04-12,2020-2022
England,2021-04-19,,138.0,1732.0,0.87,1483856.0,ENG,United Kingdom,england_detail,2021,2,4,16,2021-04-19,2020-2022
England,2021-04-20,,98.0,1649.0,0.85,1499167.0,ENG,United Kingdom,england_detail,2021,2,4,16,2021-04-19,2020-2022
England,2021-04-21,,126.0,1609.0,0.83,1514942.0,ENG,United Kingdom,england_detail,2021,2,4,16,2021-04-19,2020-2022
England,2021-04-22,,92.0,1523.0,0.82,1527185.0,ENG,United Kingdom,england_detail,2021,2,4,16,2021-04-19,2020-2022
England,2021-04-23,244.0,124.0,1478.0,0.79,1537399.0,ENG,United Kingdom,england_detail,2021,2,4,16,2021-04-19,2020-2022
England,2021-04-24,,99.0,1401.0,0.78,1540265.0,ENG,United Kingdom,england_detail,2021,2,4,16,2021-04-19,2020-2022
England,2021-04-25,,107.0,1377.0,0.77,1529719.0,ENG,United Kingdom,england_detail,2021,2,4,16,2021-04-19,2020-2022
England,2021-04-26,,108.0,1393.0,0.78,1503523.0,ENG,United Kingdom,england_detail,2021,2,4,17,2021-04-26,2020-2022
England,2021-04-27,,128.0,1310.0,0.77,1487933.0,ENG,United Kingdom,england_detail,2021,2,4,17,2021-04-26,2020-2022
England,2021-04-28,,89.0,1278.0,0.76,1482091.0,ENG,United Kingdom,england_detail,2021,2,4,17,2021-04-26,2020-2022
England,2021-04-29,,80.0,1235.0,0.75,1465988.0,ENG,United Kingdom,england_detail,2021,2,4,17,2021-04-26,2020-2022
England,2021-04-30,198.0,82.0,1161.0,0.75,1448930.0,ENG,United Kingdom,england_detail,2021,2,4,17,2021-04-26,2020-2022
England,2021-05-01,,68.0,1071.0,0.75,1445796.0,ENG,United Kingdom,england_detail,2021,2,5,17,2021-04-26,2020-2022
England,2021-05-02,,92.0,1082.0,0.74,1440864.0,ENG,United Kingdom,england_detail,2021,2,5,17,2021-04-26,2020-2022
England,2021-05-03,,98.0,1096.0,0.76,1316369.0,ENG,United Kingdom,england_detail,2021,2,5,18,2021-05-03,2020-2022
England,2021-05-04,,76.0,1093.0,0.75,1364435.0,ENG,United Kingdom,england_detail,2021,2,5,18,2021-05-03,2020-2022
England,2021-05-05,,96.0,1032.0,0.76,1381440.0,ENG,United Kingdom,england_detail,2021,2,5,18,2021-05-03,2020-2022
England,2021-05-06,,88.0,976.0,0.76,1390428.0,ENG,United Kingdom,england_detail,2021,2,5,18,2021-05-03,2020-2022
England,2021-05-07,124.0,77.0,973.0,0.75,1423318.0,ENG,United Kingdom,england_detail,2021,2,5,18,2021-05-03,2020-2022
England,2021-05-08,,80.0,948.0,0.75,1428988.0,ENG,United Kingdom,england_detail,2021,2,5,18,2021-05-03,2020-2022
England,2021-05-09,,76.0,933.0,0.77,1438114.0,ENG,United Kingdom,england_detail,2021,2,5,18,2021-05-03,2020-2022
England,2021-05-10,,76.0,944.0,0.78,1490891.0,ENG,United Kingdom,england_detail,2021,2,5,19,2021-05-10,2020-2022
England,2021-05-11,,79.0,921.0,0.78,1468574.0,ENG,United Kingdom,england_detail,2021,2,5,19,2021-05-10,2020-2022
England,2021-05-12,,93.0,907.0,0.77,1461077.0,ENG,United Kingdom,england_detail,2021,2,5,19,2021-05-10,2020-2022
England,2021-05-13,,74.0,845.0,0.76,1453614.0,ENG,United Kingdom,england_detail,2021,2,5,19,2021-05-10,2020-2022
England,2021-05-14,145.0,72.0,818.0,0.75,1463917.0,ENG,United Kingdom,england_detail,2021,2,5,19,2021-05-10,2020-2022
England,2021-05-15,,70.0,810.0,0.74,1481945.0,ENG,United Kingdom,england_detail,2021,2,5,19,2021-05-10,2020-2022
England,2021-05-16,,59.0,801.0,0.73,1487592.0,ENG,United Kingdom,england_detail,2021,2,5,19,2021-05-10,2020-2022
England,2021-05-17,,74.0,798.0,0.75,1479068.0,ENG,United Kingdom,england_detail,2021,2,5,20,2021-05-17,2020-2022
England,2021-05-18,,90.0,749.0,0.76,1492004.0,ENG,United Kingdom,england_detail,2021,2,5,20,2021-05-17,2020-2022
England,2021-05-19,,93.0,757.0,0.78,1513001.0,ENG,United Kingdom,england_detail,2021,2,5,20,2021-05-17,2020-2022
England,2021-05-20,,98.0,749.0,0.8,1536293.0,ENG,United Kingdom,england_detail,2021,2,5,20,2021-05-17,2020-2022
England,2021-05-21,100.0,85.0,766.0,0.8,1554200.0,ENG,United Kingdom,england_detail,2021,2,5,20,2021-05-17,2020-2022
England,2021-05-22,,75.0,730.0,0.81,1567023.0,ENG,United Kingdom,england_detail,2021,2,5,20,2021-05-17,2020-2022
England,2021-05-23,,77.0,756.0,0.83,1573545.0,ENG,United Kingdom,england_detail,2021,2,5,20,2021-05-17,2020-2022
England,2021-05-24,,98.0,797.0,0.86,1571262.0,ENG,United Kingdom,england_detail,2021,2,5,21,2021-05-24,2020-2022
England,2021-05-25,,88.0,765.0,0.88,1603712.0,ENG,United Kingdom,england_detail,2021,2,5,21,2021-05-24,2020-2022
England,2021-05-26,,95.0,745.0,0.9,1651228.0,ENG,United Kingdom,england_detail,2021,2,5,21,2021-05-24,2020-2022
England,2021-05-27,,83.0,742.0,0.94,1692099.0,ENG,United Kingdom,england_detail,2021,2,5,21,2021-05-24,2020-2022
England,2021-05-28,92.0,92.0,743.0,0.99,1711169.0,ENG,United Kingdom,england_detail,2021,2,5,21,2021-05-24,2020-2022
England,2021-05-29,,69.0,748.0,1.04,1712307.0,ENG,United Kingdom,england_detail,2021,2,5,21,2021-05-24,2020-2022
England,2021-05-30,,80.0,755.0,1.1,1703357.0,ENG,United Kingdom,england_detail,2021,2,5,21,2021-05-24,2020-2022
England,2021-05-31,,98.0,773.0,1.22,1563233.0,ENG,United Kingdom,england_detail,2021,2,5,22,2021-05-31,2020-2022
England,2021-06-01,,115.0,776.0,1.32,1568224.0,ENG,United Kingdom,england_detail,2021,2,6,22,2021-05-31,2020-2022
England,2021-06-02,,101.0,801.0,1.45,1556101.0,ENG,United Kingdom,england_detail,2021,2,6,22,2021-05-31,2020-2022
England,2021-06-03,,93.0,779.0,1.6,1538070.0,ENG,United Kingdom,england_detail,2021,2,6,22,2021-05-31,2020-2022
England,2021-06-04,96.0,96.0,805.0,1.7,1563642.0,ENG,United Kingdom,england_detail,2021,2,6,22,2021-05-31,2020-2022
England,2021-06-05,,96.0,782.0,1.77,1588381.0,ENG,United Kingdom,england_detail,2021,2,6,22,2021-05-31,2020-2022
England,2021-06-06,,121.0,807.0,1.84,1615846.0,ENG,United Kingdom,england_detail,2021,2,6,22,2021-05-31,2020-2022
England,2021-06-07,,131.0,860.0,1.96,1703044.0,ENG,United Kingdom,england_detail,2021,2,6,23,2021-06-07,2020-2022
England,2021-06-08,,147.0,879.0,2.06,1719076.0,ENG,United Kingdom,england_detail,2021,2,6,23,2021-06-07,2020-2022
England,2021-06-09,,158.0,876.0,2.14,1740740.0,ENG,United Kingdom,england_detail,2021,2,6,23,2021-06-07,2020-2022
England,2021-06-10,,162.0,906.0,2.21,1758183.0,ENG,United Kingdom,england_detail,2021,2,6,23,2021-06-07,2020-2022
England,2021-06-11,83.0,144.0,884.0,2.27,1779504.0,ENG,United Kingdom,england_detail,2021,2,6,23,2021-06-07,2020-2022
England,2021-06-12,,137.0,915.0,2.33,1787589.0,ENG,United Kingdom,england_detail,2021,2,6,23,2021-06-07,2020-2022
England,2021-06-13,,187.0,947.0,2.4,1782365.0,ENG,United Kingdom,england_detail,2021,2,6,23,2021-06-07,2020-2022
England,2021-06-14,,185.0,993.0,2.53,1778813.0,ENG,United Kingdom,england_detail,2021,2,6,24,2021-06-14,2020-2022
England,2021-06-15,,188.0,1030.0,2.66,1802185.0,ENG,United Kingdom,england_detail,2021,2,6,24,2021-06-14,2020-2022
England,2021-06-16,,177.0,1057.0,2.74,1836707.0,ENG,United Kingdom,england_detail,2021,2,6,24,2021-06-14,2020-2022
England,2021-06-17,,202.0,1122.0,2.82,1877719.0,ENG,United Kingdom,england_detail,2021,2,6,24,2021-06-14,2020-2022
England,2021-06-18,102.0,185.0,1170.0,2.88,1924101.0,ENG,United Kingdom,england_detail,2021,2,6,24,2021-06-14,2020-2022
England,2021-06-19,,178.0,1143.0,2.93,1949525.0,ENG,United Kingdom,england_detail,2021,2,6,24,2021-06-14,2020-2022
England,2021-06-20,,171.0,1168.0,3.01,1973244.0,ENG,United Kingdom,england_detail,2021,2,6,24,2021-06-14,2020-2022
England,2021-06-21,,181.0,1290.0,3.19,1982209.0,ENG,United Kingdom,england_detail,2021,2,6,25,2021-06-21,2020-2022
England,2021-06-22,,182.0,1301.0,3.35,2008939.0,ENG,United Kingdom,england_detail,2021,2,6,25,2021-06-21,2020-2022
England,2021-06-23,,214.0,1255.0,3.56,2039876.0,ENG,United Kingdom,england_detail,2021,2,6,25,2021-06-21,2020-2022
England,2021-06-24,,194.0,1274.0,3.79,2059139.0,ENG,United Kingdom,england_detail,2021,2,6,25,2021-06-21,2020-2022
England,2021-06-25,97.0,206.0,1284.0,4.02,2090979.0,ENG,United Kingdom,england_detail,2021,2,6,25,2021-06-21,2020-2022
England,2021-06-26,,223.0,1276.0,4.25,2117544.0,ENG,United Kingdom,england_detail,2021,2,6,25,2021-06-21,2020-2022
England,2021-06-27,,226.0,1331.0,4.51,2134800.0,ENG,United Kingdom,england_detail,2021,2,6,25,2021-06-21,2020-2022
England,2021-06-28,,244.0,1465.0,4.96,2157859.0,ENG,United Kingdom,england_detail,2021,2,6,26,2021-06-28,2020-2022
England,2021-06-29,,283.0,1445.0,5.3,2208858.0,ENG,United Kingdom,england_detail,2021,2,6,26,2021-06-28,2020-2022
England,2021-06-30,,331.0,1500.0,5.57,2263442.0,ENG,United Kingdom,england_detail,2021,2,6,26,2021-06-28,2020-2022
England,2021-07-01,,295.0,1560.0,5.82,2328535.0,ENG,United Kingdom,england_detail,2021,3,7,26,2021-06-28,2020-2022
England,2021-07-02,106.0,307.0,1611.0,6.02,2379200.0,ENG,United Kingdom,england_detail,2021,3,7,26,2021-06-28,2020-2022
England,2021-07-03,,323.0,1636.0,6.19,2427305.0,ENG,United Kingdom,england_detail,2021,3,7,26,2021-06-28,2020-2022
England,2021-07-04,,390.0,1744.0,6.36,2453530.0,ENG,United Kingdom,england_detail,2021,3,7,26,2021-06-28,2020-2022
England,2021-07-05,,416.0,1888.0,6.63,2455720.0,ENG,United Kingdom,england_detail,2021,3,7,27,2021-07-05,2020-2022
England,2021-07-06,,458.0,1998.0,6.9,2487295.0,ENG,United Kingdom,england_detail,2021,3,7,27,2021-07-05,2020-2022
England,2021-07-07,,461.0,2144.0,7.26,2519614.0,ENG,United Kingdom,england_detail,2021,3,7,27,2021-07-05,2020-2022
England,2021-07-08,,488.0,2209.0,7.51,2515839.0,ENG,United Kingdom,england_detail,2021,3,7,27,2021-07-05,2020-2022
England,2021-07-09,176.0,451.0,2352.0,7.72,2537615.0,ENG,United Kingdom,england_detail,2021,3,7,27,2021-07-05,2020-2022
England,2021-07-10,,442.0,2429.0,7.92,2538106.0,ENG,United Kingdom,england_detail,2021,3,7,27,2021-07-05,2020-2022
England,2021-07-11,,502.0,2564.0,8.17,2533799.0,ENG,United Kingdom,england_detail,2021,3,7,27,2021-07-05,2020-2022
England,2021-07-12,,610.0,2798.0,8.64,2504923.0,ENG,United Kingdom,england_detail,2021,3,7,28,2021-07-12,2020-2022
England,2021-07-13,,621.0,2970.0,9.07,2501729.0,ENG,United Kingdom,england_detail,2021,3,7,28,2021-07-12,2020-2022
England,2021-07-14,,636.0,3110.0,9.52,2532293.0,ENG,United Kingdom,england_detail,2021,3,7,28,2021-07-12,2020-2022
England,2021-07-15,,658.0,3241.0,10.32,2597632.0,ENG,United Kingdom,england_detail,2021,3,7,28,2021-07-12,2020-2022
England,2021-07-16,213.0,593.0,3367.0,10.92,2667039.0,ENG,United Kingdom,england_detail,2021,3,7,28,2021-07-12,2020-2022
England,2021-07-17,,622.0,3442.0,11.19,2692753.0,ENG,United Kingdom,england_detail,2021,3,7,28,2021-07-12,2020-2022
England,2021-07-18,,698.0,3546.0,11.32,2708224.0,ENG,United Kingdom,england_detail,2021,3,7,28,2021-07-12,2020-2022
England,2021-07-19,,752.0,3813.0,11.63,2683682.0,ENG,United Kingdom,england_detail,2021,3,7,29,2021-07-19,2020-2022
England,2021-07-20,,805.0,3894.0,11.58,2656008.0,ENG,United Kingdom,england_detail,2021,3,7,29,2021-07-19,2020-2022
England,2021-07-21,,783.0,4063.0,11.2,2612065.0,ENG,United Kingdom,england_detail,2021,3,7,29,2021-07-19,2020-2022
England,2021-07-22,,827.0,4230.0,10.48,2531335.0,ENG,United Kingdom,england_detail,2021,3,7,29,2021-07-19,2020-2022
England,2021-07-23,308.0,725.0,4401.0,9.75,2451828.0,ENG,United Kingdom,england_detail,2021,3,7,29,2021-07-19,2020-2022
England,2021-07-24,,734.0,4476.0,9.31,2412508.0,ENG,United Kingdom,england_detail,2021,3,7,29,2021-07-19,2020-2022
England,2021-07-25,,836.0,4725.0,8.94,2379829.0,ENG,United Kingdom,england_detail,2021,3,7,29,2021-07-19,2020-2022
England,2021-07-26,,830.0,5055.0,8.5,2298665.0,ENG,United Kingdom,england_detail,2021,3,7,30,2021-07-26,2020-2022
England,2021-07-27,,816.0,5163.0,8.19,2255234.0,ENG,United Kingdom,england_detail,2021,3,7,30,2021-07-26,2020-2022
England,2021-07-28,,728.0,5182.0,8.03,2225070.0,ENG,United Kingdom,england_detail,2021,3,7,30,2021-07-26,2020-2022
England,2021-07-29,,758.0,5056.0,7.94,2206117.0,ENG,United Kingdom,england_detail,2021,3,7,30,2021-07-26,2020-2022
England,2021-07-30,389.0,650.0,5111.0,7.81,2199684.0,ENG,United Kingdom,england_detail,2021,3,7,30,2021-07-26,2020-2022
England,2021-07-31,,593.0,5057.0,7.74,2188820.0,ENG,United Kingdom,england_detail,2021,3,7,30,2021-07-26,2020-2022
England,2021-08-01,,645.0,5090.0,7.71,2178359.0,ENG,United Kingdom,england_detail,2021,3,8,30,2021-07-26,2020-2022
England,2021-08-02,,686.0,5309.0,7.78,2153223.0,ENG,United Kingdom,england_detail,2021,3,8,31,2021-08-02,2020-2022
England,2021-08-03,,680.0,5116.0,7.82,2153793.0,ENG,United Kingdom,england_detail,2021,3,8,31,2021-08-02,2020-2022
England,2021-08-04,,747.0,4944.0,7.87,2159164.0,ENG,United Kingdom,england_detail,2021,3,8,31,2021-08-02,2020-2022
England,2021-08-05,,693.0,4894.0,7.96,2163430.0,ENG,United Kingdom,england_detail,2021,3,8,31,2021-08-02,2020-2022
England,2021-08-06,502.0,657.0,4879.0,8.02,2180783.0,ENG,United Kingdom,england_detail,2021,3,8,31,2021-08-02,2020-2022
England,2021-08-07,,630.0,4817.0,8.03,2194141.0,ENG,United Kingdom,england_detail,2021,3,8,31,2021-08-02,2020-2022
England,2021-08-08,,651.0,4939.0,8.05,2205699.0,ENG,United Kingdom,england_detail,2021,3,8,31,2021-08-02,2020-2022
England,2021-08-09,,665.0,5098.0,8.18,2193586.0,ENG,United Kingdom,england_detail,2021,3,8,32,2021-08-09,2020-2022
England,2021-08-10,,760.0,5096.0,8.15,2208903.0,ENG,United Kingdom,england_detail,2021,3,8,32,2021-08-09,2020-2022
England,2021-08-11,,747.0,5073.0,8.13,2220437.0,ENG,United Kingdom,england_detail,2021,3,8,32,2021-08-09,2020-2022
England,2021-08-12,,758.0,5029.0,8.1,2226486.0,ENG,United Kingdom,england_detail,2021,3,8,32,2021-08-09,2020-2022
England,2021-08-13,550.0,694.0,5076.0,8.05,2244154.0,ENG,United Kingdom,england_detail,2021,3,8,32,2021-08-09,2020-2022
England,2021-08-14,,689.0,4973.0,8.06,2261623.0,ENG,United Kingdom,england_detail,2021,3,8,32,2021-08-09,2020-2022
England,2021-08-15,,719.0,5115.0,8.08,2270322.0,ENG,United Kingdom,england_detail,2021,3,8,32,2021-08-09,2020-2022
England,2021-08-16,,776.0,5429.0,8.18,2272591.0,ENG,United Kingdom,england_detail,2021,3,8,33,2021-08-16,2020-2022
England,2021-08-17,,832.0,5437.0,8.27,2293798.0,ENG,United Kingdom,england_detail,2021,3,8,33,2021-08-16,2020-2022
England,2021-08-18,,795.0,5514.0,8.3,2314908.0,ENG,United Kingdom,england_detail,2021,3,8,33,2021-08-16,2020-2022
England,2021-08-19,,824.0,5554.0,8.3,2332523.0,ENG,United Kingdom,england_detail,2021,3,8,33,2021-08-16,2020-2022
England,2021-08-20,551.0,733.0,5576.0,8.25,2350439.0,ENG,United Kingdom,england_detail,2021,3,8,33,2021-08-16,2020-2022
England,2021-08-21,,757.0,5575.0,8.26,2364557.0,ENG,United Kingdom,england_detail,2021,3,8,33,2021-08-16,2020-2022
England,2021-08-22,,726.0,5749.0,8.28,2373937.0,ENG,United Kingdom,england_detail,2021,3,8,33,2021-08-16,2020-2022
England,2021-08-23,,831.0,6000.0,8.32,2362251.0,ENG,United Kingdom,england_detail,2021,3,8,34,2021-08-23,2020-2022
England,2021-08-24,,818.0,5911.0,8.21,2364468.0,ENG,United Kingdom,england_detail,2021,3,8,34,2021-08-23,2020-2022
England,2021-08-25,,843.0,5922.0,8.06,2366023.0,ENG,United Kingdom,england_detail,2021,3,8,34,2021-08-23,2020-2022
England,2021-08-26,,777.0,5893.0,7.95,2364120.0,ENG,United Kingdom,england_detail,2021,3,8,34,2021-08-23,2020-2022
England,2021-08-27,649.0,749.0,5889.0,7.89,2366851.0,ENG,United Kingdom,england_detail,2021,3,8,34,2021-08-23,2020-2022
England,2021-08-28,,688.0,5756.0,7.73,2381484.0,ENG,United Kingdom,england_detail,2021,3,8,34,2021-08-23,2020-2022
England,2021-08-29,,701.0,5855.0,7.61,2375186.0,ENG,United Kingdom,england_detail,2021,3,8,34,2021-08-23,2020-2022
England,2021-08-30,,808.0,6002.0,7.65,2269558.0,ENG,United Kingdom,england_detail,2021,3,8,35,2021-08-30,2020-2022
England,2021-08-31,,798.0,6293.0,7.62,2347215.0,ENG,United Kingdom,england_detail,2021,3,8,35,2021-08-30,2020-2022
England,2021-09-01,,835.0,6236.0,7.55,2415592.0,ENG,United Kingdom,england_detail,2021,3,9,35,2021-08-30,2020-2022
England,2021-09-02,,788.0,6186.0,7.53,2475585.0,ENG,United Kingdom,england_detail,2021,3,9,35,2021-08-30,2020-2022
England,2021-09-03,632.0,688.0,6195.0,7.53,2537122.0,ENG,United Kingdom,england_detail,2021,3,9,35,2021-08-30,2020-2022
England,2021-09-04,,752.0,6043.0,7.59,2560166.0,ENG,United Kingdom,england_detail,2021,3,9,35,2021-08-30,2020-2022
England,2021-09-05,,691.0,6167.0,7.67,2585361.0,ENG,United Kingdom,england_detail,2021,3,9,35,2021-08-30,2020-2022
England,2021-09-06,,831.0,6375.0,7.81,2662092.0,ENG,United Kingdom,england_detail,2021,3,9,36,2021-09-06,2020-2022
England,2021-09-07,,801.0,6244.0,7.76,2606072.0,ENG,United Kingdom,england_detail,2021,3,9,36,2021-09-06,2020-2022
England,2021-09-08,,900.0,6302.0,7.66,2562669.0,ENG,United Kingdom,england_detail,2021,3,9,36,2021-09-06,2020-2022
England,2021-09-09,,790.0,6254.0,7.52,2529307.0,ENG,United Kingdom,england_detail,2021,3,9,36,2021-09-06,2020-2022
England,2021-09-10,786.0,680.0,6400.0,7.26,2510563.0,ENG,United Kingdom,england_detail,2021,3,9,36,2021-09-06,2020-2022
England,2021-09-11,,649.0,6206.0,7.03,2498963.0,ENG,United Kingdom,england_detail,2021,3,9,36,2021-09-06,2020-2022
England,2021-09-12,,658.0,6253.0,6.8,2494105.0,ENG,United Kingdom,england_detail,2021,3,9,36,2021-09-06,2020-2022
England,2021-09-13,,688.0,6424.0,6.5,2495484.0,ENG,United Kingdom,england_detail,2021,3,9,37,2021-09-13,2020-2022
England,2021-09-14,,701.0,6344.0,6.22,2523235.0,ENG,United Kingdom,england_detail,2021,3,9,37,2021-09-13,2020-2022
England,2021-09-15,,691.0,6306.0,5.99,2562571.0,ENG,United Kingdom,england_detail,2021,3,9,37,2021-09-13,2020-2022
England,2021-09-16,,672.0,6081.0,5.85,2584047.0,ENG,United Kingdom,england_detail,2021,3,9,37,2021-09-13,2020-2022
England,2021-09-17,783.0,540.0,5910.0,5.83,2609734.0,ENG,United Kingdom,england_detail,2021,3,9,37,2021-09-13,2020-2022
England,2021-09-18,,560.0,5688.0,5.91,2632839.0,ENG,United Kingdom,england_detail,2021,3,9,37,2021-09-13,2020-2022
England,2021-09-19,,572.0,5695.0,6.04,2662929.0,ENG,United Kingdom,england_detail,2021,3,9,37,2021-09-13,2020-2022
England,2021-09-20,,606.0,5727.0,6.21,2702232.0,ENG,United Kingdom,england_detail,2021,3,9,38,2021-09-20,2020-2022
England,2021-09-21,,602.0,5543.0,6.4,2753723.0,ENG,United Kingdom,england_detail,2021,3,9,38,2021-09-20,2020-2022
England,2021-09-22,,572.0,5406.0,6.52,2791151.0,ENG,United Kingdom,england_detail,2021,3,9,38,2021-09-20,2020-2022
England,2021-09-23,,577.0,5214.0,6.67,2819486.0,ENG,United Kingdom,england_detail,2021,3,9,38,2021-09-20,2020-2022
England,2021-09-24,799.0,557.0,5036.0,6.72,2852370.0,ENG,United Kingdom,england_detail,2021,3,9,38,2021-09-20,2020-2022
England,2021-09-25,,520.0,5100.0,6.76,2872343.0,ENG,United Kingdom,england_detail,2021,3,9,38,2021-09-20,2020-2022
England,2021-09-26,,535.0,4949.0,6.79,2886760.0,ENG,United Kingdom,england_detail,2021,3,9,38,2021-09-20,2020-2022
England,2021-09-27,,617.0,5121.0,6.93,2872640.0,ENG,United Kingdom,england_detail,2021,3,9,39,2021-09-27,2020-2022
England,2021-09-28,,596.0,5126.0,6.92,2864177.0,ENG,United Kingdom,england_detail,2021,3,9,39,2021-09-27,2020-2022
England,2021-09-29,,625.0,5017.0,6.95,2855084.0,ENG,United Kingdom,england_detail,2021,3,9,39,2021-09-27,2020-2022
England,2021-09-30,,552.0,4916.0,6.93,2842901.0,ENG,United Kingdom,england_detail,2021,3,9,39,2021-09-27,2020-2022
England,2021-10-01,715.0,520.0,4799.0,6.9,2834703.0,ENG,United Kingdom,england_detail,2021,4,10,39,2021-09-27,2020-2022
England,2021-10-02,,549.0,4652.0,6.87,2825883.0,ENG,United Kingdom,england_detail,2021,4,10,39,2021-09-27,2020-2022
England,2021-10-03,,577.0,4778.0,6.93,2808828.0,ENG,United Kingdom,england_detail,2021,4,10,39,2021-09-27,2020-2022
England,2021-10-04,,627.0,4909.0,7.11,2767689.0,ENG,United Kingdom,england_detail,2021,4,10,40,2021-10-04,2020-2022
England,2021-10-05,,658.0,5006.0,7.26,2747466.0,ENG,United Kingdom,england_detail,2021,4,10,40,2021-10-04,2020-2022
England,2021-10-06,,632.0,5009.0,7.39,2750599.0,ENG,United Kingdom,england_detail,2021,4,10,40,2021-10-04,2020-2022
England,2021-10-07,,634.0,4962.0,7.56,2758633.0,ENG,United Kingdom,england_detail,2021,4,10,40,2021-10-04,2020-2022
England,2021-10-08,582.0,619.0,4975.0,7.72,2771062.0,ENG,United Kingdom,england_detail,2021,4,10,40,2021-10-04,2020-2022
England,2021-10-09,,613.0,4921.0,7.88,2782366.0,ENG,United Kingdom,england_detail,2021,4,10,40,2021-10-04,2020-2022
England,2021-10-10,,606.0,5077.0,7.99,2792462.0,ENG,United Kingdom,england_detail,2021,4,10,40,2021-10-04,2020-2022
England,2021-10-11,,685.0,5206.0,8.19,2797554.0,ENG,United Kingdom,england_detail,2021,4,10,41,2021-10-11,2020-2022
England,2021-10-12,,760.0,5213.0,8.44,2813386.0,ENG,United Kingdom,england_detail,2021,4,10,41,2021-10-11,2020-2022
England,2021-10-13,,752.0,5246.0,8.67,2832762.0,ENG,United Kingdom,england_detail,2021,4,10,41,2021-10-11,2020-2022
England,2021-10-14,,730.0,5289.0,8.88,2849738.0,ENG,United Kingdom,england_detail,2021,4,10,41,2021-10-11,2020-2022
England,2021-10-15,640.0,752.0,5363.0,9.06,2868020.0,ENG,United Kingdom,england_detail,2021,4,10,41,2021-10-11,2020-2022
England,2021-10-16,,743.0,5385.0,9.15,2888351.0,ENG,United Kingdom,england_detail,2021,4,10,41,2021-10-11,2020-2022
England,2021-10-17,,828.0,5623.0,9.29,2909992.0,ENG,United Kingdom,england_detail,2021,4,10,41,2021-10-11,2020-2022
England,2021-10-18,,896.0,5938.0,9.54,2909722.0,ENG,United Kingdom,england_detail,2021,4,10,42,2021-10-18,2020-2022
England,2021-10-19,,894.0,6099.0,9.65,2919131.0,ENG,United Kingdom,england_detail,2021,4,10,42,2021-10-18,2020-2022
England,2021-10-20,,903.0,6299.0,9.74,2930852.0,ENG,United Kingdom,england_detail,2021,4,10,42,2021-10-18,2020-2022
England,2021-10-21,,799.0,6366.0,9.72,2929156.0,ENG,United Kingdom,england_detail,2021,4,10,42,2021-10-18,2020-2022
England,2021-10-22,708.0,760.0,6405.0,9.65,2927788.0,ENG,United Kingdom,england_detail,2021,4,10,42,2021-10-18,2020-2022
England,2021-10-23,,756.0,6386.0,9.61,2927498.0,ENG,United Kingdom,england_detail,2021,4,10,42,2021-10-18,2020-2022
England,2021-10-24,,829.0,6515.0,9.5,2905879.0,ENG,United Kingdom,england_detail,2021,4,10,42,2021-10-18,2020-2022
England,2021-10-25,,865.0,6801.0,9.41,2829805.0,ENG,United Kingdom,england_detail,2021,4,10,43,2021-10-25,2020-2022
England,2021-10-26,,911.0,6883.0,9.35,2748543.0,ENG,United Kingdom,england_detail,2021,4,10,43,2021-10-25,2020-2022
England,2021-10-27,,955.0,6951.0,9.33,2677855.0,ENG,United Kingdom,england_detail,2021,4,10,43,2021-10-25,2020-2022
England,2021-10-28,,888.0,7019.0,9.35,2627843.0,ENG,United Kingdom,england_detail,2021,4,10,43,2021-10-25,2020-2022
England,2021-10-29,777.0,840.0,7113.0,9.39,2607586.0,ENG,United Kingdom,england_detail,2021,4,10,43,2021-10-25,2020-2022
England,2021-10-30,,741.0,7155.0,9.4,2591154.0,ENG,United Kingdom,england_detail,2021,4,10,43,2021-10-25,2020-2022
England,2021-10-31,,860.0,7311.0,9.37,2582927.0,ENG,United Kingdom,england_detail,2021,4,10,43,2021-10-25,2020-2022
England,2021-11-01,,899.0,7535.0,9.4,2557246.0,ENG,United Kingdom,england_detail,2021,4,11,44,2021-11-01,2020-2022
England,2021-11-02,,891.0,7510.0,9.25,2561273.0,ENG,United Kingdom,england_detail,2021,4,11,44,2021-11-01,2020-2022
England,2021-11-03,,807.0,7291.0,9.01,2551695.0,ENG,United Kingdom,england_detail,2021,4,11,44,2021-11-01,2020-2022
England,2021-11-04,,717.0,7201.0,8.78,2530054.0,ENG,United Kingdom,england_detail,2021,4,11,44,2021-11-01,2020-2022
England,2021-11-05,892.0,686.0,7072.0,8.5,2495820.0,ENG,United Kingdom,england_detail,2021,4,11,44,2021-11-01,2020-2022
England,2021-11-06,,688.0,6874.0,8.35,2467513.0,ENG,United Kingdom,england_detail,2021,4,11,44,2021-11-01,2020-2022
England,2021-11-07,,739.0,6910.0,8.3,2430340.0,ENG,United Kingdom,england_detail,2021,4,11,44,2021-11-01,2020-2022
England,2021-11-08,,850.0,7075.0,8.38,2377003.0,ENG,United Kingdom,england_detail,2021,4,11,45,2021-11-08,2020-2022
England,2021-11-09,,808.0,7053.0,8.54,2360519.0,ENG,United Kingdom,england_detail,2021,4,11,45,2021-11-08,2020-2022
England,2021-11-10,,821.0,6961.0,8.7,2373237.0,ENG,United Kingdom,england_detail,2021,4,11,45,2021-11-08,2020-2022
England,2021-11-11,,797.0,6861.0,8.87,2396547.0,ENG,United Kingdom,england_detail,2021,4,11,45,2021-11-08,2020-2022
England,2021-11-12,943.0,729.0,6777.0,9.01,2432943.0,ENG,United Kingdom,england_detail,2021,4,11,45,2021-11-08,2020-2022
England,2021-11-13,,655.0,6639.0,9.11,2461241.0,ENG,United Kingdom,england_detail,2021,4,11,45,2021-11-08,2020-2022
England,2021-11-14,,678.0,6707.0,9.18,2479347.0,ENG,United Kingdom,england_detail,2021,4,11,45,2021-11-08,2020-2022
England,2021-11-15,,695.0,6864.0,9.39,2496330.0,ENG,United Kingdom,england_detail,2021,4,11,46,2021-11-15,2020-2022
England,2021-11-16,,713.0,6623.0,9.43,2532498.0,ENG,United Kingdom,england_detail,2021,4,11,46,2021-11-15,2020-2022
England,2021-11-17,,727.0,6412.0,9.46,2558395.0,ENG,United Kingdom,england_detail,2021,4,11,46,2021-11-15,2020-2022
England,2021-11-18,,697.0,6336.0,9.52,2580751.0,ENG,United Kingdom,england_detail,2021,4,11,46,2021-11-15,2020-2022
England,2021-11-19,865.0,637.0,6310.0,9.52,2597098.0,ENG,United Kingdom,england_detail,2021,4,11,46,2021-11-15,2020-2022
England,2021-11-20,,611.0,6191.0,9.54,2617898.0,ENG,United Kingdom,england_detail,2021,4,11,46,2021-11-15,2020-2022
England,2021-11-21,,648.0,6322.0,9.55,2640081.0,ENG,United Kingdom,england_detail,2021,4,11,46,2021-11-15,2020-2022
England,2021-11-22,,602.0,6424.0,9.6,2635719.0,ENG,United Kingdom,england_detail,2021,4,11,47,2021-11-22,2020-2022
England,2021-11-23,,659.0,6257.0,9.64,2654367.0,ENG,United Kingdom,england_detail,2021,4,11,47,2021-11-22,2020-2022
England,2021-11-24,,752.0,6062.0,9.6,2683516.0,ENG,United Kingdom,england_detail,2021,4,11,47,2021-11-22,2020-2022
England,2021-11-25,,650.0,6068.0,9.53,2703334.0,ENG,United Kingdom,england_detail,2021,4,11,47,2021-11-22,2020-2022
England,2021-11-26,738.0,620.0,5992.0,9.46,2725733.0,ENG,United Kingdom,england_detail,2021,4,11,47,2021-11-22,2020-2022
England,2021-11-27,,609.0,5852.0,9.4,2722941.0,ENG,United Kingdom,england_detail,2021,4,11,47,2021-11-22,2020-2022
England,2021-11-28,,607.0,5890.0,9.39,2739342.0,ENG,United Kingdom,england_detail,2021,4,11,47,2021-11-22,2020-2022
England,2021-11-29,,669.0,6094.0,9.45,2772371.0,ENG,United Kingdom,england_detail,2021,4,11,48,2021-11-29,2020-2022
England,2021-11-30,,699.0,6123.0,9.46,2842009.0,ENG,United Kingdom,england_detail,2021,4,11,48,2021-11-29,2020-2022
England,2021-12-01,,698.0,5829.0,9.48,2916269.0,ENG,United Kingdom,england_detail,2021,4,12,48,2021-11-29,2020-2022
England,2021-12-02,,719.0,5915.0,9.48,2978964.0,ENG,United Kingdom,england_detail,2021,4,12,48,2021-11-29,2020-2022
England,2021-12-03,729.0,624.0,5851.0,9.46,3047149.0,ENG,United Kingdom,england_detail,2021,4,12,48,2021-11-29,2020-2022
England,2021-12-04,,635.0,5784.0,9.49,3096469.0,ENG,United Kingdom,england_detail,2021,4,12,48,2021-11-29,2020-2022
England,2021-12-05,,728.0,5903.0,9.53,3108193.0,ENG,United Kingdom,england_detail,2021,4,12,48,2021-11-29,2020-2022
England,2021-12-06,,736.0,5992.0,9.6,3119092.0,ENG,United Kingdom,england_detail,2021,4,12,49,2021-12-06,2020-2022
England,2021-12-07,,799.0,6027.0,9.68,3100604.0,ENG,United Kingdom,england_detail,2021,4,12,49,2021-12-06,2020-2022
England,2021-12-08,,754.0,6053.0,9.79,3094015.0,ENG,United Kingdom,england_detail,2021,4,12,49,2021-12-06,2020-2022
England,2021-12-09,,799.0,6130.0,9.88,3116682.0,ENG,United Kingdom,england_detail,2021,4,12,49,2021-12-06,2020-2022
England,2021-12-10,708.0,707.0,6088.0,9.98,3142853.0,ENG,United Kingdom,england_detail,2021,4,12,49,2021-12-06,2020-2022
England,2021-12-11,,696.0,6095.0,10.13,3172668.0,ENG,United Kingdom,england_detail,2021,4,12,49,2021-12-06,2020-2022
England,2021-12-12,,772.0,6223.0,10.32,3203379.0,ENG,United Kingdom,england_detail,2021,4,12,49,2021-12-06,2020-2022
England,2021-12-13,,794.0,6395.0,10.9,3232490.0,ENG,United Kingdom,england_detail,2021,4,12,50,2021-12-13,2020-2022
England,2021-12-14,,815.0,6434.0,11.81,3305446.0,ENG,United Kingdom,england_detail,2021,4,12,50,2021-12-13,2020-2022
England,2021-12-15,,805.0,6358.0,12.92,3411766.0,ENG,United Kingdom,england_detail,2021,4,12,50,2021-12-13,2020-2022
England,2021-12-16,,777.0,6405.0,13.83,3514424.0,ENG,United Kingdom,england_detail,2021,4,12,50,2021-12-13,2020-2022
England,2021-12-17,702.0,743.0,6321.0,14.55,3612935.0,ENG,United Kingdom,england_detail,2021,4,12,50,2021-12-13,2020-2022
England,2021-12-18,,735.0,6287.0,15.2,3698838.0,ENG,United Kingdom,england_detail,2021,4,12,50,2021-12-13,2020-2022
England,2021-12-19,,926.0,6434.0,15.86,3749725.0,ENG,United Kingdom,england_detail,2021,4,12,50,2021-12-13,2020-2022
England,2021-12-20,,1061.0,6688.0,16.98,3770218.0,ENG,United Kingdom,england_detail,2021,4,12,51,2021-12-20,2020-2022
England,2021-12-21,,1098.0,6902.0,17.96,3805958.0,ENG,United Kingdom,england_detail,2021,4,12,51,2021-12-20,2020-2022
England,2021-12-22,,1246.0,7080.0,18.85,3828256.0,ENG,United Kingdom,england_detail,2021,4,12,51,2021-12-20,2020-2022
England,2021-12-23,,1252.0,7114.0,20.04,3825486.0,ENG,United Kingdom,england_detail,2021,4,12,51,2021-12-20,2020-2022
England,2021-12-24,797.0,1020.0,7366.0,21.45,3722016.0,ENG,United Kingdom,england_detail,2021,4,12,51,2021-12-20,2020-2022
England,2021-12-25,,1281.0,7166.0,22.18,3471173.0,ENG,United Kingdom,england_detail,2021,4,12,51,2021-12-20,2020-2022
England,2021-12-26,,1374.0,7536.0,23.22,3364658.0,ENG,United Kingdom,england_detail,2021,4,12,51,2021-12-20,2020-2022
England,2021-12-27,,1751.0,8474.0,25.66,3171060.0,ENG,United Kingdom,england_detail,2021,4,12,52,2021-12-27,2020-2022
England,2021-12-28,,2082.0,9546.0,27.72,3039577.0,ENG,United Kingdom,england_detail,2021,4,12,52,2021-12-27,2020-2022
England,2021-12-29,,2370.0,10462.0,29.73,3105621.0,ENG,United Kingdom,england_detail,2021,4,12,52,2021-12-27,2020-2022
England,2021-12-30,,2114.0,11452.0,31.02,3130004.0,ENG,United Kingdom,england_detail,2021,4,12,52,2021-12-27,2020-2022
England,2021-12-31,557.0,1781.0,12395.0,31.35,3191046.0,ENG,United Kingdom,england_detail,2021,4,12,52,2021-12-27,2020-2022
England,2022-01-01,,1819.0,12615.0,31.15,3328448.0,ENG,United Kingdom,england_detail,2022,1,1,52,2021-12-27,2020-2022
England,2022-01-02,,1881.0,13151.0,31.59,3463059.0,ENG,United Kingdom,england_detail,2022,1,1,52,2021-12-27,2020-2022
England,2022-01-03,,2219.0,14210.0,31.84,3556716.0,ENG,United Kingdom,england_detail,2022,1,1,1,2022-01-03,2020-2022
England,2022-01-04,,2101.0,15044.0,32.18,3794982.0,ENG,United Kingdom,england_detail,2022,1,1,1,2022-01-03,2020-2022
England,2022-01-05,,2139.0,15659.0,31.52,3782268.0,ENG,United Kingdom,england_detail,2022,1,1,1,2022-01-03,2020-2022
England,2022-01-06,,2043.0,16058.0,30.86,3777870.0,ENG,United Kingdom,england_detail,2022,1,1,1,2022-01-03,2020-2022
England,2022-01-07,857.0,1772.0,16163.0,29.89,3771669.0,ENG,United Kingdom,england_detail,2022,1,1,1,2022-01-03,2020-2022
England,2022-01-08,,1862.0,16034.0,29.57,3782293.0,ENG,United Kingdom,england_detail,2022,1,1,1,2022-01-03,2020-2022
England,2022-01-09,,1975.0,16399.0,28.7,3638872.0,ENG,United Kingdom,england_detail,2022,1,1,1,2022-01-03,2020-2022
England,2022-01-10,,2180.0,17120.0,27.67,3503126.0,ENG,United Kingdom,england_detail,2022,1,1,2,2022-01-10,2020-2022
England,2022-01-11,,2127.0,16939.0,25.62,3158517.0,ENG,United Kingdom,england_detail,2022,1,1,2,2022-01-10,2020-2022
England,2022-01-12,,1955.0,16881.0,23.84,2894301.0,ENG,United Kingdom,england_detail,2022,1,1,2,2022-01-10,2020-2022
England,2022-01-13,,1916.0,16716.0,21.98,2669200.0,ENG,United Kingdom,england_detail,2022,1,1,2,2022-01-10,2020-2022
England,2022-01-14,1308.0,1692.0,16537.0,20.7,2545974.0,ENG,United Kingdom,england_detail,2022,1,1,2,2022-01-10,2020-2022
England,2022-01-15,,1604.0,16281.0,19.82,2460577.0,ENG,United Kingdom,england_detail,2022,1,1,2,2022-01-10,2020-2022
England,2022-01-16,,1768.0,16372.0,19.03,2394168.0,ENG,United Kingdom,england_detail,2022,1,1,2,2022-01-10,2020-2022
England,2022-01-17,,1808.0,16621.0,18.06,2277692.0,ENG,United Kingdom,england_detail,2022,1,1,3,2022-01-17,2020-2022
England,2022-01-18,,1794.0,16218.0,17.47,2214513.0,ENG,United Kingdom,england_detail,2022,1,1,3,2022-01-17,2020-2022
England,2022-01-19,,1778.0,15742.0,17.14,2195535.0,ENG,United Kingdom,england_detail,2022,1,1,3,2022-01-17,2020-2022
England,2022-01-20,,1698.0,15302.0,16.87,2177448.0,ENG,United Kingdom,england_detail,2022,1,1,3,2022-01-17,2020-2022
England,2022-01-21,1378.0,1453.0,14865.0,16.71,2174355.0,ENG,United Kingdom,england_detail,2022,1,1,3,2022-01-17,2020-2022
England,2022-01-22,,1277.0,14320.0,16.62,2172418.0,ENG,United Kingdom,england_detail,2022,1,1,3,2022-01-17,2020-2022
England,2022-01-23,,1535.0,14334.0,16.62,2162600.0,ENG,United Kingdom,england_detail,2022,1,1,3,2022-01-17,2020-2022
England,2022-01-24,,1593.0,14563.0,16.66,2118214.0,ENG,United Kingdom,england_detail,2022,1,1,4,2022-01-24,2020-2022
England,2022-01-25,,1681.0,14088.0,16.58,2095697.0,ENG,United Kingdom,england_detail,2022,1,1,4,2022-01-24,2020-2022
England,2022-01-26,,1689.0,13948.0,16.53,2081748.0,ENG,United Kingdom,england_detail,2022,1,1,4,2022-01-24,2020-2022
England,2022-01-27,,1503.0,13651.0,16.48,2072604.0,ENG,United Kingdom,england_detail,2022,1,1,4,2022-01-24,2020-2022
England,2022-01-28,1323.0,1342.0,13462.0,16.36,2058751.0,ENG,United Kingdom,england_detail,2022,1,1,4,2022-01-24,2020-2022
England,2022-01-29,,1325.0,12672.0,16.17,2056570.0,ENG,United Kingdom,england_detail,2022,1,1,4,2022-01-24,2020-2022
England,2022-01-30,,1285.0,12992.0,15.95,2051647.0,ENG,United Kingdom,england_detail,2022,1,1,4,2022-01-24,2020-2022
England,2022-01-31,,1451.0,13331.0,15.75,2008323.0,ENG,United Kingdom,england_detail,2022,1,1,5,2022-01-31,2020-2022
England,2022-02-01,,1537.0,12896.0,15.39,1991228.0,ENG,United Kingdom,england_detail,2022,1,2,5,2022-01-31,2020-2022
England,2022-02-02,,1451.0,12577.0,14.96,1978050.0,ENG,United Kingdom,england_detail,2022,1,2,5,2022-01-31,2020-2022
England,2022-02-03,,1292.0,12423.0,14.67,1956639.0,ENG,United Kingdom,england_detail,2022,1,2,5,2022-01-31,2020-2022
England,2022-02-04,1162.0,1186.0,12032.0,14.26,1949633.0,ENG,United Kingdom,england_detail,2022,1,2,5,2022-01-31,2020-2022
England,2022-02-05,,1077.0,11604.0,13.87,1938475.0,ENG,United Kingdom,england_detail,2022,1,2,5,2022-01-31,2020-2022
England,2022-02-06,,1211.0,11529.0,13.46,1921730.0,ENG,United Kingdom,england_detail,2022,1,2,5,2022-01-31,2020-2022
England,2022-02-07,,1234.0,11710.0,13.16,1876192.0,ENG,United Kingdom,england_detail,2022,1,2,6,2022-02-07,2020-2022
England,2022-02-08,,1266.0,11471.0,12.74,1848271.0,ENG,United Kingdom,england_detail,2022,1,2,6,2022-02-07,2020-2022
England,2022-02-09,,1220.0,11071.0,12.25,1824040.0,ENG,United Kingdom,england_detail,2022,1,2,6,2022-02-07,2020-2022
England,2022-02-10,,1167.0,10734.0,11.66,1803969.0,ENG,United Kingdom,england_detail,2022,1,2,6,2022-02-07,2020-2022
England,2022-02-11,1025.0,996.0,10367.0,11.17,1787086.0,ENG,United Kingdom,england_detail,2022,1,2,6,2022-02-07,2020-2022
England,2022-02-12,,989.0,10010.0,10.87,1763827.0,ENG,United Kingdom,england_detail,2022,1,2,6,2022-02-07,2020-2022
England,2022-02-13,,1029.0,10049.0,10.74,1716076.0,ENG,United Kingdom,england_detail,2022,1,2,6,2022-02-07,2020-2022
England,2022-02-14,,1132.0,10273.0,10.54,1612363.0,ENG,United Kingdom,england_detail,2022,1,2,7,2022-02-14,2020-2022
England,2022-02-15,,1144.0,10019.0,10.4,1522905.0,ENG,United Kingdom,england_detail,2022,1,2,7,2022-02-14,2020-2022
England,2022-02-16,,1120.0,9804.0,10.35,1442970.0,ENG,United Kingdom,england_detail,2022,1,2,7,2022-02-14,2020-2022
England,2022-02-17,,971.0,9600.0,10.51,1364114.0,ENG,United Kingdom,england_detail,2022,1,2,7,2022-02-14,2020-2022
England,2022-02-18,814.0,900.0,9258.0,10.4,1269457.0,ENG,United Kingdom,england_detail,2022,1,2,7,2022-02-14,2020-2022
England,2022-02-19,,834.0,9187.0,10.59,1240518.0,ENG,United Kingdom,england_detail,2022,1,2,7,2022-02-14,2020-2022
England,2022-02-20,,971.0,9058.0,10.64,1220305.0,ENG,United Kingdom,england_detail,2022,1,2,7,2022-02-14,2020-2022
England,2022-02-21,,1030.0,9229.0,10.85,1146955.0,ENG,United Kingdom,england_detail,2022,1,2,8,2022-02-21,2020-2022
England,2022-02-22,,976.0,8948.0,10.94,1091393.0,ENG,United Kingdom,england_detail,2022,1,2,8,2022-02-21,2020-2022
England,2022-02-23,,976.0,8868.0,10.8,1041160.0,ENG,United Kingdom,england_detail,2022,1,2,8,2022-02-21,2020-2022
England,2022-02-24,,984.0,8645.0,10.53,999893.0,ENG,United Kingdom,england_detail,2022,1,2,8,2022-02-21,2020-2022
England,2022-02-25,722.0,841.0,8498.0,10.65,996430.0,ENG,United Kingdom,england_detail,2022,1,2,8,2022-02-21,2020-2022
England,2022-02-26,,888.0,8197.0,10.23,974365.0,ENG,United Kingdom,england_detail,2022,1,2,8,2022-02-21,2020-2022
England,2022-02-27,,949.0,8305.0,10.11,958200.0,ENG,United Kingdom,england_detail,2022,1,2,8,2022-02-21,2020-2022
England,2022-02-28,,1145.0,8538.0,10.24,932170.0,ENG,United Kingdom,england_detail,2022,1,2,9,2022-02-28,2020-2022
England,2022-03-01,,1111.0,8486.0,10.35,921559.0,ENG,United Kingdom,england_detail,2022,1,3,9,2022-02-28,2020-2022
England,2022-03-02,,1184.0,8402.0,10.69,916923.0,ENG,United Kingdom,england_detail,2022,1,3,9,2022-02-28,2020-2022
England,2022-03-03,,1226.0,8210.0,11.21,915578.0,ENG,United Kingdom,england_detail,2022,1,3,9,2022-02-28,2020-2022
England,2022-03-04,621.0,1044.0,8403.0,11.82,917937.0,ENG,United Kingdom,england_detail,2022,1,3,9,2022-02-28,2020-2022
England,2022-03-05,,1050.0,8400.0,12.29,919467.0,ENG,United Kingdom,england_detail,2022,1,3,9,2022-02-28,2020-2022
England,2022-03-06,,1260.0,8502.0,12.77,920491.0,ENG,United Kingdom,england_detail,2022,1,3,9,2022-02-28,2020-2022
England,2022-03-07,,1278.0,8923.0,13.77,919139.0,ENG,United Kingdom,england_detail,2022,1,3,10,2022-03-07,2020-2022
England,2022-03-08,,1389.0,9176.0,14.63,926523.0,ENG,United Kingdom,england_detail,2022,1,3,10,2022-03-07,2020-2022
England,2022-03-09,,1521.0,9163.0,15.51,939628.0,ENG,United Kingdom,england_detail,2022,1,3,10,2022-03-07,2020-2022
England,2022-03-10,,1414.0,9241.0,16.38,956657.0,ENG,United Kingdom,england_detail,2022,1,3,10,2022-03-07,2020-2022
England,2022-03-11,628.0,1412.0,9369.0,17.05,974038.0,ENG,United Kingdom,england_detail,2022,1,3,10,2022-03-07,2020-2022
England,2022-03-12,,1368.0,9618.0,17.66,987958.0,ENG,United Kingdom,england_detail,2022,1,3,10,2022-03-07,2020-2022
England,2022-03-13,,1591.0,9908.0,18.27,1000299.0,ENG,United Kingdom,england_detail,2022,1,3,10,2022-03-07,2020-2022
England,2022-03-14,,1651.0,10576.0,19.35,1028013.0,ENG,United Kingdom,england_detail,2022,1,3,11,2022-03-14,2020-2022
England,2022-03-15,,1800.0,10877.0,20.02,1052287.0,ENG,United Kingdom,england_detail,2022,1,3,11,2022-03-14,2020-2022
England,2022-03-16,,1823.0,11010.0,20.45,1077506.0,ENG,United Kingdom,england_detail,2022,1,3,11,2022-03-14,2020-2022
England,2022-03-17,,1738.0,11346.0,20.83,1098879.0,ENG,United Kingdom,england_detail,2022,1,3,11,2022-03-14,2020-2022
England,2022-03-18,650.0,1629.0,11595.0,21.13,1115237.0,ENG,United Kingdom,england_detail,2022,1,3,11,2022-03-14,2020-2022
England,2022-03-19,,1813.0,11638.0,21.33,1119314.0,ENG,United Kingdom,england_detail,2022,1,3,11,2022-03-14,2020-2022
England,2022-03-20,,1793.0,12070.0,21.51,1119310.0,ENG,United Kingdom,england_detail,2022,1,3,11,2022-03-14,2020-2022
England,2022-03-21,,1984.0,12753.0,22.18,1118450.0,ENG,United Kingdom,england_detail,2022,1,3,12,2022-03-21,2020-2022
England,2022-03-22,,2098.0,13060.0,22.6,1128871.0,ENG,United Kingdom,england_detail,2022,1,3,12,2022-03-21,2020-2022
England,2022-03-23,,2137.0,13248.0,22.96,1131459.0,ENG,United Kingdom,england_detail,2022,1,3,12,2022-03-21,2020-2022
England,2022-03-24,,2006.0,13602.0,22.92,1116479.0,ENG,United Kingdom,england_detail,2022,1,3,12,2022-03-21,2020-2022
England,2022-03-25,734.0,1925.0,13842.0,23.0,1117547.0,ENG,United Kingdom,england_detail,2022,1,3,12,2022-03-21,2020-2022
England,2022-03-26,,1869.0,13796.0,23.0,1119347.0,ENG,United Kingdom,england_detail,2022,1,3,12,2022-03-21,2020-2022
England,2022-03-27,,2037.0,14465.0,22.9,1111210.0,ENG,United Kingdom,england_detail,2022,1,3,12,2022-03-21,2020-2022
England,2022-03-28,,2280.0,15170.0,22.93,1093521.0,ENG,United Kingdom,england_detail,2022,1,3,13,2022-03-28,2020-2022
England,2022-03-29,,2219.0,15411.0,22.63,1082137.0,ENG,United Kingdom,england_detail,2022,1,3,13,2022-03-28,2020-2022
England,2022-03-30,,2355.0,15632.0,22.16,1076483.0,ENG,United Kingdom,england_detail,2022,1,3,13,2022-03-28,2020-2022
England,2022-03-31,,2124.0,15648.0,21.53,1056211.0,ENG,United Kingdom,england_detail,2022,1,3,13,2022-03-28,2020-2022
England,2022-04-01,789.0,1846.0,15966.0,20.64,1031395.0,ENG,United Kingdom,england_detail,2022,2,4,13,2022-03-28,2020-2022
England,2022-04-02,,1826.0,15739.0,19.6,1007620.0,ENG,United Kingdom,england_detail,2022,2,4,13,2022-03-28,2020-2022
England,2022-04-03,,2103.0,15989.0,18.64,986774.0,ENG,United Kingdom,england_detail,2022,2,4,13,2022-03-28,2020-2022
England,2022-04-04,,2164.0,16466.0,16.72,899979.0,ENG,United Kingdom,england_detail,2022,2,4,14,2022-04-04,2020-2022
England,2022-04-05,,2308.0,16552.0,14.87,828522.0,ENG,United Kingdom,england_detail,2022,2,4,14,2022-04-04,2020-2022
England,2022-04-06,,2176.0,16587.0,12.65,757186.0,ENG,United Kingdom,england_detail,2022,2,4,14,2022-04-04,2020-2022
England,2022-04-07,,1999.0,16600.0,11.49,720054.0,ENG,United Kingdom,england_detail,2022,2,4,14,2022-04-04,2020-2022
England,2022-04-08,903.0,1751.0,16366.0,10.2,686097.0,ENG,United Kingdom,england_detail,2022,2,4,14,2022-04-04,2020-2022
England,2022-04-09,,1702.0,15876.0,9.69,673353.0,ENG,United Kingdom,england_detail,2022,2,4,14,2022-04-04,2020-2022
England,2022-04-10,,1792.0,16039.0,9.56,661947.0,ENG,United Kingdom,england_detail,2022,2,4,14,2022-04-04,2020-2022
England,2022-04-11,,1909.0,16442.0,9.18,628945.0,ENG,United Kingdom,england_detail,2022,2,4,15,2022-04-11,2020-2022
England,2022-04-12,,2003.0,16131.0,8.95,601047.0,ENG,United Kingdom,england_detail,2022,2,4,15,2022-04-11,2020-2022
England,2022-04-13,,1898.0,15399.0,8.85,580423.0,ENG,United Kingdom,england_detail,2022,2,4,15,2022-04-11,2020-2022
England,2022-04-14,,1662.0,14955.0,8.64,565419.0,ENG,United Kingdom,england_detail,2022,2,4,15,2022-04-11,2020-2022
England,2022-04-15,951.0,1416.0,14394.0,8.58,528721.0,ENG,United Kingdom,england_detail,2022,2,4,15,2022-04-11,2020-2022
England,2022-04-16,,1288.0,14335.0,8.49,518132.0,ENG,United Kingdom,england_detail,2022,2,4,15,2022-04-11,2020-2022
England,2022-04-17,,1347.0,14254.0,8.31,506570.0,ENG,United Kingdom,england_detail,2022,2,4,15,2022-04-11,2020-2022
England,2022-04-18,,1506.0,14183.0,8.15,467443.0,ENG,United Kingdom,england_detail,2022,2,4,16,2022-04-18,2020-2022
England,2022-04-19,,1435.0,14607.0,7.82,470184.0,ENG,United Kingdom,england_detail,2022,2,4,16,2022-04-18,2020-2022
England,2022-04-20,,1322.0,14164.0,7.47,469302.0,ENG,United Kingdom,england_detail,2022,2,4,16,2022-04-18,2020-2022
England,2022-04-21,,1264.0,13392.0,7.16,463345.0,ENG,United Kingdom,england_detail,2022,2,4,16,2022-04-18,2020-2022
England,2022-04-22,970.0,1184.0,12883.0,6.84,485989.0,ENG,United Kingdom,england_detail,2022,2,4,16,2022-04-18,2020-2022
England,2022-04-23,,1087.0,12156.0,6.62,487277.0,ENG,United Kingdom,england_detail,2022,2,4,16,2022-04-18,2020-2022
England,2022-04-24,,1077.0,12083.0,6.47,489728.0,ENG,United Kingdom,england_detail,2022,2,4,16,2022-04-18,2020-2022
England,2022-04-25,,1138.0,11992.0,6.21,505012.0,ENG,United Kingdom,england_detail,2022,2,4,17,2022-04-25,2020-2022
England,2022-04-26,,1100.0,11320.0,5.88,490292.0,ENG,United Kingdom,england_detail,2022,2,4,17,2022-04-25,2020-2022
England,2022-04-27,,1082.0,10965.0,5.56,482011.0,ENG,United Kingdom,england_detail,2022,2,4,17,2022-04-25,2020-2022
England,2022-04-28,,936.0,10432.0,5.27,478053.0,ENG,United Kingdom,england_detail,2022,2,4,17,2022-04-25,2020-2022
England,2022-04-29,1056.0,872.0,9938.0,5.07,468524.0,ENG,United Kingdom,england_detail,2022,2,4,17,2022-04-25,2020-2022
England,2022-04-30,,718.0,9499.0,4.88,465078.0,ENG,United Kingdom,england_detail,2022,2,4,17,2022-04-25,2020-2022
England,2022-05-01,,807.0,9355.0,4.75,461195.0,ENG,United Kingdom,england_detail,2022,2,5,17,2022-04-25,2020-2022
England,2022-05-02,,828.0,9326.0,4.6,429220.0,ENG,United Kingdom,england_detail,2022,2,5,18,2022-05-02,2020-2022
England,2022-05-03,,893.0,9243.0,4.48,429455.0,ENG,United Kingdom,england_detail,2022,2,5,18,2022-05-02,2020-2022
England,2022-05-04,,873.0,8950.0,4.41,425235.0,ENG,United Kingdom,england_detail,2022,2,5,18,2022-05-02,2020-2022
England,2022-05-05,,777.0,8596.0,4.32,420943.0,ENG,United Kingdom,england_detail,2022,2,5,18,2022-05-02,2020-2022
England,2022-05-06,690.0,721.0,8170.0,4.17,424530.0,ENG,United Kingdom,england_detail,2022,2,5,18,2022-05-02,2020-2022
England,2022-05-07,,607.0,7768.0,4.1,425042.0,ENG,United Kingdom,england_detail,2022,2,5,18,2022-05-02,2020-2022
England,2022-05-08,,669.0,7715.0,4.03,425660.0,ENG,United Kingdom,england_detail,2022,2,5,18,2022-05-02,2020-2022
England,2022-05-09,,731.0,7647.0,3.97,436044.0,ENG,United Kingdom,england_detail,2022,2,5,19,2022-05-09,2020-2022
England,2022-05-10,,726.0,7363.0,3.87,420358.0,ENG,United Kingdom,england_detail,2022,2,5,19,2022-05-09,2020-2022
England,2022-05-11,,671.0,7034.0,3.76,412832.0,ENG,United Kingdom,england_detail,2022,2,5,19,2022-05-09,2020-2022
England,2022-05-12,,680.0,6602.0,3.68,406552.0,ENG,United Kingdom,england_detail,2022,2,5,19,2022-05-09,2020-2022
England,2022-05-13,674.0,542.0,6366.0,3.6,401322.0,ENG,United Kingdom,england_detail,2022,2,5,19,2022-05-09,2020-2022
England,2022-05-14,,553.0,6147.0,3.57,394461.0,ENG,United Kingdom,england_detail,2022,2,5,19,2022-05-09,2020-2022
England,2022-05-15,,566.0,6158.0,3.54,390022.0,ENG,United Kingdom,england_detail,2022,2,5,19,2022-05-09,2020-2022
England,2022-05-16,,589.0,6024.0,3.53,381504.0,ENG,United Kingdom,england_detail,2022,2,5,20,2022-05-16,2020-2022
England,2022-05-17,,576.0,5733.0,3.49,373930.0,ENG,United Kingdom,england_detail,2022,2,5,20,2022-05-16,2020-2022
England,2022-05-18,,626.0,5425.0,3.48,368469.0,ENG,United Kingdom,england_detail,2022,2,5,20,2022-05-16,2020-2022
England,2022-05-19,,573.0,5356.0,3.43,366973.0,ENG,United Kingdom,england_detail,2022,2,5,20,2022-05-16,2020-2022
England,2022-05-20,528.0,450.0,5187.0,3.35,366554.0,ENG,United Kingdom,england_detail,2022,2,5,20,2022-05-16,2020-2022
England,2022-05-21,,387.0,5065.0,3.23,373080.0,ENG,United Kingdom,england_detail,2022,2,5,20,2022-05-16,2020-2022
England,2022-05-22,,463.0,5047.0,3.16,372221.0,ENG,United Kingdom,england_detail,2022,2,5,20,2022-05-16,2020-2022
England,2022-05-23,,505.0,5010.0,3.05,366599.0,ENG,United Kingdom,england_detail,2022,2,5,21,2022-05-23,2020-2022
England,2022-05-24,,461.0,4639.0,2.91,369767.0,ENG,United Kingdom,england_detail,2022,2,5,21,2022-05-23,2020-2022
England,2022-05-25,,475.0,4489.0,2.75,374762.0,ENG,United Kingdom,england_detail,2022,2,5,21,2022-05-23,2020-2022
England,2022-05-26,,421.0,4365.0,2.64,377678.0,ENG,United Kingdom,england_detail,2022,2,5,21,2022-05-23,2020-2022
England,2022-05-27,377.0,442.0,4197.0,2.56,377853.0,ENG,United Kingdom,england_detail,2022,2,5,21,2022-05-23,2020-2022
England,2022-05-28,,382.0,4013.0,2.53,378424.0,ENG,United Kingdom,england_detail,2022,2,5,21,2022-05-23,2020-2022
England,2022-05-29,,428.0,4018.0,2.52,374994.0,ENG,United Kingdom,england_detail,2022,2,5,21,2022-05-23,2020-2022
England,2022-05-30,,465.0,4091.0,2.56,365733.0,ENG,United Kingdom,england_detail,2022,2,5,22,2022-05-30,2020-2022
England,2022-05-31,,502.0,4036.0,2.64,355715.0,ENG,United Kingdom,england_detail,2022,2,5,22,2022-05-30,2020-2022
England,2022-06-01,,480.0,3800.0,2.72,346653.0,ENG,United Kingdom,england_detail,2022,2,6,22,2022-05-30,2020-2022
England,2022-06-02,,412.0,3841.0,2.81,328785.0,ENG,United Kingdom,england_detail,2022,2,6,22,2022-05-30,2020-2022
England,2022-06-03,174.0,404.0,3849.0,2.86,313956.0,ENG,United Kingdom,england_detail,2022,2,6,22,2022-05-30,2020-2022
England,2022-06-04,,443.0,3835.0,2.99,310889.0,ENG,United Kingdom,england_detail,2022,2,6,22,2022-05-30,2020-2022
England,2022-06-05,,531.0,3965.0,3.13,311169.0,ENG,United Kingdom,england_detail,2022,2,6,22,2022-05-30,2020-2022
England,2022-06-06,,606.0,4126.0,3.32,312488.0,ENG,United Kingdom,england_detail,2022,2,6,23,2022-06-06,2020-2022
England,2022-06-07,,577.0,4108.0,3.5,317403.0,ENG,United Kingdom,england_detail,2022,2,6,23,2022-06-06,2020-2022
England,2022-06-08,,664.0,4096.0,3.72,319183.0,ENG,United Kingdom,england_detail,2022,2,6,23,2022-06-06,2020-2022
England,2022-06-09,,627.0,4082.0,3.91,331917.0,ENG,United Kingdom,england_detail,2022,2,6,23,2022-06-06,2020-2022
England,2022-06-10,271.0,589.0,4262.0,4.1,341864.0,ENG,United Kingdom,england_detail,2022,2,6,23,2022-06-06,2020-2022
England,2022-06-11,,583.0,4257.0,4.19,340281.0,ENG,United Kingdom,england_detail,2022,2,6,23,2022-06-06,2020-2022
England,2022-06-12,,659.0,4408.0,4.3,335239.0,ENG,United Kingdom,england_detail,2022,2,6,23,2022-06-06,2020-2022
England,2022-06-13,,722.0,4602.0,4.56,327612.0,ENG,United Kingdom,england_detail,2022,2,6,24,2022-06-13,2020-2022
England,2022-06-14,,763.0,4722.0,4.79,321260.0,ENG,United Kingdom,england_detail,2022,2,6,24,2022-06-13,2020-2022
England,2022-06-15,,842.0,4843.0,4.95,318241.0,ENG,United Kingdom,england_detail,2022,2,6,24,2022-06-13,2020-2022
England,2022-06-16,,822.0,5008.0,5.13,312840.0,ENG,United Kingdom,england_detail,2022,2,6,24,2022-06-13,2020-2022
England,2022-06-17,246.0,829.0,5037.0,5.38,306592.0,ENG,United Kingdom,england_detail,2022,2,6,24,2022-06-13,2020-2022
England,2022-06-18,,797.0,5183.0,5.61,301187.0,ENG,United Kingdom,england_detail,2022,2,6,24,2022-06-13,2020-2022
England,2022-06-19,,942.0,5436.0,5.78,298842.0,ENG,United Kingdom,england_detail,2022,2,6,24,2022-06-13,2020-2022
England,2022-06-20,,1055.0,5726.0,6.13,296361.0,ENG,United Kingdom,england_detail,2022,2,6,25,2022-06-20,2020-2022
England,2022-06-21,,1155.0,6002.0,6.44,296360.0,ENG,United Kingdom,england_detail,2022,2,6,25,2022-06-20,2020-2022
England,2022-06-22,,1133.0,6177.0,6.71,298346.0,ENG,United Kingdom,england_detail,2022,2,6,25,2022-06-20,2020-2022
England,2022-06-23,,1210.0,6401.0,6.98,301457.0,ENG,United Kingdom,england_detail,2022,2,6,25,2022-06-20,2020-2022
England,2022-06-24,270.0,1072.0,6752.0,7.32,303508.0,ENG,United Kingdom,england_detail,2022,2,6,25,2022-06-20,2020-2022
England,2022-06-25,,1011.0,6973.0,7.49,306431.0,ENG,United Kingdom,england_detail,2022,2,6,25,2022-06-20,2020-2022
England,2022-06-26,,1276.0,7455.0,7.68,306911.0,ENG,United Kingdom,england_detail,2022,2,6,25,2022-06-20,2020-2022
England,2022-06-27,,1438.0,7822.0,8.01,308912.0,ENG,United Kingdom,england_detail,2022,2,6,26,2022-06-27,2020-2022
England,2022-06-28,,1454.0,8120.0,8.16,317463.0,ENG,United Kingdom,england_detail,2022,2,6,26,2022-06-27,2020-2022
England,2022-06-29,,1572.0,8587.0,8.39,319780.0,ENG,United Kingdom,england_detail,2022,2,6,26,2022-06-27,2020-2022
England,2022-06-30,,1596.0,8928.0,8.61,323512.0,ENG,United Kingdom,england_detail,2022,2,6,26,2022-06-27,2020-2022
England,2022-07-01,309.0,1326.0,9389.0,8.72,329717.0,ENG,United Kingdom,england_detail,2022,3,7,26,2022-06-27,2020-2022
England,2022-07-02,,1374.0,9632.0,8.91,330371.0,ENG,United Kingdom,england_detail,2022,3,7,26,2022-06-27,2020-2022
England,2022-07-03,,1795.0,9956.0,9.2,329904.0,ENG,United Kingdom,england_detail,2022,3,7,26,2022-06-27,2020-2022
England,2022-07-04,,1911.0,10658.0,9.64,328107.0,ENG,United Kingdom,england_detail,2022,3,7,27,2022-07-04,2020-2022
England,2022-07-05,,1926.0,11049.0,9.94,328871.0,ENG,United Kingdom,england_detail,2022,3,7,27,2022-07-04,2020-2022
England,2022-07-06,,1945.0,11465.0,10.14,331905.0,ENG,United Kingdom,england_detail,2022,3,7,27,2022-07-04,2020-2022
England,2022-07-07,,1967.0,11878.0,10.21,337419.0,ENG,United Kingdom,england_detail,2022,3,7,27,2022-07-04,2020-2022
England,2022-07-08,399.0,1696.0,12283.0,10.37,337247.0,ENG,United Kingdom,england_detail,2022,3,7,27,2022-07-04,2020-2022
England,2022-07-09,,1601.0,12440.0,10.42,336058.0,ENG,United Kingdom,england_detail,2022,3,7,27,2022-07-04,2020-2022
England,2022-07-10,,1889.0,12879.0,10.5,335419.0,ENG,United Kingdom,england_detail,2022,3,7,27,2022-07-04,2020-2022
England,2022-07-11,,2005.0,13336.0,10.62,334931.0,ENG,United Kingdom,england_detail,2022,3,7,28,2022-07-11,2020-2022
England,2022-07-12,,1945.0,13621.0,10.54,338636.0,ENG,United Kingdom,england_detail,2022,3,7,28,2022-07-11,2020-2022
England,2022-07-13,,1946.0,13741.0,10.31,346209.0,ENG,United Kingdom,england_detail,2022,3,7,28,2022-07-11,2020-2022
England,2022-07-14,,1839.0,13807.0,10.04,349399.0,ENG,United Kingdom,england_detail,2022,3,7,28,2022-07-11,2020-2022
England,2022-07-15,542.0,1487.0,13975.0,9.74,354722.0,ENG,United Kingdom,england_detail,2022,3,7,28,2022-07-11,2020-2022
England,2022-07-16,,1373.0,13701.0,9.63,356405.0,ENG,United Kingdom,england_detail,2022,3,7,28,2022-07-11,2020-2022
England,2022-07-17,,1694.0,13840.0,9.47,356882.0,ENG,United Kingdom,england_detail,2022,3,7,28,2022-07-11,2020-2022
England,2022-07-18,,1754.0,14044.0,9.34,346256.0,ENG,United Kingdom,england_detail,2022,3,7,29,2022-07-18,2020-2022
England,2022-07-19,,1834.0,13837.0,9.17,338368.0,ENG,United Kingdom,england_detail,2022,3,7,29,2022-07-18,2020-2022
England,2022-07-20,,1715.0,13545.0,9.07,331115.0,ENG,United Kingdom,england_detail,2022,3,7,29,2022-07-18,2020-2022
England,2022-07-21,,1550.0,13375.0,8.92,327072.0,ENG,United Kingdom,england_detail,2022,3,7,29,2022-07-18,2020-2022
England,2022-07-22,697.0,1231.0,13182.0,8.79,322901.0,ENG,United Kingdom,england_detail,2022,3,7,29,2022-07-18,2020-2022
England,2022-07-23,,1139.0,12475.0,8.61,323006.0,ENG,United Kingdom,england_detail,2022,3,7,29,2022-07-18,2020-2022
England,2022-07-24,,1307.0,12591.0,8.51,318727.0,ENG,United Kingdom,england_detail,2022,3,7,29,2022-07-18,2020-2022
England,2022-07-25,,1345.0,12529.0,8.25,318019.0,ENG,United Kingdom,england_detail,2022,3,7,30,2022-07-25,2020-2022
England,2022-07-26,,1318.0,12113.0,7.95,320011.0,ENG,United Kingdom,england_detail,2022,3,7,30,2022-07-25,2020-2022
England,2022-07-27,,1197.0,11914.0,7.6,319297.0,ENG,United Kingdom,england_detail,2022,3,7,30,2022-07-25,2020-2022
England,2022-07-28,,1165.0,11437.0,7.26,319533.0,ENG,United Kingdom,england_detail,2022,3,7,30,2022-07-25,2020-2022
England,2022-07-29,745.0,996.0,11149.0,7.0,318028.0,ENG,United Kingdom,england_detail,2022,3,7,30,2022-07-25,2020-2022
England,2022-07-30,,936.0,10529.0,6.82,317609.0,ENG,United Kingdom,england_detail,2022,3,7,30,2022-07-25,2020-2022
England,2022-07-31,,1138.0,10431.0,6.76,313846.0,ENG,United Kingdom,england_detail,2022,3,7,30,2022-07-25,2020-2022
England,2022-08-01,,1120.0,10417.0,6.73,301515.0,ENG,United Kingdom,england_detail,2022,3,8,31,2022-08-01,2020-2022
England,2022-08-02,,1062.0,10177.0,6.49,299351.0,ENG,United Kingdom,england_detail,2022,3,8,31,2022-08-01,2020-2022
England,2022-08-03,,1059.0,9817.0,6.39,294365.0,ENG,United Kingdom,england_detail,2022,3,8,31,2022-08-01,2020-2022
England,2022-08-04,,1017.0,9498.0,6.24,289579.0,ENG,United Kingdom,england_detail,2022,3,8,31,2022-08-01,2020-2022
England,2022-08-05,682.0,910.0,9152.0,6.13,285537.0,ENG,United Kingdom,england_detail,2022,3,8,31,2022-08-01,2020-2022
England,2022-08-06,,775.0,8806.0,6.01,282200.0,ENG,United Kingdom,england_detail,2022,3,8,31,2022-08-01,2020-2022
England,2022-08-07,,899.0,8805.0,5.86,282250.0,ENG,United Kingdom,england_detail,2022,3,8,31,2022-08-01,2020-2022
England,2022-08-08,,975.0,8888.0,5.84,276063.0,ENG,United Kingdom,england_detail,2022,3,8,32,2022-08-08,2020-2022
England,2022-08-09,,973.0,8624.0,5.87,265874.0,ENG,United Kingdom,england_detail,2022,3,8,32,2022-08-08,2020-2022
England,2022-08-10,,1009.0,8487.0,5.81,262598.0,ENG,United Kingdom,england_detail,2022,3,8,32,2022-08-08,2020-2022
England,2022-08-11,,901.0,8327.0,5.73,261236.0,ENG,United Kingdom,england_detail,2022,3,8,32,2022-08-08,2020-2022
England,2022-08-12,561.0,740.0,8072.0,5.63,259209.0,ENG,United Kingdom,england_detail,2022,3,8,32,2022-08-08,2020-2022
England,2022-08-13,,762.0,7993.0,5.58,258655.0,ENG,United Kingdom,england_detail,2022,3,8,32,2022-08-08,2020-2022
England,2022-08-14,,759.0,8158.0,5.49,257406.0,ENG,United Kingdom,england_detail,2022,3,8,32,2022-08-08,2020-2022
England,2022-08-15,,861.0,8088.0,5.39,250804.0,ENG,United Kingdom,england_detail,2022,3,8,33,2022-08-15,2020-2022
England,2022-08-16,,818.0,7832.0,5.22,247943.0,ENG,United Kingdom,england_detail,2022,3,8,33,2022-08-15,2020-2022
England,2022-08-17,,788.0,7486.0,5.05,245262.0,ENG,United Kingdom,england_detail,2022,3,8,33,2022-08-15,2020-2022
England,2022-08-18,,692.0,7421.0,4.93,240624.0,ENG,United Kingdom,england_detail,2022,3,8,33,2022-08-15,2020-2022
England,2022-08-19,520.0,648.0,7045.0,4.8,237936.0,ENG,United Kingdom,england_detail,2022,3,8,33,2022-08-15,2020-2022
England,2022-08-20,,585.0,6760.0,4.71,236753.0,ENG,United Kingdom,england_detail,2022,3,8,33,2022-08-15,2020-2022
England,2022-08-21,,605.0,6687.0,4.62,235219.0,ENG,United Kingdom,england_detail,2022,3,8,33,2022-08-15,2020-2022
England,2022-08-22,,670.0,6803.0,4.56,231209.0,ENG,United Kingdom,england_detail,2022,3,8,34,2022-08-22,2020-2022
England,2022-08-23,,707.0,6436.0,4.47,231490.0,ENG,United Kingdom,england_detail,2022,3,8,34,2022-08-22,2020-2022
England,2022-08-24,,643.0,6302.0,4.38,230416.0,ENG,United Kingdom,england_detail,2022,3,8,34,2022-08-22,2020-2022
England,2022-08-25,,646.0,6249.0,4.27,229683.0,ENG,United Kingdom,england_detail,2022,3,8,34,2022-08-22,2020-2022
England,2022-08-26,419.0,512.0,5845.0,4.23,227998.0,ENG,United Kingdom,england_detail,2022,3,8,34,2022-08-22,2020-2022
England,2022-08-27,,475.0,5765.0,4.09,229093.0,ENG,United Kingdom,england_detail,2022,3,8,34,2022-08-22,2020-2022
England,2022-08-28,,539.0,5717.0,4.04,227210.0,ENG,United Kingdom,england_detail,2022,3,8,34,2022-08-22,2020-2022
England,2022-08-29,,602.0,5768.0,3.96,213731.0,ENG,United Kingdom,england_detail,2022,3,8,35,2022-08-29,2020-2022
England,2022-08-30,,612.0,5743.0,3.93,211497.0,ENG,United Kingdom,england_detail,2022,3,8,35,2022-08-29,2020-2022
England,2022-08-31,,580.0,5658.0,3.94,207356.0,ENG,United Kingdom,england_detail,2022,3,8,35,2022-08-29,2020-2022
England,2022-09-01,,534.0,5554.0,4.03,203098.0,ENG,United Kingdom,england_detail,2022,3,9,35,2022-08-29,2020-2022
England,2022-09-02,297.0,466.0,5334.0,4.09,199950.0,ENG,United Kingdom,england_detail,2022,3,9,35,2022-08-29,2020-2022
England,2022-09-03,,439.0,5183.0,4.12,197286.0,ENG,United Kingdom,england_detail,2022,3,9,35,2022-08-29,2020-2022
England,2022-09-04,,471.0,5209.0,4.19,194158.0,ENG,United Kingdom,england_detail,2022,3,9,35,2022-08-29,2020-2022
England,2022-09-05,,526.0,5221.0,4.38,194820.0,ENG,United Kingdom,england_detail,2022,3,9,36,2022-09-05,2020-2022
England,2022-09-06,,537.0,5060.0,4.52,184836.0,ENG,United Kingdom,england_detail,2022,3,9,36,2022-09-05,2020-2022
England,2022-09-07,,541.0,4864.0,4.66,175898.0,ENG,United Kingdom,england_detail,2022,3,9,36,2022-09-05,2020-2022
England,2022-09-08,,508.0,4881.0,4.65,170538.0,ENG,United Kingdom,england_detail,2022,3,9,36,2022-09-05,2020-2022
England,2022-09-09,339.0,422.0,4797.0,4.67,167460.0,ENG,United Kingdom,england_detail,2022,3,9,36,2022-09-05,2020-2022
England,2022-09-10,,408.0,4650.0,4.72,164698.0,ENG,United Kingdom,england_detail,2022,3,9,36,2022-09-05,2020-2022
England,2022-09-11,,499.0,4692.0,4.77,161080.0,ENG,United Kingdom,england_detail,2022,3,9,36,2022-09-05,2020-2022
England,2022-09-12,,519.0,4666.0,4.88,156441.0,ENG,United Kingdom,england_detail,2022,3,9,37,2022-09-12,2020-2022
England,2022-09-13,,580.0,4630.0,4.93,154849.0,ENG,United Kingdom,england_detail,2022,3,9,37,2022-09-12,2020-2022
England,2022-09-14,,586.0,4540.0,4.93,156865.0,ENG,United Kingdom,england_detail,2022,3,9,37,2022-09-12,2020-2022
England,2022-09-15,,553.0,4571.0,5.04,157286.0,ENG,United Kingdom,england_detail,2022,3,9,37,2022-09-12,2020-2022
England,2022-09-16,280.0,476.0,4543.0,5.11,154986.0,ENG,United Kingdom,england_detail,2022,3,9,37,2022-09-12,2020-2022
England,2022-09-17,,484.0,4467.0,5.23,152846.0,ENG,United Kingdom,england_detail,2022,3,9,37,2022-09-12,2020-2022
England,2022-09-18,,555.0,4556.0,5.33,151229.0,ENG,United Kingdom,england_detail,2022,3,9,37,2022-09-12,2020-2022
England,2022-09-19,,781.0,4696.0,5.5,141801.0,ENG,United Kingdom,england_detail,2022,3,9,38,2022-09-19,2020-2022
England,2022-09-20,,826.0,4886.0,5.91,142452.0,ENG,United Kingdom,england_detail,2022,3,9,38,2022-09-19,2020-2022
England,2022-09-21,,858.0,5142.0,6.4,142775.0,ENG,United Kingdom,england_detail,2022,3,9,38,2022-09-19,2020-2022
England,2022-09-22,,846.0,5366.0,6.69,146900.0,ENG,United Kingdom,england_detail,2022,3,9,38,2022-09-19,2020-2022
England,2022-09-23,217.0,704.0,5604.0,7.09,150124.0,ENG,United Kingdom,england_detail,2022,3,9,38,2022-09-19,2020-2022
England,2022-09-24,,727.0,5773.0,7.43,150025.0,ENG,United Kingdom,england_detail,2022,3,9,38,2022-09-19,2020-2022
England,2022-09-25,,971.0,6045.0,7.8,149615.0,ENG,United Kingdom,england_detail,2022,3,9,38,2022-09-19,2020-2022
England,2022-09-26,,998.0,6439.0,8.31,154180.0,ENG,United Kingdom,england_detail,2022,3,9,39,2022-09-26,2020-2022
England,2022-09-27,,1045.0,6758.0,8.65,152506.0,ENG,United Kingdom,england_detail,2022,3,9,39,2022-09-26,2020-2022
England,2022-09-28,,1134.0,7024.0,8.9,152902.0,ENG,United Kingdom,england_detail,2022,3,9,39,2022-09-26,2020-2022
England,2022-09-29,,1158.0,7281.0,9.18,152077.0,ENG,United Kingdom,england_detail,2022,3,9,39,2022-09-26,2020-2022
England,2022-09-30,274.0,870.0,7672.0,9.43,151329.0,ENG,United Kingdom,england_detail,2022,3,9,39,2022-09-26,2020-2022
England,2022-10-01,,1091.0,8069.0,9.59,150958.0,ENG,United Kingdom,england_detail,2022,4,10,39,2022-09-26,2020-2022
England,2022-10-02,,1262.0,8374.0,9.89,151235.0,ENG,United Kingdom,england_detail,2022,4,10,39,2022-09-26,2020-2022
England,2022-10-03,,1344.0,8854.0,10.37,152413.0,ENG,United Kingdom,england_detail,2022,4,10,40,2022-10-03,2020-2022
England,2022-10-04,,1418.0,9287.0,10.6,156634.0,ENG,United Kingdom,england_detail,2022,4,10,40,2022-10-03,2020-2022
England,2022-10-05,,1259.0,9631.0,10.7,159435.0,ENG,United Kingdom,england_detail,2022,4,10,40,2022-10-03,2020-2022
England,2022-10-06,,1163.0,9922.0,10.82,161947.0,ENG,United Kingdom,england_detail,2022,4,10,40,2022-10-03,2020-2022
England,2022-10-07,372.0,946.0,10070.0,10.92,164515.0,ENG,United Kingdom,england_detail,2022,4,10,40,2022-10-03,2020-2022
England,2022-10-08,,885.0,10049.0,10.96,165551.0,ENG,United Kingdom,england_detail,2022,4,10,40,2022-10-03,2020-2022
England,2022-10-09,,1252.0,10181.0,10.75,165624.0,ENG,United Kingdom,england_detail,2022,4,10,40,2022-10-03,2020-2022
England,2022-10-10,,1275.0,10397.0,10.7,166004.0,ENG,United Kingdom,england_detail,2022,4,10,41,2022-10-10,2020-2022
England,2022-10-11,,1207.0,10522.0,10.52,167305.0,ENG,United Kingdom,england_detail,2022,4,10,41,2022-10-10,2020-2022
England,2022-10-12,,1150.0,10608.0,10.23,169460.0,ENG,United Kingdom,england_detail,2022,4,10,41,2022-10-10,2020-2022
England,2022-10-13,,1247.0,10524.0,9.92,170740.0,ENG,United Kingdom,england_detail,2022,4,10,41,2022-10-10,2020-2022
England,2022-10-14,523.0,978.0,10420.0,9.61,174620.0,ENG,United Kingdom,england_detail,2022,4,10,41,2022-10-10,2020-2022
England,2022-10-15,,900.0,10502.0,9.45,177806.0,ENG,United Kingdom,england_detail,2022,4,10,41,2022-10-10,2020-2022
England,2022-10-16,,1206.0,10584.0,9.39,179364.0,ENG,United Kingdom,england_detail,2022,4,10,41,2022-10-10,2020-2022
England,2022-10-17,,1121.0,10688.0,9.39,179969.0,ENG,United Kingdom,england_detail,2022,4,10,42,2022-10-17,2020-2022
England,2022-10-18,,1101.0,10594.0,9.14,182603.0,ENG,United Kingdom,england_detail,2022,4,10,42,2022-10-17,2020-2022
England,2022-10-19,,1064.0,10387.0,8.88,184616.0,ENG,United Kingdom,england_detail,2022,4,10,42,2022-10-17,2020-2022
England,2022-10-20,,1053.0,10129.0,8.63,186241.0,ENG,United Kingdom,england_detail,2022,4,10,42,2022-10-17,2020-2022
England,2022-10-21,647.0,831.0,9935.0,8.62,184342.0,ENG,United Kingdom,england_detail,2022,4,10,42,2022-10-17,2020-2022
England,2022-10-22,,785.0,9777.0,8.56,181934.0,ENG,United Kingdom,england_detail,2022,4,10,42,2022-10-17,2020-2022
England,2022-10-23,,884.0,9755.0,8.48,179381.0,ENG,United Kingdom,england_detail,2022,4,10,42,2022-10-17,2020-2022
England,2022-10-24,,870.0,9692.0,8.3,171161.0,ENG,United Kingdom,england_detail,2022,4,10,43,2022-10-24,2020-2022
England,2022-10-25,,863.0,9373.0,8.14,165131.0,ENG,United Kingdom,england_detail,2022,4,10,43,2022-10-24,2020-2022
England,2022-10-26,,857.0,9131.0,8.11,160485.0,ENG,United Kingdom,england_detail,2022,4,10,43,2022-10-24,2020-2022
England,2022-10-27,,773.0,8860.0,8.14,156700.0,ENG,United Kingdom,england_detail,2022,4,10,43,2022-10-24,2020-2022
England,2022-10-28,620.0,558.0,8663.0,7.87,151782.0,ENG,United Kingdom,england_detail,2022,4,10,43,2022-10-24,2020-2022
England,2022-10-29,,518.0,8324.0,7.78,149552.0,ENG,United Kingdom,england_detail,2022,4,10,43,2022-10-24,2020-2022
England,2022-10-30,,640.0,8235.0,7.65,147610.0,ENG,United Kingdom,england_detail,2022,4,10,43,2022-10-24,2020-2022
England,2022-10-31,,630.0,8019.0,7.62,141189.0,ENG,United Kingdom,england_detail,2022,4,10,44,2022-10-31,2020-2022
England,2022-11-01,,689.0,7591.0,7.4,139802.0,ENG,United Kingdom,england_detail,2022,4,11,44,2022-10-31,2020-2022
England,2022-11-02,,571.0,7296.0,7.08,139075.0,ENG,United Kingdom,england_detail,2022,4,11,44,2022-10-31,2020-2022
England,2022-11-03,,568.0,6969.0,6.78,137083.0,ENG,United Kingdom,england_detail,2022,4,11,44,2022-10-31,2020-2022
England,2022-11-04,605.0,410.0,6641.0,6.66,134581.0,ENG,United Kingdom,england_detail,2022,4,11,44,2022-10-31,2020-2022
England,2022-11-05,,396.0,6358.0,6.54,133997.0,ENG,United Kingdom,england_detail,2022,4,11,44,2022-10-31,2020-2022
England,2022-11-06,,500.0,6234.0,6.41,133653.0,ENG,United Kingdom,england_detail,2022,4,11,44,2022-10-31,2020-2022
England,2022-11-07,,598.0,6075.0,6.37,129461.0,ENG,United Kingdom,england_detail,2022,4,11,45,2022-11-07,2020-2022
England,2022-11-08,,550.0,5905.0,6.35,127386.0,ENG,United Kingdom,england_detail,2022,4,11,45,2022-11-07,2020-2022
England,2022-11-09,,535.0,5647.0,6.23,125417.0,ENG,United Kingdom,england_detail,2022,4,11,45,2022-11-07,2020-2022
England,2022-11-10,,550.0,5547.0,6.2,123201.0,ENG,United Kingdom,england_detail,2022,4,11,45,2022-11-07,2020-2022
England,2022-11-11,478.0,435.0,5372.0,6.2,122526.0,ENG,United Kingdom,england_detail,2022,4,11,45,2022-11-07,2020-2022
England,2022-11-12,,370.0,5258.0,6.18,122476.0,ENG,United Kingdom,england_detail,2022,4,11,45,2022-11-07,2020-2022
England,2022-11-13,,445.0,5269.0,6.15,121963.0,ENG,United Kingdom,england_detail,2022,4,11,45,2022-11-07,2020-2022
England,2022-11-14,,522.0,5284.0,6.18,119050.0,ENG,United Kingdom,england_detail,2022,4,11,46,2022-11-14,2020-2022
England,2022-11-15,,494.0,5165.0,6.1,118600.0,ENG,United Kingdom,england_detail,2022,4,11,46,2022-11-14,2020-2022
England,2022-11-16,,542.0,5010.0,6.03,117392.0,ENG,United Kingdom,england_detail,2022,4,11,46,2022-11-14,2020-2022
England,2022-11-17,,516.0,4842.0,6.06,116173.0,ENG,United Kingdom,england_detail,2022,4,11,46,2022-11-14,2020-2022
England,2022-11-18,401.0,437.0,4771.0,6.06,116363.0,ENG,United Kingdom,england_detail,2022,4,11,46,2022-11-14,2020-2022
England,2022-11-19,,395.0,4696.0,6.02,116557.0,ENG,United Kingdom,england_detail,2022,4,11,46,2022-11-14,2020-2022
England,2022-11-20,,434.0,4706.0,6.06,115851.0,ENG,United Kingdom,england_detail,2022,4,11,46,2022-11-14,2020-2022
England,2022-11-21,,503.0,4709.0,6.36,111558.0,ENG,United Kingdom,england_detail,2022,4,11,47,2022-11-21,2020-2022
England,2022-11-22,,547.0,4678.0,6.52,109865.0,ENG,United Kingdom,england_detail,2022,4,11,47,2022-11-21,2020-2022
England,2022-11-23,,536.0,4600.0,6.62,110066.0,ENG,United Kingdom,england_detail,2022,4,11,47,2022-11-21,2020-2022
England,2022-11-24,,522.0,4701.0,6.61,110123.0,ENG,United Kingdom,england_detail,2022,4,11,47,2022-11-21,2020-2022
England,2022-11-25,333.0,443.0,4638.0,6.61,109836.0,ENG,United Kingdom,england_detail,2022,4,11,47,2022-11-21,2020-2022
England,2022-11-26,,438.0,4568.0,6.68,109596.0,ENG,United Kingdom,england_detail,2022,4,11,47,2022-11-21,2020-2022
England,2022-11-27,,557.0,4639.0,6.78,109860.0,ENG,United Kingdom,england_detail,2022,4,11,47,2022-11-21,2020-2022
England,2022-11-28,,639.0,4775.0,7.02,110726.0,ENG,United Kingdom,england_detail,2022,4,11,48,2022-11-28,2020-2022
England,2022-11-29,,661.0,4847.0,7.19,112275.0,ENG,United Kingdom,england_detail,2022,4,11,48,2022-11-28,2020-2022
England,2022-11-30,,590.0,4964.0,7.22,113276.0,ENG,United Kingdom,england_detail,2022,4,11,48,2022-11-28,2020-2022
England,2022-12-01,,583.0,4990.0,7.25,113662.0,ENG,United Kingdom,england_detail,2022,4,12,48,2022-11-28,2020-2022
England,2022-12-02,299.0,468.0,5027.0,7.47,115879.0,ENG,United Kingdom,england_detail,2022,4,12,48,2022-11-28,2020-2022
England,2022-12-03,,498.0,5022.0,7.45,117099.0,ENG,United Kingdom,england_detail,2022,4,12,48,2022-11-28,2020-2022
England,2022-12-04,,589.0,5155.0,7.47,117552.0,ENG,United Kingdom,england_detail,2022,4,12,48,2022-11-28,2020-2022
England,2022-12-05,,724.0,5285.0,7.69,117038.0,ENG,United Kingdom,england_detail,2022,4,12,49,2022-12-05,2020-2022
England,2022-12-06,,779.0,5382.0,7.88,118189.0,ENG,United Kingdom,england_detail,2022,4,12,49,2022-12-05,2020-2022
England,2022-12-07,,748.0,5501.0,8.15,121238.0,ENG,United Kingdom,england_detail,2022,4,12,49,2022-12-05,2020-2022
England,2022-12-08,,697.0,5632.0,8.41,123387.0,ENG,United Kingdom,england_detail,2022,4,12,49,2022-12-05,2020-2022
England,2022-12-09,295.0,607.0,5771.0,8.4,125058.0,ENG,United Kingdom,england_detail,2022,4,12,49,2022-12-05,2020-2022
England,2022-12-10,,582.0,5920.0,8.52,126573.0,ENG,United Kingdom,england_detail,2022,4,12,49,2022-12-05,2020-2022
England,2022-12-11,,872.0,6057.0,8.64,127022.0,ENG,United Kingdom,england_detail,2022,4,12,49,2022-12-05,2020-2022
England,2022-12-12,,965.0,6171.0,9.08,128598.0,ENG,United Kingdom,england_detail,2022,4,12,50,2022-12-12,2020-2022
England,2022-12-13,,1026.0,6369.0,9.28,133847.0,ENG,United Kingdom,england_detail,2022,4,12,50,2022-12-12,2020-2022
England,2022-12-14,,963.0,6720.0,9.33,137291.0,ENG,United Kingdom,england_detail,2022,4,12,50,2022-12-12,2020-2022
England,2022-12-15,,1064.0,6924.0,9.46,140630.0,ENG,United Kingdom,england_detail,2022,4,12,50,2022-12-12,2020-2022
England,2022-12-16,364.0,834.0,7157.0,9.96,144343.0,ENG,United Kingdom,england_detail,2022,4,12,50,2022-12-12,2020-2022
England,2022-12-17,,799.0,7396.0,10.18,146318.0,ENG,United Kingdom,england_detail,2022,4,12,50,2022-12-12,2020-2022
England,2022-12-18,,1176.0,7688.0,10.36,147885.0,ENG,United Kingdom,england_detail,2022,4,12,50,2022-12-12,2020-2022
England,2022-12-19,,1296.0,8006.0,11.03,150424.0,ENG,United Kingdom,england_detail,2022,4,12,51,2022-12-19,2020-2022
England,2022-12-20,,1376.0,8340.0,11.47,154444.0,ENG,United Kingdom,england_detail,2022,4,12,51,2022-12-19,2020-2022
England,2022-12-21,,1293.0,8643.0,11.77,159670.0,ENG,United Kingdom,england_detail,2022,4,12,51,2022-12-19,2020-2022
England,2022-12-22,,1236.0,8919.0,12.01,162249.0,ENG,United Kingdom,england_detail,2022,4,12,51,2022-12-19,2020-2022
England,2022-12-23,397.0,899.0,9047.0,11.85,161412.0,ENG,United Kingdom,england_detail,2022,4,12,51,2022-12-19,2020-2022
England,2022-12-24,,780.0,9044.0,11.72,160882.0,ENG,United Kingdom,england_detail,2022,4,12,51,2022-12-19,2020-2022
England,2022-12-25,,844.0,8979.0,11.68,157677.0,ENG,United Kingdom,england_detail,2022,4,12,51,2022-12-19,2020-2022
England,2022-12-26,,988.0,9178.0,11.48,141443.0,ENG,United Kingdom,england_detail,2022,4,12,52,2022-12-26,2020-2022
England,2022-12-27,,1134.0,9250.0,11.44,131976.0,ENG,United Kingdom,england_detail,2022,4,12,52,2022-12-26,2020-2022
England,2022-12-28,,1245.0,9459.0,11.58,136226.0,ENG,United Kingdom,england_detail,2022,4,12,52,2022-12-26,2020-2022
England,2022-12-29,,1225.0,9535.0,11.69,141727.0,ENG,United Kingdom,england_detail,2022,4,12,52,2022-12-26,2020-2022
England,2022-12-30,367.0,940.0,9530.0,11.69,144626.0,ENG,United Kingdom,england_detail,2022,4,12,52,2022-12-26,2020-2022
England,2022-12-31,,723.0,9360.0,11.69,146571.0,ENG,United Kingdom,england_detail,2022,4,12,52,2022-12-26,2020-2022
England,2023-01-01,,784.0,9417.0,11.63,148568.0,ENG,United Kingdom,england_detail,2023,1,1,52,2022-12-26,2023-2026
England,2023-01-02,,916.0,9431.0,11.64,150797.0,ENG,United Kingdom,england_detail,2023,1,1,1,2023-01-02,2023-2026
England,2023-01-03,,992.0,9291.0,11.42,158652.0,ENG,United Kingdom,england_detail,2023,1,1,1,2023-01-02,2023-2026
England,2023-01-04,,922.0,9332.0,10.84,155651.0,ENG,United Kingdom,england_detail,2023,1,1,1,2023-01-02,2023-2026
England,2023-01-05,,899.0,9072.0,10.29,151555.0,ENG,United Kingdom,england_detail,2023,1,1,1,2023-01-02,2023-2026
England,2023-01-06,679.0,705.0,8671.0,9.88,151428.0,ENG,United Kingdom,england_detail,2023,1,1,1,2023-01-02,2023-2026
England,2023-01-07,,628.0,8547.0,9.65,151725.0,ENG,United Kingdom,england_detail,2023,1,1,1,2023-01-02,2023-2026
England,2023-01-08,,776.0,8396.0,9.56,151398.0,ENG,United Kingdom,england_detail,2023,1,1,1,2023-01-02,2023-2026
England,2023-01-09,,737.0,8368.0,9.27,155622.0,ENG,United Kingdom,england_detail,2023,1,1,2,2023-01-09,2023-2026
England,2023-01-10,,661.0,8034.0,8.94,147287.0,ENG,United Kingdom,england_detail,2023,1,1,2,2023-01-09,2023-2026
England,2023-01-11,,692.0,7743.0,8.49,140368.0,ENG,United Kingdom,england_detail,2023,1,1,2,2023-01-09,2023-2026
England,2023-01-12,,664.0,7421.0,8.06,137484.0,ENG,United Kingdom,england_detail,2023,1,1,2,2023-01-09,2023-2026
England,2023-01-13,849.0,510.0,7164.0,7.59,136141.0,ENG,United Kingdom,england_detail,2023,1,1,2,2023-01-09,2023-2026
England,2023-01-14,,417.0,6863.0,7.39,134357.0,ENG,United Kingdom,england_detail,2023,1,1,2,2023-01-09,2023-2026
England,2023-01-15,,567.0,6780.0,7.29,132893.0,ENG,United Kingdom,england_detail,2023,1,1,2,2023-01-09,2023-2026
England,2023-01-16,,599.0,6721.0,7.15,127920.0,ENG,United Kingdom,england_detail,2023,1,1,3,2023-01-16,2023-2026
England,2023-01-17,,565.0,6593.0,6.95,124711.0,ENG,United Kingdom,england_detail,2023,1,1,3,2023-01-16,2023-2026
England,2023-01-18,,595.0,6299.0,6.88,122116.0,ENG,United Kingdom,england_detail,2023,1,1,3,2023-01-16,2023-2026
England,2023-01-19,,618.0,5996.0,6.78,120362.0,ENG,United Kingdom,england_detail,2023,1,1,3,2023-01-16,2023-2026
England,2023-01-20,711.0,447.0,5888.0,6.85,116796.0,ENG,United Kingdom,england_detail,2023,1,1,3,2023-01-16,2023-2026
England,2023-01-21,,493.0,5706.0,6.88,116058.0,ENG,United Kingdom,england_detail,2023,1,1,3,2023-01-16,2023-2026
England,2023-01-22,,590.0,5697.0,6.93,114726.0,ENG,United Kingdom,england_detail,2023,1,1,3,2023-01-16,2023-2026
England,2023-01-23,,617.0,5817.0,7.09,109730.0,ENG,United Kingdom,england_detail,2023,1,1,4,2023-01-23,2023-2026
England,2023-01-24,,695.0,5639.0,7.4,107493.0,ENG,United Kingdom,england_detail,2023,1,1,4,2023-01-23,2023-2026
England,2023-01-25,,706.0,5632.0,7.61,107516.0,ENG,United Kingdom,england_detail,2023,1,1,4,2023-01-23,2023-2026
England,2023-01-26,,654.0,5683.0,7.85,106180.0,ENG,United Kingdom,england_detail,2023,1,1,4,2023-01-23,2023-2026
England,2023-01-27,545.0,558.0,5708.0,8.08,104411.0,ENG,United Kingdom,england_detail,2023,1,1,4,2023-01-23,2023-2026
England,2023-01-28,,562.0,5750.0,8.16,104491.0,ENG,United Kingdom,england_detail,2023,1,1,4,2023-01-23,2023-2026
England,2023-01-29,,705.0,5834.0,8.25,104485.0,ENG,United Kingdom,england_detail,2023,1,1,4,2023-01-23,2023-2026
England,2023-01-30,,741.0,5959.0,8.76,102690.0,ENG,United Kingdom,england_detail,2023,1,1,5,2023-01-30,2023-2026
England,2023-01-31,,752.0,6015.0,8.99,103333.0,ENG,United Kingdom,england_detail,2023,1,1,5,2023-01-30,2023-2026
England,2023-02-01,,780.0,6055.0,9.25,104025.0,ENG,United Kingdom,england_detail,2023,1,2,5,2023-01-30,2023-2026
England,2023-02-02,,713.0,6197.0,9.4,104330.0,ENG,United Kingdom,england_detail,2023,1,2,5,2023-01-30,2023-2026
England,2023-02-03,469.0,573.0,6288.0,9.44,106888.0,ENG,United Kingdom,england_detail,2023,1,2,5,2023-01-30,2023-2026
England,2023-02-04,,668.0,6203.0,9.5,107774.0,ENG,United Kingdom,england_detail,2023,1,2,5,2023-01-30,2023-2026
England,2023-02-05,,747.0,6332.0,9.62,107487.0,ENG,United Kingdom,england_detail,2023,1,2,5,2023-01-30,2023-2026
England,2023-02-06,,825.0,6484.0,9.83,107071.0,ENG,United Kingdom,england_detail,2023,1,2,6,2023-02-06,2023-2026
England,2023-02-07,,817.0,6405.0,9.86,107150.0,ENG,United Kingdom,england_detail,2023,1,2,6,2023-02-06,2023-2026
England,2023-02-08,,768.0,6382.0,9.78,107986.0,ENG,United Kingdom,england_detail,2023,1,2,6,2023-02-06,2023-2026
England,2023-02-09,,818.0,6403.0,9.89,108776.0,ENG,United Kingdom,england_detail,2023,1,2,6,2023-02-06,2023-2026
England,2023-02-10,432.0,643.0,6455.0,9.95,109858.0,ENG,United Kingdom,england_detail,2023,1,2,6,2023-02-06,2023-2026
England,2023-02-11,,743.0,6473.0,10.03,110493.0,ENG,United Kingdom,england_detail,2023,1,2,6,2023-02-06,2023-2026
England,2023-02-12,,866.0,6725.0,10.15,110751.0,ENG,United Kingdom,england_detail,2023,1,2,6,2023-02-06,2023-2026
England,2023-02-13,,949.0,6953.0,10.63,109960.0,ENG,United Kingdom,england_detail,2023,1,2,7,2023-02-13,2023-2026
England,2023-02-14,,912.0,7031.0,10.8,112211.0,ENG,United Kingdom,england_detail,2023,1,2,7,2023-02-13,2023-2026
England,2023-02-15,,978.0,7209.0,10.83,113089.0,ENG,United Kingdom,england_detail,2023,1,2,7,2023-02-13,2023-2026
England,2023-02-16,,959.0,7277.0,11.01,114810.0,ENG,United Kingdom,england_detail,2023,1,2,7,2023-02-13,2023-2026
England,2023-02-17,401.0,785.0,7371.0,11.14,116297.0,ENG,United Kingdom,england_detail,2023,1,2,7,2023-02-13,2023-2026
England,2023-02-18,,749.0,7484.0,11.19,116754.0,ENG,United Kingdom,england_detail,2023,1,2,7,2023-02-13,2023-2026
England,2023-02-19,,912.0,7665.0,11.29,116754.0,ENG,United Kingdom,england_detail,2023,1,2,7,2023-02-13,2023-2026
England,2023-02-20,,983.0,7919.0,11.44,115069.0,ENG,United Kingdom,england_detail,2023,1,2,8,2023-02-20,2023-2026
England,2023-02-21,,967.0,7906.0,11.54,115458.0,ENG,United Kingdom,england_detail,2023,1,2,8,2023-02-20,2023-2026
England,2023-02-22,,879.0,8015.0,11.49,116381.0,ENG,United Kingdom,england_detail,2023,1,2,8,2023-02-20,2023-2026
England,2023-02-23,,845.0,8107.0,11.39,116564.0,ENG,United Kingdom,england_detail,2023,1,2,8,2023-02-20,2023-2026
England,2023-02-24,399.0,665.0,7598.0,11.16,116665.0,ENG,United Kingdom,england_detail,2023,1,2,8,2023-02-20,2023-2026
England,2023-02-25,,729.0,7486.0,11.14,116497.0,ENG,United Kingdom,england_detail,2023,1,2,8,2023-02-20,2023-2026
England,2023-02-26,,893.0,7580.0,11.1,115827.0,ENG,United Kingdom,england_detail,2023,1,2,8,2023-02-20,2023-2026
England,2023-02-27,,933.0,7622.0,11.11,114190.0,ENG,United Kingdom,england_detail,2023,1,2,9,2023-02-27,2023-2026
England,2023-02-28,,942.0,7598.0,11.05,114288.0,ENG,United Kingdom,england_detail,2023,1,2,9,2023-02-27,2023-2026
England,2023-03-01,,993.0,7507.0,11.16,114569.0,ENG,United Kingdom,england_detail,2023,1,3,9,2023-02-27,2023-2026
England,2023-03-02,,947.0,7522.0,10.99,115527.0,ENG,United Kingdom,england_detail,2023,1,3,9,2023-02-27,2023-2026
England,2023-03-03,499.0,750.0,7468.0,10.89,116358.0,ENG,United Kingdom,england_detail,2023,1,3,9,2023-02-27,2023-2026
England,2023-03-04,,743.0,7330.0,10.8,117117.0,ENG,United Kingdom,england_detail,2023,1,3,9,2023-02-27,2023-2026
England,2023-03-05,,874.0,7470.0,10.88,116549.0,ENG,United Kingdom,england_detail,2023,1,3,9,2023-02-27,2023-2026
England,2023-03-06,,1039.0,7572.0,10.85,116004.0,ENG,United Kingdom,england_detail,2023,1,3,10,2023-03-06,2023-2026
England,2023-03-07,,1045.0,7588.0,10.79,117261.0,ENG,United Kingdom,england_detail,2023,1,3,10,2023-03-06,2023-2026
England,2023-03-08,,1122.0,7655.0,10.68,117806.0,ENG,United Kingdom,england_detail,2023,1,3,10,2023-03-06,2023-2026
England,2023-03-09,,978.0,7619.0,10.62,118564.0,ENG,United Kingdom,england_detail,2023,1,3,10,2023-03-06,2023-2026
England,2023-03-10,521.0,783.0,7935.0,10.64,117873.0,ENG,United Kingdom,england_detail,2023,1,3,10,2023-03-06,2023-2026
England,2023-03-11,,870.0,7866.0,10.64,118793.0,ENG,United Kingdom,england_detail,2023,1,3,10,2023-03-06,2023-2026
England,2023-03-12,,1071.0,7989.0,10.77,119408.0,ENG,United Kingdom,england_detail,2023,1,3,10,2023-03-06,2023-2026
England,2023-03-13,,1189.0,8253.0,11.2,115843.0,ENG,United Kingdom,england_detail,2023,1,3,11,2023-03-13,2023-2026
England,2023-03-14,,1100.0,8362.0,11.34,114728.0,ENG,United Kingdom,england_detail,2023,1,3,11,2023-03-13,2023-2026
England,2023-03-15,,1011.0,8434.0,11.15,114238.0,ENG,United Kingdom,england_detail,2023,1,3,11,2023-03-13,2023-2026
England,2023-03-16,,1076.0,8378.0,11.11,115456.0,ENG,United Kingdom,england_detail,2023,1,3,11,2023-03-13,2023-2026
England,2023-03-17,512.0,842.0,8340.0,10.98,116849.0,ENG,United Kingdom,england_detail,2023,1,3,11,2023-03-13,2023-2026
England,2023-03-18,,853.0,8339.0,11.01,116676.0,ENG,United Kingdom,england_detail,2023,1,3,11,2023-03-13,2023-2026
England,2023-03-19,,1049.0,8441.0,10.84,116163.0,ENG,United Kingdom,england_detail,2023,1,3,11,2023-03-13,2023-2026
England,2023-03-20,,1019.0,8631.0,10.7,115053.0,ENG,United Kingdom,england_detail,2023,1,3,12,2023-03-20,2023-2026
England,2023-03-21,,1065.0,8576.0,10.46,116389.0,ENG,United Kingdom,england_detail,2023,1,3,12,2023-03-20,2023-2026
England,2023-03-22,,1028.0,8387.0,10.31,117891.0,ENG,United Kingdom,england_detail,2023,1,3,12,2023-03-20,2023-2026
England,2023-03-23,,1011.0,8403.0,10.14,118125.0,ENG,United Kingdom,england_detail,2023,1,3,12,2023-03-20,2023-2026
England,2023-03-24,584.0,762.0,8304.0,10.04,118650.0,ENG,United Kingdom,england_detail,2023,1,3,12,2023-03-20,2023-2026
England,2023-03-25,,730.0,8234.0,9.89,119745.0,ENG,United Kingdom,england_detail,2023,1,3,12,2023-03-20,2023-2026
England,2023-03-26,,825.0,8265.0,9.83,119109.0,ENG,United Kingdom,england_detail,2023,1,3,12,2023-03-20,2023-2026
England,2023-03-27,,886.0,8316.0,9.75,115842.0,ENG,United Kingdom,england_detail,2023,1,3,13,2023-03-27,2023-2026
England,2023-03-28,,934.0,8080.0,9.41,113897.0,ENG,United Kingdom,england_detail,2023,1,3,13,2023-03-27,2023-2026
England,2023-03-29,,1021.0,7963.0,9.29,113246.0,ENG,United Kingdom,england_detail,2023,1,3,13,2023-03-27,2023-2026
England,2023-03-30,,847.0,7777.0,9.11,110778.0,ENG,United Kingdom,england_detail,2023,1,3,13,2023-03-27,2023-2026
England,2023-03-31,599.0,699.0,7759.0,9.05,103775.0,ENG,United Kingdom,england_detail,2023,1,3,13,2023-03-27,2023-2026
England,2023-04-01,,718.0,7520.0,9.0,101300.0,ENG,United Kingdom,england_detail,2023,2,4,13,2023-03-27,2023-2026
England,2023-04-02,,771.0,7556.0,8.99,99150.0,ENG,United Kingdom,england_detail,2023,2,4,13,2023-03-27,2023-2026
England,2023-04-03,,770.0,7566.0,9.48,87131.0,ENG,United Kingdom,england_detail,2023,2,4,14,2023-04-03,2023-2026
England,2023-04-04,,786.0,7455.0,9.87,76659.0,ENG,United Kingdom,england_detail,2023,2,4,14,2023-04-03,2023-2026
England,2023-04-05,,774.0,7005.0,10.34,67131.0,ENG,United Kingdom,england_detail,2023,2,4,14,2023-04-03,2023-2026
England,2023-04-06,,619.0,6829.0,10.81,60172.0,ENG,United Kingdom,england_detail,2023,2,4,14,2023-04-03,2023-2026
England,2023-04-07,484.0,520.0,6599.0,10.77,57137.0,ENG,United Kingdom,england_detail,2023,2,4,14,2023-04-03,2023-2026
England,2023-04-08,,526.0,6462.0,10.75,55942.0,ENG,United Kingdom,england_detail,2023,2,4,14,2023-04-03,2023-2026
England,2023-04-09,,612.0,6372.0,10.68,54816.0,ENG,United Kingdom,england_detail,2023,2,4,14,2023-04-03,2023-2026
England,2023-04-10,,719.0,7029.0,10.89,51722.0,ENG,United Kingdom,england_detail,2023,2,4,15,2023-04-10,2023-2026
England,2023-04-11,,723.0,6593.0,11.06,50755.0,ENG,United Kingdom,england_detail,2023,2,4,15,2023-04-10,2023-2026
England,2023-04-12,,628.0,6428.0,11.07,49619.0,ENG,United Kingdom,england_detail,2023,2,4,15,2023-04-10,2023-2026
England,2023-04-13,,620.0,6277.0,11.12,48555.0,ENG,United Kingdom,england_detail,2023,2,4,15,2023-04-10,2023-2026
England,2023-04-14,439.0,492.0,6013.0,10.98,49311.0,ENG,United Kingdom,england_detail,2023,2,4,15,2023-04-10,2023-2026
England,2023-04-15,,509.0,5793.0,10.9,48789.0,ENG,United Kingdom,england_detail,2023,2,4,15,2023-04-10,2023-2026
England,2023-04-16,,576.0,5764.0,10.9,48432.0,ENG,United Kingdom,england_detail,2023,2,4,15,2023-04-10,2023-2026
England,2023-04-17,,659.0,5756.0,10.91,48424.0,ENG,United Kingdom,england_detail,2023,2,4,16,2023-04-17,2023-2026
England,2023-04-18,,557.0,5619.0,10.62,47329.0,ENG,United Kingdom,england_detail,2023,2,4,16,2023-04-17,2023-2026
England,2023-04-19,,566.0,5590.0,10.31,47042.0,ENG,United Kingdom,england_detail,2023,2,4,16,2023-04-17,2023-2026
England,2023-04-20,,493.0,5412.0,10.2,46805.0,ENG,United Kingdom,england_detail,2023,2,4,16,2023-04-17,2023-2026
England,2023-04-21,508.0,428.0,5182.0,9.99,47024.0,ENG,United Kingdom,england_detail,2023,2,4,16,2023-04-17,2023-2026
England,2023-04-22,,411.0,4988.0,9.87,47114.0,ENG,United Kingdom,england_detail,2023,2,4,16,2023-04-17,2023-2026
England,2023-04-23,,570.0,4978.0,9.78,46815.0,ENG,United Kingdom,england_detail,2023,2,4,16,2023-04-17,2023-2026
England,2023-04-24,,525.0,5043.0,9.55,46090.0,ENG,United Kingdom,england_detail,2023,2,4,17,2023-04-24,2023-2026
England,2023-04-25,,511.0,4924.0,9.51,45469.0,ENG,United Kingdom,england_detail,2023,2,4,17,2023-04-24,2023-2026
England,2023-04-26,,539.0,4809.0,9.37,45069.0,ENG,United Kingdom,england_detail,2023,2,4,17,2023-04-24,2023-2026
England,2023-04-27,,525.0,4710.0,9.4,44569.0,ENG,United Kingdom,england_detail,2023,2,4,17,2023-04-24,2023-2026
England,2023-04-28,436.0,404.0,4631.0,9.47,43969.0,ENG,United Kingdom,england_detail,2023,2,4,17,2023-04-24,2023-2026
England,2023-04-29,,394.0,4395.0,9.61,43126.0,ENG,United Kingdom,england_detail,2023,2,4,17,2023-04-24,2023-2026
England,2023-04-30,,428.0,4554.0,9.64,42470.0,ENG,United Kingdom,england_detail,2023,2,4,17,2023-04-24,2023-2026
England,2023-05-01,,517.0,4592.0,9.96,39975.0,ENG,United Kingdom,england_detail,2023,2,5,18,2023-05-01,2023-2026
England,2023-05-02,,505.0,4646.0,10.09,39753.0,ENG,United Kingdom,england_detail,2023,2,5,18,2023-05-01,2023-2026
England,2023-05-03,,450.0,4585.0,10.18,39277.0,ENG,United Kingdom,england_detail,2023,2,5,18,2023-05-01,2023-2026
England,2023-05-04,,443.0,4431.0,10.17,38758.0,ENG,United Kingdom,england_detail,2023,2,5,18,2023-05-01,2023-2026
England,2023-05-05,286.0,406.0,4350.0,10.05,38389.0,ENG,United Kingdom,england_detail,2023,2,5,18,2023-05-01,2023-2026
England,2023-05-06,,382.0,4253.0,9.99,38123.0,ENG,United Kingdom,england_detail,2023,2,5,18,2023-05-01,2023-2026
England,2023-05-07,,360.0,4224.0,9.93,37743.0,ENG,United Kingdom,england_detail,2023,2,5,18,2023-05-01,2023-2026
England,2023-05-08,,456.0,4292.0,9.94,37240.0,ENG,United Kingdom,england_detail,2023,2,5,19,2023-05-08,2023-2026
England,2023-05-09,,457.0,4223.0,9.79,36579.0,ENG,United Kingdom,england_detail,2023,2,5,19,2023-05-08,2023-2026
England,2023-05-10,,459.0,4207.0,9.71,36022.0,ENG,United Kingdom,england_detail,2023,2,5,19,2023-05-08,2023-2026
England,2023-05-11,,406.0,3980.0,9.63,35704.0,ENG,United Kingdom,england_detail,2023,2,5,19,2023-05-08,2023-2026
England,2023-05-12,283.0,309.0,3928.0,9.58,35154.0,ENG,United Kingdom,england_detail,2023,2,5,19,2023-05-08,2023-2026
England,2023-05-13,,271.0,3825.0,9.47,35045.0,ENG,United Kingdom,england_detail,2023,2,5,19,2023-05-08,2023-2026
England,2023-05-14,,345.0,3802.0,9.41,34432.0,ENG,United Kingdom,england_detail,2023,2,5,19,2023-05-08,2023-2026
England,2023-05-15,,374.0,3719.0,9.08,34742.0,ENG,United Kingdom,england_detail,2023,2,5,20,2023-05-15,2023-2026
England,2023-05-16,,383.0,3632.0,8.92,33889.0,ENG,United Kingdom,england_detail,2023,2,5,20,2023-05-15,2023-2026
England,2023-05-17,,350.0,3550.0,8.74,33288.0,ENG,United Kingdom,england_detail,2023,2,5,20,2023-05-15,2023-2026
England,2023-05-18,,343.0,3471.0,8.61,32483.0,ENG,United Kingdom,england_detail,2023,2,5,20,2023-05-15,2023-2026
England,2023-05-19,304.0,253.0,3362.0,8.58,32289.0,ENG,United Kingdom,england_detail,2023,2,5,20,2023-05-15,2023-2026
England,2023-05-20,,247.0,3246.0,8.37,32472.0,ENG,United Kingdom,england_detail,2023,2,5,20,2023-05-15,2023-2026
England,2023-05-21,,328.0,3207.0,8.13,32332.0,ENG,United Kingdom,england_detail,2023,2,5,20,2023-05-15,2023-2026
England,2023-05-22,,364.0,3133.0,8.34,31874.0,ENG,United Kingdom,england_detail,2023,2,5,21,2023-05-22,2023-2026
England,2023-05-23,,381.0,3114.0,8.42,31465.0,ENG,United Kingdom,england_detail,2023,2,5,21,2023-05-22,2023-2026
England,2023-05-24,,340.0,3116.0,8.44,31002.0,ENG,United Kingdom,england_detail,2023,2,5,21,2023-05-22,2023-2026
England,2023-05-25,,322.0,3009.0,8.32,30736.0,ENG,United Kingdom,england_detail,2023,2,5,21,2023-05-22,2023-2026
England,2023-05-26,251.0,246.0,2983.0,8.3,30208.0,ENG,United Kingdom,england_detail,2023,2,5,21,2023-05-22,2023-2026
England,2023-05-27,,219.0,2820.0,8.32,29612.0,ENG,United Kingdom,england_detail,2023,2,5,21,2023-05-22,2023-2026
England,2023-05-28,,257.0,2772.0,8.33,29114.0,ENG,United Kingdom,england_detail,2023,2,5,21,2023-05-22,2023-2026
England,2023-05-29,,299.0,2831.0,8.29,27288.0,ENG,United Kingdom,england_detail,2023,2,5,22,2023-05-29,2023-2026
England,2023-05-30,,,2775.0,8.0,27336.0,ENG,United Kingdom,england_detail,2023,2,5,22,2023-05-29,2023-2026
England,2023-05-31,,,2780.0,7.86,27465.0,ENG,United Kingdom,england_detail,2023,2,5,22,2023-05-29,2023-2026
England,2023-06-01,,293.0,2596.0,7.72,27041.0,ENG,United Kingdom,england_detail,2023,2,6,22,2023-05-29,2023-2026
England,2023-06-02,175.0,192.0,2588.0,7.43,27001.0,ENG,United Kingdom,england_detail,2023,2,6,22,2023-05-29,2023-2026
England,2023-06-03,,177.0,2432.0,7.22,27041.0,ENG,United Kingdom,england_detail,2023,2,6,22,2023-05-29,2023-2026
England,2023-06-04,,255.0,2453.0,7.18,26941.0,ENG,United Kingdom,england_detail,2023,2,6,22,2023-05-29,2023-2026
England,2023-06-05,,276.0,2452.0,7.2,27715.0,ENG,United Kingdom,england_detail,2023,2,6,23,2023-06-05,2023-2026
England,2023-06-06,,290.0,2382.0,7.2,27130.0,ENG,United Kingdom,england_detail,2023,2,6,23,2023-06-05,2023-2026
England,2023-06-07,,272.0,2330.0,7.04,26704.0,ENG,United Kingdom,england_detail,2023,2,6,23,2023-06-05,2023-2026
England,2023-06-08,,255.0,2315.0,7.0,26656.0,ENG,United Kingdom,england_detail,2023,2,6,23,2023-06-05,2023-2026
England,2023-06-09,195.0,183.0,2268.0,6.94,26561.0,ENG,United Kingdom,england_detail,2023,2,6,23,2023-06-05,2023-2026
England,2023-06-10,,180.0,2200.0,6.97,26257.0,ENG,United Kingdom,england_detail,2023,2,6,23,2023-06-05,2023-2026
England,2023-06-11,,252.0,2187.0,6.84,26106.0,ENG,United Kingdom,england_detail,2023,2,6,23,2023-06-05,2023-2026
England,2023-06-12,,223.0,2212.0,6.66,25773.0,ENG,United Kingdom,england_detail,2023,2,6,24,2023-06-12,2023-2026
England,2023-06-13,,246.0,2149.0,6.32,25746.0,ENG,United Kingdom,england_detail,2023,2,6,24,2023-06-12,2023-2026
England,2023-06-14,,212.0,2129.0,6.1,25799.0,ENG,United Kingdom,england_detail,2023,2,6,24,2023-06-12,2023-2026
England,2023-06-15,,160.0,2048.0,5.84,25236.0,ENG,United Kingdom,england_detail,2023,2,6,24,2023-06-12,2023-2026
England,2023-06-16,148.0,115.0,1991.0,5.73,24455.0,ENG,United Kingdom,england_detail,2023,2,6,24,2023-06-12,2023-2026
England,2023-06-17,,124.0,1916.0,5.56,24325.0,ENG,United Kingdom,england_detail,2023,2,6,24,2023-06-12,2023-2026
England,2023-06-18,,146.0,1869.0,5.45,23921.0,ENG,United Kingdom,england_detail,2023,2,6,24,2023-06-12,2023-2026
England,2023-06-19,,150.0,1843.0,5.14,23397.0,ENG,United Kingdom,england_detail,2023,2,6,25,2023-06-19,2023-2026
England,2023-06-20,,167.0,1750.0,5.0,23241.0,ENG,United Kingdom,england_detail,2023,2,6,25,2023-06-19,2023-2026
England,2023-06-21,,125.0,1670.0,4.78,22651.0,ENG,United Kingdom,england_detail,2023,2,6,25,2023-06-19,2023-2026
England,2023-06-22,,124.0,1604.0,4.63,22557.0,ENG,United Kingdom,england_detail,2023,2,6,25,2023-06-19,2023-2026
England,2023-06-23,141.0,80.0,1476.0,4.49,22694.0,ENG,United Kingdom,england_detail,2023,2,6,25,2023-06-19,2023-2026
England,2023-06-24,,95.0,1415.0,4.39,22593.0,ENG,United Kingdom,england_detail,2023,2,6,25,2023-06-19,2023-2026
England,2023-06-25,,102.0,1375.0,4.31,22193.0,ENG,United Kingdom,england_detail,2023,2,6,25,2023-06-19,2023-2026
England,2023-06-26,,107.0,1372.0,4.28,21369.0,ENG,United Kingdom,england_detail,2023,2,6,26,2023-06-26,2023-2026
England,2023-06-27,,97.0,1321.0,4.07,20824.0,ENG,United Kingdom,england_detail,2023,2,6,26,2023-06-26,2023-2026
England,2023-06-28,,121.0,1314.0,4.03,20627.0,ENG,United Kingdom,england_detail,2023,2,6,26,2023-06-26,2023-2026
England,2023-06-29,,106.0,1221.0,3.95,20315.0,ENG,United Kingdom,england_detail,2023,2,6,26,2023-06-26,2023-2026
England,2023-06-30,122.0,93.0,1163.0,3.91,20231.0,ENG,United Kingdom,england_detail,2023,2,6,26,2023-06-26,2023-2026
England,2023-07-01,,70.0,1138.0,3.87,20064.0,ENG,United Kingdom,england_detail,2023,3,7,26,2023-06-26,2023-2026
England,2023-07-02,,97.0,1137.0,3.82,20086.0,ENG,United Kingdom,england_detail,2023,3,7,26,2023-06-26,2023-2026
England,2023-07-03,,115.0,1118.0,3.83,19991.0,ENG,United Kingdom,england_detail,2023,3,7,27,2023-07-03,2023-2026
England,2023-07-04,,142.0,1107.0,4.01,19752.0,ENG,United Kingdom,england_detail,2023,3,7,27,2023-07-03,2023-2026
England,2023-07-05,,113.0,1067.0,3.98,19735.0,ENG,United Kingdom,england_detail,2023,3,7,27,2023-07-03,2023-2026
England,2023-07-06,,120.0,1045.0,4.08,19741.0,ENG,United Kingdom,england_detail,2023,3,7,27,2023-07-03,2023-2026
England,2023-07-07,91.0,100.0,1037.0,4.19,19715.0,ENG,United Kingdom,england_detail,2023,3,7,27,2023-07-03,2023-2026
England,2023-07-08,,112.0,1049.0,4.26,19994.0,ENG,United Kingdom,england_detail,2023,3,7,27,2023-07-03,2023-2026
England,2023-07-09,,128.0,1055.0,4.4,20012.0,ENG,United Kingdom,england_detail,2023,3,7,27,2023-07-03,2023-2026
England,2023-07-10,,161.0,1055.0,4.61,19859.0,ENG,United Kingdom,england_detail,2023,3,7,28,2023-07-10,2023-2026
England,2023-07-11,,157.0,1049.0,4.66,20195.0,ENG,United Kingdom,england_detail,2023,3,7,28,2023-07-10,2023-2026
England,2023-07-12,,139.0,1083.0,4.85,20035.0,ENG,United Kingdom,england_detail,2023,3,7,28,2023-07-10,2023-2026
England,2023-07-13,,133.0,1078.0,4.97,19972.0,ENG,United Kingdom,england_detail,2023,3,7,28,2023-07-10,2023-2026
England,2023-07-14,73.0,101.0,1066.0,5.1,19708.0,ENG,United Kingdom,england_detail,2023,3,7,28,2023-07-10,2023-2026
England,2023-07-15,,125.0,1073.0,5.28,19446.0,ENG,United Kingdom,england_detail,2023,3,7,28,2023-07-10,2023-2026
England,2023-07-16,,132.0,1101.0,5.4,19286.0,ENG,United Kingdom,england_detail,2023,3,7,28,2023-07-10,2023-2026
England,2023-07-17,,143.0,1130.0,5.48,18731.0,ENG,United Kingdom,england_detail,2023,3,7,29,2023-07-17,2023-2026
England,2023-07-18,,142.0,1097.0,5.61,18173.0,ENG,United Kingdom,england_detail,2023,3,7,29,2023-07-17,2023-2026
England,2023-07-19,,184.0,1081.0,5.66,18327.0,ENG,United Kingdom,england_detail,2023,3,7,29,2023-07-17,2023-2026
England,2023-07-20,,169.0,1060.0,5.88,18453.0,ENG,United Kingdom,england_detail,2023,3,7,29,2023-07-17,2023-2026
England,2023-07-21,61.0,132.0,1125.0,5.98,18715.0,ENG,United Kingdom,england_detail,2023,3,7,29,2023-07-17,2023-2026
England,2023-07-22,,148.0,1107.0,6.12,18847.0,ENG,United Kingdom,england_detail,2023,3,7,29,2023-07-17,2023-2026
England,2023-07-23,,203.0,1111.0,6.27,18979.0,ENG,United Kingdom,england_detail,2023,3,7,29,2023-07-17,2023-2026
England,2023-07-24,,248.0,1191.0,6.87,19273.0,ENG,United Kingdom,england_detail,2023,3,7,30,2023-07-24,2023-2026
England,2023-07-25,,204.0,1287.0,6.95,19621.0,ENG,United Kingdom,england_detail,2023,3,7,30,2023-07-24,2023-2026
England,2023-07-26,,210.0,1371.0,7.22,19725.0,ENG,United Kingdom,england_detail,2023,3,7,30,2023-07-24,2023-2026
England,2023-07-27,,253.0,1382.0,7.4,20040.0,ENG,United Kingdom,england_detail,2023,3,7,30,2023-07-24,2023-2026
England,2023-07-28,55.0,171.0,1440.0,7.74,20074.0,ENG,United Kingdom,england_detail,2023,3,7,30,2023-07-24,2023-2026
England,2023-07-29,,181.0,1445.0,7.97,20307.0,ENG,United Kingdom,england_detail,2023,3,7,30,2023-07-24,2023-2026
England,2023-07-30,,293.0,1524.0,8.23,20348.0,ENG,United Kingdom,england_detail,2023,3,7,30,2023-07-24,2023-2026
England,2023-07-31,,258.0,1605.0,8.61,20088.0,ENG,United Kingdom,england_detail,2023,3,7,31,2023-07-31,2023-2026
England,2023-08-01,,273.0,1674.0,9.06,20106.0,ENG,United Kingdom,england_detail,2023,3,8,31,2023-07-31,2023-2026
England,2023-08-02,,293.0,1742.0,9.43,20217.0,ENG,United Kingdom,england_detail,2023,3,8,31,2023-07-31,2023-2026
England,2023-08-03,,277.0,1785.0,9.86,20027.0,ENG,United Kingdom,england_detail,2023,3,8,31,2023-07-31,2023-2026
England,2023-08-04,65.0,229.0,1846.0,10.01,20144.0,ENG,United Kingdom,england_detail,2023,3,8,31,2023-07-31,2023-2026
England,2023-08-05,,211.0,1867.0,10.14,20280.0,ENG,United Kingdom,england_detail,2023,3,8,31,2023-07-31,2023-2026
England,2023-08-06,,309.0,1912.0,10.34,20212.0,ENG,United Kingdom,england_detail,2023,3,8,31,2023-07-31,2023-2026
England,2023-08-07,,361.0,1998.0,10.35,20135.0,ENG,United Kingdom,england_detail,2023,3,8,32,2023-08-07,2023-2026
England,2023-08-08,,357.0,2006.0,10.61,20379.0,ENG,United Kingdom,england_detail,2023,3,8,32,2023-08-07,2023-2026
England,2023-08-09,,336.0,2073.0,10.92,20466.0,ENG,United Kingdom,england_detail,2023,3,8,32,2023-08-07,2023-2026
England,2023-08-10,,313.0,2168.0,11.19,20638.0,ENG,United Kingdom,england_detail,2023,3,8,32,2023-08-07,2023-2026
England,2023-08-11,101.0,260.0,2232.0,11.43,20490.0,ENG,United Kingdom,england_detail,2023,3,8,32,2023-08-07,2023-2026
England,2023-08-12,,253.0,2276.0,11.63,20616.0,ENG,United Kingdom,england_detail,2023,3,8,32,2023-08-07,2023-2026
England,2023-08-13,,369.0,2343.0,12.01,20671.0,ENG,United Kingdom,england_detail,2023,3,8,32,2023-08-07,2023-2026
England,2023-08-14,,361.0,2406.0,12.34,20498.0,ENG,United Kingdom,england_detail,2023,3,8,33,2023-08-14,2023-2026
England,2023-08-15,,358.0,2399.0,12.41,20211.0,ENG,United Kingdom,england_detail,2023,3,8,33,2023-08-14,2023-2026
England,2023-08-16,,335.0,2447.0,12.59,20131.0,ENG,United Kingdom,england_detail,2023,3,8,33,2023-08-14,2023-2026
England,2023-08-17,,307.0,2460.0,12.61,20219.0,ENG,United Kingdom,england_detail,2023,3,8,33,2023-08-14,2023-2026
England,2023-08-18,115.0,271.0,2495.0,12.86,20458.0,ENG,United Kingdom,england_detail,2023,3,8,33,2023-08-14,2023-2026
England,2023-08-19,,230.0,2521.0,12.99,20274.0,ENG,United Kingdom,england_detail,2023,3,8,33,2023-08-14,2023-2026
England,2023-08-20,,340.0,2561.0,12.7,20224.0,ENG,United Kingdom,england_detail,2023,3,8,33,2023-08-14,2023-2026
England,2023-08-21,,381.0,2575.0,12.72,20562.0,ENG,United Kingdom,england_detail,2023,3,8,34,2023-08-21,2023-2026
England,2023-08-22,,376.0,2521.0,12.84,20818.0,ENG,United Kingdom,england_detail,2023,3,8,34,2023-08-21,2023-2026
England,2023-08-23,,333.0,2493.0,12.67,21012.0,ENG,United Kingdom,england_detail,2023,3,8,34,2023-08-21,2023-2026
England,2023-08-24,,350.0,2510.0,12.89,20870.0,ENG,United Kingdom,england_detail,2023,3,8,34,2023-08-21,2023-2026
England,2023-08-25,178.0,272.0,2543.0,12.95,20629.0,ENG,United Kingdom,england_detail,2023,3,8,34,2023-08-21,2023-2026
England,2023-08-26,,254.0,2519.0,13.03,20771.0,ENG,United Kingdom,england_detail,2023,3,8,34,2023-08-21,2023-2026
England,2023-08-27,,285.0,2538.0,13.32,20824.0,ENG,United Kingdom,england_detail,2023,3,8,34,2023-08-21,2023-2026
England,2023-08-28,,413.0,2574.0,13.54,19779.0,ENG,United Kingdom,england_detail,2023,3,8,35,2023-08-28,2023-2026
England,2023-08-29,,414.0,2615.0,13.79,19749.0,ENG,United Kingdom,england_detail,2023,3,8,35,2023-08-28,2023-2026
England,2023-08-30,,447.0,2626.0,14.36,19664.0,ENG,United Kingdom,england_detail,2023,3,8,35,2023-08-28,2023-2026
England,2023-08-31,,362.0,2720.0,14.44,19979.0,ENG,United Kingdom,england_detail,2023,3,8,35,2023-08-28,2023-2026
England,2023-09-01,136.0,360.0,2791.0,14.59,20316.0,ENG,United Kingdom,england_detail,2023,3,9,35,2023-08-28,2023-2026
England,2023-09-02,,362.0,2762.0,14.78,20700.0,ENG,United Kingdom,england_detail,2023,3,9,35,2023-08-28,2023-2026
England,2023-09-03,,536.0,2930.0,15.4,20805.0,ENG,United Kingdom,england_detail,2023,3,9,35,2023-08-28,2023-2026
England,2023-09-04,,544.0,3032.0,16.08,21634.0,ENG,United Kingdom,england_detail,2023,3,9,36,2023-09-04,2023-2026
England,2023-09-05,,495.0,3104.0,16.17,22096.0,ENG,United Kingdom,england_detail,2023,3,9,36,2023-09-04,2023-2026
England,2023-09-06,,493.0,3111.0,16.04,22553.0,ENG,United Kingdom,england_detail,2023,3,9,36,2023-09-04,2023-2026
England,2023-09-07,,475.0,3188.0,16.28,22900.0,ENG,United Kingdom,england_detail,2023,3,9,36,2023-09-04,2023-2026
England,2023-09-08,197.0,382.0,3188.0,16.4,23274.0,ENG,United Kingdom,england_detail,2023,3,9,36,2023-09-04,2023-2026
England,2023-09-09,,388.0,3272.0,16.47,23519.0,ENG,United Kingdom,england_detail,2023,3,9,36,2023-09-04,2023-2026
England,2023-09-10,,451.0,3354.0,16.26,23863.0,ENG,United Kingdom,england_detail,2023,3,9,36,2023-09-04,2023-2026
England,2023-09-11,,445.0,3371.0,15.92,23826.0,ENG,United Kingdom,england_detail,2023,3,9,37,2023-09-11,2023-2026
England,2023-09-12,,444.0,3261.0,15.57,23807.0,ENG,United Kingdom,england_detail,2023,3,9,37,2023-09-11,2023-2026
England,2023-09-13,,365.0,3193.0,15.51,23598.0,ENG,United Kingdom,england_detail,2023,3,9,37,2023-09-11,2023-2026
England,2023-09-14,,344.0,3162.0,15.14,23430.0,ENG,United Kingdom,england_detail,2023,3,9,37,2023-09-11,2023-2026
England,2023-09-15,229.0,329.0,3017.0,14.61,23153.0,ENG,United Kingdom,england_detail,2023,3,9,37,2023-09-11,2023-2026
England,2023-09-16,,368.0,2984.0,14.46,23109.0,ENG,United Kingdom,england_detail,2023,3,9,37,2023-09-11,2023-2026
England,2023-09-17,,442.0,3041.0,14.5,22868.0,ENG,United Kingdom,england_detail,2023,3,9,37,2023-09-11,2023-2026
England,2023-09-18,,460.0,3060.0,14.53,22919.0,ENG,United Kingdom,england_detail,2023,3,9,38,2023-09-18,2023-2026
England,2023-09-19,,464.0,3053.0,14.73,23297.0,ENG,United Kingdom,england_detail,2023,3,9,38,2023-09-18,2023-2026
England,2023-09-20,,471.0,3002.0,14.55,23771.0,ENG,United Kingdom,england_detail,2023,3,9,38,2023-09-18,2023-2026
England,2023-09-21,,436.0,3061.0,14.85,23899.0,ENG,United Kingdom,england_detail,2023,3,9,38,2023-09-18,2023-2026
England,2023-09-22,241.0,419.0,3051.0,15.02,24259.0,ENG,United Kingdom,england_detail,2023,3,9,38,2023-09-18,2023-2026
England,2023-09-23,,402.0,3060.0,15.09,24510.0,ENG,United Kingdom,england_detail,2023,3,9,38,2023-09-18,2023-2026
England,2023-09-24,,526.0,3142.0,15.24,24949.0,ENG,United Kingdom,england_detail,2023,3,9,38,2023-09-18,2023-2026
England,2023-09-25,,606.0,3168.0,15.76,25098.0,ENG,United Kingdom,england_detail,2023,3,9,39,2023-09-25,2023-2026
England,2023-09-26,,632.0,3331.0,16.32,25502.0,ENG,United Kingdom,england_detail,2023,3,9,39,2023-09-25,2023-2026
England,2023-09-27,,619.0,3433.0,16.86,25883.0,ENG,United Kingdom,england_detail,2023,3,9,39,2023-09-25,2023-2026
England,2023-09-28,,562.0,3580.0,16.99,26514.0,ENG,United Kingdom,england_detail,2023,3,9,39,2023-09-25,2023-2026
England,2023-09-29,203.0,483.0,3675.0,17.37,27093.0,ENG,United Kingdom,england_detail,2023,3,9,39,2023-09-25,2023-2026
England,2023-09-30,,469.0,3747.0,17.44,27661.0,ENG,United Kingdom,england_detail,2023,3,9,39,2023-09-25,2023-2026
England,2023-10-01,,665.0,3847.0,17.55,27858.0,ENG,United Kingdom,england_detail,2023,4,10,39,2023-09-25,2023-2026
England,2023-10-02,,683.0,3990.0,17.59,28120.0,ENG,United Kingdom,england_detail,2023,4,10,40,2023-10-02,2023-2026
England,2023-10-03,,699.0,4123.0,17.46,28326.0,ENG,United Kingdom,england_detail,2023,4,10,40,2023-10-02,2023-2026
England,2023-10-04,,625.0,4133.0,17.52,28165.0,ENG,United Kingdom,england_detail,2023,4,10,40,2023-10-02,2023-2026
England,2023-10-05,,683.0,4184.0,17.68,28184.0,ENG,United Kingdom,england_detail,2023,4,10,40,2023-10-02,2023-2026
England,2023-10-06,233.0,488.0,4312.0,17.57,28542.0,ENG,United Kingdom,england_detail,2023,4,10,40,2023-10-02,2023-2026
England,2023-10-07,,497.0,4343.0,17.27,28918.0,ENG,United Kingdom,england_detail,2023,4,10,40,2023-10-02,2023-2026
England,2023-10-08,,657.0,4419.0,17.16,29271.0,ENG,United Kingdom,england_detail,2023,4,10,40,2023-10-02,2023-2026
England,2023-10-09,,645.0,4539.0,17.11,29225.0,ENG,United Kingdom,england_detail,2023,4,10,41,2023-10-09,2023-2026
England,2023-10-10,,674.0,4543.0,16.75,29622.0,ENG,United Kingdom,england_detail,2023,4,10,41,2023-10-09,2023-2026
England,2023-10-11,,551.0,4509.0,16.47,30397.0,ENG,United Kingdom,england_detail,2023,4,10,41,2023-10-09,2023-2026
England,2023-10-12,,523.0,4484.0,15.92,30502.0,ENG,United Kingdom,england_detail,2023,4,10,41,2023-10-09,2023-2026
England,2023-10-13,318.0,422.0,4377.0,15.35,30341.0,ENG,United Kingdom,england_detail,2023,4,10,41,2023-10-09,2023-2026
England,2023-10-14,,385.0,4282.0,15.08,30475.0,ENG,United Kingdom,england_detail,2023,4,10,41,2023-10-09,2023-2026
England,2023-10-15,,521.0,4166.0,14.65,30067.0,ENG,United Kingdom,england_detail,2023,4,10,41,2023-10-09,2023-2026
England,2023-10-16,,450.0,4205.0,14.23,29448.0,ENG,United Kingdom,england_detail,2023,4,10,42,2023-10-16,2023-2026
England,2023-10-17,,550.0,4152.0,13.6,29589.0,ENG,United Kingdom,england_detail,2023,4,10,42,2023-10-16,2023-2026
England,2023-10-18,,549.0,3960.0,13.22,29636.0,ENG,United Kingdom,england_detail,2023,4,10,42,2023-10-16,2023-2026
England,2023-10-19,,507.0,3923.0,13.05,29809.0,ENG,United Kingdom,england_detail,2023,4,10,42,2023-10-16,2023-2026
England,2023-10-20,287.0,416.0,3779.0,12.96,29953.0,ENG,United Kingdom,england_detail,2023,4,10,42,2023-10-16,2023-2026
England,2023-10-21,,361.0,3794.0,12.77,30181.0,ENG,United Kingdom,england_detail,2023,4,10,42,2023-10-16,2023-2026
England,2023-10-22,,518.0,3786.0,12.75,30248.0,ENG,United Kingdom,england_detail,2023,4,10,42,2023-10-16,2023-2026
England,2023-10-23,,459.0,3839.0,12.81,30003.0,ENG,United Kingdom,england_detail,2023,4,10,43,2023-10-23,2023-2026
England,2023-10-24,,500.0,3809.0,12.77,29751.0,ENG,United Kingdom,england_detail,2023,4,10,43,2023-10-23,2023-2026
England,2023-10-25,,428.0,3755.0,12.55,29494.0,ENG,United Kingdom,england_detail,2023,4,10,43,2023-10-23,2023-2026
England,2023-10-26,,446.0,3725.0,12.46,29355.0,ENG,United Kingdom,england_detail,2023,4,10,43,2023-10-23,2023-2026
England,2023-10-27,297.0,350.0,3622.0,12.28,29390.0,ENG,United Kingdom,england_detail,2023,4,10,43,2023-10-23,2023-2026
England,2023-10-28,,320.0,3610.0,12.08,29492.0,ENG,United Kingdom,england_detail,2023,4,10,43,2023-10-23,2023-2026
England,2023-10-29,,363.0,3647.0,11.99,29764.0,ENG,United Kingdom,england_detail,2023,4,10,43,2023-10-23,2023-2026
England,2023-10-30,,402.0,3621.0,11.64,29834.0,ENG,United Kingdom,england_detail,2023,4,10,44,2023-10-30,2023-2026
England,2023-10-31,,375.0,3473.0,11.11,29803.0,ENG,United Kingdom,england_detail,2023,4,10,44,2023-10-30,2023-2026
England,2023-11-01,,378.0,3411.0,10.6,30312.0,ENG,United Kingdom,england_detail,2023,4,11,44,2023-10-30,2023-2026
England,2023-11-02,,379.0,3365.0,10.28,30435.0,ENG,United Kingdom,england_detail,2023,4,11,44,2023-10-30,2023-2026
England,2023-11-03,309.0,289.0,3236.0,9.89,30610.0,ENG,United Kingdom,england_detail,2023,4,11,44,2023-10-30,2023-2026
England,2023-11-04,,294.0,3136.0,9.68,30730.0,ENG,United Kingdom,england_detail,2023,4,11,44,2023-10-30,2023-2026
England,2023-11-05,,362.0,3172.0,9.47,30717.0,ENG,United Kingdom,england_detail,2023,4,11,44,2023-10-30,2023-2026
England,2023-11-06,,361.0,3089.0,9.14,30622.0,ENG,United Kingdom,england_detail,2023,4,11,45,2023-11-06,2023-2026
England,2023-11-07,,356.0,2945.0,8.89,31077.0,ENG,United Kingdom,england_detail,2023,4,11,45,2023-11-06,2023-2026
England,2023-11-08,,338.0,2878.0,8.8,31038.0,ENG,United Kingdom,england_detail,2023,4,11,45,2023-11-06,2023-2026
England,2023-11-09,,351.0,2734.0,8.59,30914.0,ENG,United Kingdom,england_detail,2023,4,11,45,2023-11-06,2023-2026
England,2023-11-10,291.0,238.0,2703.0,8.53,30951.0,ENG,United Kingdom,england_detail,2023,4,11,45,2023-11-06,2023-2026
England,2023-11-11,,251.0,2703.0,8.34,31301.0,ENG,United Kingdom,england_detail,2023,4,11,45,2023-11-06,2023-2026
England,2023-11-12,,303.0,2690.0,8.37,31372.0,ENG,United Kingdom,england_detail,2023,4,11,45,2023-11-06,2023-2026
England,2023-11-13,,314.0,2700.0,8.27,31274.0,ENG,United Kingdom,england_detail,2023,4,11,46,2023-11-13,2023-2026
England,2023-11-14,,313.0,2550.0,8.15,31603.0,ENG,United Kingdom,england_detail,2023,4,11,46,2023-11-13,2023-2026
England,2023-11-15,,316.0,2533.0,7.96,31286.0,ENG,United Kingdom,england_detail,2023,4,11,46,2023-11-13,2023-2026
England,2023-11-16,,282.0,2507.0,8.04,31367.0,ENG,United Kingdom,england_detail,2023,4,11,46,2023-11-13,2023-2026
England,2023-11-17,239.0,233.0,2503.0,7.81,31321.0,ENG,United Kingdom,england_detail,2023,4,11,46,2023-11-13,2023-2026
England,2023-11-18,,216.0,2475.0,7.73,31783.0,ENG,United Kingdom,england_detail,2023,4,11,46,2023-11-13,2023-2026
England,2023-11-19,,281.0,2452.0,7.7,31860.0,ENG,United Kingdom,england_detail,2023,4,11,46,2023-11-13,2023-2026
England,2023-11-20,,280.0,2443.0,7.64,31503.0,ENG,United Kingdom,england_detail,2023,4,11,47,2023-11-20,2023-2026
England,2023-11-21,,295.0,2373.0,7.46,31400.0,ENG,United Kingdom,england_detail,2023,4,11,47,2023-11-20,2023-2026
England,2023-11-22,,291.0,2310.0,7.56,31431.0,ENG,United Kingdom,england_detail,2023,4,11,47,2023-11-20,2023-2026
England,2023-11-23,,283.0,2321.0,7.33,31423.0,ENG,United Kingdom,england_detail,2023,4,11,47,2023-11-20,2023-2026
England,2023-11-24,162.0,231.0,2265.0,7.39,31511.0,ENG,United Kingdom,england_detail,2023,4,11,47,2023-11-20,2023-2026
England,2023-11-25,,215.0,2238.0,7.4,31646.0,ENG,United Kingdom,england_detail,2023,4,11,47,2023-11-20,2023-2026
England,2023-11-26,,302.0,2275.0,7.28,31556.0,ENG,United Kingdom,england_detail,2023,4,11,47,2023-11-20,2023-2026
England,2023-11-27,,327.0,2276.0,7.29,31565.0,ENG,United Kingdom,england_detail,2023,4,11,48,2023-11-27,2023-2026
England,2023-11-28,,332.0,2331.0,7.47,31720.0,ENG,United Kingdom,england_detail,2023,4,11,48,2023-11-27,2023-2026
England,2023-11-29,,324.0,2332.0,7.65,32130.0,ENG,United Kingdom,england_detail,2023,4,11,48,2023-11-27,2023-2026
England,2023-11-30,,305.0,2313.0,7.87,32004.0,ENG,United Kingdom,england_detail,2023,4,11,48,2023-11-27,2023-2026
England,2023-12-01,163.0,255.0,2368.0,7.84,32135.0,ENG,United Kingdom,england_detail,2023,4,12,48,2023-11-27,2023-2026
England,2023-12-02,,263.0,2388.0,7.93,32256.0,ENG,United Kingdom,england_detail,2023,4,12,48,2023-11-27,2023-2026
England,2023-12-03,,380.0,2399.0,8.25,32328.0,ENG,United Kingdom,england_detail,2023,4,12,48,2023-11-27,2023-2026
England,2023-12-04,,430.0,2478.0,8.5,32363.0,ENG,United Kingdom,england_detail,2023,4,12,49,2023-12-04,2023-2026
England,2023-12-05,,420.0,2581.0,8.86,32818.0,ENG,United Kingdom,england_detail,2023,4,12,49,2023-12-04,2023-2026
England,2023-12-06,,455.0,2632.0,9.05,32861.0,ENG,United Kingdom,england_detail,2023,4,12,49,2023-12-04,2023-2026
England,2023-12-07,,364.0,2773.0,9.12,33239.0,ENG,United Kingdom,england_detail,2023,4,12,49,2023-12-04,2023-2026
England,2023-12-08,167.0,307.0,2911.0,9.52,33719.0,ENG,United Kingdom,england_detail,2023,4,12,49,2023-12-04,2023-2026
England,2023-12-09,,348.0,2934.0,9.68,34516.0,ENG,United Kingdom,england_detail,2023,4,12,49,2023-12-04,2023-2026
England,2023-12-10,,483.0,3022.0,9.9,35072.0,ENG,United Kingdom,england_detail,2023,4,12,49,2023-12-04,2023-2026
England,2023-12-11,,514.0,3136.0,10.37,35234.0,ENG,United Kingdom,england_detail,2023,4,12,50,2023-12-11,2023-2026
England,2023-12-12,,476.0,3123.0,10.66,35606.0,ENG,United Kingdom,england_detail,2023,4,12,50,2023-12-11,2023-2026
England,2023-12-13,,510.0,3187.0,10.82,36402.0,ENG,United Kingdom,england_detail,2023,4,12,50,2023-12-11,2023-2026
England,2023-12-14,,458.0,3258.0,11.16,36744.0,ENG,United Kingdom,england_detail,2023,4,12,50,2023-12-11,2023-2026
England,2023-12-15,221.0,413.0,3291.0,11.39,37081.0,ENG,United Kingdom,england_detail,2023,4,12,50,2023-12-11,2023-2026
England,2023-12-16,,400.0,3343.0,11.5,37327.0,ENG,United Kingdom,england_detail,2023,4,12,50,2023-12-11,2023-2026
England,2023-12-17,,534.0,3399.0,11.54,37906.0,ENG,United Kingdom,england_detail,2023,4,12,50,2023-12-11,2023-2026
England,2023-12-18,,599.0,3521.0,11.79,37894.0,ENG,United Kingdom,england_detail,2023,4,12,51,2023-12-18,2023-2026
England,2023-12-19,,652.0,3577.0,11.92,38411.0,ENG,United Kingdom,england_detail,2023,4,12,51,2023-12-18,2023-2026
England,2023-12-20,,617.0,3636.0,12.32,38369.0,ENG,United Kingdom,england_detail,2023,4,12,51,2023-12-18,2023-2026
England,2023-12-21,,549.0,3715.0,12.55,38698.0,ENG,United Kingdom,england_detail,2023,4,12,51,2023-12-18,2023-2026
England,2023-12-22,249.0,453.0,3757.0,12.56,38698.0,ENG,United Kingdom,england_detail,2023,4,12,51,2023-12-18,2023-2026
England,2023-12-23,,422.0,3629.0,12.74,38681.0,ENG,United Kingdom,england_detail,2023,4,12,51,2023-12-18,2023-2026
England,2023-12-24,,382.0,3658.0,12.88,38643.0,ENG,United Kingdom,england_detail,2023,4,12,51,2023-12-18,2023-2026
England,2023-12-25,,456.0,3648.0,12.69,36927.0,ENG,United Kingdom,england_detail,2023,4,12,52,2023-12-25,2023-2026
England,2023-12-26,,605.0,3739.0,12.76,35746.0,ENG,United Kingdom,england_detail,2023,4,12,52,2023-12-25,2023-2026
England,2023-12-27,,673.0,3872.0,12.79,36273.0,ENG,United Kingdom,england_detail,2023,4,12,52,2023-12-25,2023-2026
England,2023-12-28,,615.0,3982.0,12.84,37183.0,ENG,United Kingdom,england_detail,2023,4,12,52,2023-12-25,2023-2026
England,2023-12-29,161.0,580.0,4064.0,12.99,38217.0,ENG,United Kingdom,england_detail,2023,4,12,52,2023-12-25,2023-2026
England,2023-12-30,,527.0,4071.0,13.07,39055.0,ENG,United Kingdom,england_detail,2023,4,12,52,2023-12-25,2023-2026
England,2023-12-31,,525.0,4113.0,12.91,40494.0,ENG,United Kingdom,england_detail,2023,4,12,52,2023-12-25,2023-2026
England,2024-01-01,,584.0,4255.0,13.09,41212.0,ENG,United Kingdom,england_detail,2024,1,1,1,2024-01-01,2023-2026
England,2024-01-02,,649.0,4329.0,13.11,42781.0,ENG,United Kingdom,england_detail,2024,1,1,1,2024-01-01,2023-2026
England,2024-01-03,,636.0,4330.0,13.03,42886.0,ENG,United Kingdom,england_detail,2024,1,1,1,2024-01-01,2023-2026
England,2024-01-04,,566.0,4348.0,12.94,42399.0,ENG,United Kingdom,england_detail,2024,1,1,1,2024-01-01,2023-2026
England,2024-01-05,292.0,489.0,4220.0,12.74,42054.0,ENG,United Kingdom,england_detail,2024,1,1,1,2024-01-01,2023-2026
England,2024-01-06,,421.0,4093.0,12.49,41884.0,ENG,United Kingdom,england_detail,2024,1,1,1,2024-01-01,2023-2026
England,2024-01-07,,455.0,4139.0,12.37,40791.0,ENG,United Kingdom,england_detail,2024,1,1,1,2024-01-01,2023-2026
England,2024-01-08,,506.0,4192.0,12.26,41352.0,ENG,United Kingdom,england_detail,2024,1,1,2,2024-01-08,2023-2026
England,2024-01-09,,517.0,4064.0,11.92,40426.0,ENG,United Kingdom,england_detail,2024,1,1,2,2024-01-08,2023-2026
England,2024-01-10,,503.0,3978.0,11.7,39553.0,ENG,United Kingdom,england_detail,2024,1,1,2,2024-01-08,2023-2026
England,2024-01-11,,503.0,3891.0,11.69,38546.0,ENG,United Kingdom,england_detail,2024,1,1,2,2024-01-08,2023-2026
England,2024-01-12,376.0,387.0,3894.0,11.57,38237.0,ENG,United Kingdom,england_detail,2024,1,1,2,2024-01-08,2023-2026
England,2024-01-13,,355.0,3794.0,11.36,38195.0,ENG,United Kingdom,england_detail,2024,1,1,2,2024-01-08,2023-2026
England,2024-01-14,,438.0,3810.0,11.16,38478.0,ENG,United Kingdom,england_detail,2024,1,1,2,2024-01-08,2023-2026
England,2024-01-15,,555.0,3955.0,11.06,38228.0,ENG,United Kingdom,england_detail,2024,1,1,3,2024-01-15,2023-2026
England,2024-01-16,,527.0,3897.0,11.02,38395.0,ENG,United Kingdom,england_detail,2024,1,1,3,2024-01-15,2023-2026
England,2024-01-17,,558.0,3897.0,10.98,38615.0,ENG,United Kingdom,england_detail,2024,1,1,3,2024-01-15,2023-2026
England,2024-01-18,,502.0,3835.0,10.8,39275.0,ENG,United Kingdom,england_detail,2024,1,1,3,2024-01-15,2023-2026
England,2024-01-19,374.0,458.0,3890.0,10.67,39592.0,ENG,United Kingdom,england_detail,2024,1,1,3,2024-01-15,2023-2026
England,2024-01-20,,429.0,3870.0,10.67,40251.0,ENG,United Kingdom,england_detail,2024,1,1,3,2024-01-15,2023-2026
England,2024-01-21,,547.0,3916.0,10.72,40886.0,ENG,United Kingdom,england_detail,2024,1,1,3,2024-01-15,2023-2026
England,2024-01-22,,554.0,4015.0,10.85,41486.0,ENG,United Kingdom,england_detail,2024,1,1,4,2024-01-22,2023-2026
England,2024-01-23,,597.0,3990.0,10.91,42787.0,ENG,United Kingdom,england_detail,2024,1,1,4,2024-01-22,2023-2026
England,2024-01-24,,571.0,3963.0,10.95,43250.0,ENG,United Kingdom,england_detail,2024,1,1,4,2024-01-22,2023-2026
England,2024-01-25,,478.0,4010.0,10.92,43635.0,ENG,United Kingdom,england_detail,2024,1,1,4,2024-01-22,2023-2026
England,2024-01-26,341.0,361.0,4006.0,10.75,44137.0,ENG,United Kingdom,england_detail,2024,1,1,4,2024-01-22,2023-2026
England,2024-01-27,,322.0,4009.0,10.48,44425.0,ENG,United Kingdom,england_detail,2024,1,1,4,2024-01-22,2023-2026
England,2024-01-28,,419.0,3962.0,10.27,44186.0,ENG,United Kingdom,england_detail,2024,1,1,4,2024-01-22,2023-2026
England,2024-01-29,,458.0,3881.0,10.11,43775.0,ENG,United Kingdom,england_detail,2024,1,1,5,2024-01-29,2023-2026
England,2024-01-30,,482.0,3778.0,9.82,43401.0,ENG,United Kingdom,england_detail,2024,1,1,5,2024-01-29,2023-2026
England,2024-01-31,,436.0,3639.0,9.57,43190.0,ENG,United Kingdom,england_detail,2024,1,1,5,2024-01-29,2023-2026
England,2024-02-01,,403.0,3571.0,9.33,42942.0,ENG,United Kingdom,england_detail,2024,1,2,5,2024-01-29,2023-2026
England,2024-02-02,331.0,319.0,3512.0,9.07,42857.0,ENG,United Kingdom,england_detail,2024,1,2,5,2024-01-29,2023-2026
England,2024-02-03,,357.0,3446.0,8.91,43207.0,ENG,United Kingdom,england_detail,2024,1,2,5,2024-01-29,2023-2026
England,2024-02-04,,418.0,3366.0,8.96,43034.0,ENG,United Kingdom,england_detail,2024,1,2,5,2024-01-29,2023-2026
England,2024-02-05,,426.0,3369.0,8.81,42685.0,ENG,United Kingdom,england_detail,2024,1,2,6,2024-02-05,2023-2026
England,2024-02-06,,416.0,3351.0,8.65,42768.0,ENG,United Kingdom,england_detail,2024,1,2,6,2024-02-05,2023-2026
England,2024-02-07,,374.0,3280.0,8.36,42668.0,ENG,United Kingdom,england_detail,2024,1,2,6,2024-02-05,2023-2026
England,2024-02-08,,327.0,3238.0,8.11,42455.0,ENG,United Kingdom,england_detail,2024,1,2,6,2024-02-05,2023-2026
England,2024-02-09,316.0,270.0,3182.0,7.98,42550.0,ENG,United Kingdom,england_detail,2024,1,2,6,2024-02-05,2023-2026
England,2024-02-10,,235.0,3112.0,7.7,42821.0,ENG,United Kingdom,england_detail,2024,1,2,6,2024-02-05,2023-2026
England,2024-02-11,,282.0,3073.0,7.51,42884.0,ENG,United Kingdom,england_detail,2024,1,2,6,2024-02-05,2023-2026
England,2024-02-12,,290.0,3045.0,7.23,41815.0,ENG,United Kingdom,england_detail,2024,1,2,7,2024-02-12,2023-2026
England,2024-02-13,,298.0,2883.0,6.82,41188.0,ENG,United Kingdom,england_detail,2024,1,2,7,2024-02-12,2023-2026
England,2024-02-14,,264.0,2754.0,6.63,40905.0,ENG,United Kingdom,england_detail,2024,1,2,7,2024-02-12,2023-2026
England,2024-02-15,,315.0,2639.0,6.53,40369.0,ENG,United Kingdom,england_detail,2024,1,2,7,2024-02-12,2023-2026
England,2024-02-16,255.0,248.0,2605.0,6.49,40094.0,ENG,United Kingdom,england_detail,2024,1,2,7,2024-02-12,2023-2026
England,2024-02-17,,199.0,2551.0,6.39,40086.0,ENG,United Kingdom,england_detail,2024,1,2,7,2024-02-12,2023-2026
England,2024-02-18,,234.0,2553.0,6.27,39619.0,ENG,United Kingdom,england_detail,2024,1,2,7,2024-02-12,2023-2026
England,2024-02-19,,261.0,2507.0,6.16,39081.0,ENG,United Kingdom,england_detail,2024,1,2,8,2024-02-19,2023-2026
England,2024-02-20,,264.0,2361.0,6.0,38511.0,ENG,United Kingdom,england_detail,2024,1,2,8,2024-02-19,2023-2026
England,2024-02-21,,247.0,2317.0,5.98,37851.0,ENG,United Kingdom,england_detail,2024,1,2,8,2024-02-19,2023-2026
England,2024-02-22,,198.0,2291.0,5.76,37749.0,ENG,United Kingdom,england_detail,2024,1,2,8,2024-02-19,2023-2026
England,2024-02-23,226.0,183.0,2247.0,5.41,37377.0,ENG,United Kingdom,england_detail,2024,1,2,8,2024-02-19,2023-2026
England,2024-02-24,,136.0,2122.0,5.33,36679.0,ENG,United Kingdom,england_detail,2024,1,2,8,2024-02-19,2023-2026
England,2024-02-25,,185.0,2085.0,5.21,36305.0,ENG,United Kingdom,england_detail,2024,1,2,8,2024-02-19,2023-2026
England,2024-02-26,,199.0,2036.0,5.08,35248.0,ENG,United Kingdom,england_detail,2024,1,2,9,2024-02-26,2023-2026
England,2024-02-27,,162.0,1977.0,4.96,35175.0,ENG,United Kingdom,england_detail,2024,1,2,9,2024-02-26,2023-2026
England,2024-02-28,,159.0,1894.0,4.74,34425.0,ENG,United Kingdom,england_detail,2024,1,2,9,2024-02-26,2023-2026
England,2024-02-29,,167.0,1819.0,4.63,33906.0,ENG,United Kingdom,england_detail,2024,1,2,9,2024-02-26,2023-2026
England,2024-03-01,196.0,156.0,1803.0,4.54,33832.0,ENG,United Kingdom,england_detail,2024,1,3,9,2024-02-26,2023-2026
England,2024-03-02,,112.0,1743.0,4.46,33699.0,ENG,United Kingdom,england_detail,2024,1,3,9,2024-02-26,2023-2026
England,2024-03-03,,157.0,1751.0,4.41,33805.0,ENG,United Kingdom,england_detail,2024,1,3,9,2024-02-26,2023-2026
England,2024-03-04,,189.0,1749.0,4.51,33691.0,ENG,United Kingdom,england_detail,2024,1,3,10,2024-03-04,2023-2026
England,2024-03-05,,200.0,1682.0,4.46,33961.0,ENG,United Kingdom,england_detail,2024,1,3,10,2024-03-04,2023-2026
England,2024-03-06,,211.0,1642.0,4.5,34156.0,ENG,United Kingdom,england_detail,2024,1,3,10,2024-03-04,2023-2026
England,2024-03-07,,193.0,1673.0,4.65,34053.0,ENG,United Kingdom,england_detail,2024,1,3,10,2024-03-04,2023-2026
England,2024-03-08,168.0,147.0,1743.0,4.64,33762.0,ENG,United Kingdom,england_detail,2024,1,3,10,2024-03-04,2023-2026
England,2024-03-09,,149.0,1669.0,4.62,33732.0,ENG,United Kingdom,england_detail,2024,1,3,10,2024-03-04,2023-2026
England,2024-03-10,,169.0,1665.0,4.61,33851.0,ENG,United Kingdom,england_detail,2024,1,3,10,2024-03-04,2023-2026
England,2024-03-11,,195.0,1670.0,4.75,33543.0,ENG,United Kingdom,england_detail,2024,1,3,11,2024-03-11,2023-2026
England,2024-03-12,,234.0,1680.0,4.79,33601.0,ENG,United Kingdom,england_detail,2024,1,3,11,2024-03-11,2023-2026
England,2024-03-13,,206.0,1644.0,4.91,33968.0,ENG,United Kingdom,england_detail,2024,1,3,11,2024-03-11,2023-2026
England,2024-03-14,,185.0,1688.0,4.79,34336.0,ENG,United Kingdom,england_detail,2024,1,3,11,2024-03-11,2023-2026
England,2024-03-15,122.0,148.0,1716.0,4.83,34635.0,ENG,United Kingdom,england_detail,2024,1,3,11,2024-03-11,2023-2026
England,2024-03-16,,116.0,1636.0,4.76,35024.0,ENG,United Kingdom,england_detail,2024,1,3,11,2024-03-11,2023-2026
England,2024-03-17,,190.0,1686.0,4.73,35024.0,ENG,United Kingdom,england_detail,2024,1,3,11,2024-03-11,2023-2026
England,2024-03-18,,184.0,1662.0,4.74,34625.0,ENG,United Kingdom,england_detail,2024,1,3,12,2024-03-18,2023-2026
England,2024-03-19,,149.0,1654.0,4.74,34839.0,ENG,United Kingdom,england_detail,2024,1,3,12,2024-03-18,2023-2026
England,2024-03-20,,170.0,1607.0,4.45,34544.0,ENG,United Kingdom,england_detail,2024,1,3,12,2024-03-18,2023-2026
England,2024-03-21,,158.0,1542.0,4.39,33933.0,ENG,United Kingdom,england_detail,2024,1,3,12,2024-03-18,2023-2026
England,2024-03-22,138.0,124.0,1520.0,4.35,33344.0,ENG,United Kingdom,england_detail,2024,1,3,12,2024-03-18,2023-2026
England,2024-03-23,,128.0,1467.0,4.36,33358.0,ENG,United Kingdom,england_detail,2024,1,3,12,2024-03-18,2023-2026
England,2024-03-24,,171.0,1446.0,4.39,32916.0,ENG,United Kingdom,england_detail,2024,1,3,12,2024-03-18,2023-2026
England,2024-03-25,,175.0,1452.0,4.43,32348.0,ENG,United Kingdom,england_detail,2024,1,3,13,2024-03-25,2023-2026
England,2024-03-26,,187.0,1447.0,4.31,32143.0,ENG,United Kingdom,england_detail,2024,1,3,13,2024-03-25,2023-2026
England,2024-03-27,,195.0,1391.0,4.42,31806.0,ENG,United Kingdom,england_detail,2024,1,3,13,2024-03-25,2023-2026
England,2024-03-28,,161.0,1374.0,4.49,31899.0,ENG,United Kingdom,england_detail,2024,1,3,13,2024-03-25,2023-2026
England,2024-03-29,110.0,152.0,1312.0,4.46,31304.0,ENG,United Kingdom,england_detail,2024,1,3,13,2024-03-25,2023-2026
England,2024-03-30,,130.0,1376.0,4.43,31216.0,ENG,United Kingdom,england_detail,2024,1,3,13,2024-03-25,2023-2026
England,2024-03-31,,136.0,1384.0,4.41,31272.0,ENG,United Kingdom,england_detail,2024,1,3,13,2024-03-25,2023-2026
England,2024-04-01,,197.0,1374.0,4.52,30460.0,ENG,United Kingdom,england_detail,2024,2,4,14,2024-04-01,2023-2026
England,2024-04-02,,200.0,1427.0,4.79,30357.0,ENG,United Kingdom,england_detail,2024,2,4,14,2024-04-01,2023-2026
England,2024-04-03,,166.0,1490.0,4.88,30258.0,ENG,United Kingdom,england_detail,2024,2,4,14,2024-04-01,2023-2026
England,2024-04-04,,174.0,1506.0,4.91,29995.0,ENG,United Kingdom,england_detail,2024,2,4,14,2024-04-01,2023-2026
England,2024-04-05,107.0,136.0,1526.0,4.97,30528.0,ENG,United Kingdom,england_detail,2024,2,4,14,2024-04-01,2023-2026
England,2024-04-06,,126.0,1495.0,5.02,30576.0,ENG,United Kingdom,england_detail,2024,2,4,14,2024-04-01,2023-2026
England,2024-04-07,,169.0,1500.0,5.1,30352.0,ENG,United Kingdom,england_detail,2024,2,4,14,2024-04-01,2023-2026
England,2024-04-08,,186.0,1513.0,5.15,30719.0,ENG,United Kingdom,england_detail,2024,2,4,15,2024-04-08,2023-2026
England,2024-04-09,,171.0,1512.0,4.94,30265.0,ENG,United Kingdom,england_detail,2024,2,4,15,2024-04-08,2023-2026
England,2024-04-10,,171.0,1503.0,4.91,29370.0,ENG,United Kingdom,england_detail,2024,2,4,15,2024-04-08,2023-2026
England,2024-04-11,,198.0,1439.0,4.96,28906.0,ENG,United Kingdom,england_detail,2024,2,4,15,2024-04-08,2023-2026
England,2024-04-12,108.0,144.0,1422.0,5.12,28477.0,ENG,United Kingdom,england_detail,2024,2,4,15,2024-04-08,2023-2026
England,2024-04-13,,129.0,1438.0,5.13,28162.0,ENG,United Kingdom,england_detail,2024,2,4,15,2024-04-08,2023-2026
England,2024-04-14,,171.0,1423.0,5.17,27856.0,ENG,United Kingdom,england_detail,2024,2,4,15,2024-04-08,2023-2026
England,2024-04-15,,177.0,1424.0,5.28,27193.0,ENG,United Kingdom,england_detail,2024,2,4,16,2024-04-15,2023-2026
England,2024-04-16,,199.0,1415.0,5.35,26878.0,ENG,United Kingdom,england_detail,2024,2,4,16,2024-04-15,2023-2026
England,2024-04-17,,176.0,1430.0,5.56,26848.0,ENG,United Kingdom,england_detail,2024,2,4,16,2024-04-15,2023-2026
England,2024-04-18,,184.0,1432.0,5.77,26619.0,ENG,United Kingdom,england_detail,2024,2,4,16,2024-04-15,2023-2026
England,2024-04-19,116.0,137.0,1437.0,5.73,26624.0,ENG,United Kingdom,england_detail,2024,2,4,16,2024-04-15,2023-2026
England,2024-04-20,,131.0,1455.0,5.77,26505.0,ENG,United Kingdom,england_detail,2024,2,4,16,2024-04-15,2023-2026
England,2024-04-21,,200.0,1453.0,5.87,26479.0,ENG,United Kingdom,england_detail,2024,2,4,16,2024-04-15,2023-2026
England,2024-04-22,,229.0,1492.0,6.05,26244.0,ENG,United Kingdom,england_detail,2024,2,4,17,2024-04-22,2023-2026
England,2024-04-23,,219.0,1519.0,6.28,26356.0,ENG,United Kingdom,england_detail,2024,2,4,17,2024-04-22,2023-2026
England,2024-04-24,,251.0,1530.0,6.48,26615.0,ENG,United Kingdom,england_detail,2024,2,4,17,2024-04-22,2023-2026
England,2024-04-25,,232.0,1553.0,6.71,26752.0,ENG,United Kingdom,england_detail,2024,2,4,17,2024-04-22,2023-2026
England,2024-04-26,118.0,221.0,1623.0,6.98,26997.0,ENG,United Kingdom,england_detail,2024,2,4,17,2024-04-22,2023-2026
England,2024-04-27,,177.0,1612.0,7.17,27503.0,ENG,United Kingdom,england_detail,2024,2,4,17,2024-04-22,2023-2026
England,2024-04-28,,269.0,1690.0,7.43,27619.0,ENG,United Kingdom,england_detail,2024,2,4,17,2024-04-22,2023-2026
England,2024-04-29,,330.0,1727.0,7.92,27384.0,ENG,United Kingdom,england_detail,2024,2,4,18,2024-04-29,2023-2026
England,2024-04-30,,314.0,1787.0,8.22,27652.0,ENG,United Kingdom,england_detail,2024,2,4,18,2024-04-29,2023-2026
England,2024-05-01,,355.0,1949.0,8.68,27649.0,ENG,United Kingdom,england_detail,2024,2,5,18,2024-04-29,2023-2026
England,2024-05-02,,312.0,2003.0,8.97,27755.0,ENG,United Kingdom,england_detail,2024,2,5,18,2024-04-29,2023-2026
England,2024-05-03,103.0,215.0,2110.0,9.4,27918.0,ENG,United Kingdom,england_detail,2024,2,5,18,2024-04-29,2023-2026
England,2024-05-04,,227.0,2227.0,9.6,27788.0,ENG,United Kingdom,england_detail,2024,2,5,18,2024-04-29,2023-2026
England,2024-05-05,,287.0,2225.0,9.78,27535.0,ENG,United Kingdom,england_detail,2024,2,5,18,2024-04-29,2023-2026
England,2024-05-06,,332.0,2248.0,9.98,26774.0,ENG,United Kingdom,england_detail,2024,2,5,19,2024-05-06,2023-2026
England,2024-05-07,,351.0,2337.0,10.15,26592.0,ENG,United Kingdom,england_detail,2024,2,5,19,2024-05-06,2023-2026
England,2024-05-08,,375.0,2340.0,10.14,26589.0,ENG,United Kingdom,england_detail,2024,2,5,19,2024-05-06,2023-2026
England,2024-05-09,,298.0,2349.0,10.54,26229.0,ENG,United Kingdom,england_detail,2024,2,5,19,2024-05-06,2023-2026
England,2024-05-10,93.0,260.0,2412.0,10.52,25924.0,ENG,United Kingdom,england_detail,2024,2,5,19,2024-05-06,2023-2026
England,2024-05-11,,205.0,2346.0,10.45,25913.0,ENG,United Kingdom,england_detail,2024,2,5,19,2024-05-06,2023-2026
England,2024-05-12,,301.0,2342.0,10.31,25848.0,ENG,United Kingdom,england_detail,2024,2,5,19,2024-05-06,2023-2026
England,2024-05-13,,299.0,2391.0,10.19,26183.0,ENG,United Kingdom,england_detail,2024,2,5,20,2024-05-13,2023-2026
England,2024-05-14,,322.0,2364.0,10.0,26001.0,ENG,United Kingdom,england_detail,2024,2,5,20,2024-05-13,2023-2026
England,2024-05-15,,296.0,2301.0,9.84,25937.0,ENG,United Kingdom,england_detail,2024,2,5,20,2024-05-13,2023-2026
England,2024-05-16,,271.0,2315.0,9.57,25883.0,ENG,United Kingdom,england_detail,2024,2,5,20,2024-05-13,2023-2026
England,2024-05-17,168.0,221.0,2289.0,9.42,25776.0,ENG,United Kingdom,england_detail,2024,2,5,20,2024-05-13,2023-2026
England,2024-05-18,,183.0,2202.0,9.15,25861.0,ENG,United Kingdom,england_detail,2024,2,5,20,2024-05-13,2023-2026
England,2024-05-19,,273.0,2211.0,9.16,25632.0,ENG,United Kingdom,england_detail,2024,2,5,20,2024-05-13,2023-2026
England,2024-05-20,,244.0,2216.0,9.33,25261.0,ENG,United Kingdom,england_detail,2024,2,5,21,2024-05-20,2023-2026
England,2024-05-21,,272.0,2187.0,9.2,24993.0,ENG,United Kingdom,england_detail,2024,2,5,21,2024-05-20,2023-2026
England,2024-05-22,,254.0,2107.0,9.16,24539.0,ENG,United Kingdom,england_detail,2024,2,5,21,2024-05-20,2023-2026
England,2024-05-23,,237.0,2068.0,8.91,24111.0,ENG,United Kingdom,england_detail,2024,2,5,21,2024-05-20,2023-2026
England,2024-05-24,147.0,197.0,2018.0,8.9,23692.0,ENG,United Kingdom,england_detail,2024,2,5,21,2024-05-20,2023-2026
England,2024-05-25,,186.0,1949.0,8.71,23640.0,ENG,United Kingdom,england_detail,2024,2,5,21,2024-05-20,2023-2026
England,2024-05-26,,198.0,1919.0,8.6,23522.0,ENG,United Kingdom,england_detail,2024,2,5,21,2024-05-20,2023-2026
England,2024-05-27,,219.0,1897.0,8.4,22490.0,ENG,United Kingdom,england_detail,2024,2,5,22,2024-05-27,2023-2026
England,2024-05-28,,255.0,1907.0,8.45,22346.0,ENG,United Kingdom,england_detail,2024,2,5,22,2024-05-27,2023-2026
England,2024-05-29,,276.0,1872.0,8.37,22522.0,ENG,United Kingdom,england_detail,2024,2,5,22,2024-05-27,2023-2026
England,2024-05-30,,263.0,1878.0,8.64,22466.0,ENG,United Kingdom,england_detail,2024,2,5,22,2024-05-27,2023-2026
England,2024-05-31,112.0,206.0,1886.0,8.93,22481.0,ENG,United Kingdom,england_detail,2024,2,5,22,2024-05-27,2023-2026
England,2024-06-01,,189.0,1909.0,9.09,22337.0,ENG,United Kingdom,england_detail,2024,2,6,22,2024-05-27,2023-2026
England,2024-06-02,,213.0,1890.0,9.1,22241.0,ENG,United Kingdom,england_detail,2024,2,6,22,2024-05-27,2023-2026
England,2024-06-03,,260.0,1925.0,9.36,23151.0,ENG,United Kingdom,england_detail,2024,2,6,23,2024-06-03,2023-2026
England,2024-06-04,,281.0,1883.0,9.32,23275.0,ENG,United Kingdom,england_detail,2024,2,6,23,2024-06-03,2023-2026
England,2024-06-05,,253.0,1850.0,9.64,23268.0,ENG,United Kingdom,england_detail,2024,2,6,23,2024-06-03,2023-2026
England,2024-06-06,,274.0,1862.0,9.54,23153.0,ENG,United Kingdom,england_detail,2024,2,6,23,2024-06-03,2023-2026
England,2024-06-07,146.0,207.0,1874.0,9.51,23051.0,ENG,United Kingdom,england_detail,2024,2,6,23,2024-06-03,2023-2026
England,2024-06-08,,192.0,1890.0,9.64,23551.0,ENG,United Kingdom,england_detail,2024,2,6,23,2024-06-03,2023-2026
England,2024-06-09,,294.0,1907.0,9.96,23581.0,ENG,United Kingdom,england_detail,2024,2,6,23,2024-06-03,2023-2026
England,2024-06-10,,327.0,1947.0,10.14,23177.0,ENG,United Kingdom,england_detail,2024,2,6,24,2024-06-10,2023-2026
England,2024-06-11,,332.0,1997.0,10.43,22963.0,ENG,United Kingdom,england_detail,2024,2,6,24,2024-06-10,2023-2026
England,2024-06-12,,324.0,2067.0,10.58,22832.0,ENG,United Kingdom,england_detail,2024,2,6,24,2024-06-10,2023-2026
England,2024-06-13,,328.0,2045.0,11.14,23014.0,ENG,United Kingdom,england_detail,2024,2,6,24,2024-06-10,2023-2026
England,2024-06-14,158.0,290.0,2159.0,11.39,23311.0,ENG,United Kingdom,england_detail,2024,2,6,24,2024-06-10,2023-2026
England,2024-06-15,,277.0,2183.0,11.63,23527.0,ENG,United Kingdom,england_detail,2024,2,6,24,2024-06-10,2023-2026
England,2024-06-16,,391.0,2252.0,12.05,23593.0,ENG,United Kingdom,england_detail,2024,2,6,24,2024-06-10,2023-2026
England,2024-06-17,,396.0,2307.0,12.53,23503.0,ENG,United Kingdom,england_detail,2024,2,6,25,2024-06-17,2023-2026
England,2024-06-18,,449.0,2448.0,12.98,23728.0,ENG,United Kingdom,england_detail,2024,2,6,25,2024-06-17,2023-2026
England,2024-06-19,,436.0,2493.0,13.58,24018.0,ENG,United Kingdom,england_detail,2024,2,6,25,2024-06-17,2023-2026
England,2024-06-20,,444.0,2598.0,13.92,24065.0,ENG,United Kingdom,england_detail,2024,2,6,25,2024-06-17,2023-2026
England,2024-06-21,149.0,343.0,2707.0,14.28,24104.0,ENG,United Kingdom,england_detail,2024,2,6,25,2024-06-17,2023-2026
England,2024-06-22,,321.0,2783.0,14.57,24265.0,ENG,United Kingdom,england_detail,2024,2,6,25,2024-06-17,2023-2026
England,2024-06-23,,413.0,2842.0,14.7,24232.0,ENG,United Kingdom,england_detail,2024,2,6,25,2024-06-17,2023-2026
England,2024-06-24,,424.0,2896.0,14.84,24251.0,ENG,United Kingdom,england_detail,2024,2,6,26,2024-06-24,2023-2026
England,2024-06-25,,457.0,2875.0,14.97,24432.0,ENG,United Kingdom,england_detail,2024,2,6,26,2024-06-24,2023-2026
England,2024-06-26,,467.0,2812.0,15.0,24548.0,ENG,United Kingdom,england_detail,2024,2,6,26,2024-06-24,2023-2026
England,2024-06-27,,411.0,2885.0,15.28,24633.0,ENG,United Kingdom,england_detail,2024,2,6,26,2024-06-24,2023-2026
England,2024-06-28,186.0,302.0,2969.0,15.18,24126.0,ENG,United Kingdom,england_detail,2024,2,6,26,2024-06-24,2023-2026
England,2024-06-29,,293.0,2936.0,14.9,23971.0,ENG,United Kingdom,england_detail,2024,2,6,26,2024-06-24,2023-2026
England,2024-06-30,,378.0,2943.0,14.79,23881.0,ENG,United Kingdom,england_detail,2024,2,6,26,2024-06-24,2023-2026
England,2024-07-01,,387.0,2965.0,14.88,23408.0,ENG,United Kingdom,england_detail,2024,3,7,27,2024-07-01,2023-2026
England,2024-07-02,,387.0,2856.0,14.71,22959.0,ENG,United Kingdom,england_detail,2024,3,7,27,2024-07-01,2023-2026
England,2024-07-03,,405.0,2819.0,14.52,22716.0,ENG,United Kingdom,england_detail,2024,3,7,27,2024-07-01,2023-2026
England,2024-07-04,,404.0,2789.0,14.21,22783.0,ENG,United Kingdom,england_detail,2024,3,7,27,2024-07-01,2023-2026
England,2024-07-05,166.0,323.0,2808.0,14.41,23218.0,ENG,United Kingdom,england_detail,2024,3,7,27,2024-07-01,2023-2026
England,2024-07-06,,322.0,2811.0,14.51,23503.0,ENG,United Kingdom,england_detail,2024,3,7,27,2024-07-01,2023-2026
England,2024-07-07,,425.0,2920.0,14.72,23587.0,ENG,United Kingdom,england_detail,2024,3,7,27,2024-07-01,2023-2026
England,2024-07-08,,443.0,2945.0,15.07,24040.0,ENG,United Kingdom,england_detail,2024,3,7,28,2024-07-08,2023-2026
England,2024-07-09,,490.0,3050.0,15.37,24601.0,ENG,United Kingdom,england_detail,2024,3,7,28,2024-07-08,2023-2026
England,2024-07-10,,463.0,3054.0,15.9,24868.0,ENG,United Kingdom,england_detail,2024,3,7,28,2024-07-08,2023-2026
England,2024-07-11,,425.0,3122.0,15.87,25021.0,ENG,United Kingdom,england_detail,2024,3,7,28,2024-07-08,2023-2026
England,2024-07-12,204.0,367.0,3106.0,15.96,25051.0,ENG,United Kingdom,england_detail,2024,3,7,28,2024-07-08,2023-2026
England,2024-07-13,,342.0,3056.0,16.19,25346.0,ENG,United Kingdom,england_detail,2024,3,7,28,2024-07-08,2023-2026
England,2024-07-14,,513.0,3184.0,16.27,25498.0,ENG,United Kingdom,england_detail,2024,3,7,28,2024-07-08,2023-2026
England,2024-07-15,,458.0,3235.0,16.28,25378.0,ENG,United Kingdom,england_detail,2024,3,7,29,2024-07-15,2023-2026
England,2024-07-16,,481.0,3275.0,16.24,25630.0,ENG,United Kingdom,england_detail,2024,3,7,29,2024-07-15,2023-2026
England,2024-07-17,,501.0,3190.0,16.09,25733.0,ENG,United Kingdom,england_detail,2024,3,7,29,2024-07-15,2023-2026
England,2024-07-18,,483.0,3216.0,16.39,25822.0,ENG,United Kingdom,england_detail,2024,3,7,29,2024-07-15,2023-2026
England,2024-07-19,217.0,427.0,3290.0,16.47,26185.0,ENG,United Kingdom,england_detail,2024,3,7,29,2024-07-15,2023-2026
England,2024-07-20,,361.0,3327.0,16.18,26495.0,ENG,United Kingdom,england_detail,2024,3,7,29,2024-07-15,2023-2026
England,2024-07-21,,442.0,3336.0,16.09,26665.0,ENG,United Kingdom,england_detail,2024,3,7,29,2024-07-15,2023-2026
England,2024-07-22,,455.0,3390.0,16.17,26449.0,ENG,United Kingdom,england_detail,2024,3,7,30,2024-07-22,2023-2026
England,2024-07-23,,470.0,3325.0,16.05,26204.0,ENG,United Kingdom,england_detail,2024,3,7,30,2024-07-22,2023-2026
England,2024-07-24,,459.0,3263.0,15.96,26015.0,ENG,United Kingdom,england_detail,2024,3,7,30,2024-07-22,2023-2026
England,2024-07-25,,372.0,3246.0,15.61,25900.0,ENG,United Kingdom,england_detail,2024,3,7,30,2024-07-22,2023-2026
England,2024-07-26,182.0,317.0,3204.0,15.34,25464.0,ENG,United Kingdom,england_detail,2024,3,7,30,2024-07-22,2023-2026
England,2024-07-27,,310.0,3185.0,15.14,25193.0,ENG,United Kingdom,england_detail,2024,3,7,30,2024-07-22,2023-2026
England,2024-07-28,,362.0,3219.0,15.12,24704.0,ENG,United Kingdom,england_detail,2024,3,7,30,2024-07-22,2023-2026
England,2024-07-29,,423.0,3122.0,14.69,24179.0,ENG,United Kingdom,england_detail,2024,3,7,31,2024-07-29,2023-2026
England,2024-07-30,,452.0,3044.0,14.38,24106.0,ENG,United Kingdom,england_detail,2024,3,7,31,2024-07-29,2023-2026
England,2024-07-31,,423.0,3006.0,14.28,23931.0,ENG,United Kingdom,england_detail,2024,3,7,31,2024-07-29,2023-2026
England,2024-08-01,,419.0,2997.0,14.0,23861.0,ENG,United Kingdom,england_detail,2024,3,8,31,2024-07-29,2023-2026
England,2024-08-02,203.0,332.0,3003.0,13.64,23736.0,ENG,United Kingdom,england_detail,2024,3,8,31,2024-07-29,2023-2026
England,2024-08-03,,277.0,2937.0,13.45,23706.0,ENG,United Kingdom,england_detail,2024,3,8,31,2024-07-29,2023-2026
England,2024-08-04,,351.0,2952.0,13.17,23681.0,ENG,United Kingdom,england_detail,2024,3,8,31,2024-07-29,2023-2026
England,2024-08-05,,366.0,2899.0,13.15,23337.0,ENG,United Kingdom,england_detail,2024,3,8,32,2024-08-05,2023-2026
England,2024-08-06,,335.0,2791.0,12.77,22959.0,ENG,United Kingdom,england_detail,2024,3,8,32,2024-08-05,2023-2026
England,2024-08-07,,295.0,2729.0,12.3,22331.0,ENG,United Kingdom,england_detail,2024,3,8,32,2024-08-05,2023-2026
England,2024-08-08,,342.0,2573.0,11.94,21608.0,ENG,United Kingdom,england_detail,2024,3,8,32,2024-08-05,2023-2026
England,2024-08-09,208.0,219.0,2603.0,11.82,21047.0,ENG,United Kingdom,england_detail,2024,3,8,32,2024-08-05,2023-2026
England,2024-08-10,,221.0,2402.0,11.62,20732.0,ENG,United Kingdom,england_detail,2024,3,8,32,2024-08-05,2023-2026
England,2024-08-11,,274.0,2358.0,11.42,20557.0,ENG,United Kingdom,england_detail,2024,3,8,32,2024-08-05,2023-2026
England,2024-08-12,,303.0,2319.0,11.04,20090.0,ENG,United Kingdom,england_detail,2024,3,8,33,2024-08-12,2023-2026
England,2024-08-13,,277.0,2303.0,10.94,19706.0,ENG,United Kingdom,england_detail,2024,3,8,33,2024-08-12,2023-2026
England,2024-08-14,,269.0,2261.0,10.79,19602.0,ENG,United Kingdom,england_detail,2024,3,8,33,2024-08-12,2023-2026
England,2024-08-15,,255.0,2149.0,10.74,19590.0,ENG,United Kingdom,england_detail,2024,3,8,33,2024-08-12,2023-2026
England,2024-08-16,173.0,230.0,2113.0,10.48,19418.0,ENG,United Kingdom,england_detail,2024,3,8,33,2024-08-12,2023-2026
England,2024-08-17,,198.0,2064.0,10.27,19566.0,ENG,United Kingdom,england_detail,2024,3,8,33,2024-08-12,2023-2026
England,2024-08-18,,257.0,2039.0,10.09,19328.0,ENG,United Kingdom,england_detail,2024,3,8,33,2024-08-12,2023-2026
England,2024-08-19,,240.0,1998.0,9.84,19149.0,ENG,United Kingdom,england_detail,2024,3,8,34,2024-08-19,2023-2026
England,2024-08-20,,222.0,1978.0,9.34,19268.0,ENG,United Kingdom,england_detail,2024,3,8,34,2024-08-19,2023-2026
England,2024-08-21,,227.0,1901.0,9.15,19068.0,ENG,United Kingdom,england_detail,2024,3,8,34,2024-08-19,2023-2026
England,2024-08-22,,195.0,1900.0,9.11,18879.0,ENG,United Kingdom,england_detail,2024,3,8,34,2024-08-19,2023-2026
England,2024-08-23,141.0,164.0,1788.0,9.08,18838.0,ENG,United Kingdom,england_detail,2024,3,8,34,2024-08-19,2023-2026
England,2024-08-24,,170.0,1762.0,9.29,18845.0,ENG,United Kingdom,england_detail,2024,3,8,34,2024-08-19,2023-2026
England,2024-08-25,,191.0,1766.0,9.28,18736.0,ENG,United Kingdom,england_detail,2024,3,8,34,2024-08-19,2023-2026
England,2024-08-26,,232.0,1797.0,9.47,17895.0,ENG,United Kingdom,england_detail,2024,3,8,35,2024-08-26,2023-2026
England,2024-08-27,,253.0,1834.0,9.78,17768.0,ENG,United Kingdom,england_detail,2024,3,8,35,2024-08-26,2023-2026
England,2024-08-28,,222.0,1844.0,9.99,18071.0,ENG,United Kingdom,england_detail,2024,3,8,35,2024-08-26,2023-2026
England,2024-08-29,,233.0,1829.0,10.11,18158.0,ENG,United Kingdom,england_detail,2024,3,8,35,2024-08-26,2023-2026
England,2024-08-30,104.0,199.0,1825.0,10.17,18209.0,ENG,United Kingdom,england_detail,2024,3,8,35,2024-08-26,2023-2026
England,2024-08-31,,182.0,1799.0,10.23,18207.0,ENG,United Kingdom,england_detail,2024,3,8,35,2024-08-26,2023-2026
England,2024-09-01,,233.0,1825.0,10.19,18264.0,ENG,United Kingdom,england_detail,2024,3,9,35,2024-08-26,2023-2026
England,2024-09-02,,241.0,1839.0,10.18,18816.0,ENG,United Kingdom,england_detail,2024,3,9,36,2024-09-02,2023-2026
England,2024-09-03,,239.0,1825.0,10.36,18814.0,ENG,United Kingdom,england_detail,2024,3,9,36,2024-09-02,2023-2026
England,2024-09-04,,240.0,1887.0,10.2,18656.0,ENG,United Kingdom,england_detail,2024,3,9,36,2024-09-02,2023-2026
England,2024-09-05,,242.0,1868.0,10.13,18737.0,ENG,United Kingdom,england_detail,2024,3,9,36,2024-09-02,2023-2026
England,2024-09-06,106.0,182.0,1873.0,10.19,18855.0,ENG,United Kingdom,england_detail,2024,3,9,36,2024-09-02,2023-2026
England,2024-09-07,,174.0,1835.0,10.13,19063.0,ENG,United Kingdom,england_detail,2024,3,9,36,2024-09-02,2023-2026
England,2024-09-08,,256.0,1875.0,10.2,19153.0,ENG,United Kingdom,england_detail,2024,3,9,36,2024-09-02,2023-2026
England,2024-09-09,,256.0,1884.0,10.16,19141.0,ENG,United Kingdom,england_detail,2024,3,9,37,2024-09-09,2023-2026
England,2024-09-10,,270.0,1929.0,10.2,19214.0,ENG,United Kingdom,england_detail,2024,3,9,37,2024-09-09,2023-2026
England,2024-09-11,,251.0,1897.0,10.22,19238.0,ENG,United Kingdom,england_detail,2024,3,9,37,2024-09-09,2023-2026
England,2024-09-12,,240.0,1856.0,10.27,19109.0,ENG,United Kingdom,england_detail,2024,3,9,37,2024-09-09,2023-2026
England,2024-09-13,97.0,234.0,1825.0,10.17,19279.0,ENG,United Kingdom,england_detail,2024,3,9,37,2024-09-09,2023-2026
England,2024-09-14,,224.0,1826.0,10.46,19446.0,ENG,United Kingdom,england_detail,2024,3,9,37,2024-09-09,2023-2026
England,2024-09-15,,344.0,1843.0,10.64,19737.0,ENG,United Kingdom,england_detail,2024,3,9,37,2024-09-09,2023-2026
England,2024-09-16,,357.0,1893.0,11.41,20125.0,ENG,United Kingdom,england_detail,2024,3,9,38,2024-09-16,2023-2026
England,2024-09-17,,355.0,2006.0,11.83,20765.0,ENG,United Kingdom,england_detail,2024,3,9,38,2024-09-16,2023-2026
England,2024-09-18,,393.0,2098.0,12.35,21063.0,ENG,United Kingdom,england_detail,2024,3,9,38,2024-09-16,2023-2026
England,2024-09-19,,385.0,2192.0,12.65,21832.0,ENG,United Kingdom,england_detail,2024,3,9,38,2024-09-16,2023-2026
England,2024-09-20,138.0,304.0,2258.0,13.02,22273.0,ENG,United Kingdom,england_detail,2024,3,9,38,2024-09-16,2023-2026
England,2024-09-21,,335.0,2335.0,13.14,22618.0,ENG,United Kingdom,england_detail,2024,3,9,38,2024-09-16,2023-2026
England,2024-09-22,,412.0,2393.0,13.5,22867.0,ENG,United Kingdom,england_detail,2024,3,9,38,2024-09-16,2023-2026
England,2024-09-23,,431.0,2486.0,13.52,23101.0,ENG,United Kingdom,england_detail,2024,3,9,39,2024-09-23,2023-2026
England,2024-09-24,,439.0,2538.0,13.57,23469.0,ENG,United Kingdom,england_detail,2024,3,9,39,2024-09-23,2023-2026
England,2024-09-25,,377.0,2614.0,13.42,23748.0,ENG,United Kingdom,england_detail,2024,3,9,39,2024-09-23,2023-2026
England,2024-09-26,,373.0,2671.0,13.58,24034.0,ENG,United Kingdom,england_detail,2024,3,9,39,2024-09-23,2023-2026
England,2024-09-27,132.0,302.0,2720.0,13.49,24368.0,ENG,United Kingdom,england_detail,2024,3,9,39,2024-09-23,2023-2026
England,2024-09-28,,288.0,2713.0,13.47,24602.0,ENG,United Kingdom,england_detail,2024,3,9,39,2024-09-23,2023-2026
England,2024-09-29,,354.0,2736.0,13.18,24482.0,ENG,United Kingdom,england_detail,2024,3,9,39,2024-09-23,2023-2026
England,2024-09-30,,415.0,2772.0,13.16,24227.0,ENG,United Kingdom,england_detail,2024,3,9,40,2024-09-30,2023-2026
England,2024-10-01,,498.0,2609.0,13.17,24525.0,ENG,United Kingdom,england_detail,2024,4,10,40,2024-09-30,2023-2026
England,2024-10-02,,407.0,2728.0,13.55,24794.0,ENG,United Kingdom,england_detail,2024,4,10,40,2024-09-30,2023-2026
England,2024-10-03,,409.0,2823.0,13.55,25038.0,ENG,United Kingdom,england_detail,2024,4,10,40,2024-09-30,2023-2026
England,2024-10-04,167.0,385.0,2871.0,13.81,25252.0,ENG,United Kingdom,england_detail,2024,4,10,40,2024-09-30,2023-2026
England,2024-10-05,,361.0,2892.0,13.88,25507.0,ENG,United Kingdom,england_detail,2024,4,10,40,2024-09-30,2023-2026
England,2024-10-06,,503.0,2961.0,14.17,25954.0,ENG,United Kingdom,england_detail,2024,4,10,40,2024-09-30,2023-2026
England,2024-10-07,,520.0,3076.0,14.54,26457.0,ENG,United Kingdom,england_detail,2024,4,10,41,2024-10-07,2023-2026
England,2024-10-08,,437.0,3152.0,14.66,26828.0,ENG,United Kingdom,england_detail,2024,4,10,41,2024-10-07,2023-2026
England,2024-10-09,,474.0,3269.0,14.55,27240.0,ENG,United Kingdom,england_detail,2024,4,10,41,2024-10-07,2023-2026
England,2024-10-10,,391.0,3301.0,14.6,27534.0,ENG,United Kingdom,england_detail,2024,4,10,41,2024-10-07,2023-2026
England,2024-10-11,205.0,319.0,3308.0,14.26,27758.0,ENG,United Kingdom,england_detail,2024,4,10,41,2024-10-07,2023-2026
England,2024-10-12,,284.0,3300.0,14.0,28012.0,ENG,United Kingdom,england_detail,2024,4,10,41,2024-10-07,2023-2026
England,2024-10-13,,418.0,3260.0,13.76,28011.0,ENG,United Kingdom,england_detail,2024,4,10,41,2024-10-07,2023-2026
England,2024-10-14,,429.0,3209.0,13.46,27465.0,ENG,United Kingdom,england_detail,2024,4,10,42,2024-10-14,2023-2026
England,2024-10-15,,473.0,3180.0,13.16,27264.0,ENG,United Kingdom,england_detail,2024,4,10,42,2024-10-14,2023-2026
England,2024-10-16,,525.0,3124.0,13.16,27236.0,ENG,United Kingdom,england_detail,2024,4,10,42,2024-10-14,2023-2026
England,2024-10-17,,460.0,3128.0,13.26,27369.0,ENG,United Kingdom,england_detail,2024,4,10,42,2024-10-14,2023-2026
England,2024-10-18,244.0,364.0,3211.0,13.2,27668.0,ENG,United Kingdom,england_detail,2024,4,10,42,2024-10-14,2023-2026
England,2024-10-19,,320.0,3279.0,13.19,27901.0,ENG,United Kingdom,england_detail,2024,4,10,42,2024-10-14,2023-2026
England,2024-10-20,,401.0,3272.0,13.18,27885.0,ENG,United Kingdom,england_detail,2024,4,10,42,2024-10-14,2023-2026
England,2024-10-21,,447.0,3282.0,13.18,27622.0,ENG,United Kingdom,england_detail,2024,4,10,43,2024-10-21,2023-2026
England,2024-10-22,,367.0,3251.0,12.93,27741.0,ENG,United Kingdom,england_detail,2024,4,10,43,2024-10-21,2023-2026
England,2024-10-23,,379.0,3211.0,12.33,27545.0,ENG,United Kingdom,england_detail,2024,4,10,43,2024-10-21,2023-2026
England,2024-10-24,,354.0,3118.0,11.77,27389.0,ENG,United Kingdom,england_detail,2024,4,10,43,2024-10-21,2023-2026
England,2024-10-25,273.0,293.0,3065.0,11.39,27444.0,ENG,United Kingdom,england_detail,2024,4,10,43,2024-10-21,2023-2026
England,2024-10-26,,251.0,3009.0,11.05,27577.0,ENG,United Kingdom,england_detail,2024,4,10,43,2024-10-21,2023-2026
England,2024-10-27,,281.0,3010.0,10.7,27660.0,ENG,United Kingdom,england_detail,2024,4,10,43,2024-10-21,2023-2026
England,2024-10-28,,318.0,2936.0,10.34,27207.0,ENG,United Kingdom,england_detail,2024,4,10,44,2024-10-28,2023-2026
England,2024-10-29,,285.0,2793.0,9.89,27131.0,ENG,United Kingdom,england_detail,2024,4,10,44,2024-10-28,2023-2026
England,2024-10-30,,282.0,2668.0,9.59,26874.0,ENG,United Kingdom,england_detail,2024,4,10,44,2024-10-28,2023-2026
England,2024-10-31,,253.0,2576.0,9.14,26535.0,ENG,United Kingdom,england_detail,2024,4,10,44,2024-10-28,2023-2026
England,2024-11-01,256.0,191.0,2491.0,8.7,26349.0,ENG,United Kingdom,england_detail,2024,4,11,44,2024-10-28,2023-2026
England,2024-11-02,,186.0,2412.0,8.32,26487.0,ENG,United Kingdom,england_detail,2024,4,11,44,2024-10-28,2023-2026
England,2024-11-03,,233.0,2364.0,7.96,26487.0,ENG,United Kingdom,england_detail,2024,4,11,44,2024-10-28,2023-2026
England,2024-11-04,,240.0,2289.0,7.67,26507.0,ENG,United Kingdom,england_detail,2024,4,11,45,2024-11-04,2023-2026
England,2024-11-05,,211.0,2245.0,7.29,26820.0,ENG,United Kingdom,england_detail,2024,4,11,45,2024-11-04,2023-2026
England,2024-11-06,,208.0,2129.0,6.85,26889.0,ENG,United Kingdom,england_detail,2024,4,11,45,2024-11-04,2023-2026
England,2024-11-07,,183.0,2048.0,6.61,27280.0,ENG,United Kingdom,england_detail,2024,4,11,45,2024-11-04,2023-2026
England,2024-11-08,214.0,143.0,1977.0,6.43,27476.0,ENG,United Kingdom,england_detail,2024,4,11,45,2024-11-04,2023-2026
England,2024-11-09,,167.0,1863.0,6.33,27704.0,ENG,United Kingdom,england_detail,2024,4,11,45,2024-11-04,2023-2026
England,2024-11-10,,188.0,1846.0,6.27,27710.0,ENG,United Kingdom,england_detail,2024,4,11,45,2024-11-04,2023-2026
England,2024-11-11,,177.0,1834.0,6.02,27349.0,ENG,United Kingdom,england_detail,2024,4,11,46,2024-11-11,2023-2026
England,2024-11-12,,173.0,1765.0,5.83,27454.0,ENG,United Kingdom,england_detail,2024,4,11,46,2024-11-11,2023-2026
England,2024-11-13,,182.0,1688.0,5.8,27482.0,ENG,United Kingdom,england_detail,2024,4,11,46,2024-11-11,2023-2026
England,2024-11-14,,175.0,1616.0,5.59,27438.0,ENG,United Kingdom,england_detail,2024,4,11,46,2024-11-11,2023-2026
England,2024-11-15,167.0,105.0,1554.0,5.39,27483.0,ENG,United Kingdom,england_detail,2024,4,11,46,2024-11-11,2023-2026
England,2024-11-16,,128.0,1527.0,5.24,27668.0,ENG,United Kingdom,england_detail,2024,4,11,46,2024-11-11,2023-2026
England,2024-11-17,,179.0,1516.0,5.03,27915.0,ENG,United Kingdom,england_detail,2024,4,11,46,2024-11-11,2023-2026
England,2024-11-18,,192.0,1503.0,5.02,28213.0,ENG,United Kingdom,england_detail,2024,4,11,47,2024-11-18,2023-2026
England,2024-11-19,,155.0,1497.0,5.0,28788.0,ENG,United Kingdom,england_detail,2024,4,11,47,2024-11-18,2023-2026
England,2024-11-20,,150.0,1489.0,4.97,29141.0,ENG,United Kingdom,england_detail,2024,4,11,47,2024-11-18,2023-2026
England,2024-11-21,,145.0,1449.0,4.77,29665.0,ENG,United Kingdom,england_detail,2024,4,11,47,2024-11-18,2023-2026
England,2024-11-22,126.0,135.0,1437.0,4.63,30092.0,ENG,United Kingdom,england_detail,2024,4,11,47,2024-11-18,2023-2026
England,2024-11-23,,113.0,1413.0,4.66,30678.0,ENG,United Kingdom,england_detail,2024,4,11,47,2024-11-18,2023-2026
England,2024-11-24,,165.0,1440.0,4.58,31201.0,ENG,United Kingdom,england_detail,2024,4,11,47,2024-11-18,2023-2026
England,2024-11-25,,172.0,1422.0,4.58,31286.0,ENG,United Kingdom,england_detail,2024,4,11,48,2024-11-25,2023-2026
England,2024-11-26,,166.0,1400.0,4.48,31736.0,ENG,United Kingdom,england_detail,2024,4,11,48,2024-11-25,2023-2026
England,2024-11-27,,159.0,1403.0,4.34,32148.0,ENG,United Kingdom,england_detail,2024,4,11,48,2024-11-25,2023-2026
England,2024-11-28,,159.0,1395.0,4.36,32456.0,ENG,United Kingdom,england_detail,2024,4,11,48,2024-11-25,2023-2026
England,2024-11-29,104.0,143.0,1373.0,4.26,32876.0,ENG,United Kingdom,england_detail,2024,4,11,48,2024-11-25,2023-2026
England,2024-11-30,,121.0,1373.0,4.1,33440.0,ENG,United Kingdom,england_detail,2024,4,11,48,2024-11-25,2023-2026
England,2024-12-01,,143.0,1380.0,4.07,33797.0,ENG,United Kingdom,england_detail,2024,4,12,48,2024-11-25,2023-2026
England,2024-12-02,,169.0,1374.0,4.05,34267.0,ENG,United Kingdom,england_detail,2024,4,12,49,2024-12-02,2023-2026
England,2024-12-03,,165.0,1353.0,3.89,34719.0,ENG,United Kingdom,england_detail,2024,4,12,49,2024-12-02,2023-2026
England,2024-12-04,,169.0,1328.0,3.76,35582.0,ENG,United Kingdom,england_detail,2024,4,12,49,2024-12-02,2023-2026
England,2024-12-05,,160.0,1315.0,3.68,36369.0,ENG,United Kingdom,england_detail,2024,4,12,49,2024-12-02,2023-2026
England,2024-12-06,110.0,128.0,1342.0,3.7,37012.0,ENG,United Kingdom,england_detail,2024,4,12,49,2024-12-02,2023-2026
England,2024-12-07,,108.0,1338.0,3.62,37584.0,ENG,United Kingdom,england_detail,2024,4,12,49,2024-12-02,2023-2026
England,2024-12-08,,135.0,1356.0,3.58,37713.0,ENG,United Kingdom,england_detail,2024,4,12,49,2024-12-02,2023-2026
England,2024-12-09,,170.0,1331.0,3.53,37719.0,ENG,United Kingdom,england_detail,2024,4,12,50,2024-12-09,2023-2026
England,2024-12-10,,155.0,1307.0,3.57,38215.0,ENG,United Kingdom,england_detail,2024,4,12,50,2024-12-09,2023-2026
England,2024-12-11,,149.0,1298.0,3.5,38448.0,ENG,United Kingdom,england_detail,2024,4,12,50,2024-12-09,2023-2026
England,2024-12-12,,146.0,1241.0,3.43,38974.0,ENG,United Kingdom,england_detail,2024,4,12,50,2024-12-09,2023-2026
England,2024-12-13,113.0,118.0,1238.0,3.29,40121.0,ENG,United Kingdom,england_detail,2024,4,12,50,2024-12-09,2023-2026
England,2024-12-14,,108.0,1247.0,3.27,41200.0,ENG,United Kingdom,england_detail,2024,4,12,50,2024-12-09,2023-2026
England,2024-12-15,,145.0,1261.0,3.23,42184.0,ENG,United Kingdom,england_detail,2024,4,12,50,2024-12-09,2023-2026
England,2024-12-16,,173.0,1287.0,3.19,43096.0,ENG,United Kingdom,england_detail,2024,4,12,51,2024-12-16,2023-2026
England,2024-12-17,,160.0,1264.0,3.07,44444.0,ENG,United Kingdom,england_detail,2024,4,12,51,2024-12-16,2023-2026
England,2024-12-18,,166.0,1267.0,3.1,46024.0,ENG,United Kingdom,england_detail,2024,4,12,51,2024-12-16,2023-2026
England,2024-12-19,,179.0,1246.0,3.01,46933.0,ENG,United Kingdom,england_detail,2024,4,12,51,2024-12-16,2023-2026
England,2024-12-20,115.0,130.0,1276.0,2.99,47057.0,ENG,United Kingdom,england_detail,2024,4,12,51,2024-12-16,2023-2026
England,2024-12-21,,127.0,1308.0,2.94,47756.0,ENG,United Kingdom,england_detail,2024,4,12,51,2024-12-16,2023-2026
England,2024-12-22,,144.0,1288.0,2.91,48148.0,ENG,United Kingdom,england_detail,2024,4,12,51,2024-12-16,2023-2026
England,2024-12-23,,145.0,1294.0,2.81,48012.0,ENG,United Kingdom,england_detail,2024,4,12,52,2024-12-23,2023-2026
England,2024-12-24,,105.0,1226.0,2.7,47321.0,ENG,United Kingdom,england_detail,2024,4,12,52,2024-12-23,2023-2026
England,2024-12-25,,104.0,1164.0,2.61,45015.0,ENG,United Kingdom,england_detail,2024,4,12,52,2024-12-23,2023-2026
England,2024-12-26,,131.0,1154.0,2.57,44196.0,ENG,United Kingdom,england_detail,2024,4,12,52,2024-12-23,2023-2026
England,2024-12-27,53.0,115.0,1200.0,2.51,45095.0,ENG,United Kingdom,england_detail,2024,4,12,52,2024-12-23,2023-2026
England,2024-12-28,,124.0,1138.0,2.46,46098.0,ENG,United Kingdom,england_detail,2024,4,12,52,2024-12-23,2023-2026
England,2024-12-29,,137.0,1133.0,2.39,47127.0,ENG,United Kingdom,england_detail,2024,4,12,52,2024-12-23,2023-2026
England,2024-12-30,,161.0,1121.0,2.36,47802.0,ENG,United Kingdom,england_detail,2024,4,12,1,2024-12-30,2023-2026
England,2024-12-31,,136.0,1108.0,2.4,48697.0,ENG,United Kingdom,england_detail,2024,4,12,1,2024-12-30,2023-2026
England,2025-01-01,,144.0,1120.0,2.32,49984.0,ENG,United Kingdom,england_detail,2025,1,1,1,2024-12-30,2023-2026
England,2025-01-02,,132.0,1137.0,2.38,51291.0,ENG,United Kingdom,england_detail,2025,1,1,1,2024-12-30,2023-2026
England,2025-01-03,91.0,119.0,1140.0,2.37,50744.0,ENG,United Kingdom,england_detail,2025,1,1,1,2024-12-30,2023-2026
England,2025-01-04,,120.0,1138.0,2.4,50488.0,ENG,United Kingdom,england_detail,2025,1,1,1,2024-12-30,2023-2026
England,2025-01-05,,121.0,1135.0,2.41,49887.0,ENG,United Kingdom,england_detail,2025,1,1,1,2024-12-30,2023-2026
England,2025-01-06,,136.0,1146.0,2.33,49383.0,ENG,United Kingdom,england_detail,2025,1,1,2,2025-01-06,2023-2026
England,2025-01-07,,146.0,1121.0,2.29,49309.0,ENG,United Kingdom,england_detail,2025,1,1,2,2025-01-06,2023-2026
England,2025-01-08,,134.0,1135.0,2.29,50224.0,ENG,United Kingdom,england_detail,2025,1,1,2,2025-01-06,2023-2026
England,2025-01-09,,129.0,1119.0,2.24,49177.0,ENG,United Kingdom,england_detail,2025,1,1,2,2025-01-06,2023-2026
England,2025-01-10,133.0,108.0,1104.0,2.29,48179.0,ENG,United Kingdom,england_detail,2025,1,1,2,2025-01-06,2023-2026
England,2025-01-11,,86.0,1089.0,2.21,47359.0,ENG,United Kingdom,england_detail,2025,1,1,2,2025-01-06,2023-2026
England,2025-01-12,,108.0,1082.0,2.27,46022.0,ENG,United Kingdom,england_detail,2025,1,1,2,2025-01-06,2023-2026
England,2025-01-13,,137.0,1075.0,2.36,44822.0,ENG,United Kingdom,england_detail,2025,1,1,3,2025-01-13,2023-2026
England,2025-01-14,,150.0,1083.0,2.38,43503.0,ENG,United Kingdom,england_detail,2025,1,1,3,2025-01-13,2023-2026
England,2025-01-15,,107.0,1077.0,2.4,42823.0,ENG,United Kingdom,england_detail,2025,1,1,3,2025-01-13,2023-2026
England,2025-01-16,,130.0,1084.0,2.44,41854.0,ENG,United Kingdom,england_detail,2025,1,1,3,2025-01-13,2023-2026
England,2025-01-17,122.0,98.0,1068.0,2.41,41131.0,ENG,United Kingdom,england_detail,2025,1,1,3,2025-01-13,2023-2026
England,2025-01-18,,103.0,1054.0,2.46,40405.0,ENG,United Kingdom,england_detail,2025,1,1,3,2025-01-13,2023-2026
England,2025-01-19,,113.0,1049.0,2.49,39931.0,ENG,United Kingdom,england_detail,2025,1,1,3,2025-01-13,2023-2026
England,2025-01-20,,116.0,1045.0,2.47,38933.0,ENG,United Kingdom,england_detail,2025,1,1,4,2025-01-20,2023-2026
England,2025-01-21,,116.0,1039.0,2.48,38398.0,ENG,United Kingdom,england_detail,2025,1,1,4,2025-01-20,2023-2026
England,2025-01-22,,96.0,1036.0,2.49,37733.0,ENG,United Kingdom,england_detail,2025,1,1,4,2025-01-20,2023-2026
England,2025-01-23,,113.0,973.0,2.43,37593.0,ENG,United Kingdom,england_detail,2025,1,1,4,2025-01-20,2023-2026
England,2025-01-24,84.0,95.0,935.0,2.47,37343.0,ENG,United Kingdom,england_detail,2025,1,1,4,2025-01-20,2023-2026
England,2025-01-25,,72.0,971.0,2.47,37229.0,ENG,United Kingdom,england_detail,2025,1,1,4,2025-01-20,2023-2026
England,2025-01-26,,108.0,979.0,2.48,37129.0,ENG,United Kingdom,england_detail,2025,1,1,4,2025-01-20,2023-2026
England,2025-01-27,,150.0,950.0,2.57,37308.0,ENG,United Kingdom,england_detail,2025,1,1,5,2025-01-27,2023-2026
England,2025-01-28,,142.0,961.0,2.57,37441.0,ENG,United Kingdom,england_detail,2025,1,1,5,2025-01-27,2023-2026
England,2025-01-29,,135.0,962.0,2.51,37232.0,ENG,United Kingdom,england_detail,2025,1,1,5,2025-01-27,2023-2026
England,2025-01-30,,116.0,939.0,2.61,36873.0,ENG,United Kingdom,england_detail,2025,1,1,5,2025-01-27,2023-2026
England,2025-01-31,111.0,86.0,934.0,2.57,36664.0,ENG,United Kingdom,england_detail,2025,1,1,5,2025-01-27,2023-2026
England,2025-02-01,,90.0,963.0,2.56,36550.0,ENG,United Kingdom,england_detail,2025,1,2,5,2025-01-27,2023-2026
England,2025-02-02,,121.0,963.0,2.57,36313.0,ENG,United Kingdom,england_detail,2025,1,2,5,2025-01-27,2023-2026
England,2025-02-03,,118.0,961.0,2.57,35774.0,ENG,United Kingdom,england_detail,2025,1,2,6,2025-02-03,2023-2026
England,2025-02-04,,117.0,956.0,2.58,35144.0,ENG,United Kingdom,england_detail,2025,1,2,6,2025-02-03,2023-2026
England,2025-02-05,,112.0,956.0,2.64,34706.0,ENG,United Kingdom,england_detail,2025,1,2,6,2025-02-03,2023-2026
England,2025-02-06,,134.0,961.0,2.58,34417.0,ENG,United Kingdom,england_detail,2025,1,2,6,2025-02-03,2023-2026
England,2025-02-07,98.0,91.0,959.0,2.59,34134.0,ENG,United Kingdom,england_detail,2025,1,2,6,2025-02-03,2023-2026
England,2025-02-08,,95.0,957.0,2.68,33994.0,ENG,United Kingdom,england_detail,2025,1,2,6,2025-02-03,2023-2026
England,2025-02-09,,118.0,954.0,2.73,33930.0,ENG,United Kingdom,england_detail,2025,1,2,6,2025-02-03,2023-2026
England,2025-02-10,,142.0,982.0,2.72,33688.0,ENG,United Kingdom,england_detail,2025,1,2,7,2025-02-10,2023-2026
England,2025-02-11,,106.0,969.0,2.79,33283.0,ENG,United Kingdom,england_detail,2025,1,2,7,2025-02-10,2023-2026
England,2025-02-12,,137.0,981.0,2.8,33391.0,ENG,United Kingdom,england_detail,2025,1,2,7,2025-02-10,2023-2026
England,2025-02-13,,127.0,962.0,2.91,33261.0,ENG,United Kingdom,england_detail,2025,1,2,7,2025-02-10,2023-2026
England,2025-02-14,90.0,105.0,1009.0,2.96,33107.0,ENG,United Kingdom,england_detail,2025,1,2,7,2025-02-10,2023-2026
England,2025-02-15,,91.0,988.0,2.92,33095.0,ENG,United Kingdom,england_detail,2025,1,2,7,2025-02-10,2023-2026
England,2025-02-16,,110.0,1027.0,2.87,33009.0,ENG,United Kingdom,england_detail,2025,1,2,7,2025-02-10,2023-2026
England,2025-02-17,,133.0,1008.0,2.9,32654.0,ENG,United Kingdom,england_detail,2025,1,2,8,2025-02-17,2023-2026
England,2025-02-18,,130.0,996.0,2.89,32441.0,ENG,United Kingdom,england_detail,2025,1,2,8,2025-02-17,2023-2026
England,2025-02-19,,128.0,999.0,2.97,32374.0,ENG,United Kingdom,england_detail,2025,1,2,8,2025-02-17,2023-2026
England,2025-02-20,,145.0,997.0,3.0,32518.0,ENG,United Kingdom,england_detail,2025,1,2,8,2025-02-17,2023-2026
England,2025-02-21,71.0,155.0,1011.0,3.11,32769.0,ENG,United Kingdom,england_detail,2025,1,2,8,2025-02-17,2023-2026
England,2025-02-22,,96.0,1081.0,3.17,32947.0,ENG,United Kingdom,england_detail,2025,1,2,8,2025-02-17,2023-2026
England,2025-02-23,,151.0,1099.0,3.23,32833.0,ENG,United Kingdom,england_detail,2025,1,2,8,2025-02-17,2023-2026
England,2025-02-24,,147.0,1148.0,3.32,32999.0,ENG,United Kingdom,england_detail,2025,1,2,9,2025-02-24,2023-2026
England,2025-02-25,,127.0,1135.0,3.39,33288.0,ENG,United Kingdom,england_detail,2025,1,2,9,2025-02-24,2023-2026
England,2025-02-26,,133.0,1137.0,3.35,33176.0,ENG,United Kingdom,england_detail,2025,1,2,9,2025-02-24,2023-2026
England,2025-02-27,,121.0,1093.0,3.34,32702.0,ENG,United Kingdom,england_detail,2025,1,2,9,2025-02-24,2023-2026
England,2025-02-28,75.0,93.0,1088.0,3.25,32032.0,ENG,United Kingdom,england_detail,2025,1,2,9,2025-02-24,2023-2026
England,2025-03-01,,98.0,1060.0,3.21,31356.0,ENG,United Kingdom,england_detail,2025,1,3,9,2025-02-24,2023-2026
England,2025-03-02,,91.0,1052.0,3.26,30794.0,ENG,United Kingdom,england_detail,2025,1,3,9,2025-02-24,2023-2026
England,2025-03-03,,126.0,1041.0,3.2,30065.0,ENG,United Kingdom,england_detail,2025,1,3,10,2025-03-03,2023-2026
England,2025-03-04,,144.0,1021.0,3.18,29606.0,ENG,United Kingdom,england_detail,2025,1,3,10,2025-03-03,2023-2026
England,2025-03-05,,112.0,995.0,3.22,29133.0,ENG,United Kingdom,england_detail,2025,1,3,10,2025-03-03,2023-2026
England,2025-03-06,,131.0,999.0,3.25,29083.0,ENG,United Kingdom,england_detail,2025,1,3,10,2025-03-03,2023-2026
England,2025-03-07,89.0,120.0,987.0,3.41,29262.0,ENG,United Kingdom,england_detail,2025,1,3,10,2025-03-03,2023-2026
England,2025-03-08,,98.0,1008.0,3.46,29416.0,ENG,United Kingdom,england_detail,2025,1,3,10,2025-03-03,2023-2026
England,2025-03-09,,117.0,1039.0,3.42,29588.0,ENG,United Kingdom,england_detail,2025,1,3,10,2025-03-03,2023-2026
England,2025-03-10,,147.0,1051.0,3.5,29738.0,ENG,United Kingdom,england_detail,2025,1,3,11,2025-03-10,2023-2026
England,2025-03-11,,125.0,1055.0,3.52,29828.0,ENG,United Kingdom,england_detail,2025,1,3,11,2025-03-10,2023-2026
England,2025-03-12,,144.0,1050.0,3.51,29926.0,ENG,United Kingdom,england_detail,2025,1,3,11,2025-03-10,2023-2026
England,2025-03-13,,107.0,1031.0,3.49,29997.0,ENG,United Kingdom,england_detail,2025,1,3,11,2025-03-10,2023-2026
England,2025-03-14,65.0,122.0,1051.0,3.39,29783.0,ENG,United Kingdom,england_detail,2025,1,3,11,2025-03-10,2023-2026
England,2025-03-15,,114.0,996.0,3.37,29534.0,ENG,United Kingdom,england_detail,2025,1,3,11,2025-03-10,2023-2026
England,2025-03-16,,118.0,984.0,3.44,29505.0,ENG,United Kingdom,england_detail,2025,1,3,11,2025-03-10,2023-2026
England,2025-03-17,,155.0,1006.0,3.52,29328.0,ENG,United Kingdom,england_detail,2025,1,3,12,2025-03-17,2023-2026
England,2025-03-18,,136.0,1015.0,3.5,29111.0,ENG,United Kingdom,england_detail,2025,1,3,12,2025-03-17,2023-2026
England,2025-03-19,,154.0,1012.0,3.69,28877.0,ENG,United Kingdom,england_detail,2025,1,3,12,2025-03-17,2023-2026
England,2025-03-20,,154.0,1039.0,3.86,28840.0,ENG,United Kingdom,england_detail,2025,1,3,12,2025-03-17,2023-2026
England,2025-03-21,70.0,130.0,1078.0,4.03,28841.0,ENG,United Kingdom,england_detail,2025,1,3,12,2025-03-17,2023-2026
England,2025-03-22,,147.0,1094.0,4.08,29207.0,ENG,United Kingdom,england_detail,2025,1,3,12,2025-03-17,2023-2026
England,2025-03-23,,142.0,1116.0,4.1,29321.0,ENG,United Kingdom,england_detail,2025,1,3,12,2025-03-17,2023-2026
England,2025-03-24,,164.0,1151.0,4.18,29263.0,ENG,United Kingdom,england_detail,2025,1,3,13,2025-03-24,2023-2026
England,2025-03-25,,177.0,1145.0,4.24,29199.0,ENG,United Kingdom,england_detail,2025,1,3,13,2025-03-24,2023-2026
England,2025-03-26,,177.0,1154.0,4.34,28996.0,ENG,United Kingdom,england_detail,2025,1,3,13,2025-03-24,2023-2026
England,2025-03-27,,136.0,1212.0,4.34,28637.0,ENG,United Kingdom,england_detail,2025,1,3,13,2025-03-24,2023-2026
England,2025-03-28,86.0,114.0,1203.0,4.34,28459.0,ENG,United Kingdom,england_detail,2025,1,3,13,2025-03-24,2023-2026
England,2025-03-29,,101.0,1187.0,4.39,27981.0,ENG,United Kingdom,england_detail,2025,1,3,13,2025-03-24,2023-2026
England,2025-03-30,,155.0,1169.0,4.41,27444.0,ENG,United Kingdom,england_detail,2025,1,3,13,2025-03-24,2023-2026
England,2025-03-31,,144.0,1182.0,4.41,27300.0,ENG,United Kingdom,england_detail,2025,1,3,14,2025-03-31,2023-2026
England,2025-04-01,,176.0,1185.0,4.56,27267.0,ENG,United Kingdom,england_detail,2025,2,4,14,2025-03-31,2023-2026
England,2025-04-02,,155.0,1137.0,4.54,27077.0,ENG,United Kingdom,england_detail,2025,2,4,14,2025-03-31,2023-2026
England,2025-04-03,,136.0,1192.0,4.64,27163.0,ENG,United Kingdom,england_detail,2025,2,4,14,2025-03-31,2023-2026
England,2025-04-04,92.0,124.0,1185.0,4.72,27101.0,ENG,United Kingdom,england_detail,2025,2,4,14,2025-03-31,2023-2026
England,2025-04-05,,113.0,1192.0,4.84,27255.0,ENG,United Kingdom,england_detail,2025,2,4,14,2025-03-31,2023-2026
England,2025-04-06,,122.0,1150.0,4.89,27467.0,ENG,United Kingdom,england_detail,2025,2,4,14,2025-03-31,2023-2026
England,2025-04-07,,144.0,1164.0,4.89,27343.0,ENG,United Kingdom,england_detail,2025,2,4,15,2025-04-07,2023-2026
England,2025-04-08,,141.0,1123.0,4.8,27258.0,ENG,United Kingdom,england_detail,2025,2,4,15,2025-04-07,2023-2026
England,2025-04-09,,150.0,1103.0,4.87,27261.0,ENG,United Kingdom,england_detail,2025,2,4,15,2025-04-07,2023-2026
England,2025-04-10,,166.0,1083.0,4.84,27124.0,ENG,United Kingdom,england_detail,2025,2,4,15,2025-04-07,2023-2026
England,2025-04-11,79.0,132.0,1087.0,4.88,27151.0,ENG,United Kingdom,england_detail,2025,2,4,15,2025-04-07,2023-2026
England,2025-04-12,,140.0,1091.0,4.89,27179.0,ENG,United Kingdom,england_detail,2025,2,4,15,2025-04-07,2023-2026
England,2025-04-13,,151.0,1112.0,5.04,27172.0,ENG,United Kingdom,england_detail,2025,2,4,15,2025-04-07,2023-2026
England,2025-04-14,,170.0,1149.0,5.16,27095.0,ENG,United Kingdom,england_detail,2025,2,4,16,2025-04-14,2023-2026
England,2025-04-15,,165.0,1174.0,5.14,27237.0,ENG,United Kingdom,england_detail,2025,2,4,16,2025-04-14,2023-2026
England,2025-04-16,,156.0,1185.0,5.12,27054.0,ENG,United Kingdom,england_detail,2025,2,4,16,2025-04-14,2023-2026
England,2025-04-17,,122.0,1205.0,5.09,26789.0,ENG,United Kingdom,england_detail,2025,2,4,16,2025-04-14,2023-2026
England,2025-04-18,55.0,117.0,1191.0,5.07,25791.0,ENG,United Kingdom,england_detail,2025,2,4,16,2025-04-14,2023-2026
England,2025-04-19,,121.0,1185.0,5.13,25573.0,ENG,United Kingdom,england_detail,2025,2,4,16,2025-04-14,2023-2026
England,2025-04-20,,131.0,1208.0,4.99,25194.0,ENG,United Kingdom,england_detail,2025,2,4,16,2025-04-14,2023-2026
England,2025-04-21,,166.0,1223.0,5.03,24320.0,ENG,United Kingdom,england_detail,2025,2,4,17,2025-04-21,2023-2026
England,2025-04-22,,169.0,1237.0,5.12,24163.0,ENG,United Kingdom,england_detail,2025,2,4,17,2025-04-21,2023-2026
England,2025-04-23,,182.0,1250.0,5.28,24168.0,ENG,United Kingdom,england_detail,2025,2,4,17,2025-04-21,2023-2026
England,2025-04-24,,151.0,1224.0,5.47,24181.0,ENG,United Kingdom,england_detail,2025,2,4,17,2025-04-21,2023-2026
England,2025-04-25,66.0,159.0,1232.0,5.49,24682.0,ENG,United Kingdom,england_detail,2025,2,4,17,2025-04-21,2023-2026
England,2025-04-26,,134.0,1193.0,5.47,24358.0,ENG,United Kingdom,england_detail,2025,2,4,17,2025-04-21,2023-2026
England,2025-04-27,,131.0,1216.0,5.53,24200.0,ENG,United Kingdom,england_detail,2025,2,4,17,2025-04-21,2023-2026
England,2025-04-28,,166.0,1229.0,5.72,24559.0,ENG,United Kingdom,england_detail,2025,2,4,18,2025-04-28,2023-2026
England,2025-04-29,,161.0,1229.0,5.83,24096.0,ENG,United Kingdom,england_detail,2025,2,4,18,2025-04-28,2023-2026
England,2025-04-30,,141.0,1226.0,5.77,23642.0,ENG,United Kingdom,england_detail,2025,2,4,18,2025-04-28,2023-2026
England,2025-05-01,,144.0,1243.0,5.75,23466.0,ENG,United Kingdom,england_detail,2025,2,5,18,2025-04-28,2023-2026
England,2025-05-02,104.0,115.0,1230.0,5.63,23307.0,ENG,United Kingdom,england_detail,2025,2,5,18,2025-04-28,2023-2026
England,2025-05-03,,108.0,1226.0,5.75,23294.0,ENG,United Kingdom,england_detail,2025,2,5,18,2025-04-28,2023-2026
England,2025-05-04,,99.0,1188.0,5.76,23057.0,ENG,United Kingdom,england_detail,2025,2,5,18,2025-04-28,2023-2026
England,2025-05-05,,117.0,1196.0,5.43,22023.0,ENG,United Kingdom,england_detail,2025,2,5,19,2025-05-05,2023-2026
England,2025-05-06,,124.0,1160.0,5.19,21784.0,ENG,United Kingdom,england_detail,2025,2,5,19,2025-05-05,2023-2026
England,2025-05-07,,142.0,1109.0,5.15,21778.0,ENG,United Kingdom,england_detail,2025,2,5,19,2025-05-05,2023-2026
England,2025-05-08,,163.0,1074.0,5.1,21540.0,ENG,United Kingdom,england_detail,2025,2,5,19,2025-05-05,2023-2026
England,2025-05-09,79.0,103.0,1074.0,5.19,21225.0,ENG,United Kingdom,england_detail,2025,2,5,19,2025-05-05,2023-2026
England,2025-05-10,,116.0,1095.0,5.15,21138.0,ENG,United Kingdom,england_detail,2025,2,5,19,2025-05-05,2023-2026
England,2025-05-11,,148.0,1092.0,5.26,21146.0,ENG,United Kingdom,england_detail,2025,2,5,19,2025-05-05,2023-2026
England,2025-05-12,,155.0,1090.0,5.5,21911.0,ENG,United Kingdom,england_detail,2025,2,5,20,2025-05-12,2023-2026
England,2025-05-13,,148.0,1159.0,5.7,21940.0,ENG,United Kingdom,england_detail,2025,2,5,20,2025-05-12,2023-2026
England,2025-05-14,,101.0,1150.0,5.81,21693.0,ENG,United Kingdom,england_detail,2025,2,5,20,2025-05-12,2023-2026
England,2025-05-15,,116.0,1164.0,5.72,21493.0,ENG,United Kingdom,england_detail,2025,2,5,20,2025-05-12,2023-2026
England,2025-05-16,76.0,117.0,1124.0,5.7,21388.0,ENG,United Kingdom,england_detail,2025,2,5,20,2025-05-12,2023-2026
England,2025-05-17,,111.0,1123.0,5.73,21195.0,ENG,United Kingdom,england_detail,2025,2,5,20,2025-05-12,2023-2026
England,2025-05-18,,131.0,1118.0,5.61,20980.0,ENG,United Kingdom,england_detail,2025,2,5,20,2025-05-12,2023-2026
England,2025-05-19,,146.0,1095.0,5.54,20712.0,ENG,United Kingdom,england_detail,2025,2,5,21,2025-05-19,2023-2026
England,2025-05-20,,130.0,1085.0,5.59,20590.0,ENG,United Kingdom,england_detail,2025,2,5,21,2025-05-19,2023-2026
England,2025-05-21,,120.0,1089.0,5.51,20544.0,ENG,United Kingdom,england_detail,2025,2,5,21,2025-05-19,2023-2026
England,2025-05-22,,118.0,1038.0,5.75,20705.0,ENG,United Kingdom,england_detail,2025,2,5,21,2025-05-19,2023-2026
England,2025-05-23,76.0,118.0,1033.0,5.76,20791.0,ENG,United Kingdom,england_detail,2025,2,5,21,2025-05-19,2023-2026
England,2025-05-24,,103.0,1037.0,5.7,20779.0,ENG,United Kingdom,england_detail,2025,2,5,21,2025-05-19,2023-2026
England,2025-05-25,,108.0,1049.0,5.77,20820.0,ENG,United Kingdom,england_detail,2025,2,5,21,2025-05-19,2023-2026
England,2025-05-26,,130.0,1076.0,5.79,20116.0,ENG,United Kingdom,england_detail,2025,2,5,22,2025-05-26,2023-2026
England,2025-05-27,,152.0,1069.0,5.97,20269.0,ENG,United Kingdom,england_detail,2025,2,5,22,2025-05-26,2023-2026
England,2025-05-28,,148.0,1099.0,6.06,20363.0,ENG,United Kingdom,england_detail,2025,2,5,22,2025-05-26,2023-2026
England,2025-05-29,,150.0,1094.0,5.99,20360.0,ENG,United Kingdom,england_detail,2025,2,5,22,2025-05-26,2023-2026
England,2025-05-30,70.0,140.0,1110.0,6.06,20436.0,ENG,United Kingdom,england_detail,2025,2,5,22,2025-05-26,2023-2026
England,2025-05-31,,119.0,1126.0,6.34,20459.0,ENG,United Kingdom,england_detail,2025,2,5,22,2025-05-26,2023-2026
England,2025-06-01,,128.0,1141.0,6.48,20326.0,ENG,United Kingdom,england_detail,2025,2,6,22,2025-05-26,2023-2026
England,2025-06-02,,156.0,1129.0,6.48,20967.0,ENG,United Kingdom,england_detail,2025,2,6,23,2025-06-02,2023-2026
England,2025-06-03,,125.0,1123.0,6.39,20681.0,ENG,United Kingdom,england_detail,2025,2,6,23,2025-06-02,2023-2026
England,2025-06-04,,144.0,1143.0,6.5,20585.0,ENG,United Kingdom,england_detail,2025,2,6,23,2025-06-02,2023-2026
England,2025-06-05,,115.0,1127.0,6.58,20488.0,ENG,United Kingdom,england_detail,2025,2,6,23,2025-06-02,2023-2026
England,2025-06-06,74.0,111.0,1113.0,6.63,20323.0,ENG,United Kingdom,england_detail,2025,2,6,23,2025-06-02,2023-2026
England,2025-06-07,,90.0,1081.0,6.46,20340.0,ENG,United Kingdom,england_detail,2025,2,6,23,2025-06-02,2023-2026
England,2025-06-08,,164.0,1084.0,6.51,20261.0,ENG,United Kingdom,england_detail,2025,2,6,23,2025-06-02,2023-2026
England,2025-06-09,,164.0,1130.0,6.73,20277.0,ENG,United Kingdom,england_detail,2025,2,6,24,2025-06-09,2023-2026
England,2025-06-10,,135.0,1130.0,6.71,20342.0,ENG,United Kingdom,england_detail,2025,2,6,24,2025-06-09,2023-2026
England,2025-06-11,,169.0,1129.0,6.72,20305.0,ENG,United Kingdom,england_detail,2025,2,6,24,2025-06-09,2023-2026
England,2025-06-12,,144.0,1110.0,6.88,20315.0,ENG,United Kingdom,england_detail,2025,2,6,24,2025-06-09,2023-2026
England,2025-06-13,67.0,132.0,1120.0,6.94,20470.0,ENG,United Kingdom,england_detail,2025,2,6,24,2025-06-09,2023-2026
England,2025-06-14,,118.0,1120.0,7.04,20544.0,ENG,United Kingdom,england_detail,2025,2,6,24,2025-06-09,2023-2026
England,2025-06-15,,146.0,1117.0,6.97,20471.0,ENG,United Kingdom,england_detail,2025,2,6,24,2025-06-09,2023-2026
England,2025-06-16,,156.0,1080.0,7.04,20508.0,ENG,United Kingdom,england_detail,2025,2,6,25,2025-06-16,2023-2026
England,2025-06-17,,164.0,1102.0,7.17,20332.0,ENG,United Kingdom,england_detail,2025,2,6,25,2025-06-16,2023-2026
England,2025-06-18,,153.0,1120.0,7.21,20126.0,ENG,United Kingdom,england_detail,2025,2,6,25,2025-06-16,2023-2026
England,2025-06-19,,146.0,1073.0,7.22,19873.0,ENG,United Kingdom,england_detail,2025,2,6,25,2025-06-16,2023-2026
England,2025-06-20,63.0,134.0,1063.0,7.29,19665.0,ENG,United Kingdom,england_detail,2025,2,6,25,2025-06-16,2023-2026
England,2025-06-21,,115.0,1074.0,7.39,19566.0,ENG,United Kingdom,england_detail,2025,2,6,25,2025-06-16,2023-2026
England,2025-06-22,,139.0,1090.0,7.29,19527.0,ENG,United Kingdom,england_detail,2025,2,6,25,2025-06-16,2023-2026
England,2025-06-23,,123.0,1054.0,7.1,19198.0,ENG,United Kingdom,england_detail,2025,2,6,26,2025-06-23,2023-2026
England,2025-06-24,,122.0,1077.0,6.72,19162.0,ENG,United Kingdom,england_detail,2025,2,6,26,2025-06-23,2023-2026
England,2025-06-25,,119.0,1058.0,6.52,19130.0,ENG,United Kingdom,england_detail,2025,2,6,26,2025-06-23,2023-2026
England,2025-06-26,,102.0,1004.0,6.33,18914.0,ENG,United Kingdom,england_detail,2025,2,6,26,2025-06-23,2023-2026
England,2025-06-27,64.0,96.0,958.0,6.21,18723.0,ENG,United Kingdom,england_detail,2025,2,6,26,2025-06-23,2023-2026
England,2025-06-28,,84.0,927.0,5.94,18545.0,ENG,United Kingdom,england_detail,2025,2,6,26,2025-06-23,2023-2026
England,2025-06-29,,109.0,922.0,6.04,18250.0,ENG,United Kingdom,england_detail,2025,2,6,26,2025-06-23,2023-2026
England,2025-06-30,,107.0,897.0,5.93,18007.0,ENG,United Kingdom,england_detail,2025,2,6,27,2025-06-30,2023-2026
England,2025-07-01,,110.0,877.0,6.02,17797.0,ENG,United Kingdom,england_detail,2025,3,7,27,2025-06-30,2023-2026
England,2025-07-02,,108.0,868.0,5.98,17717.0,ENG,United Kingdom,england_detail,2025,3,7,27,2025-06-30,2023-2026
England,2025-07-03,,100.0,873.0,5.94,17540.0,ENG,United Kingdom,england_detail,2025,3,7,27,2025-06-30,2023-2026
England,2025-07-04,52.0,82.0,857.0,5.81,17325.0,ENG,United Kingdom,england_detail,2025,3,7,27,2025-06-30,2023-2026
England,2025-07-05,,82.0,842.0,5.89,17345.0,ENG,United Kingdom,england_detail,2025,3,7,27,2025-06-30,2023-2026
England,2025-07-06,,104.0,823.0,5.83,17396.0,ENG,United Kingdom,england_detail,2025,3,7,27,2025-06-30,2023-2026
England,2025-07-07,,149.0,803.0,5.99,17364.0,ENG,United Kingdom,england_detail,2025,3,7,28,2025-07-07,2023-2026
England,2025-07-08,,92.0,834.0,6.12,17243.0,ENG,United Kingdom,england_detail,2025,3,7,28,2025-07-07,2023-2026
England,2025-07-09,,131.0,832.0,6.2,17126.0,ENG,United Kingdom,england_detail,2025,3,7,28,2025-07-07,2023-2026
England,2025-07-10,,130.0,818.0,6.25,17245.0,ENG,United Kingdom,england_detail,2025,3,7,28,2025-07-07,2023-2026
England,2025-07-11,58.0,121.0,828.0,6.36,17399.0,ENG,United Kingdom,england_detail,2025,3,7,28,2025-07-07,2023-2026
England,2025-07-12,,89.0,853.0,6.44,17425.0,ENG,United Kingdom,england_detail,2025,3,7,28,2025-07-07,2023-2026
England,2025-07-13,,104.0,873.0,6.37,17480.0,ENG,United Kingdom,england_detail,2025,3,7,28,2025-07-07,2023-2026
England,2025-07-14,,128.0,854.0,6.57,17533.0,ENG,United Kingdom,england_detail,2025,3,7,29,2025-07-14,2023-2026
England,2025-07-15,,115.0,844.0,6.54,17672.0,ENG,United Kingdom,england_detail,2025,3,7,29,2025-07-14,2023-2026
England,2025-07-16,,133.0,860.0,6.63,17629.0,ENG,United Kingdom,england_detail,2025,3,7,29,2025-07-14,2023-2026
England,2025-07-17,,165.0,862.0,6.67,17558.0,ENG,United Kingdom,england_detail,2025,3,7,29,2025-07-14,2023-2026
England,2025-07-18,67.0,106.0,869.0,6.67,17668.0,ENG,United Kingdom,england_detail,2025,3,7,29,2025-07-14,2023-2026
England,2025-07-19,,89.0,890.0,6.77,17770.0,ENG,United Kingdom,england_detail,2025,3,7,29,2025-07-14,2023-2026
England,2025-07-20,,103.0,873.0,6.89,17760.0,ENG,United Kingdom,england_detail,2025,3,7,29,2025-07-14,2023-2026
England,2025-07-21,,135.0,876.0,6.68,17830.0,ENG,United Kingdom,england_detail,2025,3,7,30,2025-07-21,2023-2026
England,2025-07-22,,111.0,904.0,6.65,17856.0,ENG,United Kingdom,england_detail,2025,3,7,30,2025-07-21,2023-2026
England,2025-07-23,,131.0,923.0,6.42,17857.0,ENG,United Kingdom,england_detail,2025,3,7,30,2025-07-21,2023-2026
England,2025-07-24,,122.0,906.0,6.31,17887.0,ENG,United Kingdom,england_detail,2025,3,7,30,2025-07-21,2023-2026
England,2025-07-25,49.0,104.0,882.0,6.22,17538.0,ENG,United Kingdom,england_detail,2025,3,7,30,2025-07-21,2023-2026
England,2025-07-26,,94.0,844.0,6.19,17149.0,ENG,United Kingdom,england_detail,2025,3,7,30,2025-07-21,2023-2026
England,2025-07-27,,115.0,851.0,6.25,16745.0,ENG,United Kingdom,england_detail,2025,3,7,30,2025-07-21,2023-2026
England,2025-07-28,,90.0,849.0,6.47,16248.0,ENG,United Kingdom,england_detail,2025,3,7,31,2025-07-28,2023-2026
England,2025-07-29,,134.0,857.0,6.75,15861.0,ENG,United Kingdom,england_detail,2025,3,7,31,2025-07-28,2023-2026
England,2025-07-30,,149.0,864.0,7.12,15688.0,ENG,United Kingdom,england_detail,2025,3,7,31,2025-07-28,2023-2026
England,2025-07-31,,131.0,863.0,7.41,15755.0,ENG,United Kingdom,england_detail,2025,3,7,31,2025-07-28,2023-2026
England,2025-08-01,43.0,103.0,914.0,7.43,16036.0,ENG,United Kingdom,england_detail,2025,3,8,31,2025-07-28,2023-2026
England,2025-08-02,,76.0,899.0,7.32,16169.0,ENG,United Kingdom,england_detail,2025,3,8,31,2025-07-28,2023-2026
England,2025-08-03,,107.0,901.0,7.36,16504.0,ENG,United Kingdom,england_detail,2025,3,8,31,2025-07-28,2023-2026
England,2025-08-04,,128.0,894.0,7.4,16856.0,ENG,United Kingdom,england_detail,2025,3,8,32,2025-08-04,2023-2026
England,2025-08-05,,145.0,912.0,7.41,17007.0,ENG,United Kingdom,england_detail,2025,3,8,32,2025-08-04,2023-2026
England,2025-08-06,,156.0,897.0,7.51,17054.0,ENG,United Kingdom,england_detail,2025,3,8,32,2025-08-04,2023-2026
England,2025-08-07,,169.0,921.0,7.81,16922.0,ENG,United Kingdom,england_detail,2025,3,8,32,2025-08-04,2023-2026
England,2025-08-08,46.0,137.0,987.0,8.0,16792.0,ENG,United Kingdom,england_detail,2025,3,8,32,2025-08-04,2023-2026
England,2025-08-09,,121.0,1043.0,8.39,16746.0,ENG,United Kingdom,england_detail,2025,3,8,32,2025-08-04,2023-2026
England,2025-08-10,,171.0,1027.0,8.57,16582.0,ENG,United Kingdom,england_detail,2025,3,8,32,2025-08-04,2023-2026
England,2025-08-11,,185.0,1051.0,8.89,16494.0,ENG,United Kingdom,england_detail,2025,3,8,33,2025-08-11,2023-2026
England,2025-08-12,,182.0,1113.0,9.22,16730.0,ENG,United Kingdom,england_detail,2025,3,8,33,2025-08-11,2023-2026
England,2025-08-13,,161.0,1144.0,9.35,16929.0,ENG,United Kingdom,england_detail,2025,3,8,33,2025-08-11,2023-2026
England,2025-08-14,,188.0,1166.0,9.2,17129.0,ENG,United Kingdom,england_detail,2025,3,8,33,2025-08-11,2023-2026
England,2025-08-15,47.0,141.0,1127.0,9.38,17244.0,ENG,United Kingdom,england_detail,2025,3,8,33,2025-08-11,2023-2026
England,2025-08-16,,125.0,1172.0,9.28,17167.0,ENG,United Kingdom,england_detail,2025,3,8,33,2025-08-11,2023-2026
England,2025-08-17,,159.0,1180.0,9.36,17029.0,ENG,United Kingdom,england_detail,2025,3,8,33,2025-08-11,2023-2026
England,2025-08-18,,169.0,1186.0,9.37,16928.0,ENG,United Kingdom,england_detail,2025,3,8,34,2025-08-18,2023-2026
England,2025-08-19,,169.0,1192.0,9.14,16661.0,ENG,United Kingdom,england_detail,2025,3,8,34,2025-08-18,2023-2026
England,2025-08-20,,134.0,1176.0,9.09,16339.0,ENG,United Kingdom,england_detail,2025,3,8,34,2025-08-18,2023-2026
England,2025-08-21,,137.0,1135.0,8.98,15994.0,ENG,United Kingdom,england_detail,2025,3,8,34,2025-08-18,2023-2026
England,2025-08-22,56.0,127.0,1116.0,8.99,15765.0,ENG,United Kingdom,england_detail,2025,3,8,34,2025-08-18,2023-2026
England,2025-08-23,,144.0,1075.0,9.03,15765.0,ENG,United Kingdom,england_detail,2025,3,8,34,2025-08-18,2023-2026
England,2025-08-24,,125.0,1129.0,9.09,15860.0,ENG,United Kingdom,england_detail,2025,3,8,34,2025-08-18,2023-2026
England,2025-08-25,,158.0,1186.0,9.04,15261.0,ENG,United Kingdom,england_detail,2025,3,8,35,2025-08-25,2023-2026
England,2025-08-26,,192.0,1161.0,9.27,15477.0,ENG,United Kingdom,england_detail,2025,3,8,35,2025-08-25,2023-2026
England,2025-08-27,,203.0,1169.0,9.63,15779.0,ENG,United Kingdom,england_detail,2025,3,8,35,2025-08-25,2023-2026
England,2025-08-28,,182.0,1192.0,9.95,15956.0,ENG,United Kingdom,england_detail,2025,3,8,35,2025-08-25,2023-2026
England,2025-08-29,60.0,134.0,1223.0,9.9,16298.0,ENG,United Kingdom,england_detail,2025,3,8,35,2025-08-25,2023-2026
England,2025-08-30,,121.0,1204.0,9.98,16406.0,ENG,United Kingdom,england_detail,2025,3,8,35,2025-08-25,2023-2026
England,2025-08-31,,168.0,1216.0,9.88,16528.0,ENG,United Kingdom,england_detail,2025,3,8,35,2025-08-25,2023-2026
England,2025-09-01,,192.0,1218.0,10.05,17208.0,ENG,United Kingdom,england_detail,2025,3,9,36,2025-09-01,2023-2026
England,2025-09-02,,199.0,1265.0,10.07,17301.0,ENG,United Kingdom,england_detail,2025,3,9,36,2025-09-01,2023-2026
England,2025-09-03,,181.0,1257.0,9.87,17303.0,ENG,United Kingdom,england_detail,2025,3,9,36,2025-09-01,2023-2026
England,2025-09-04,,171.0,1220.0,9.73,17392.0,ENG,United Kingdom,england_detail,2025,3,9,36,2025-09-01,2023-2026
England,2025-09-05,84.0,163.0,1238.0,9.88,17289.0,ENG,United Kingdom,england_detail,2025,3,9,36,2025-09-01,2023-2026
England,2025-09-06,,149.0,1268.0,9.93,17388.0,ENG,United Kingdom,england_detail,2025,3,9,36,2025-09-01,2023-2026
England,2025-09-07,,186.0,1287.0,10.1,17464.0,ENG,United Kingdom,england_detail,2025,3,9,36,2025-09-01,2023-2026
England,2025-09-08,,218.0,1307.0,10.2,17722.0,ENG,United Kingdom,england_detail,2025,3,9,37,2025-09-08,2023-2026
England,2025-09-09,,247.0,1314.0,10.35,17841.0,ENG,United Kingdom,england_detail,2025,3,9,37,2025-09-08,2023-2026
England,2025-09-10,,178.0,1286.0,10.57,17919.0,ENG,United Kingdom,england_detail,2025,3,9,37,2025-09-08,2023-2026
England,2025-09-11,,200.0,1327.0,10.42,17970.0,ENG,United Kingdom,england_detail,2025,3,9,37,2025-09-08,2023-2026
England,2025-09-12,81.0,153.0,1307.0,10.62,18114.0,ENG,United Kingdom,england_detail,2025,3,9,37,2025-09-08,2023-2026
England,2025-09-13,,160.0,1297.0,10.56,18266.0,ENG,United Kingdom,england_detail,2025,3,9,37,2025-09-08,2023-2026
England,2025-09-14,,225.0,1313.0,10.64,18381.0,ENG,United Kingdom,england_detail,2025,3,9,37,2025-09-08,2023-2026
England,2025-09-15,,260.0,1351.0,10.74,18522.0,ENG,United Kingdom,england_detail,2025,3,9,38,2025-09-15,2023-2026
England,2025-09-16,,269.0,1398.0,10.96,18828.0,ENG,United Kingdom,england_detail,2025,3,9,38,2025-09-15,2023-2026
England,2025-09-17,,255.0,1394.0,10.92,19210.0,ENG,United Kingdom,england_detail,2025,3,9,38,2025-09-15,2023-2026
England,2025-09-18,,290.0,1443.0,11.26,19664.0,ENG,United Kingdom,england_detail,2025,3,9,38,2025-09-15,2023-2026
England,2025-09-19,88.0,229.0,1504.0,11.5,20144.0,ENG,United Kingdom,england_detail,2025,3,9,38,2025-09-15,2023-2026
England,2025-09-20,,221.0,1585.0,11.73,20405.0,ENG,United Kingdom,england_detail,2025,3,9,38,2025-09-15,2023-2026
England,2025-09-21,,292.0,1637.0,11.91,20566.0,ENG,United Kingdom,england_detail,2025,3,9,38,2025-09-15,2023-2026
England,2025-09-22,,306.0,1705.0,11.94,20812.0,ENG,United Kingdom,england_detail,2025,3,9,39,2025-09-22,2023-2026
England,2025-09-23,,301.0,1749.0,12.03,20955.0,ENG,United Kingdom,england_detail,2025,3,9,39,2025-09-22,2023-2026
England,2025-09-24,,293.0,1789.0,12.52,21170.0,ENG,United Kingdom,england_detail,2025,3,9,39,2025-09-22,2023-2026
England,2025-09-25,,305.0,1833.0,12.34,21332.0,ENG,United Kingdom,england_detail,2025,3,9,39,2025-09-22,2023-2026
England,2025-09-26,91.0,287.0,1856.0,12.44,21593.0,ENG,United Kingdom,england_detail,2025,3,9,39,2025-09-22,2023-2026
England,2025-09-27,,216.0,1926.0,12.6,21724.0,ENG,United Kingdom,england_detail,2025,3,9,39,2025-09-22,2023-2026
England,2025-09-28,,322.0,1921.0,12.9,22021.0,ENG,United Kingdom,england_detail,2025,3,9,39,2025-09-22,2023-2026
England,2025-09-29,,325.0,1962.0,13.29,22554.0,ENG,United Kingdom,england_detail,2025,3,9,40,2025-09-29,2023-2026
England,2025-09-30,,329.0,2052.0,13.26,23021.0,ENG,United Kingdom,england_detail,2025,3,9,40,2025-09-29,2023-2026
England,2025-10-01,,367.0,2144.0,13.26,23532.0,ENG,United Kingdom,england_detail,2025,4,10,40,2025-09-29,2023-2026
England,2025-10-02,,374.0,2197.0,13.38,24390.0,ENG,United Kingdom,england_detail,2025,4,10,40,2025-09-29,2023-2026
England,2025-10-03,102.0,301.0,2261.0,13.4,25131.0,ENG,United Kingdom,england_detail,2025,4,10,40,2025-09-29,2023-2026
England,2025-10-04,,287.0,2338.0,13.3,25653.0,ENG,United Kingdom,england_detail,2025,4,10,40,2025-09-29,2023-2026
England,2025-10-05,,359.0,2392.0,13.06,26049.0,ENG,United Kingdom,england_detail,2025,4,10,40,2025-09-29,2023-2026
England,2025-10-06,,346.0,2415.0,12.79,26245.0,ENG,United Kingdom,england_detail,2025,4,10,41,2025-10-06,2023-2026
England,2025-10-07,,392.0,2455.0,12.79,26502.0,ENG,United Kingdom,england_detail,2025,4,10,41,2025-10-06,2023-2026
England,2025-10-08,,383.0,2446.0,12.57,26798.0,ENG,United Kingdom,england_detail,2025,4,10,41,2025-10-06,2023-2026
England,2025-10-09,,354.0,2459.0,12.37,26602.0,ENG,United Kingdom,england_detail,2025,4,10,41,2025-10-06,2023-2026
England,2025-10-10,148.0,255.0,2491.0,11.96,26545.0,ENG,United Kingdom,england_detail,2025,4,10,41,2025-10-06,2023-2026
England,2025-10-11,,229.0,2459.0,11.74,26475.0,ENG,United Kingdom,england_detail,2025,4,10,41,2025-10-06,2023-2026
England,2025-10-12,,286.0,2482.0,11.43,26297.0,ENG,United Kingdom,england_detail,2025,4,10,41,2025-10-06,2023-2026
England,2025-10-13,,314.0,2434.0,11.18,26376.0,ENG,United Kingdom,england_detail,2025,4,10,42,2025-10-13,2023-2026
England,2025-10-14,,316.0,2376.0,10.96,26636.0,ENG,United Kingdom,england_detail,2025,4,10,42,2025-10-13,2023-2026
England,2025-10-15,,319.0,2302.0,10.65,26511.0,ENG,United Kingdom,england_detail,2025,4,10,42,2025-10-13,2023-2026
England,2025-10-16,,244.0,2254.0,10.06,26639.0,ENG,United Kingdom,england_detail,2025,4,10,42,2025-10-13,2023-2026
England,2025-10-17,159.0,232.0,2175.0,9.92,26594.0,ENG,United Kingdom,england_detail,2025,4,10,42,2025-10-13,2023-2026
England,2025-10-18,,175.0,2181.0,9.63,26739.0,ENG,United Kingdom,england_detail,2025,4,10,42,2025-10-13,2023-2026
England,2025-10-19,,238.0,2192.0,9.5,27021.0,ENG,United Kingdom,england_detail,2025,4,10,42,2025-10-13,2023-2026
England,2025-10-20,,242.0,2109.0,9.17,27310.0,ENG,United Kingdom,england_detail,2025,4,10,43,2025-10-20,2023-2026
England,2025-10-21,,240.0,2090.0,8.67,27862.0,ENG,United Kingdom,england_detail,2025,4,10,43,2025-10-20,2023-2026
England,2025-10-22,,245.0,2003.0,8.34,28284.0,ENG,United Kingdom,england_detail,2025,4,10,43,2025-10-20,2023-2026
England,2025-10-23,,215.0,1989.0,8.05,28642.0,ENG,United Kingdom,england_detail,2025,4,10,43,2025-10-20,2023-2026
England,2025-10-24,150.0,150.0,2016.0,7.58,28934.0,ENG,United Kingdom,england_detail,2025,4,10,43,2025-10-20,2023-2026
England,2025-10-25,,149.0,1907.0,7.29,29076.0,ENG,United Kingdom,england_detail,2025,4,10,43,2025-10-20,2023-2026
England,2025-10-26,,177.0,1869.0,7.15,29203.0,ENG,United Kingdom,england_detail,2025,4,10,43,2025-10-20,2023-2026
England,2025-10-27,,205.0,1881.0,6.76,29091.0,ENG,United Kingdom,england_detail,2025,4,10,44,2025-10-27,2023-2026
England,2025-10-28,,190.0,1784.0,6.51,28808.0,ENG,United Kingdom,england_detail,2025,4,10,44,2025-10-27,2023-2026
England,2025-10-29,,182.0,1697.0,6.3,28767.0,ENG,United Kingdom,england_detail,2025,4,10,44,2025-10-27,2023-2026
England,2025-10-30,,164.0,1691.0,5.97,28545.0,ENG,United Kingdom,england_detail,2025,4,10,44,2025-10-27,2023-2026
England,2025-10-31,129.0,145.0,1602.0,5.84,28598.0,ENG,United Kingdom,england_detail,2025,4,10,44,2025-10-27,2023-2026
England,2025-11-01,,154.0,1598.0,5.89,28723.0,ENG,United Kingdom,england_detail,2025,4,11,44,2025-10-27,2023-2026
England,2025-11-02,,146.0,1594.0,5.73,28826.0,ENG,United Kingdom,england_detail,2025,4,11,44,2025-10-27,2023-2026
England,2025-11-03,,182.0,1596.0,5.59,29120.0,ENG,United Kingdom,england_detail,2025,4,11,45,2025-11-03,2023-2026
England,2025-11-04,,169.0,1553.0,5.44,29332.0,ENG,United Kingdom,england_detail,2025,4,11,45,2025-11-03,2023-2026
England,2025-11-05,,156.0,1513.0,5.2,29517.0,ENG,United Kingdom,england_detail,2025,4,11,45,2025-11-03,2023-2026
England,2025-11-06,,114.0,1448.0,4.97,29839.0,ENG,United Kingdom,england_detail,2025,4,11,45,2025-11-03,2023-2026
England,2025-11-07,145.0,107.0,1401.0,4.71,29973.0,ENG,United Kingdom,england_detail,2025,4,11,45,2025-11-03,2023-2026
England,2025-11-08,,94.0,1344.0,4.45,30014.0,ENG,United Kingdom,england_detail,2025,4,11,45,2025-11-03,2023-2026
England,2025-11-09,,103.0,1342.0,4.32,29969.0,ENG,United Kingdom,england_detail,2025,4,11,45,2025-11-03,2023-2026
England,2025-11-10,,98.0,1318.0,4.04,29803.0,ENG,United Kingdom,england_detail,2025,4,11,46,2025-11-10,2023-2026
England,2025-11-11,,105.0,1216.0,3.8,29559.0,ENG,United Kingdom,england_detail,2025,4,11,46,2025-11-10,2023-2026
England,2025-11-12,,110.0,1183.0,3.51,29404.0,ENG,United Kingdom,england_detail,2025,4,11,46,2025-11-10,2023-2026
England,2025-11-13,,96.0,1136.0,3.39,29381.0,ENG,United Kingdom,england_detail,2025,4,11,46,2025-11-10,2023-2026
England,2025-11-14,125.0,88.0,1102.0,3.26,29198.0,ENG,United Kingdom,england_detail,2025,4,11,46,2025-11-10,2023-2026
England,2025-11-15,,56.0,1056.0,3.17,29016.0,ENG,United Kingdom,england_detail,2025,4,11,46,2025-11-10,2023-2026
England,2025-11-16,,88.0,1029.0,3.05,29110.0,ENG,United Kingdom,england_detail,2025,4,11,46,2025-11-10,2023-2026
England,2025-11-17,,74.0,969.0,2.93,29024.0,ENG,United Kingdom,england_detail,2025,4,11,47,2025-11-17,2023-2026
England,2025-11-18,,81.0,915.0,2.73,28877.0,ENG,United Kingdom,england_detail,2025,4,11,47,2025-11-17,2023-2026
England,2025-11-19,,65.0,892.0,2.68,28673.0,ENG,United Kingdom,england_detail,2025,4,11,47,2025-11-17,2023-2026
England,2025-11-20,,97.0,852.0,2.47,28739.0,ENG,United Kingdom,england_detail,2025,4,11,47,2025-11-17,2023-2026
England,2025-11-21,105.0,64.0,813.0,2.42,28919.0,ENG,United Kingdom,england_detail,2025,4,11,47,2025-11-17,2023-2026
England,2025-11-22,,69.0,824.0,2.43,29324.0,ENG,United Kingdom,england_detail,2025,4,11,47,2025-11-17,2023-2026
England,2025-11-23,,72.0,811.0,2.37,29886.0,ENG,United Kingdom,england_detail,2025,4,11,47,2025-11-17,2023-2026
England,2025-11-24,,85.0,803.0,2.24,30908.0,ENG,United Kingdom,england_detail,2025,4,11,48,2025-11-24,2023-2026
England,2025-11-25,,110.0,797.0,2.27,31945.0,ENG,United Kingdom,england_detail,2025,4,11,48,2025-11-24,2023-2026
England,2025-11-26,,112.0,810.0,2.31,32912.0,ENG,United Kingdom,england_detail,2025,4,11,48,2025-11-24,2023-2026
England,2025-11-27,,121.0,821.0,2.37,33619.0,ENG,United Kingdom,england_detail,2025,4,11,48,2025-11-24,2023-2026
England,2025-11-28,83.0,86.0,845.0,2.31,34571.0,ENG,United Kingdom,england_detail,2025,4,11,48,2025-11-24,2023-2026
England,2025-11-29,,71.0,859.0,2.21,35388.0,ENG,United Kingdom,england_detail,2025,4,11,48,2025-11-24,2023-2026
England,2025-11-30,,107.0,846.0,2.22,35736.0,ENG,United Kingdom,england_detail,2025,4,11,48,2025-11-24,2023-2026
England,2025-12-01,,108.0,877.0,2.27,36247.0,ENG,United Kingdom,england_detail,2025,4,12,49,2025-12-01,2023-2026
England,2025-12-02,,115.0,866.0,2.31,37044.0,ENG,United Kingdom,england_detail,2025,4,12,49,2025-12-01,2023-2026
England,2025-12-03,,98.0,876.0,2.18,37855.0,ENG,United Kingdom,england_detail,2025,4,12,49,2025-12-01,2023-2026
England,2025-12-04,,96.0,837.0,2.16,38550.0,ENG,United Kingdom,england_detail,2025,4,12,49,2025-12-01,2023-2026
England,2025-12-05,60.0,81.0,865.0,2.1,39175.0,ENG,United Kingdom,england_detail,2025,4,12,49,2025-12-01,2023-2026
England,2025-12-06,,71.0,864.0,2.13,39707.0,ENG,United Kingdom,england_detail,2025,4,12,49,2025-12-01,2023-2026
England,2025-12-07,,112.0,844.0,2.11,40443.0,ENG,United Kingdom,england_detail,2025,4,12,49,2025-12-01,2023-2026
England,2025-12-08,,100.0,830.0,2.07,41116.0,ENG,United Kingdom,england_detail,2025,4,12,50,2025-12-08,2023-2026
England,2025-12-09,,116.0,808.0,2.03,41734.0,ENG,United Kingdom,england_detail,2025,4,12,50,2025-12-08,2023-2026
England,2025-12-10,,103.0,817.0,2.05,42033.0,ENG,United Kingdom,england_detail,2025,4,12,50,2025-12-08,2023-2026
England,2025-12-11,,78.0,795.0,2.0,42523.0,ENG,United Kingdom,england_detail,2025,4,12,50,2025-12-08,2023-2026
England,2025-12-12,47.0,61.0,775.0,2.04,42858.0,ENG,United Kingdom,england_detail,2025,4,12,50,2025-12-08,2023-2026
England,2025-12-13,,70.0,751.0,2.04,42818.0,ENG,United Kingdom,england_detail,2025,4,12,50,2025-12-08,2023-2026
England,2025-12-14,,81.0,764.0,2.0,42741.0,ENG,United Kingdom,england_detail,2025,4,12,50,2025-12-08,2023-2026
England,2025-12-15,,84.0,759.0,1.94,43207.0,ENG,United Kingdom,england_detail,2025,4,12,51,2025-12-15,2023-2026
England,2025-12-16,,93.0,729.0,1.89,43209.0,ENG,United Kingdom,england_detail,2025,4,12,51,2025-12-15,2023-2026
England,2025-12-17,,78.0,731.0,1.84,42697.0,ENG,United Kingdom,england_detail,2025,4,12,51,2025-12-15,2023-2026
England,2025-12-18,,71.0,711.0,1.73,42144.0,ENG,United Kingdom,england_detail,2025,4,12,51,2025-12-15,2023-2026
England,2025-12-19,62.0,68.0,683.0,1.69,41457.0,ENG,United Kingdom,england_detail,2025,4,12,51,2025-12-15,2023-2026
England,2025-12-20,,51.0,669.0,1.66,41306.0,ENG,United Kingdom,england_detail,2025,4,12,51,2025-12-15,2023-2026
England,2025-12-21,,71.0,664.0,1.68,41097.0,ENG,United Kingdom,england_detail,2025,4,12,51,2025-12-15,2023-2026
England,2025-12-22,,75.0,625.0,1.69,40082.0,ENG,United Kingdom,england_detail,2025,4,12,52,2025-12-22,2023-2026
England,2025-12-23,,63.0,617.0,1.66,39224.0,ENG,United Kingdom,england_detail,2025,4,12,52,2025-12-22,2023-2026
England,2025-12-24,,62.0,609.0,1.71,37978.0,ENG,United Kingdom,england_detail,2025,4,12,52,2025-12-22,2023-2026
England,2025-12-25,,59.0,565.0,1.8,35864.0,ENG,United Kingdom,england_detail,2025,4,12,52,2025-12-22,2023-2026
England,2025-12-26,25.0,63.0,595.0,1.8,34942.0,ENG,United Kingdom,england_detail,2025,4,12,52,2025-12-22,2023-2026
England,2025-12-27,,66.0,615.0,1.76,35332.0,ENG,United Kingdom,england_detail,2025,4,12,52,2025-12-22,2023-2026
England,2025-12-28,,87.0,633.0,1.73,35735.0,ENG,United Kingdom,england_detail,2025,4,12,52,2025-12-22,2023-2026
England,2025-12-29,,83.0,632.0,1.74,35903.0,ENG,United Kingdom,england_detail,2025,4,12,1,2025-12-29,2023-2026
England,2025-12-30,,102.0,629.0,1.81,36097.0,ENG,United Kingdom,england_detail,2025,4,12,1,2025-12-29,2023-2026
England,2025-12-31,,56.0,644.0,1.85,36867.0,ENG,United Kingdom,england_detail,2025,4,12,1,2025-12-29,2023-2026
England,2026-01-01,,58.0,674.0,1.86,37625.0,ENG,United Kingdom,england_detail,2026,1,1,1,2025-12-29,2023-2026
England,2026-01-02,41.0,70.0,659.0,1.85,38689.0,ENG,United Kingdom,england_detail,2026,1,1,1,2025-12-29,2023-2026
England,2026-01-03,,73.0,694.0,1.85,38556.0,ENG,United Kingdom,england_detail,2026,1,1,1,2025-12-29,2023-2026
England,2026-01-04,,83.0,680.0,1.87,38096.0,ENG,United Kingdom,england_detail,2026,1,1,1,2025-12-29,2023-2026
England,2026-01-05,,73.0,679.0,1.86,37694.0,ENG,United Kingdom,england_detail,2026,1,1,2,2026-01-05,2023-2026
England,2026-01-06,,91.0,645.0,1.86,37425.0,ENG,United Kingdom,england_detail,2026,1,1,2,2026-01-05,2023-2026
England,2026-01-07,,72.0,652.0,1.81,37686.0,ENG,United Kingdom,england_detail,2026,1,1,2,2026-01-05,2023-2026
England,2026-01-08,,79.0,662.0,1.78,38960.0,ENG,United Kingdom,england_detail,2026,1,1,2,2026-01-05,2023-2026
England,2026-01-09,53.0,73.0,681.0,1.81,38724.0,ENG,United Kingdom,england_detail,2026,1,1,2,2026-01-05,2023-2026
England,2026-01-10,,55.0,685.0,1.85,38204.0,ENG,United Kingdom,england_detail,2026,1,1,2,2026-01-05,2023-2026
England,2026-01-11,,82.0,666.0,1.86,37989.0,ENG,United Kingdom,england_detail,2026,1,1,2,2026-01-05,2023-2026
England,2026-01-12,,88.0,652.0,1.9,37874.0,ENG,United Kingdom,england_detail,2026,1,1,3,2026-01-12,2023-2026
England,2026-01-13,,88.0,651.0,1.94,37820.0,ENG,United Kingdom,england_detail,2026,1,1,3,2026-01-12,2023-2026
England,2026-01-14,,88.0,661.0,1.99,37425.0,ENG,United Kingdom,england_detail,2026,1,1,3,2026-01-12,2023-2026
England,2026-01-15,,88.0,660.0,2.03,37117.0,ENG,United Kingdom,england_detail,2026,1,1,3,2026-01-12,2023-2026
England,2026-01-16,61.0,77.0,649.0,2.09,36772.0,ENG,United Kingdom,england_detail,2026,1,1,3,2026-01-12,2023-2026
England,2026-01-17,,76.0,670.0,2.14,36537.0,ENG,United Kingdom,england_detail,2026,1,1,3,2026-01-12,2023-2026
England,2026-01-18,,84.0,667.0,2.14,35898.0,ENG,United Kingdom,england_detail,2026,1,1,3,2026-01-12,2023-2026
England,2026-01-19,,79.0,670.0,2.13,35188.0,ENG,United Kingdom,england_detail,2026,1,1,4,2026-01-19,2023-2026
England,2026-01-20,,87.0,645.0,2.21,34468.0,ENG,United Kingdom,england_detail,2026,1,1,4,2026-01-19,2023-2026
England,2026-01-21,,103.0,653.0,2.17,33934.0,ENG,United Kingdom,england_detail,2026,1,1,4,2026-01-19,2023-2026
England,2026-01-22,,87.0,622.0,2.28,33687.0,ENG,United Kingdom,england_detail,2026,1,1,4,2026-01-19,2023-2026
England,2026-01-23,56.0,69.0,637.0,2.32,33409.0,ENG,United Kingdom,england_detail,2026,1,1,4,2026-01-19,2023-2026
England,2026-01-24,,83.0,632.0,2.29,33240.0,ENG,United Kingdom,england_detail,2026,1,1,4,2026-01-19,2023-2026
England,2026-01-25,,72.0,652.0,2.39,33044.0,ENG,United Kingdom,england_detail,2026,1,1,4,2026-01-19,2023-2026
England,2026-01-26,,88.0,661.0,2.38,32762.0,ENG,United Kingdom,england_detail,2026,1,1,5,2026-01-26,2023-2026
England,2026-01-27,,80.0,648.0,2.37,32710.0,ENG,United Kingdom,england_detail,2026,1,1,5,2026-01-26,2023-2026
England,2026-01-28,,68.0,640.0,2.4,32383.0,ENG,United Kingdom,england_detail,2026,1,1,5,2026-01-26,2023-2026
England,2026-01-29,,70.0,633.0,2.29,31666.0,ENG,United Kingdom,england_detail,2026,1,1,5,2026-01-26,2023-2026
England,2026-01-30,43.0,69.0,618.0,2.31,31071.0,ENG,United Kingdom,england_detail,2026,1,1,5,2026-01-26,2023-2026
England,2026-01-31,,67.0,617.0,2.3,30690.0,ENG,United Kingdom,england_detail,2026,1,1,5,2026-01-26,2023-2026
England,2026-02-01,,62.0,594.0,2.35,30558.0,ENG,United Kingdom,england_detail,2026,1,2,5,2026-01-26,2023-2026
England,2026-02-02,,71.0,606.0,2.45,30406.0,ENG,United Kingdom,england_detail,2026,1,2,6,2026-02-02,2023-2026
England,2026-02-03,,98.0,579.0,2.48,29860.0,ENG,United Kingdom,england_detail,2026,1,2,6,2026-02-02,2023-2026
England,2026-02-04,,88.0,557.0,2.62,29755.0,ENG,United Kingdom,england_detail,2026,1,2,6,2026-02-02,2023-2026
England,2026-02-05,,92.0,565.0,2.72,29916.0,ENG,United Kingdom,england_detail,2026,1,2,6,2026-02-02,2023-2026
England,2026-02-06,46.0,89.0,570.0,2.76,30079.0,ENG,United Kingdom,england_detail,2026,1,2,6,2026-02-02,2023-2026
England,2026-02-07,,56.0,583.0,2.84,30174.0,ENG,United Kingdom,england_detail,2026,1,2,6,2026-02-02,2023-2026
England,2026-02-08,,69.0,609.0,2.86,29913.0,ENG,United Kingdom,england_detail,2026,1,2,6,2026-02-02,2023-2026
England,2026-02-09,,75.0,591.0,2.81,29752.0,ENG,United Kingdom,england_detail,2026,1,2,7,2026-02-09,2023-2026
England,2026-02-10,,90.0,583.0,2.86,29806.0,ENG,United Kingdom,england_detail,2026,1,2,7,2026-02-09,2023-2026
England,2026-02-11,,88.0,563.0,2.79,29731.0,ENG,United Kingdom,england_detail,2026,1,2,7,2026-02-09,2023-2026
England,2026-02-12,,85.0,564.0,2.79,29599.0,ENG,United Kingdom,england_detail,2026,1,2,7,2026-02-09,2023-2026
England,2026-02-13,43.0,62.0,551.0,2.8,29173.0,ENG,United Kingdom,england_detail,2026,1,2,7,2026-02-09,2023-2026
England,2026-02-14,,48.0,565.0,2.77,28654.0,ENG,United Kingdom,england_detail,2026,1,2,7,2026-02-09,2023-2026
England,2026-02-15,,73.0,572.0,2.7,28499.0,ENG,United Kingdom,england_detail,2026,1,2,7,2026-02-09,2023-2026
England,2026-02-16,,89.0,542.0,2.82,28302.0,ENG,United Kingdom,england_detail,2026,1,2,8,2026-02-16,2023-2026
England,2026-02-17,,92.0,522.0,2.77,27834.0,ENG,United Kingdom,england_detail,2026,1,2,8,2026-02-16,2023-2026
England,2026-02-18,,87.0,527.0,2.82,27246.0,ENG,United Kingdom,england_detail,2026,1,2,8,2026-02-16,2023-2026
England,2026-02-19,,85.0,547.0,2.8,26861.0,ENG,United Kingdom,england_detail,2026,1,2,8,2026-02-16,2023-2026
England,2026-02-20,45.0,63.0,549.0,2.7,26670.0,ENG,United Kingdom,england_detail,2026,1,2,8,2026-02-16,2023-2026
England,2026-02-21,,59.0,543.0,2.72,26688.0,ENG,United Kingdom,england_detail,2026,1,2,8,2026-02-16,2023-2026
England,2026-02-22,,109.0,558.0,2.75,26696.0,ENG,United Kingdom,england_detail,2026,1,2,8,2026-02-16,2023-2026
England,2026-02-23,,81.0,545.0,2.7,26456.0,ENG,United Kingdom,england_detail,2026,1,2,9,2026-02-23,2023-2026
England,2026-02-24,,71.0,612.0,2.63,26451.0,ENG,United Kingdom,england_detail,2026,1,2,9,2026-02-23,2023-2026
England,2026-02-25,,66.0,545.0,2.56,26496.0,ENG,United Kingdom,england_detail,2026,1,2,9,2026-02-23,2023-2026
England,2026-02-26,,82.0,550.0,2.67,26405.0,ENG,United Kingdom,england_detail,2026,1,2,9,2026-02-23,2023-2026
England,2026-02-27,36.0,62.0,545.0,2.68,26335.0,ENG,United Kingdom,england_detail,2026,1,2,9,2026-02-23,2023-2026
England,2026-02-28,,54.0,572.0,2.68,26173.0,ENG,United Kingdom,england_detail,2026,1,2,9,2026-02-23,2023-2026
England,2026-03-01,,72.0,565.0,2.66,25828.0,ENG,United Kingdom,england_detail,2026,1,3,9,2026-02-23,2023-2026
England,2026-03-02,,67.0,536.0,2.62,25572.0,ENG,United Kingdom,england_detail,2026,1,3,10,2026-03-02,2023-2026
England,2026-03-03,,81.0,528.0,2.67,25175.0,ENG,United Kingdom,england_detail,2026,1,3,10,2026-03-02,2023-2026
England,2026-03-04,,63.0,493.0,2.62,24780.0,ENG,United Kingdom,england_detail,2026,1,3,10,2026-03-02,2023-2026
England,2026-03-05,,55.0,504.0,2.45,24533.0,ENG,United Kingdom,england_detail,2026,1,3,10,2026-03-02,2023-2026
England,2026-03-06,30.0,42.0,483.0,2.33,24254.0,ENG,United Kingdom,england_detail,2026,1,3,10,2026-03-02,2023-2026
England,2026-03-07,,49.0,509.0,2.24,24191.0,ENG,United Kingdom,england_detail,2026,1,3,10,2026-03-02,2023-2026
England,2026-03-08,,53.0,508.0,2.24,24056.0,ENG,United Kingdom,england_detail,2026,1,3,10,2026-03-02,2023-2026
England,2026-03-09,,59.0,479.0,2.28,23751.0,ENG,United Kingdom,england_detail,2026,1,3,11,2026-03-09,2023-2026
England,2026-03-10,,63.0,482.0,2.17,23785.0,ENG,United Kingdom,england_detail,2026,1,3,11,2026-03-09,2023-2026
England,2026-03-11,,57.0,485.0,2.15,23747.0,ENG,United Kingdom,england_detail,2026,1,3,11,2026-03-09,2023-2026
England,2026-03-12,,84.0,461.0,2.17,23642.0,ENG,United Kingdom,england_detail,2026,1,3,11,2026-03-09,2023-2026
England,2026-03-13,27.0,59.0,452.0,2.2,23547.0,ENG,United Kingdom,england_detail,2026,1,3,11,2026-03-09,2023-2026
England,2026-03-14,,50.0,483.0,2.19,23538.0,ENG,United Kingdom,england_detail,2026,1,3,11,2026-03-09,2023-2026
England,2026-03-15,,59.0,481.0,2.24,23433.0,ENG,United Kingdom,england_detail,2026,1,3,11,2026-03-09,2023-2026
England,2026-03-16,,66.0,450.0,2.23,23400.0,ENG,United Kingdom,england_detail,2026,1,3,12,2026-03-16,2023-2026
England,2026-03-17,,65.0,432.0,2.33,23395.0,ENG,United Kingdom,england_detail,2026,1,3,12,2026-03-16,2023-2026
England,2026-03-18,,55.0,404.0,2.34,23491.0,ENG,United Kingdom,england_detail,2026,1,3,12,2026-03-16,2023-2026
England,2026-03-19,,58.0,418.0,2.29,23477.0,ENG,United Kingdom,england_detail,2026,1,3,12,2026-03-16,2023-2026
England,2026-03-20,30.0,66.0,409.0,2.29,23493.0,ENG,United Kingdom,england_detail,2026,1,3,12,2026-03-16,2023-2026
England,2026-03-21,,51.0,419.0,2.36,23355.0,ENG,United Kingdom,england_detail,2026,1,3,12,2026-03-16,2023-2026
England,2026-03-22,,62.0,405.0,2.32,23493.0,ENG,United Kingdom,england_detail,2026,1,3,12,2026-03-16,2023-2026
England,2026-03-23,,72.0,406.0,2.33,23623.0,ENG,United Kingdom,england_detail,2026,1,3,13,2026-03-23,2023-2026
England,2026-03-24,,68.0,397.0,2.28,23617.0,ENG,United Kingdom,england_detail,2026,1,3,13,2026-03-23,2023-2026
England,2026-03-25,,53.0,409.0,2.34,23404.0,ENG,United Kingdom,england_detail,2026,1,3,13,2026-03-23,2023-2026
England,2026-03-26,,39.0,401.0,2.35,23361.0,ENG,United Kingdom,england_detail,2026,1,3,13,2026-03-23,2023-2026
England,2026-03-27,27.0,39.0,403.0,2.33,23344.0,ENG,United Kingdom,england_detail,2026,1,3,13,2026-03-23,2023-2026
England,2026-03-28,,31.0,394.0,2.24,23373.0,ENG,United Kingdom,england_detail,2026,1,3,13,2026-03-23,2023-2026
England,2026-03-29,,47.0,376.0,2.22,22995.0,ENG,United Kingdom,england_detail,2026,1,3,13,2026-03-23,2023-2026
England,2026-03-30,,50.0,365.0,2.12,22766.0,ENG,United Kingdom,england_detail,2026,1,3,14,2026-03-30,2023-2026
England,2026-03-31,,37.0,338.0,2.12,22632.0,ENG,United Kingdom,england_detail,2026,1,3,14,2026-03-30,2023-2026
England,2026-04-01,,53.0,334.0,2.03,22447.0,ENG,United Kingdom,england_detail,2026,2,4,14,2026-03-30,2023-2026
England,2026-04-02,,47.0,322.0,2.07,22178.0,ENG,United Kingdom,england_detail,2026,2,4,14,2026-03-30,2023-2026
England,2026-04-03,17.0,44.0,301.0,2.1,21365.0,ENG,United Kingdom,england_detail,2026,2,4,14,2026-03-30,2023-2026
England,2026-04-04,,34.0,325.0,2.07,21396.0,ENG,United Kingdom,england_detail,2026,2,4,14,2026-03-30,2023-2026
England,2026-04-05,,35.0,332.0,2.09,21233.0,ENG,United Kingdom,england_detail,2026,2,4,14,2026-03-30,2023-2026
England,2026-04-06,,35.0,325.0,2.1,20242.0,ENG,United Kingdom,england_detail,2026,2,4,15,2026-04-06,2023-2026
England,2026-04-07,,40.0,324.0,2.09,19726.0,ENG,United Kingdom,england_detail,2026,2,4,15,2026-04-06,2023-2026
England,2026-04-08,,35.0,315.0,2.15,19360.0,ENG,United Kingdom,england_detail,2026,2,4,15,2026-04-06,2023-2026
England,2026-04-09,,37.0,315.0,2.09,19120.0,ENG,United Kingdom,england_detail,2026,2,4,15,2026-04-06,2023-2026
England,2026-04-10,25.0,42.0,309.0,1.96,19273.0,ENG,United Kingdom,england_detail,2026,2,4,15,2026-04-06,2023-2026
England,2026-04-11,,23.0,335.0,1.97,18816.0,ENG,United Kingdom,england_detail,2026,2,4,15,2026-04-06,2023-2026
England,2026-04-12,,28.0,348.0,1.92,18721.0,ENG,United Kingdom,england_detail,2026,2,4,15,2026-04-06,2023-2026
England,2026-04-13,,37.0,312.0,1.81,19294.0,ENG,United Kingdom,england_detail,2026,2,4,16,2026-04-13,2023-2026
England,2026-04-14,,32.0,298.0,1.72,19380.0,ENG,United Kingdom,england_detail,2026,2,4,16,2026-04-13,2023-2026
England,2026-04-15,,32.0,305.0,1.52,19546.0,ENG,United Kingdom,england_detail,2026,2,4,16,2026-04-13,2023-2026
England,2026-04-16,,26.0,296.0,1.47,19519.0,ENG,United Kingdom,england_detail,2026,2,4,16,2026-04-13,2023-2026
England,2026-04-17,22.0,32.0,283.0,1.45,19638.0,ENG,United Kingdom,england_detail,2026,2,4,16,2026-04-13,2023-2026
England,2026-04-18,,21.0,296.0,1.34,19685.0,ENG,United Kingdom,england_detail,2026,2,4,16,2026-04-13,2023-2026
England,2026-04-19,,18.0,273.0,1.3,19581.0,ENG,United Kingdom,england_detail,2026,2,4,16,2026-04-13,2023-2026
England,2026-04-20,,31.0,268.0,1.24,19427.0,ENG,United Kingdom,england_detail,2026,2,4,17,2026-04-20,2023-2026
England,2026-04-21,,27.0,246.0,1.16,19171.0,ENG,United Kingdom,england_detail,2026,2,4,17,2026-04-20,2023-2026
England,2026-04-22,,27.0,241.0,1.24,19032.0,ENG,United Kingdom,england_detail,2026,2,4,17,2026-04-20,2023-2026
England,2026-04-23,,21.0,239.0,1.19,18899.0,ENG,United Kingdom,england_detail,2026,2,4,17,2026-04-20,2023-2026
England,2026-04-24,17.0,13.0,246.0,1.13,18787.0,ENG,United Kingdom,england_detail,2026,2,4,17,2026-04-20,2023-2026
England,2026-04-25,,20.0,245.0,1.14,18777.0,ENG,United Kingdom,england_detail,2026,2,4,17,2026-04-20,2023-2026
England,2026-04-26,,23.0,234.0,1.09,18644.0,ENG,United Kingdom,england_detail,2026,2,4,17,2026-04-20,2023-2026
England,2026-04-27,,26.0,210.0,1.11,18549.0,ENG,United Kingdom,england_detail,2026,2,4,18,2026-04-27,2023-2026
England,2026-04-28,,27.0,231.0,1.13,18621.0,ENG,United Kingdom,england_detail,2026,2,4,18,2026-04-27,2023-2026
England,2026-04-29,,28.0,232.0,1.11,18492.0,ENG,United Kingdom,england_detail,2026,2,4,18,2026-04-27,2023-2026
England,2026-04-30,,28.0,230.0,1.08,18444.0,ENG,United Kingdom,england_detail,2026,2,4,18,2026-04-27,2023-2026
England,2026-05-01,19.0,,,1.12,18464.0,ENG,United Kingdom,england_detail,2026,2,5,18,2026-04-27,2023-2026
England,2026-05-02,,,,1.15,18424.0,ENG,United Kingdom,england_detail,2026,2,5,18,2026-04-27,2023-2026
England,2026-05-03,,,,1.17,18526.0,ENG,United Kingdom,england_detail,2026,2,5,18,2026-04-27,2023-2026
England,2026-05-04,,,,1.22,17916.0,ENG,United Kingdom,england_detail,2026,2,5,19,2026-05-04,2023-2026
England,2026-05-05,,,,1.24,17989.0,ENG,United Kingdom,england_detail,2026,2,5,19,2026-05-04,2023-2026
England,2026-05-06,,,,1.22,17830.0,ENG,United Kingdom,england_detail,2026,2,5,19,2026-05-04,2023-2026
England,2026-05-07,,,,1.21,17954.0,ENG,United Kingdom,england_detail,2026,2,5,19,2026-05-04,2023-2026
England,2026-05-08,11.0,,,1.16,17880.0,ENG,United Kingdom,england_detail,2026,2,5,19,2026-05-04,2023-2026
England,2026-05-09,,,,1.18,17755.0,ENG,United Kingdom,england_detail,2026,2,5,19,2026-05-04,2023-2026
England,2026-05-10,,,,1.16,17536.0,ENG,United Kingdom,england_detail,2026,2,5,19,2026-05-04,2023-2026
England,2026-05-11,,,,1.12,17976.0,ENG,United Kingdom,england_detail,2026,2,5,20,2026-05-11,2023-2026
England,2026-05-12,,,,1.05,17592.0,ENG,United Kingdom,england_detail,2026,2,5,20,2026-05-11,2023-2026
England,2026-05-13,,,,1.01,17360.0,ENG,United Kingdom,england_detail,2026,2,5,20,2026-05-11,2023-2026
England,2026-05-14,,,,1.03,16804.0,ENG,United Kingdom,england_detail,2026,2,5,20,2026-05-11,2023-2026
England,2026-05-15,,,,0.97,16018.0,ENG,United Kingdom,england_detail,2026,2,5,20,2026-05-11,2023-2026
England,2026-05-16,,,,0.94,14959.0,ENG,United Kingdom,england_detail,2026,2,5,20,2026-05-11,2023-2026
England,2026-05-17,,,,0.94,13211.0,ENG,United Kingdom,england_detail,2026,2,5,20,2026-05-11,2023-2026
England,2026-05-18,,,,0.9,10475.0,ENG,United Kingdom,england_detail,2026,2,5,21,2026-05-18,2023-2026
